Linux 5.15.0-198-generic (isucon13-app) 	10/08/26 	_aarch64_	(4 CPU)

# Time        UID       PID    %usr %system  %guest   %wait    %CPU   CPU  minflt/s  majflt/s     VSZ     RSS   %MEM   kB_rd/s   kB_wr/s kB_ccwr/s iodelay  Command
1791479165    112     14307    5.00   13.00    0.00    0.00   18.00     1      3.00      0.00 2888260 1139580  14.04      0.00   9788.00      0.00       0  mysqld
1791479165      0     17311    0.00    0.00    0.00    0.00    0.00     2      0.00      0.00   56816   12524   0.15      0.00      0.00      0.00       0  nginx
1791479165     33    203690    0.00    0.00    0.00    0.00    0.00     1      0.00      0.00   58684   12448   0.15      0.00      0.00      0.00       0  nginx
1791479165     33    203691    0.00    0.00    0.00    0.00    0.00     3      0.00      0.00   60028   13864   0.17      0.00      0.00      0.00       0  nginx
1791479165     33    203692    0.00    0.00    0.00    0.00    0.00     1      0.00      0.00   59496   13224   0.16      0.00      0.00      0.00       0  nginx
1791479165     33    203693    0.00    0.00    0.00    0.00    0.00     0      0.00      0.00   61936   15616   0.19      0.00      0.00      0.00       0  nginx
1791479165    113    237972    0.00    0.00    0.00    0.00    0.00     1      4.00      0.00  682328   57940   0.71      0.00      0.00      0.00       0  pdns_server
1791479165   1100    240478    0.00    0.00    0.00    0.00    0.00     3     12.00      0.00 1602996    7788   0.10      0.00      0.00      0.00       0  isupipe

# Time        UID       PID    %usr %system  %guest   %wait    %CPU   CPU  minflt/s  majflt/s     VSZ     RSS   %MEM   kB_rd/s   kB_wr/s kB_ccwr/s iodelay  Command
1791479166    112     14307    4.00   12.00    0.00    0.00   16.00     1      0.00      0.00 2888260 1139580  14.04      0.00   8032.00      0.00       0  mysqld
1791479166      0     17311    0.00    0.00    0.00    0.00    0.00     2      0.00      0.00   56816   12524   0.15      0.00      0.00      0.00       0  nginx
1791479166     33    203690    0.00    0.00    0.00    0.00    0.00     1      0.00      0.00   58684   12448   0.15      0.00      0.00      0.00       0  nginx
1791479166     33    203691    0.00    0.00    0.00    0.00    0.00     3      0.00      0.00   60028   13864   0.17      0.00      0.00      0.00       0  nginx
1791479166     33    203692    0.00    0.00    0.00    0.00    0.00     1      0.00      0.00   59496   13224   0.16      0.00      0.00      0.00       0  nginx
1791479166     33    203693    0.00    0.00    0.00    0.00    0.00     0      0.00      0.00   61936   15616   0.19      0.00      0.00      0.00       0  nginx
1791479166    113    237972    0.00    0.00    0.00    0.00    0.00     1      8.00      0.00  682328   57940   0.71      0.00      0.00      0.00       0  pdns_server
1791479166   1100    240478    0.00    0.00    0.00    0.00    0.00     3      0.00      0.00 1602996    7788   0.10      0.00      0.00      0.00       0  isupipe

# Time        UID       PID    %usr %system  %guest   %wait    %CPU   CPU  minflt/s  majflt/s     VSZ     RSS   %MEM   kB_rd/s   kB_wr/s kB_ccwr/s iodelay  Command
1791479167    112     14307    9.00    7.00    0.00    0.00   16.00     1      0.00      0.00 2888260 1139580  14.04      0.00   8436.00      0.00       0  mysqld
1791479167      0     17311    0.00    0.00    0.00    0.00    0.00     2      0.00      0.00   56816   12524   0.15      0.00      0.00      0.00       0  nginx
1791479167     33    203690    0.00    0.00    0.00    0.00    0.00     1      0.00      0.00   58684   12448   0.15      0.00      0.00      0.00       0  nginx
1791479167     33    203691    0.00    0.00    0.00    0.00    0.00     3      0.00      0.00   60028   13864   0.17      0.00      0.00      0.00       0  nginx
1791479167     33    203692    0.00    0.00    0.00    0.00    0.00     1      0.00      0.00   59496   13224   0.16      0.00      0.00      0.00       0  nginx
1791479167     33    203693    0.00    0.00    0.00    0.00    0.00     0      0.00      0.00   61936   15616   0.19      0.00      0.00      0.00       0  nginx
1791479167    113    237972    0.00    0.00    0.00    0.00    0.00     1      0.00      0.00  682328   57940   0.71      0.00      0.00      0.00       0  pdns_server
1791479167   1100    240478    0.00    0.00    0.00    0.00    0.00     3      0.00      0.00 1602996    7788   0.10      0.00      0.00      0.00       0  isupipe

# Time        UID       PID    %usr %system  %guest   %wait    %CPU   CPU  minflt/s  majflt/s     VSZ     RSS   %MEM   kB_rd/s   kB_wr/s kB_ccwr/s iodelay  Command
1791479168    112     14307   13.00    7.00    0.00    0.00   20.00     1   7580.00      0.00 2888260 1138648  14.03      0.00  24852.00   1948.00       0  mysqld
1791479168      0     17311    0.00    0.00    0.00    0.00    0.00     2      0.00      0.00   56816   12524   0.15      0.00      0.00      0.00       0  nginx
1791479168     33    203690    0.00    0.00    0.00    0.00    0.00     1      0.00      0.00   58684   12448   0.15      0.00      0.00      0.00       0  nginx
1791479168     33    203691    0.00    0.00    0.00    0.00    0.00     3      0.00      0.00   60028   13864   0.17      0.00      0.00      0.00       0  nginx
1791479168     33    203692    0.00    0.00    0.00    0.00    0.00     1      0.00      0.00   59496   13224   0.16      0.00      0.00      0.00       0  nginx
1791479168     33    203693    0.00    0.00    0.00    0.00    0.00     0      0.00      0.00   61936   15616   0.19      0.00      0.00      0.00       0  nginx
1791479168    113    237972    0.00    0.00    0.00    0.00    0.00     1      0.00      0.00  682328   57940   0.71      0.00      0.00      0.00       0  pdns_server
1791479168   1100    240478    0.00    0.00    0.00    0.00    0.00     3     10.00      0.00 1602996    7788   0.10      0.00      0.00      0.00       0  isupipe

# Time        UID       PID    %usr %system  %guest   %wait    %CPU   CPU  minflt/s  majflt/s     VSZ     RSS   %MEM   kB_rd/s   kB_wr/s kB_ccwr/s iodelay  Command
1791479169    112     14307   32.00   17.00    0.00    0.00   49.00     0   8255.00      0.00 2889288 1169856  14.41      0.00  36304.00   1532.00       0  mysqld
1791479169      0     17311    0.00    0.00    0.00    0.00    0.00     2      0.00      0.00   56816   12524   0.15      0.00      0.00      0.00       0  nginx
1791479169     33    203690    0.00    0.00    0.00    0.00    0.00     1      0.00      0.00   58684   12448   0.15      0.00      0.00      0.00       0  nginx
1791479169     33    203691    0.00    0.00    0.00    0.00    0.00     3      0.00      0.00   60028   13864   0.17      0.00      0.00      0.00       0  nginx
1791479169     33    203692    0.00    0.00    0.00    0.00    0.00     1      0.00      0.00   59496   13224   0.16      0.00      0.00      0.00       0  nginx
1791479169     33    203693    2.00    0.00    0.00    0.00    2.00     1      1.00      0.00   61936   15616   0.19      0.00      8.00      0.00       0  nginx
1791479169    113    237972    0.00    1.00    0.00    0.00    1.00     1     29.00      0.00  682592   57940   0.71      0.00      0.00      0.00       0  pdns_server
1791479169   1100    240478    2.00    6.00    0.00    0.00    8.00     2   1689.00      0.00 1752884   12756   0.16      0.00     52.00     52.00       0  isupipe

# Time        UID       PID    %usr %system  %guest   %wait    %CPU   CPU  minflt/s  majflt/s     VSZ     RSS   %MEM   kB_rd/s   kB_wr/s kB_ccwr/s iodelay  Command
1791479170    112     14307    2.83    1.89    0.00    0.00    4.72     0      0.00      0.00 2889288 1169856  14.41      0.00   3498.11     67.92       0  mysqld
1791479170      0     17311    0.00    0.00    0.00    0.00    0.00     2      0.00      0.00   56816   12524   0.15      0.00      0.00      0.00       0  nginx
1791479170     33    203690    0.00    0.00    0.00    0.00    0.00     1      0.00      0.00   58684   12448   0.15      0.00      0.00      0.00       0  nginx
1791479170     33    203691    0.00    0.00    0.00    0.00    0.00     3      0.00      0.00   60028   13864   0.17      0.00      0.00      0.00       0  nginx
1791479170     33    203692    0.00    0.00    0.00    0.00    0.00     1      0.00      0.00   59496   13224   0.16      0.00      0.00      0.00       0  nginx
1791479170     33    203693    0.00    0.00    0.00    0.00    0.00     2      0.00      0.00   61936   15616   0.19      0.00     94.34     90.57       0  nginx
1791479170    113    237972    0.00    0.00    0.00    0.00    0.00     1      0.00      0.00  682592   57940   0.71      0.00      0.00      0.00       0  pdns_server
1791479170   1100    240478    0.94    2.83    0.00    0.00    3.77     1    216.98      0.00 1753140   13304   0.16      0.00      0.00      0.00       0  isupipe

# Time        UID       PID    %usr %system  %guest   %wait    %CPU   CPU  minflt/s  majflt/s     VSZ     RSS   %MEM   kB_rd/s   kB_wr/s kB_ccwr/s iodelay  Command
1791479171    112     14307    0.98    0.00    0.00    0.00    0.98     0      0.00      0.00 2889288 1169856  14.41      0.00   2980.39      0.00       0  mysqld
1791479171      0     17311    0.00    0.00    0.00    0.00    0.00     2      0.00      0.00   56816   12524   0.15      0.00      0.00      0.00       0  nginx
1791479171     33    203690    0.00    0.00    0.00    0.00    0.00     1      0.00      0.00   58684   12448   0.15      0.00      0.00      0.00       0  nginx
1791479171     33    203691    0.00    0.00    0.00    0.00    0.00     3      0.00      0.00   60028   13864   0.17      0.00      0.00      0.00       0  nginx
1791479171     33    203692    0.00    0.00    0.00    0.00    0.00     1      0.00      0.00   59496   13224   0.16      0.00      0.00      0.00       0  nginx
1791479171     33    203693    0.00    0.00    0.00    0.00    0.00     2      0.00      0.00   61936   15616   0.19      0.00      0.00      0.00       0  nginx
1791479171    113    237972    0.00    0.00    0.00    0.00    0.00     1      0.00      0.00  682592   57940   0.71      0.00      0.00      0.00       0  pdns_server
1791479171   1100    240478    0.00    0.00    0.00    0.00    0.00     1      0.00      0.00 1753140   13304   0.16      0.00      0.00      0.00       0  isupipe

# Time        UID       PID    %usr %system  %guest   %wait    %CPU   CPU  minflt/s  majflt/s     VSZ     RSS   %MEM   kB_rd/s   kB_wr/s kB_ccwr/s iodelay  Command
1791479172    112     14307    2.83    3.77    0.00    0.00    6.60     0      0.00      0.00 2889288 1169856  14.41      0.00   6603.77     60.38       0  mysqld
1791479172      0     17311    0.00    0.00    0.00    0.00    0.00     2      0.00      0.00   56816   12524   0.15      0.00      0.00      0.00       0  nginx
1791479172     33    203690    0.00    0.00    0.00    0.00    0.00     1      0.00      0.00   58684   12448   0.15      0.00      0.00      0.00       0  nginx
1791479172     33    203691    0.00    0.00    0.00    0.00    0.00     3      0.00      0.00   60028   13864   0.17      0.00      0.00      0.00       0  nginx
1791479172     33    203692    0.00    0.00    0.00    0.00    0.00     1      0.00      0.00   59496   13224   0.16      0.00      0.00      0.00       0  nginx
1791479172     33    203693    0.94    0.94    0.00    0.94    1.89     1      0.00      0.00   61936   15616   0.19      0.00     90.57     79.25       0  nginx
1791479172    113    237972    0.94    0.00    0.00    0.00    0.94     1      0.00      0.00  682592   57940   0.71      0.00      0.00      0.00       0  pdns_server
1791479172   1100    240478    2.83    1.89    0.00    0.00    4.72     1    210.38      0.00 1753140   13428   0.17      0.00      0.00      0.00       0  isupipe

# Time        UID       PID    %usr %system  %guest   %wait    %CPU   CPU  minflt/s  majflt/s     VSZ     RSS   %MEM   kB_rd/s   kB_wr/s kB_ccwr/s iodelay  Command
1791479173    112     14307    0.00    0.00    0.00    0.00    0.00     0      0.00      0.00 2889288 1169856  14.41      0.00   2081.55      0.00       0  mysqld
1791479173      0     17311    0.00    0.00    0.00    0.00    0.00     2      0.00      0.00   56816   12524   0.15      0.00      0.00      0.00       0  nginx
1791479173     33    203690    0.00    0.00    0.00    0.00    0.00     1      0.00      0.00   58684   12448   0.15      0.00      0.00      0.00       0  nginx
1791479173     33    203691    0.00    0.00    0.00    0.00    0.00     3      0.00      0.00   60028   13864   0.17      0.00      0.00      0.00       0  nginx
1791479173     33    203692    0.00    0.00    0.00    0.00    0.00     1      0.00      0.00   59496   13224   0.16      0.00      0.00      0.00       0  nginx
1791479173     33    203693    0.00    0.00    0.00    0.00    0.00     1      0.00      0.00   61936   15616   0.19      0.00      0.00      0.00       0  nginx
1791479173    113    237972    0.00    0.00    0.00    0.00    0.00     1      0.00      0.00  682592   57940   0.71      0.00      0.00      0.00       0  pdns_server
1791479173   1100    240478    0.00    0.00    0.00    0.00    0.00     1      0.00      0.00 1753140   13428   0.17      0.00      0.00      0.00       0  isupipe

# Time        UID       PID    %usr %system  %guest   %wait    %CPU   CPU  minflt/s  majflt/s     VSZ     RSS   %MEM   kB_rd/s   kB_wr/s kB_ccwr/s iodelay  Command
1791479174    112     14307   30.00   26.00    0.00    0.00   56.00     1     25.00      0.00 2890316 1169912  14.41      0.00  11224.00    992.00       0  mysqld
1791479174      0     17311    0.00    0.00    0.00    0.00    0.00     2      0.00      0.00   56816   12524   0.15      0.00      0.00      0.00       0  nginx
1791479174     33    203690    0.00    0.00    0.00    0.00    0.00     1      0.00      0.00   58684   12448   0.15      0.00      0.00      0.00       0  nginx
1791479174     33    203691    1.00    2.00    0.00    1.00    3.00     3      6.00      0.00   60028   13864   0.17      0.00    328.00    200.00       0  nginx
1791479174     33    203692    0.00    0.00    0.00    0.00    0.00     1      6.00      0.00   59496   13224   0.16      0.00     72.00     72.00       0  nginx
1791479174     33    203693    5.00    7.00    0.00    4.00   12.00     3      0.00      0.00   61936   15616   0.19      0.00    872.00    816.00       0  nginx
1791479174    113    237972    4.00   10.00    0.00    0.00   14.00     1     24.00      0.00  682592   57940   0.71      0.00      0.00      0.00       0  pdns_server
1791479174   1100    240478   17.00   12.00    0.00    6.00   29.00     1    720.00      0.00 1901236   14568   0.18      0.00      0.00      0.00       0  isupipe

# Time        UID       PID    %usr %system  %guest   %wait    %CPU   CPU  minflt/s  majflt/s     VSZ     RSS   %MEM   kB_rd/s   kB_wr/s kB_ccwr/s iodelay  Command
1791479175    112     14307   74.00   38.00    0.00    1.00  112.00     1    175.00      0.00 2895456 1170340  14.42      0.00  16360.00   1936.00       0  mysqld
1791479175      0     17311    0.00    0.00    0.00    0.00    0.00     2      0.00      0.00   56816   12524   0.15      0.00      0.00      0.00       0  nginx
1791479175     33    203690    1.00    1.00    0.00    3.00    2.00     3      6.00      0.00   58684   12448   0.15      0.00    208.00    196.00       0  nginx
1791479175     33    203691    6.00    5.00    0.00   13.00   11.00     3      0.00      0.00   60028   13864   0.17      0.00    832.00    872.00       0  nginx
1791479175     33    203692    2.00    4.00    0.00    6.00    6.00     3      0.00      0.00   59496   13224   0.16      0.00    196.00    180.00       0  nginx
1791479175     33    203693    8.00   13.00    0.00   23.00   21.00     3      0.00      0.00   61936   15616   0.19      0.00   1144.00    968.00       0  nginx
1791479175    113    237972   14.00   16.00    0.00    0.00   30.00     1     63.00      0.00  682592   58644   0.72      0.00      0.00      0.00       0  pdns_server
1791479175   1100    240478   34.00   29.00    0.00   22.00   63.00     1   2298.00      0.00 1975284   16712   0.21      0.00      0.00      0.00       0  isupipe

# Time        UID       PID    %usr %system  %guest   %wait    %CPU   CPU  minflt/s  majflt/s     VSZ     RSS   %MEM   kB_rd/s   kB_wr/s kB_ccwr/s iodelay  Command
1791479176    112     14307   65.00   40.00    0.00    0.00  105.00     0      8.00      0.00 2897512 1170340  14.42      0.00  10628.00   1440.00       0  mysqld
1791479176      0     17311    0.00    0.00    0.00    0.00    0.00     2      0.00      0.00   56816   12524   0.15      0.00      0.00      0.00       0  nginx
1791479176     33    203690    3.00    5.00    0.00   16.00    8.00     3      0.00      0.00   58684   12448   0.15      0.00    540.00    496.00       0  nginx
1791479176     33    203691    5.00    7.00    0.00   31.00   12.00     3      0.00      0.00   60028   13864   0.17      0.00    424.00    348.00       0  nginx
1791479176     33    203692    6.00    4.00    0.00   16.00   10.00     3      0.00      0.00   59496   13224   0.16      0.00    472.00    428.00       0  nginx
1791479176     33    203693    5.00   11.00    0.00   41.00   16.00     3      0.00      0.00   61936   15616   0.19      0.00    656.00    512.00       0  nginx
1791479176    113    237972   14.00   16.00    0.00    0.00   30.00     1     56.00      0.00  682592   58908   0.73      0.00      0.00      0.00       0  pdns_server
1791479176   1100    240478   37.00   29.00    0.00   13.00   66.00     1   2059.00      0.00 1975284   17392   0.21      0.00      0.00      0.00       0  isupipe

# Time        UID       PID    %usr %system  %guest   %wait    %CPU   CPU  minflt/s  majflt/s     VSZ     RSS   %MEM   kB_rd/s   kB_wr/s kB_ccwr/s iodelay  Command
1791479177    112     14307   76.00   35.00    0.00    1.00  111.00     0     81.00      0.00 2898540 1170548  14.42      0.00  11240.00   1380.00       0  mysqld
1791479177      0     17311    0.00    0.00    0.00    0.00    0.00     2      0.00      0.00   56816   12524   0.15      0.00      0.00      0.00       0  nginx
1791479177     33    203690    1.00    6.00    0.00    9.00    7.00     3      0.00      0.00   58684   12448   0.15      0.00    200.00    172.00       0  nginx
1791479177     33    203691    5.00    8.00    0.00   23.00   13.00     3      0.00      0.00   60028   13864   0.17      0.00    756.00    580.00       0  nginx
1791479177     33    203692    3.00    6.00    0.00    9.00    9.00     3      0.00      0.00   59496   13224   0.16      0.00    384.00    352.00       0  nginx
1791479177     33    203693    7.00   11.00    0.00   38.00   18.00     3      0.00      0.00   61936   15616   0.19      0.00    664.00    532.00       0  nginx
1791479177    113    237972   15.00   15.00    0.00    0.00   30.00     1     60.00      0.00  682592   59268   0.73      0.00      0.00      0.00       0  pdns_server
1791479177   1100    240478   33.00   32.00    0.00    0.00   65.00     1   1569.00      0.00 1975284   18320   0.23      0.00      0.00      0.00       0  isupipe

# Time        UID       PID    %usr %system  %guest   %wait    %CPU   CPU  minflt/s  majflt/s     VSZ     RSS   %MEM   kB_rd/s   kB_wr/s kB_ccwr/s iodelay  Command
1791479178    112     14307   72.00   33.00    0.00    0.00  105.00     0    321.00      0.00 2898540 1171364  14.43      0.00  12656.00   1808.00       0  mysqld
1791479178      0     17311    0.00    0.00    0.00    0.00    0.00     2      0.00      0.00   56816   12524   0.15      0.00      0.00      0.00       0  nginx
1791479178     33    203690    0.00    4.00    0.00    5.00    4.00     3      0.00      0.00   58684   12448   0.15      0.00    372.00    348.00       0  nginx
1791479178     33    203691    5.00    9.00    0.00   20.00   14.00     3      0.00      0.00   60028   13864   0.17      0.00    740.00    732.00       0  nginx
1791479178     33    203692    4.00    9.00    0.00   18.00   13.00     3      0.00      0.00   59496   13224   0.16      0.00    604.00    516.00       0  nginx
1791479178     33    203693    7.00   12.00    0.00   38.00   19.00     3      0.00      0.00   61936   15616   0.19      0.00    716.00    340.00       0  nginx
1791479178    113    237972   10.00   13.00    0.00    0.00   23.00     1     43.00      0.00  682592   59532   0.73      0.00      0.00      0.00       0  pdns_server
1791479178   1100    240478   39.00   31.00    0.00    3.00   70.00     0   1960.00      0.00 1975284   19240   0.24      0.00      0.00      0.00       0  isupipe

# Time        UID       PID    %usr %system  %guest   %wait    %CPU   CPU  minflt/s  majflt/s     VSZ     RSS   %MEM   kB_rd/s   kB_wr/s kB_ccwr/s iodelay  Command
1791479179    112     14307   73.00   32.00    0.00    1.00  105.00     0     21.00      0.00 2898540 1171364  14.43      0.00  11504.00   1336.00       0  mysqld
1791479179      0     17311    0.00    0.00    0.00    0.00    0.00     2      0.00      0.00   56816   12524   0.15      0.00      0.00      0.00       0  nginx
1791479179     33    203690    3.00    5.00    0.00    5.00    8.00     3      0.00      0.00   58684   12448   0.15      0.00    304.00    264.00       0  nginx
1791479179     33    203691    5.00   10.00    0.00   19.00   15.00     3      0.00      0.00   60028   13864   0.17      0.00    448.00    352.00       0  nginx
1791479179     33    203692    3.00   11.00    0.00   15.00   14.00     3      0.00      0.00   59496   13224   0.16      0.00    300.00    188.00       0  nginx
1791479179     33    203693   11.00    8.00    0.00   24.00   19.00     3      0.00      0.00   61936   15616   0.19      0.00    792.00    916.00       0  nginx
1791479179    113    237972   11.00   15.00    0.00    0.00   26.00     1     51.00      0.00  682592   59532   0.73      0.00      0.00      0.00       0  pdns_server
1791479179   1100    240478   40.00   27.00    0.00   21.00   67.00     1   1219.00      0.00 1975284   18460   0.23      0.00      0.00      0.00       0  isupipe

# Time        UID       PID    %usr %system  %guest   %wait    %CPU   CPU  minflt/s  majflt/s     VSZ     RSS   %MEM   kB_rd/s   kB_wr/s kB_ccwr/s iodelay  Command
1791479180    112     14307   77.00   33.00    0.00    0.00  110.00     1     96.00      0.00 2898540 1171564  14.43      0.00  11504.00   2056.00       0  mysqld
1791479180      0     17311    0.00    0.00    0.00    0.00    0.00     2      0.00      0.00   56816   12524   0.15      0.00      0.00      0.00       0  nginx
1791479180     33    203690    3.00    3.00    0.00    5.00    6.00     3      0.00      0.00   58684   12448   0.15      0.00    492.00    448.00       0  nginx
1791479180     33    203691    3.00   10.00    0.00   23.00   13.00     3      0.00      0.00   60028   13864   0.17      0.00    752.00    464.00       0  nginx
1791479180     33    203692    2.00    8.00    0.00   12.00   10.00     0      0.00      0.00   59496   13224   0.16      0.00    560.00    508.00       0  nginx
1791479180     33    203693    8.00   10.00    0.00   29.00   18.00     3      0.00      0.00   61936   15616   0.19      0.00    932.00    728.00       0  nginx
1791479180    113    237972    9.00   19.00    0.00    0.00   28.00     1     68.00      0.00  682592   59796   0.74      0.00      0.00      0.00       0  pdns_server
1791479180   1100    240478   39.00   32.00    0.00   26.00   71.00     2   2227.00      0.00 1975284   19428   0.24      0.00      0.00      0.00       0  isupipe

# Time        UID       PID    %usr %system  %guest   %wait    %CPU   CPU  minflt/s  majflt/s     VSZ     RSS   %MEM   kB_rd/s   kB_wr/s kB_ccwr/s iodelay  Command
1791479181    112     14307   76.00   36.00    0.00    1.00  112.00     1     36.00      0.00 2898540 1171760  14.43      0.00  17176.00   1412.00       0  mysqld
1791479181      0     17311    0.00    0.00    0.00    0.00    0.00     2      0.00      0.00   56816   12524   0.15      0.00      0.00      0.00       0  nginx
1791479181     33    203690    1.00    6.00    0.00    7.00    7.00     3      0.00      0.00   58684   12448   0.15      0.00    248.00    228.00       0  nginx
1791479181     33    203691    5.00   10.00    0.00   23.00   15.00     3      0.00      0.00   60028   13864   0.17      0.00    468.00    516.00       0  nginx
1791479181     33    203692    3.00    6.00    0.00   10.00    9.00     3      0.00      0.00   59496   13224   0.16      0.00    552.00    444.00       0  nginx
1791479181     33    203693    5.00   16.00    0.00   32.00   21.00     1      0.00      0.00   61936   15616   0.19      0.00    624.00    524.00       0  nginx
1791479181    113    237972   13.00   21.00    0.00    0.00   34.00     1     68.00      0.00  682592   60060   0.74      0.00      0.00      0.00       0  pdns_server
1791479181   1100    240478   34.00   29.00    0.00   16.00   63.00     1   1978.00      0.00 1975284   19536   0.24      0.00      0.00      0.00       0  isupipe

# Time        UID       PID    %usr %system  %guest   %wait    %CPU   CPU  minflt/s  majflt/s     VSZ     RSS   %MEM   kB_rd/s   kB_wr/s kB_ccwr/s iodelay  Command
1791479182    112     14307   78.00   38.00    0.00    1.00  116.00     1     23.00      0.00 2898540 1171760  14.43      0.00  10216.00   1324.00       0  mysqld
1791479182      0     17311    0.00    0.00    0.00    0.00    0.00     2      0.00      0.00   56816   12524   0.15      0.00      0.00      0.00       0  nginx
1791479182     33    203690    6.00    5.00    0.00   16.00   11.00     0      0.00      0.00   58684   12448   0.15      0.00    608.00    428.00       0  nginx
1791479182     33    203691    5.00    9.00    0.00   26.00   14.00     3      0.00      0.00   60028   13864   0.17      0.00    720.00    640.00       0  nginx
1791479182     33    203692    5.00    7.00    0.00   15.00   12.00     3      0.00      0.00   59496   13224   0.16      0.00    160.00    164.00       0  nginx
1791479182     33    203693    4.00   12.00    0.00   29.00   16.00     3      0.00      0.00   61936   15616   0.19      0.00    540.00    444.00       0  nginx
1791479182    113    237972   13.00   20.00    0.00    0.00   33.00     1     70.00      0.00  682592   60324   0.74      0.00      0.00      0.00       0  pdns_server
1791479182   1100    240478   38.00   28.00    0.00   17.00   66.00     1   1123.00      0.00 1975284   20788   0.26      0.00      0.00      0.00       0  isupipe

# Time        UID       PID    %usr %system  %guest   %wait    %CPU   CPU  minflt/s  majflt/s     VSZ     RSS   %MEM   kB_rd/s   kB_wr/s kB_ccwr/s iodelay  Command
1791479183    112     14307   79.00   42.00    0.00    0.00  121.00     1      1.00      0.00 2898540 1171760  14.43      0.00   9900.00   1132.00       0  mysqld
1791479183      0     17311    0.00    0.00    0.00    0.00    0.00     2      0.00      0.00   56816   12524   0.15      0.00      0.00      0.00       0  nginx
1791479183     33    203690    1.00    4.00    0.00    7.00    5.00     3      0.00      0.00   58684   12448   0.15      0.00     40.00     96.00       0  nginx
1791479183     33    203691    3.00   10.00    0.00   18.00   13.00     3      0.00      0.00   60028   13864   0.17      0.00    612.00    508.00       0  nginx
1791479183     33    203692    3.00   10.00    0.00   16.00   13.00     0      0.00      0.00   59496   13224   0.16      0.00    144.00     80.00       0  nginx
1791479183     33    203693    9.00   11.00    0.00   23.00   20.00     3      0.00      0.00   61936   15616   0.19      0.00    816.00    724.00       0  nginx
1791479183    113    237972   19.00   17.00    0.00    0.00   36.00     1     80.00      0.00  682592   60588   0.75      0.00      0.00      0.00       0  pdns_server
1791479183   1100    240478   31.00   34.00    0.00   11.00   65.00     1   1625.00      0.00 1975284   19308   0.24      0.00      0.00      0.00       0  isupipe

# Time        UID       PID    %usr %system  %guest   %wait    %CPU   CPU  minflt/s  majflt/s     VSZ     RSS   %MEM   kB_rd/s   kB_wr/s kB_ccwr/s iodelay  Command
1791479184    112     14307   71.00   42.00    0.00    0.00  113.00     2      0.00      0.00 2898540 1171760  14.43      0.00  11576.00   1628.00       0  mysqld
1791479184      0     17311    0.00    0.00    0.00    0.00    0.00     2      0.00      0.00   56816   12524   0.15      0.00      0.00      0.00       0  nginx
1791479184     33    203690    1.00    3.00    0.00    6.00    4.00     3      0.00      0.00   58684   12448   0.15      0.00    320.00    292.00       0  nginx
1791479184     33    203691    7.00   10.00    0.00   25.00   17.00     0      0.00      0.00   60028   13864   0.17      0.00    612.00    500.00       0  nginx
1791479184     33    203692    5.00    7.00    0.00   13.00   12.00     3      0.00      0.00   59496   13224   0.16      0.00    224.00    164.00       0  nginx
1791479184     33    203693    8.00   14.00    0.00   34.00   22.00     2      0.00      0.00   61936   15616   0.19      0.00   1028.00    860.00       0  nginx
1791479184    113    237972   15.00   15.00    0.00    0.00   30.00     1     63.00      0.00  682592   60852   0.75      0.00      0.00      0.00       0  pdns_server
1791479184   1100    240478   34.00   34.00    0.00   18.00   68.00     2   1869.00      0.00 1975284   19972   0.25      0.00      0.00      0.00       0  isupipe

# Time        UID       PID    %usr %system  %guest   %wait    %CPU   CPU  minflt/s  majflt/s     VSZ     RSS   %MEM   kB_rd/s   kB_wr/s kB_ccwr/s iodelay  Command
1791479185    112     14307   83.00   41.00    0.00    1.00  124.00     2     87.00      0.00 2898540 1171968  14.44      0.00  15816.00   1696.00       0  mysqld
1791479185      0     17311    0.00    0.00    0.00    0.00    0.00     2      0.00      0.00   56816   12524   0.15      0.00      0.00      0.00       0  nginx
1791479185     33    203690    2.00    4.00    0.00    6.00    6.00     3      0.00      0.00   58684   12448   0.15      0.00     92.00     80.00       0  nginx
1791479185     33    203691    3.00    7.00    0.00   14.00   10.00     3      0.00      0.00   60028   13864   0.17      0.00    840.00    784.00       0  nginx
1791479185     33    203692    2.00    7.00    0.00   15.00    9.00     3      0.00      0.00   59496   13224   0.16      0.00    188.00    120.00       0  nginx
1791479185     33    203693    5.00   15.00    0.00   30.00   20.00     3      0.00      0.00   61936   15616   0.19      0.00   1000.00    828.00       0  nginx
1791479185    113    237972   19.00   24.00    0.00    0.00   43.00     1    114.00      0.00  682592   61116   0.75      0.00      0.00      0.00       0  pdns_server
1791479185   1100    240478   32.00   26.00    0.00   23.00   58.00     3   1452.00      0.00 1975284   19544   0.24      0.00      0.00      0.00       0  isupipe

# Time        UID       PID    %usr %system  %guest   %wait    %CPU   CPU  minflt/s  majflt/s     VSZ     RSS   %MEM   kB_rd/s   kB_wr/s kB_ccwr/s iodelay  Command
1791479186    112     14307   82.00   41.00    0.00    1.00  123.00     2     28.00      0.00 2898540 1171968  14.44      0.00  10920.00   1160.00       0  mysqld
1791479186      0     17311    0.00    0.00    0.00    0.00    0.00     2      0.00      0.00   56816   12524   0.15      0.00      0.00      0.00       0  nginx
1791479186     33    203690    3.00    4.00    0.00    8.00    7.00     3      0.00      0.00   58684   12448   0.15      0.00    192.00    156.00       0  nginx
1791479186     33    203691    3.00    7.00    0.00   17.00   10.00     1      0.00      0.00   60028   13864   0.17      0.00    176.00     96.00       0  nginx
1791479186     33    203692    4.00    4.00    0.00    9.00    8.00     3      0.00      0.00   59496   13224   0.16      0.00    204.00    168.00       0  nginx
1791479186     33    203693    7.00   15.00    0.00   29.00   22.00     3      0.00      0.00   61936   15616   0.19      0.00   1176.00   1028.00       0  nginx
1791479186    113    237972   20.00   24.00    0.00    0.00   44.00     1    105.00      0.00  682592   61380   0.76      0.00      0.00      0.00       0  pdns_server
1791479186   1100    240478   31.00   30.00    0.00   27.00   61.00     0    985.00      0.00 1975284   19824   0.24      0.00      0.00      0.00       0  isupipe

# Time        UID       PID    %usr %system  %guest   %wait    %CPU   CPU  minflt/s  majflt/s     VSZ     RSS   %MEM   kB_rd/s   kB_wr/s kB_ccwr/s iodelay  Command
1791479187    112     14307   87.00   40.00    0.00    0.00  127.00     1      3.00      0.00 2898540 1171968  14.44      0.00  10616.00   1196.00       0  mysqld
1791479187      0     17311    0.00    0.00    0.00    0.00    0.00     2      0.00      0.00   56816   12524   0.15      0.00      0.00      0.00       0  nginx
1791479187     33    203690    1.00    6.00    0.00    7.00    7.00     3      0.00      0.00   58684   12448   0.15      0.00    236.00    196.00       0  nginx
1791479187     33    203691    5.00    8.00    0.00   15.00   13.00     3      0.00      0.00   60028   13864   0.17      0.00    360.00    304.00       0  nginx
1791479187     33    203692    3.00    5.00    0.00   10.00    8.00     3      0.00      0.00   59496   13224   0.16      0.00    360.00    336.00       0  nginx
1791479187     33    203693   10.00   10.00    0.00   24.00   20.00     3      0.00      0.00   61936   15616   0.19      0.00    844.00    668.00       0  nginx
1791479187    113    237972   19.00   25.00    0.00    0.00   44.00     1     70.00      0.00  682592   62160   0.77      0.00      0.00      0.00       0  pdns_server
1791479187   1100    240478   37.00   26.00    0.00   30.00   63.00     2   1427.00      0.00 1975284   20588   0.25      0.00      0.00      0.00       0  isupipe

# Time        UID       PID    %usr %system  %guest   %wait    %CPU   CPU  minflt/s  majflt/s     VSZ     RSS   %MEM   kB_rd/s   kB_wr/s kB_ccwr/s iodelay  Command
1791479188    112     14307   78.00   40.00    0.00    1.00  118.00     1      0.00      0.00 2898540 1171968  14.44      0.00  10944.00   1088.00       0  mysqld
1791479188      0     17311    0.00    0.00    0.00    0.00    0.00     2      0.00      0.00   56816   12524   0.15      0.00      0.00      0.00       0  nginx
1791479188     33    203690    3.00    5.00    0.00    7.00    8.00     3      0.00      0.00   58684   12448   0.15      0.00    120.00     80.00       0  nginx
1791479188     33    203691    2.00   10.00    0.00   20.00   12.00     0      0.00      0.00   60028   13864   0.17      0.00    448.00    368.00       0  nginx
1791479188     33    203692    4.00    8.00    0.00   12.00   12.00     3      0.00      0.00   59496   13224   0.16      0.00    260.00    220.00       0  nginx
1791479188     33    203693    6.00   13.00    0.00   34.00   19.00     2      0.00      0.00   61936   15616   0.19      0.00    884.00    620.00       0  nginx
1791479188    113    237972   15.00   23.00    0.00    0.00   38.00     1     26.00      0.00  682592   62424   0.77      0.00      0.00      0.00       0  pdns_server
1791479188   1100    240478   35.00   28.00    0.00   31.00   63.00     2   1179.00      0.00 1975284   20848   0.26      0.00      0.00      0.00       0  isupipe

# Time        UID       PID    %usr %system  %guest   %wait    %CPU   CPU  minflt/s  majflt/s     VSZ     RSS   %MEM   kB_rd/s   kB_wr/s kB_ccwr/s iodelay  Command
1791479189    112     14307   81.00   38.00    0.00    0.00  119.00     1      2.00      0.00 2898540 1171968  14.44      0.00  11428.00    928.00       0  mysqld
1791479189      0     17311    0.00    0.00    0.00    0.00    0.00     2      0.00      0.00   56816   12524   0.15      0.00      0.00      0.00       0  nginx
1791479189     33    203690    2.00    3.00    0.00    6.00    5.00     3      0.00      0.00   58684   12448   0.15      0.00    220.00    196.00       0  nginx
1791479189     33    203691    4.00    9.00    0.00   19.00   13.00     3      0.00      0.00   60028   13864   0.17      0.00    488.00    400.00       0  nginx
1791479189     33    203692    2.00    7.00    0.00    8.00    9.00     2      0.00      0.00   59496   13224   0.16      0.00    220.00     68.00       0  nginx
1791479189     33    203693    7.00   15.00    0.00   26.00   22.00     3      0.00      0.00   61936   15616   0.19      0.00    724.00    660.00       0  nginx
1791479189    113    237972   15.00   24.00    0.00    0.00   39.00     1     18.00      0.00  682592   62424   0.77      0.00      0.00      0.00       0  pdns_server
1791479189   1100    240478   30.00   35.00    0.00   25.00   65.00     1   1341.00      0.00 1975284   20816   0.26      0.00      0.00      0.00       0  isupipe

# Time        UID       PID    %usr %system  %guest   %wait    %CPU   CPU  minflt/s  majflt/s     VSZ     RSS   %MEM   kB_rd/s   kB_wr/s kB_ccwr/s iodelay  Command
1791479190    112     14307   76.00   43.00    0.00    0.00  119.00     2      0.00      0.00 2898540 1171968  14.44      0.00  10992.00   1220.00       0  mysqld
1791479190      0     17311    0.00    0.00    0.00    0.00    0.00     2      0.00      0.00   56816   12524   0.15      0.00      0.00      0.00       0  nginx
1791479190     33    203690    4.00    3.00    0.00    8.00    7.00     3      0.00      0.00   58684   12448   0.15      0.00     40.00      0.00       0  nginx
1791479190     33    203691    5.00    9.00    0.00   29.00   14.00     3      0.00      0.00   60028   13864   0.17      0.00    692.00    600.00       0  nginx
1791479190     33    203692    4.00    8.00    0.00   22.00   12.00     3      0.00      0.00   59496   13224   0.16      0.00    236.00    268.00       0  nginx
1791479190     33    203693    8.00   10.00    0.00   35.00   18.00     2      0.00      0.00   61936   15616   0.19      0.00    784.00    652.00       0  nginx
1791479190    113    237972   18.00   20.00    0.00    0.00   38.00     1     21.00      0.00  682592   62688   0.77      0.00      0.00      0.00       0  pdns_server
1791479190   1100    240478   36.00   27.00    0.00   18.00   63.00     3   1214.00      0.00 1975284   20504   0.25      0.00      0.00      0.00       0  isupipe

# Time        UID       PID    %usr %system  %guest   %wait    %CPU   CPU  minflt/s  majflt/s     VSZ     RSS   %MEM   kB_rd/s   kB_wr/s kB_ccwr/s iodelay  Command
1791479191    112     14307   74.00   42.00    0.00    1.00  116.00     3     39.00      0.00 2898540 1171968  14.44      0.00  17776.00   1416.00       0  mysqld
1791479191      0     17311    0.00    0.00    0.00    0.00    0.00     2      0.00      0.00   56816   12524   0.15      0.00      0.00      0.00       0  nginx
1791479191     33    203690    3.00    3.00    0.00    9.00    6.00     0      0.00      0.00   58684   12448   0.15      0.00    592.00    572.00       0  nginx
1791479191     33    203691    4.00    9.00    0.00   32.00   13.00     3      0.00      0.00   60028   13864   0.17      0.00    444.00    352.00       0  nginx
1791479191     33    203692    2.00   10.00    0.00   21.00   12.00     1      0.00      0.00   59496   13224   0.16      0.00    224.00    136.00       0  nginx
1791479191     33    203693    9.00   10.00    0.00   45.00   19.00     3      0.00      0.00   61936   15616   0.19      0.00    508.00    356.00       0  nginx
1791479191    113    237972   12.00   21.00    0.00    0.00   33.00     1     14.00      0.00  682592   62688   0.77      0.00      0.00      0.00       0  pdns_server
1791479191   1100    240478   39.00   30.00    0.00    3.00   69.00     1   1014.00      0.00 1975284   20956   0.26      0.00      0.00      0.00       0  isupipe

# Time        UID       PID    %usr %system  %guest   %wait    %CPU   CPU  minflt/s  majflt/s     VSZ     RSS   %MEM   kB_rd/s   kB_wr/s kB_ccwr/s iodelay  Command
1791479192    112     14307   91.00   38.00    0.00    2.00  129.00     1      9.00      0.00 2898540 1171968  14.44      0.00  12048.00   1372.00       0  mysqld
1791479192      0     17311    0.00    0.00    0.00    0.00    0.00     2      0.00      0.00   56816   12524   0.15      0.00      0.00      0.00       0  nginx
1791479192     33    203690    1.00    6.00    0.00   10.00    7.00     3      0.00      0.00   58684   12448   0.15      0.00     32.00      0.00       0  nginx
1791479192     33    203691    4.00   11.00    0.00   26.00   15.00     3      0.00      0.00   60028   13864   0.17      0.00    752.00    660.00       0  nginx
1791479192     33    203692    2.00    8.00    0.00   13.00   10.00     3      0.00      0.00   59496   13224   0.16      0.00    652.00    608.00       0  nginx
1791479192     33    203693    7.00    9.00    0.00   33.00   16.00     3      0.00      0.00   61936   15616   0.19      0.00    444.00    332.00       0  nginx
1791479192    113    237972   24.00   19.00    0.00    0.00   43.00     1     25.00      0.00  682592   62688   0.77      0.00      0.00      0.00       0  pdns_server
1791479192   1100    240478   33.00   31.00    0.00   16.00   64.00     0   1147.00      0.00 1975284   21136   0.26      0.00      0.00      0.00       0  isupipe

# Time        UID       PID    %usr %system  %guest   %wait    %CPU   CPU  minflt/s  majflt/s     VSZ     RSS   %MEM   kB_rd/s   kB_wr/s kB_ccwr/s iodelay  Command
1791479193    112     14307   83.00   41.00    0.00    0.00  124.00     1      0.00      0.00 2898540 1171968  14.44      0.00  12240.00   1380.00       0  mysqld
1791479193      0     17311    0.00    0.00    0.00    0.00    0.00     2      0.00      0.00   56816   12524   0.15      0.00      0.00      0.00       0  nginx
1791479193     33    203690    3.00    7.00    0.00   16.00   10.00     3      0.00      0.00   58684   12448   0.15      0.00    528.00    464.00       0  nginx
1791479193     33    203691    6.00    8.00    0.00   36.00   14.00     1      0.00      0.00   60028   13864   0.17      0.00    344.00    272.00       0  nginx
1791479193     33    203692    4.00    7.00    0.00   15.00   11.00     0      0.00      0.00   59496   13224   0.16      0.00    668.00    616.00       0  nginx
1791479193     33    203693    5.00   12.00    0.00   46.00   17.00     0      0.00      0.00   61936   15616   0.19      0.00    380.00    256.00       0  nginx
1791479193    113    237972   22.00   24.00    0.00    0.00   46.00     1     23.00      0.00  682592   62952   0.78      0.00      0.00      0.00       0  pdns_server
1791479193   1100    240478   31.00   31.00    0.00   30.00   62.00     0   1335.00      0.00 1975284   20336   0.25      0.00      0.00      0.00       0  isupipe

# Time        UID       PID    %usr %system  %guest   %wait    %CPU   CPU  minflt/s  majflt/s     VSZ     RSS   %MEM   kB_rd/s   kB_wr/s kB_ccwr/s iodelay  Command
1791479194    112     14307   80.00   42.00    0.00    0.00  122.00     1      3.00      0.00 2898540 1171968  14.44      0.00  10840.00   1284.00       0  mysqld
1791479194      0     17311    0.00    0.00    0.00    0.00    0.00     2      0.00      0.00   56816   12524   0.15      0.00      0.00      0.00       0  nginx
1791479194     33    203690    2.00    7.00    0.00   14.00    9.00     1      0.00      0.00   58684   12448   0.15      0.00    312.00    252.00       0  nginx
1791479194     33    203691    3.00    8.00    0.00   20.00   11.00     2      0.00      0.00   60028   13864   0.17      0.00    264.00    192.00       0  nginx
1791479194     33    203692    5.00    7.00    0.00   20.00   12.00     2      0.00      0.00   59496   13224   0.16      0.00    240.00    164.00       0  nginx
1791479194     33    203693    3.00   15.00    0.00   30.00   18.00     0      0.00      0.00   61936   15616   0.19      0.00    996.00    804.00       0  nginx
1791479194    113    237972   20.00   24.00    0.00    0.00   44.00     1     20.00      0.00  682592   62952   0.78      0.00      0.00      0.00       0  pdns_server
1791479194   1100    240478   27.00   31.00    0.00   24.00   58.00     1   1467.00      0.00 1975284   20692   0.25      0.00      0.00      0.00       0  isupipe

# Time        UID       PID    %usr %system  %guest   %wait    %CPU   CPU  minflt/s  majflt/s     VSZ     RSS   %MEM   kB_rd/s   kB_wr/s kB_ccwr/s iodelay  Command
1791479195    112     14307   85.00   39.00    0.00    1.00  124.00     1      8.00      0.00 2898540 1171968  14.44      0.00  17140.00   1336.00       0  mysqld
1791479195      0     17311    0.00    0.00    0.00    0.00    0.00     2      0.00      0.00   56816   12524   0.15      0.00      0.00      0.00       0  nginx
1791479195     33    203690    1.00    6.00    0.00   13.00    7.00     3      0.00      0.00   58684   12448   0.15      0.00    372.00    312.00       0  nginx
1791479195     33    203691    7.00    6.00    0.00   26.00   13.00     1      0.00      0.00   60028   13864   0.17      0.00    328.00    248.00       0  nginx
1791479195     33    203692    2.00    5.00    0.00   15.00    7.00     3      0.00      0.00   59496   13224   0.16      0.00    344.00    304.00       0  nginx
1791479195     33    203693    5.00   13.00    0.00   40.00   18.00     3      0.00      0.00   61936   15616   0.19      0.00    704.00    660.00       0  nginx
1791479195    113    237972   19.00   25.00    0.00    0.00   44.00     1     20.00      0.00  682592   62952   0.78      0.00      0.00      0.00       0  pdns_server
1791479195   1100    240478   30.00   28.00    0.00    6.00   58.00     0   1793.00      0.00 1975284   20912   0.26      0.00      0.00      0.00       0  isupipe

# Time        UID       PID    %usr %system  %guest   %wait    %CPU   CPU  minflt/s  majflt/s     VSZ     RSS   %MEM   kB_rd/s   kB_wr/s kB_ccwr/s iodelay  Command
1791479196    112     14307   87.00   37.00    0.00    0.00  124.00     1     39.00      0.00 2898540 1171968  14.44      0.00  18072.00   1040.00       0  mysqld
1791479196      0     17311    0.00    0.00    0.00    0.00    0.00     2      0.00      0.00   56816   12524   0.15      0.00      0.00      0.00       0  nginx
1791479196     33    203690    4.00    5.00    0.00   12.00    9.00     3      0.00      0.00   58684   12448   0.15      0.00    356.00    316.00       0  nginx
1791479196     33    203691    3.00    8.00    0.00   27.00   11.00     3      0.00      0.00   60028   13864   0.17      0.00    484.00    380.00       0  nginx
1791479196     33    203692    4.00    6.00    0.00   18.00   10.00     3      0.00      0.00   59496   13224   0.16      0.00    192.00    156.00       0  nginx
1791479196     33    203693    6.00   10.00    0.00   34.00   16.00     2      5.00      0.00   61936   15700   0.19      0.00    516.00    440.00       0  nginx
1791479196    113    237972   19.00   22.00    0.00    0.00   41.00     1     19.00      0.00  682592   62920   0.78      0.00      0.00      0.00       0  pdns_server
1791479196   1100    240478   34.00   23.00    0.00   25.00   57.00     2   1347.00      0.00 1975284   20156   0.25     64.00      0.00      0.00       0  isupipe

# Time        UID       PID    %usr %system  %guest   %wait    %CPU   CPU  minflt/s  majflt/s     VSZ     RSS   %MEM   kB_rd/s   kB_wr/s kB_ccwr/s iodelay  Command
1791479197    112     14307   94.00   39.00    0.00    1.00  133.00     1      6.00      0.00 2898540 1171968  14.44      0.00   9560.00    764.00       0  mysqld
1791479197      0     17311    0.00    0.00    0.00    0.00    0.00     2      0.00      0.00   56816   12524   0.15      0.00      0.00      0.00       0  nginx
1791479197     33    203690    2.00    4.00    0.00    9.00    6.00     1      5.00      0.00   58684   12448   0.15      0.00    104.00     76.00       0  nginx
1791479197     33    203691    3.00    6.00    0.00   20.00    9.00     1      5.00      0.00   60028   13864   0.17      0.00    276.00    212.00       0  nginx
1791479197     33    203692    3.00    5.00    0.00   13.00    8.00     3      5.00      0.00   59496   13224   0.16      0.00     60.00      0.00       0  nginx
1791479197     33    203693    5.00    8.00    0.00   27.00   13.00     3      0.00      0.00   61936   15700   0.19      0.00    792.00    728.00       0  nginx
1791479197    113    237972   25.00   26.00    0.00    0.00   51.00     1      7.00      0.00  682592   63184   0.78      0.00      0.00      0.00       0  pdns_server
1791479197   1100    240478   30.00   22.00    0.00   25.00   52.00     1    954.00      0.00 1975284   20976   0.26    136.00      0.00      0.00       0  isupipe

# Time        UID       PID    %usr %system  %guest   %wait    %CPU   CPU  minflt/s  majflt/s     VSZ     RSS   %MEM   kB_rd/s   kB_wr/s kB_ccwr/s iodelay  Command
1791479198    112     14307   76.00   34.00    0.00    1.00  110.00     1      6.00      0.00 2898540 1171968  14.44      0.00  10956.00   1164.00       0  mysqld
1791479198      0     17311    0.00    0.00    0.00    0.00    0.00     2      0.00      0.00   56816   12524   0.15      0.00      0.00      0.00       0  nginx
1791479198     33    203690    3.00    7.00    0.00   18.00   10.00     3      0.00      0.00   58684   12448   0.15      0.00    308.00    256.00       0  nginx
1791479198     33    203691    4.00   10.00    0.00   32.00   14.00     0      0.00      0.00   60028   13864   0.17      0.00    300.00    204.00       0  nginx
1791479198     33    203692    3.00    7.00    0.00   17.00   10.00     3      0.00      0.00   59496   13224   0.16      0.00    668.00    652.00       0  nginx
1791479198     33    203693    5.00   12.00    0.00   42.00   17.00     3      0.00      0.00   61936   15700   0.19      0.00    292.00    192.00       0  nginx
1791479198    113    237972   15.00   21.00    0.00    0.00   36.00     1      4.00      0.00  682592   63184   0.78      0.00      0.00      0.00       0  pdns_server
1791479198   1100    240478   35.00   26.00    0.00   30.00   61.00     1   1017.00      0.00 1975284   21132   0.26      0.00      0.00      0.00       0  isupipe

# Time        UID       PID    %usr %system  %guest   %wait    %CPU   CPU  minflt/s  majflt/s     VSZ     RSS   %MEM   kB_rd/s   kB_wr/s kB_ccwr/s iodelay  Command
1791479199    112     14307   72.00   36.00    0.00    0.00  108.00     1      6.00      0.00 2898540 1171968  14.44      0.00  12608.00   1000.00       0  mysqld
1791479199      0     17311    0.00    0.00    0.00    0.00    0.00     2      0.00      0.00   56816   12524   0.15      0.00      0.00      0.00       0  nginx
1791479199     33    203690    4.00    8.00    0.00   24.00   12.00     3      0.00      0.00   58684   12448   0.15      0.00    248.00    176.00       0  nginx
1791479199     33    203691    4.00    9.00    0.00   33.00   13.00     3      0.00      0.00   60028   13864   0.17      0.00    256.00    172.00       0  nginx
1791479199     33    203692    2.00   10.00    0.00   29.00   12.00     3      0.00      0.00   59496   13224   0.16      0.00    412.00    360.00       0  nginx
1791479199     33    203693    4.00   10.00    0.00   44.00   14.00     3      0.00      0.00   61936   15700   0.19      0.00    648.00    464.00       0  nginx
1791479199    113    237972   14.00   16.00    0.00    0.00   30.00     1      5.00      0.00  682592   63184   0.78      0.00      0.00      0.00       0  pdns_server
1791479199   1100    240478   31.00   36.00    0.00   26.00   67.00     0    948.00      0.00 1975284   21100   0.26      0.00      0.00      0.00       0  isupipe

# Time        UID       PID    %usr %system  %guest   %wait    %CPU   CPU  minflt/s  majflt/s     VSZ     RSS   %MEM   kB_rd/s   kB_wr/s kB_ccwr/s iodelay  Command
1791479200    112     14307   83.00   40.00    0.00    0.00  123.00     1     33.00      0.00 2898540 1171968  14.44      0.00  10372.00    824.00       0  mysqld
1791479200      0     17311    0.00    0.00    0.00    0.00    0.00     2      0.00      0.00   56816   12524   0.15      0.00      0.00      0.00       0  nginx
1791479200     33    203690    3.00    6.00    0.00   18.00    9.00     3      0.00      0.00   58684   12448   0.15      0.00    152.00    104.00       0  nginx
1791479200     33    203691    3.00    7.00    0.00   30.00   10.00     3      0.00      0.00   60028   13864   0.17      0.00    336.00    260.00       0  nginx
1791479200     33    203692    5.00    5.00    0.00   21.00   10.00     3      0.00      0.00   59496   13224   0.16      0.00    172.00    108.00       0  nginx
1791479200     33    203693    6.00   10.00    0.00   36.00   16.00     3      0.00      0.00   61936   15700   0.19      0.00    712.00    708.00       0  nginx
1791479200    113    237972   21.00   21.00    0.00    0.00   42.00     1      7.00      0.00  682592   63184   0.78      0.00      0.00      0.00       0  pdns_server
1791479200   1100    240478   36.00   24.00    0.00   24.00   60.00     1   1213.00      0.00 2049076   20484   0.25      0.00      0.00      0.00       0  isupipe

# Time        UID       PID    %usr %system  %guest   %wait    %CPU   CPU  minflt/s  majflt/s     VSZ     RSS   %MEM   kB_rd/s   kB_wr/s kB_ccwr/s iodelay  Command
1791479201    112     14307   79.00   48.00    0.00    1.00  127.00     1      3.00      0.00 2898540 1171968  14.44      0.00  14572.00   1032.00       0  mysqld
1791479201      0     17311    0.00    0.00    0.00    0.00    0.00     2      0.00      0.00   56816   12524   0.15      0.00      0.00      0.00       0  nginx
1791479201     33    203690    2.00    7.00    0.00   22.00    9.00     0      0.00      0.00   58684   12448   0.15      0.00    300.00    240.00       0  nginx
1791479201     33    203691    4.00    8.00    0.00   30.00   12.00     3      0.00      0.00   60028   13864   0.17      0.00    336.00    260.00       0  nginx
1791479201     33    203692    3.00    7.00    0.00   25.00   10.00     3      0.00      0.00   59496   13224   0.16      0.00    424.00    388.00       0  nginx
1791479201     33    203693    5.00   10.00    0.00   48.00   15.00     3      0.00      0.00   61936   15700   0.19      0.00    484.00    372.00       0  nginx
1791479201    113    237972   25.00   22.00    0.00    0.00   47.00     1      9.00      0.00  682592   63184   0.78      0.00      0.00      0.00       0  pdns_server
1791479201   1100    240478   34.00   24.00    0.00   24.00   58.00     1   1092.00      0.00 2049076   20436   0.25      0.00      0.00      0.00       0  isupipe

# Time        UID       PID    %usr %system  %guest   %wait    %CPU   CPU  minflt/s  majflt/s     VSZ     RSS   %MEM   kB_rd/s   kB_wr/s kB_ccwr/s iodelay  Command
1791479202    112     14307   73.00   47.00    0.00    1.00  120.00     1      2.00      0.00 2898540 1171968  14.44      0.00  17308.00    948.00       0  mysqld
1791479202      0     17311    0.00    0.00    0.00    0.00    0.00     2      0.00      0.00   56816   12524   0.15      0.00      0.00      0.00       0  nginx
1791479202     33    203690    2.00    6.00    0.00   11.00    8.00     3      0.00      0.00   58684   12448   0.15      0.00    380.00    356.00       0  nginx
1791479202     33    203691    5.00    8.00    0.00   30.00   13.00     3      0.00      0.00   60028   13864   0.17      0.00    496.00    440.00       0  nginx
1791479202     33    203692    4.00    9.00    0.00   24.00   13.00     3      0.00      0.00   59496   13224   0.16      0.00    220.00    164.00       0  nginx
1791479202     33    203693    7.00   10.00    0.00   43.00   17.00     3      0.00      0.00   61936   15700   0.19      0.00    452.00    292.00       0  nginx
1791479202    113    237972   19.00   21.00    0.00    0.00   40.00     1      5.00      0.00  682592   63184   0.78      0.00      0.00      0.00       0  pdns_server
1791479202   1100    240478   34.00   30.00    0.00   24.00   64.00     1   1224.00      0.00 2049076   20420   0.25      0.00      0.00      0.00       0  isupipe

# Time        UID       PID    %usr %system  %guest   %wait    %CPU   CPU  minflt/s  majflt/s     VSZ     RSS   %MEM   kB_rd/s   kB_wr/s kB_ccwr/s iodelay  Command
1791479203    112     14307   86.00   42.00    0.00    1.00  128.00     1      0.00      0.00 2898540 1171968  14.44      0.00  10220.00    932.00       0  mysqld
1791479203      0     17311    0.00    0.00    0.00    0.00    0.00     2      0.00      0.00   56816   12524   0.15      0.00      0.00      0.00       0  nginx
1791479203     33    203690    3.00    2.00    0.00    4.00    5.00     3      0.00      0.00   58684   12448   0.15      0.00     20.00      0.00       0  nginx
1791479203     33    203691    5.00    9.00    0.00   18.00   14.00     3      0.00      0.00   60028   13864   0.17      0.00    652.00    440.00       0  nginx
1791479203     33    203692    3.00    6.00    0.00   10.00    9.00     3      0.00      0.00   59496   13224   0.16      0.00    320.00    284.00       0  nginx
1791479203     33    203693    8.00   11.00    0.00   22.00   19.00     2      0.00      0.00   61936   15700   0.19      0.00    648.00    504.00       0  nginx
1791479203    113    237972   18.00   32.00    0.00    0.00   50.00     1      7.00      0.00  682592   63184   0.78      0.00      0.00      0.00       0  pdns_server
1791479203   1100    240478   37.00   24.00    0.00   32.00   61.00     2    808.00      0.00 2049076   21084   0.26      0.00      0.00      0.00       0  isupipe

# Time        UID       PID    %usr %system  %guest   %wait    %CPU   CPU  minflt/s  majflt/s     VSZ     RSS   %MEM   kB_rd/s   kB_wr/s kB_ccwr/s iodelay  Command
1791479204    112     14307   81.00   39.00    0.00    0.00  120.00     1      0.00      0.00 2898540 1171968  14.44      0.00  10976.00   1200.00       0  mysqld
1791479204      0     17311    0.00    0.00    0.00    0.00    0.00     2      0.00      0.00   56816   12524   0.15      0.00      0.00      0.00       0  nginx
1791479204     33    203690    1.00    8.00    0.00    8.00    9.00     3      0.00      0.00   58684   12448   0.15      0.00    332.00    272.00       0  nginx
1791479204     33    203691    3.00    8.00    0.00   24.00   11.00     3      0.00      0.00   60028   13864   0.17      0.00    560.00    536.00       0  nginx
1791479204     33    203692    4.00    7.00    0.00   19.00   11.00     3      0.00      0.00   59496   13224   0.16      0.00    256.00    200.00       0  nginx
1791479204     33    203693    6.00   11.00    0.00   35.00   17.00     3      0.00      0.00   61936   15700   0.19      0.00    520.00    388.00       0  nginx
1791479204    113    237972   17.00   24.00    0.00    0.00   41.00     1      8.00      0.00  682592   63184   0.78      0.00      0.00      0.00       0  pdns_server
1791479204   1100    240478   32.00   28.00    0.00   26.00   60.00     0   1608.00      0.00 2049076   20252   0.25      0.00      0.00      0.00       0  isupipe

# Time        UID       PID    %usr %system  %guest   %wait    %CPU   CPU  minflt/s  majflt/s     VSZ     RSS   %MEM   kB_rd/s   kB_wr/s kB_ccwr/s iodelay  Command
1791479205    112     14307   80.00   43.00    0.00    1.00  123.00     1     19.00      0.00 2898540 1171968  14.44      0.00  14764.00   1240.00       0  mysqld
1791479205      0     17311    0.00    0.00    0.00    0.00    0.00     2      0.00      0.00   56816   12524   0.15      0.00      0.00      0.00       0  nginx
1791479205     33    203690    4.00    7.00    0.00   18.00   11.00     3     14.00      0.00   58684   12552   0.15      0.00    308.00    248.00       0  nginx
1791479205     33    203691    5.00    8.00    0.00   25.00   13.00     3     14.00      0.00   60028   13864   0.17      0.00    472.00    384.00       0  nginx
1791479205     33    203692    2.00    8.00    0.00   18.00   10.00     3     14.00      0.00   59496   13224   0.16      0.00    268.00    116.00       0  nginx
1791479205     33    203693    5.00   10.00    0.00   34.00   15.00     3     14.00      0.00   61936   15700   0.19      0.00    724.00    576.00       0  nginx
1791479205    113    237972   21.00   17.00    0.00    0.00   38.00     1     11.00      0.00  682592   62832   0.77      0.00      0.00      0.00       0  pdns_server
1791479205   1100    240478   28.00   32.00    0.00   28.00   60.00     1   1227.00      0.00 2049076   21100   0.26     80.00      0.00      0.00       0  isupipe

# Time        UID       PID    %usr %system  %guest   %wait    %CPU   CPU  minflt/s  majflt/s     VSZ     RSS   %MEM   kB_rd/s   kB_wr/s kB_ccwr/s iodelay  Command
1791479206    112     14307   83.00   40.00    0.00    0.00  123.00     1      5.00      0.00 2898540 1171968  14.44      0.00  10872.00   1268.00       0  mysqld
1791479206      0     17311    0.00    0.00    0.00    0.00    0.00     2      0.00      0.00   56816   12524   0.15      0.00      0.00      0.00       0  nginx
1791479206     33    203690    3.00    4.00    0.00   11.00    7.00     3      2.00      0.00   58684   12552   0.15      0.00    224.00    180.00       0  nginx
1791479206     33    203691    4.00    9.00    0.00   31.00   13.00     3      2.00      0.00   60028   13864   0.17      0.00    452.00    336.00       0  nginx
1791479206     33    203692    3.00    8.00    0.00   18.00   11.00     0      2.00      0.00   59496   13224   0.16      0.00    428.00    380.00       0  nginx
1791479206     33    203693    5.00   10.00    0.00   38.00   15.00     3      2.00      0.00   61936   15700   0.19      0.00    648.00    576.00       0  nginx
1791479206    113    237972   20.00   26.00    0.00    0.00   46.00     1      5.00      0.00  682592   62640   0.77      0.00      0.00      0.00       0  pdns_server
1791479206   1100    240478   32.00   31.00    0.00   10.00   63.00     2    802.00      0.00 2049332   21456   0.26      0.00      0.00      0.00       0  isupipe

# Time        UID       PID    %usr %system  %guest   %wait    %CPU   CPU  minflt/s  majflt/s     VSZ     RSS   %MEM   kB_rd/s   kB_wr/s kB_ccwr/s iodelay  Command
1791479207    112     14307   82.00   43.00    0.00    1.00  125.00     1     14.00      0.00 2898540 1171968  14.44      0.00  14760.00   1204.00       0  mysqld
1791479207      0     17311    0.00    0.00    0.00    0.00    0.00     2      0.00      0.00   56816   12524   0.15      0.00      0.00      0.00       0  nginx
1791479207     33    203690    1.00    3.00    0.00    6.00    4.00     0      0.00      0.00   58684   12552   0.15      0.00     24.00      0.00       0  nginx
1791479207     33    203691    3.00    8.00    0.00   18.00   11.00     3      0.00      0.00   60028   13864   0.17      0.00    688.00    600.00       0  nginx
1791479207     33    203692    3.00    8.00    0.00   15.00   11.00     3      0.00      0.00   59496   13224   0.16      0.00    116.00     80.00       0  nginx
1791479207     33    203693    8.00   11.00    0.00   29.00   19.00     3      0.00      0.00   61936   15700   0.19      0.00    812.00    684.00       0  nginx
1791479207    113    237972   23.00   23.00    0.00    0.00   46.00     1      4.00      0.00  682592   62640   0.77      0.00      0.00      0.00       0  pdns_server
1791479207   1100    240478   36.00   29.00    0.00   39.00   65.00     1   1230.00      0.00 2049332   20964   0.26      0.00      0.00      0.00       0  isupipe

# Time        UID       PID    %usr %system  %guest   %wait    %CPU   CPU  minflt/s  majflt/s     VSZ     RSS   %MEM   kB_rd/s   kB_wr/s kB_ccwr/s iodelay  Command
1791479208    112     14307   89.00   34.00    0.00    0.00  123.00     1     14.00      0.00 2898540 1171968  14.44      0.00  10948.00   1212.00       0  mysqld
1791479208      0     17311    0.00    0.00    0.00    0.00    0.00     2      0.00      0.00   56816   12524   0.15      0.00      0.00      0.00       0  nginx
1791479208     33    203690    3.00    5.00    0.00   15.00    8.00     3      0.00      0.00   58684   12552   0.15      0.00    340.00    308.00       0  nginx
1791479208     33    203691    5.00    7.00    0.00   24.00   12.00     3      0.00      0.00   60028   13864   0.17      0.00    388.00    348.00       0  nginx
1791479208     33    203692    6.00    4.00    0.00   19.00   10.00     3      0.00      0.00   59496   13224   0.16      0.00    344.00    284.00       0  nginx
1791479208     33    203693    7.00   10.00    0.00   40.00   17.00     3      0.00      0.00   61936   15700   0.19      0.00    640.00    508.00       0  nginx
1791479208    113    237972   21.00   26.00    0.00    0.00   47.00     1      5.00      0.00  682592   62640   0.77      0.00      0.00      0.00       0  pdns_server
1791479208   1100    240478   32.00   27.00    0.00   40.00   59.00     2   1466.00      0.00 2049332   19524   0.24      0.00      0.00      0.00       0  isupipe

# Time        UID       PID    %usr %system  %guest   %wait    %CPU   CPU  minflt/s  majflt/s     VSZ     RSS   %MEM   kB_rd/s   kB_wr/s kB_ccwr/s iodelay  Command
1791479209    112     14307   75.00   39.00    0.00    1.00  114.00     1      0.00      0.00 2898540 1171968  14.44      0.00  12252.00   1420.00       0  mysqld
1791479209      0     17311    0.00    0.00    0.00    0.00    0.00     2      0.00      0.00   56816   12524   0.15      0.00      0.00      0.00       0  nginx
1791479209     33    203690    6.00    7.00    0.00   22.00   13.00     3      0.00      0.00   58684   12552   0.15      0.00    620.00    408.00       0  nginx
1791479209     33    203691    7.00    6.00    0.00   40.00   13.00     3      0.00      0.00   60028   13864   0.17      0.00    236.00    184.00       0  nginx
1791479209     33    203692    4.00   10.00    0.00   36.00   14.00     3      0.00      0.00   59496   13224   0.16      0.00    180.00     80.00       0  nginx
1791479209     33    203693    9.00    8.00    0.00   48.00   17.00     3      0.00      0.00   61936   15700   0.19      0.00   1148.00   1052.00       0  nginx
1791479209    113    237972   20.00   22.00    0.00    0.00   42.00     1      3.00      0.00  682592   62640   0.77      0.00      0.00      0.00       0  pdns_server
1791479209   1100    240478   28.00   30.00    0.00   21.00   58.00     2   1021.00      0.00 2049332   20656   0.25      0.00      0.00      0.00       0  isupipe

# Time        UID       PID    %usr %system  %guest   %wait    %CPU   CPU  minflt/s  majflt/s     VSZ     RSS   %MEM   kB_rd/s   kB_wr/s kB_ccwr/s iodelay  Command
1791479210    112     14307   95.00   39.00    0.00    0.00  134.00     2      0.00      0.00 2898540 1171968  14.44      0.00  10896.00   1332.00       0  mysqld
1791479210      0     17311    0.00    0.00    0.00    0.00    0.00     2      0.00      0.00   56816   12524   0.15      0.00      0.00      0.00       0  nginx
1791479210     33    203690    4.00    6.00    0.00   30.00   10.00     3     14.00      0.00   58824   12552   0.15      0.00    484.00    600.00       0  nginx
1791479210     33    203691    5.00    7.00    0.00   46.00   12.00     3      0.00      0.00   60028   13864   0.17      0.00    180.00    112.00       0  nginx
1791479210     33    203692    5.00    7.00    0.00   37.00   12.00     1      0.00      0.00   59496   13224   0.16      0.00    412.00    364.00       0  nginx
1791479210     33    203693    5.00    9.00    0.00   52.00   14.00     3      0.00      0.00   61936   15700   0.19      0.00    584.00    492.00       0  nginx
1791479210    113    237972   26.00   32.00    0.00    0.00   58.00     1      7.00      0.00  682592   62904   0.77      0.00      0.00      0.00       0  pdns_server
1791479210   1100    240478   28.00   21.00    0.00    9.00   49.00     1    446.00      0.00 2049332   20968   0.26      0.00      0.00      0.00       0  isupipe

# Time        UID       PID    %usr %system  %guest   %wait    %CPU   CPU  minflt/s  majflt/s     VSZ     RSS   %MEM   kB_rd/s   kB_wr/s kB_ccwr/s iodelay  Command
1791479211    112     14307   81.00   36.00    0.00    0.00  117.00     2      2.00      0.00 2898540 1172140  14.44      0.00  14884.00   1172.00       0  mysqld
1791479211      0     17311    0.00    0.00    0.00    0.00    0.00     2      0.00      0.00   56816   12524   0.15      0.00      0.00      0.00       0  nginx
1791479211     33    203690    4.00    7.00    0.00   23.00   11.00     0      2.00      0.00   58824   12552   0.15      0.00     64.00      0.00       0  nginx
1791479211     33    203691    5.00    8.00    0.00   31.00   13.00     3      0.00      0.00   60028   13864   0.17      0.00    388.00    344.00       0  nginx
1791479211     33    203692    3.00    7.00    0.00   25.00   10.00     0      0.00      0.00   59496   13224   0.16      0.00    720.00    676.00       0  nginx
1791479211     33    203693    8.00   10.00    0.00   44.00   18.00     3      0.00      0.00   61936   15700   0.19      0.00    544.00    336.00       0  nginx
1791479211    113    237972   20.00   24.00    0.00    0.00   44.00     1      4.00      0.00  682592   62904   0.77      0.00      0.00      0.00       0  pdns_server
1791479211   1100    240478   26.00   31.00    0.00   19.00   57.00     2   1132.00      0.00 2049332   21092   0.26      0.00      0.00      0.00       0  isupipe

# Time        UID       PID    %usr %system  %guest   %wait    %CPU   CPU  minflt/s  majflt/s     VSZ     RSS   %MEM   kB_rd/s   kB_wr/s kB_ccwr/s iodelay  Command
1791479212    112     14307   86.00   37.00    0.00    1.00  123.00     2      5.00      0.00 2898540 1172140  14.44      0.00  10548.00   1080.00       0  mysqld
1791479212      0     17311    0.00    0.00    0.00    0.00    0.00     2      0.00      0.00   56816   12524   0.15      0.00      0.00      0.00       0  nginx
1791479212     33    203690    4.00    7.00    0.00   21.00   11.00     3      0.00      0.00   58824   12552   0.15      0.00    344.00    292.00       0  nginx
1791479212     33    203691    7.00    6.00    0.00   34.00   13.00     0      0.00      0.00   60028   13864   0.17      0.00    396.00    248.00       0  nginx
1791479212     33    203692    5.00    7.00    0.00   24.00   12.00     3      0.00      0.00   59496   13224   0.16      0.00     56.00      0.00       0  nginx
1791479212     33    203693    8.00    9.00    0.00   36.00   17.00     0      0.00      0.00   61936   15700   0.19      0.00    800.00    804.00       0  nginx
1791479212    113    237972   23.00   24.00    0.00    0.00   47.00     1      3.00      0.00  682592   62904   0.77      0.00      0.00      0.00       0  pdns_server
1791479212   1100    240478   33.00   25.00    0.00   24.00   58.00     1   1823.00      0.00 2049332   21008   0.26      0.00      0.00      0.00       0  isupipe

# Time        UID       PID    %usr %system  %guest   %wait    %CPU   CPU  minflt/s  majflt/s     VSZ     RSS   %MEM   kB_rd/s   kB_wr/s kB_ccwr/s iodelay  Command
1791479213    112     14307   82.00   37.00    0.00    0.00  119.00     2     10.00      0.00 2898540 1172140  14.44      0.00   9276.00    792.00       0  mysqld
1791479213      0     17311    0.00    0.00    0.00    0.00    0.00     2      0.00      0.00   56816   12524   0.15      0.00      0.00      0.00       0  nginx
1791479213     33    203690    5.00    4.00    0.00   15.00    9.00     1      0.00      0.00   58824   12552   0.15      0.00     80.00      0.00       0  nginx
1791479213     33    203691    6.00    8.00    0.00   25.00   14.00     3      0.00      0.00   60028   13864   0.17      0.00    256.00    320.00       0  nginx
1791479213     33    203692    5.00    6.00    0.00   18.00   11.00     0      0.00      0.00   59496   13224   0.16      0.00    128.00     84.00       0  nginx
1791479213     33    203693    8.00   10.00    0.00   32.00   18.00     0      0.00      0.00   61936   15700   0.19      0.00    880.00    636.00       0  nginx
1791479213    113    237972   18.00   22.00    0.00    0.00   40.00     1      3.00      0.00  682592   62904   0.77      0.00      0.00      0.00       0  pdns_server
1791479213   1100    240478   30.00   25.00    0.00   35.00   55.00     0    724.00      0.00 2049332   21356   0.26     28.00      0.00      0.00       0  isupipe

# Time        UID       PID    %usr %system  %guest   %wait    %CPU   CPU  minflt/s  majflt/s     VSZ     RSS   %MEM   kB_rd/s   kB_wr/s kB_ccwr/s iodelay  Command
1791479214    112     14307   85.00   37.00    0.00    1.00  122.00     2      8.00      0.00 2898540 1172140  14.44      0.00  10512.00   1072.00       0  mysqld
1791479214      0     17311    0.00    0.00    0.00    0.00    0.00     2      0.00      0.00   56816   12524   0.15      0.00      0.00      0.00       0  nginx
1791479214     33    203690    3.00    4.00    0.00   10.00    7.00     3      0.00      0.00   58824   12552   0.15      0.00    352.00    340.00       0  nginx
1791479214     33    203691    5.00   10.00    0.00   31.00   15.00     3      0.00      0.00   60028   13864   0.17      0.00    112.00      0.00       0  nginx
1791479214     33    203692    6.00    5.00    0.00   17.00   11.00     3      0.00      0.00   59496   13224   0.16      0.00    172.00    144.00       0  nginx
1791479214     33    203693    9.00   13.00    0.00   36.00   22.00     3      0.00      0.00   61936   15700   0.19      0.00    948.00    844.00       0  nginx
1791479214    113    237972   24.00   23.00    0.00    0.00   47.00     1      4.00      0.00  682592   62904   0.77      0.00      0.00      0.00       0  pdns_server
1791479214   1100    240478   33.00   27.00    0.00   25.00   60.00     0    909.00      0.00 2049332   20952   0.26      0.00      0.00      0.00       0  isupipe

# Time        UID       PID    %usr %system  %guest   %wait    %CPU   CPU  minflt/s  majflt/s     VSZ     RSS   %MEM   kB_rd/s   kB_wr/s kB_ccwr/s iodelay  Command
1791479215    112     14307   80.00   42.00    0.00    0.00  122.00     2     19.00      0.00 2898540 1172140  14.44      0.00  15480.00   1300.00       0  mysqld
1791479215      0     17311    0.00    0.00    0.00    0.00    0.00     2      0.00      0.00   56816   12524   0.15      0.00      0.00      0.00       0  nginx
1791479215     33    203690    4.00    7.00    0.00   21.00   11.00     3      0.00      0.00   58824   12552   0.15      0.00    312.00    268.00       0  nginx
1791479215     33    203691    6.00    8.00    0.00   34.00   14.00     3      0.00      0.00   60028   13864   0.17      0.00    436.00    360.00       0  nginx
1791479215     33    203692    4.00    7.00    0.00   29.00   11.00     3      0.00      0.00   59496   13224   0.16      0.00    428.00    376.00       0  nginx
1791479215     33    203693    8.00    8.00    0.00   45.00   16.00     2      0.00      0.00   61936   15700   0.19      0.00    648.00    544.00       0  nginx
1791479215    113    237972   26.00   19.00    0.00    0.00   45.00     1      2.00      0.00  682592   62900   0.77      0.00      0.00      0.00       0  pdns_server
1791479215   1100    240478   35.00   23.00    0.00   14.00   58.00     0   1638.00      0.00 2049332   21924   0.27     20.00      0.00      0.00       0  isupipe

# Time        UID       PID    %usr %system  %guest   %wait    %CPU   CPU  minflt/s  majflt/s     VSZ     RSS   %MEM   kB_rd/s   kB_wr/s kB_ccwr/s iodelay  Command
1791479216    112     14307   85.00   33.00    0.00    1.00  118.00     2      1.00      0.00 2898540 1172140  14.44      0.00  11008.00   1320.00       0  mysqld
1791479216      0     17311    0.00    0.00    0.00    0.00    0.00     2      0.00      0.00   56816   12524   0.15      0.00      0.00      0.00       0  nginx
1791479216     33    203690    4.00    9.00    0.00   29.00   13.00     3      0.00      0.00   58824   12552   0.15      0.00    580.00    484.00       0  nginx
1791479216     33    203691    6.00    7.00    0.00   37.00   13.00     3      0.00      0.00   60028   13864   0.17      0.00    296.00    192.00       0  nginx
1791479216     33    203692    6.00    6.00    0.00   24.00   12.00     3      0.00      0.00   59496   13224   0.16      0.00    524.00    492.00       0  nginx
1791479216     33    203693    7.00    9.00    0.00   45.00   16.00     3      0.00      0.00   61936   15700   0.19      0.00    456.00    376.00       0  nginx
1791479216    113    237972   22.00   24.00    0.00    0.00   46.00     1      4.00      0.00  682592   62900   0.77      0.00      0.00      0.00       0  pdns_server
1791479216   1100    240478   36.00   24.00    0.00   11.00   60.00     0   1507.00      0.00 2049332   21704   0.27      0.00      0.00      0.00       0  isupipe

# Time        UID       PID    %usr %system  %guest   %wait    %CPU   CPU  minflt/s  majflt/s     VSZ     RSS   %MEM   kB_rd/s   kB_wr/s kB_ccwr/s iodelay  Command
1791479217    112     14307   88.00   36.00    0.00    0.00  124.00     2      4.00      0.00 2898540 1172140  14.44      0.00  10196.00   1092.00       0  mysqld
1791479217      0     17311    0.00    0.00    0.00    0.00    0.00     2      0.00      0.00   56816   12524   0.15      0.00      0.00      0.00       0  nginx
1791479217     33    203690    4.00    7.00    0.00   24.00   11.00     3      0.00      0.00   58824   12552   0.15      0.00    324.00    292.00       0  nginx
1791479217     33    203691    5.00    8.00    0.00   36.00   13.00     3      0.00      0.00   60028   13864   0.17      0.00    276.00    196.00       0  nginx
1791479217     33    203692    5.00    7.00    0.00   27.00   12.00     2      0.00      0.00   59496   13224   0.16      0.00    532.00    468.00       0  nginx
1791479217     33    203693    5.00    9.00    0.00   42.00   14.00     3      0.00      0.00   61936   15700   0.19      0.00    456.00    384.00       0  nginx
1791479217    113    237972   25.00   24.00    0.00    0.00   49.00     1      3.00      0.00  682592   62900   0.77      0.00      0.00      0.00       0  pdns_server
1791479217   1100    240478   32.00   23.00    0.00   34.00   55.00     0   1057.00      0.00 2049332   21008   0.26      0.00      0.00      0.00       0  isupipe

# Time        UID       PID    %usr %system  %guest   %wait    %CPU   CPU  minflt/s  majflt/s     VSZ     RSS   %MEM   kB_rd/s   kB_wr/s kB_ccwr/s iodelay  Command
1791479218    112     14307   91.00   41.00    0.00    0.00  132.00     2      0.00      0.00 2898540 1172140  14.44      0.00  10848.00   1172.00       0  mysqld
1791479218      0     17311    0.00    0.00    0.00    0.00    0.00     2      0.00      0.00   56816   12524   0.15      0.00      0.00      0.00       0  nginx
1791479218     33    203690    4.00    6.00    0.00   18.00   10.00     3      0.00      0.00   58824   12552   0.15      0.00    208.00    172.00       0  nginx
1791479218     33    203691    4.00    8.00    0.00   33.00   12.00     3      0.00      0.00   60028   13864   0.17      0.00    404.00    364.00       0  nginx
1791479218     33    203692    4.00    7.00    0.00   24.00   11.00     3      0.00      0.00   59496   13224   0.16      0.00    420.00    244.00       0  nginx
1791479218     33    203693    6.00   10.00    0.00   51.00   16.00     3      0.00      0.00   61936   15700   0.19      0.00    680.00    564.00       0  nginx
1791479218    113    237972   26.00   30.00    0.00    0.00   56.00     1      3.00      0.00  682592   62900   0.77      0.00      0.00      0.00       0  pdns_server
1791479218   1100    240478   26.00   28.00    0.00   20.00   54.00     0    947.00      0.00 2049332   21584   0.27      0.00      0.00      0.00       0  isupipe

# Time        UID       PID    %usr %system  %guest   %wait    %CPU   CPU  minflt/s  majflt/s     VSZ     RSS   %MEM   kB_rd/s   kB_wr/s kB_ccwr/s iodelay  Command
1791479219    112     14307   77.00   37.00    0.00    0.00  114.00     2      0.00      0.00 2898540 1172140  14.44      0.00  15084.00   1196.00       0  mysqld
1791479219      0     17311    0.00    0.00    0.00    0.00    0.00     2      0.00      0.00   56816   12524   0.15      0.00      0.00      0.00       0  nginx
1791479219     33    203690    4.00    7.00    0.00   21.00   11.00     3      0.00      0.00   58824   12552   0.15      0.00    140.00    108.00       0  nginx
1791479219     33    203691    5.00    8.00    0.00   39.00   13.00     3      0.00      0.00   60028   13864   0.17      0.00    564.00    484.00       0  nginx
1791479219     33    203692    2.00    9.00    0.00   28.00   11.00     3      0.00      0.00   59496   13224   0.16      0.00    228.00    296.00       0  nginx
1791479219     33    203693    8.00    9.00    0.00   43.00   17.00     3      0.00      0.00   61936   15700   0.19      0.00    696.00    588.00       0  nginx
1791479219    113    237972   17.00   28.00    0.00    0.00   45.00     1      2.00      0.00  682592   62900   0.77      0.00      0.00      0.00       0  pdns_server
1791479219   1100    240478   24.00   33.00    0.00   12.00   57.00     2    956.00      0.00 2049332   21348   0.26      0.00      0.00      0.00       0  isupipe

# Time        UID       PID    %usr %system  %guest   %wait    %CPU   CPU  minflt/s  majflt/s     VSZ     RSS   %MEM   kB_rd/s   kB_wr/s kB_ccwr/s iodelay  Command
1791479220    112     14307   81.00   36.00    0.00    1.00  117.00     2      6.00      0.00 2898540 1172324  14.44      0.00  11116.00   1296.00       0  mysqld
1791479220      0     17311    0.00    0.00    0.00    0.00    0.00     2      0.00      0.00   56816   12524   0.15      0.00      0.00      0.00       0  nginx
1791479220     33    203690    6.00    5.00    0.00   25.00   11.00     0      0.00      0.00   58824   12552   0.15      0.00    672.00    620.00       0  nginx
1791479220     33    203691    6.00    7.00    0.00   36.00   13.00     3      0.00      0.00   60028   13864   0.17      0.00    400.00    336.00       0  nginx
1791479220     33    203692    5.00    6.00    0.00   36.00   11.00     3      0.00      0.00   59496   13224   0.16      0.00    188.00    116.00       0  nginx
1791479220     33    203693    8.00    8.00    0.00   45.00   16.00     3      0.00      0.00   61936   15700   0.19      0.00    512.00    432.00       0  nginx
1791479220    113    237972   22.00   21.00    0.00    0.00   43.00     1      1.00      0.00  682592   62900   0.77      0.00      0.00      0.00       0  pdns_server
1791479220   1100    240478   33.00   26.00    0.00    0.00   59.00     2   1510.00      0.00 2049332   20684   0.25      0.00      0.00      0.00       0  isupipe

# Time        UID       PID    %usr %system  %guest   %wait    %CPU   CPU  minflt/s  majflt/s     VSZ     RSS   %MEM   kB_rd/s   kB_wr/s kB_ccwr/s iodelay  Command
1791479221    112     14307   75.00   39.00    0.00    0.00  114.00     2      4.00      0.00 2898540 1172324  14.44      0.00  10312.00   1044.00       0  mysqld
1791479221      0     17311    0.00    0.00    0.00    0.00    0.00     2      0.00      0.00   56816   12524   0.15      0.00      0.00      0.00       0  nginx
1791479221     33    203690    5.00    6.00    0.00   29.00   11.00     3      0.00      0.00   58824   12552   0.15      0.00    184.00    112.00       0  nginx
1791479221     33    203691    3.00   10.00    0.00   32.00   13.00     3      0.00      0.00   60028   13864   0.17      0.00    436.00    372.00       0  nginx
1791479221     33    203692    6.00    6.00    0.00   27.00   12.00     3      0.00      0.00   59496   13224   0.16      0.00    144.00     80.00       0  nginx
1791479221     33    203693    9.00    7.00    0.00   35.00   16.00     3      0.00      0.00   61936   15700   0.19      0.00    880.00    812.00       0  nginx
1791479221    113    237972   17.00   25.00    0.00    0.00   42.00     1      3.00      0.00  682592   62900   0.77      0.00      0.00      0.00       0  pdns_server
1791479221   1100    240478   32.00   24.00    0.00   18.00   56.00     0   1056.00      0.00 2049332   22128   0.27      0.00      0.00      0.00       0  isupipe

# Time        UID       PID    %usr %system  %guest   %wait    %CPU   CPU  minflt/s  majflt/s     VSZ     RSS   %MEM   kB_rd/s   kB_wr/s kB_ccwr/s iodelay  Command
1791479222    112     14307   82.00   42.00    0.00    0.00  124.00     2      6.00      0.00 2898540 1172504  14.44      0.00  10928.00   1296.00       0  mysqld
1791479222      0     17311    0.00    0.00    0.00    0.00    0.00     2      0.00      0.00   56816   12524   0.15      0.00      0.00      0.00       0  nginx
1791479222     33    203690    4.00    6.00    0.00   21.00   10.00     3     12.00      0.00   58824   12552   0.15      0.00    240.00    196.00       0  nginx
1791479222     33    203691    5.00    9.00    0.00   34.00   14.00     3      0.00      0.00   60028   13864   0.17      0.00    440.00    364.00       0  nginx
1791479222     33    203692    4.00    6.00    0.00   20.00   10.00     1      0.00      0.00   59496   13224   0.16      0.00    324.00    288.00       0  nginx
1791479222     33    203693    7.00    9.00    0.00   40.00   16.00     3      0.00      0.00   61936   15700   0.19      0.00    740.00    656.00       0  nginx
1791479222    113    237972   25.00   25.00    0.00    0.00   50.00     1      3.00      0.00  682592   62900   0.77      0.00      0.00      0.00       0  pdns_server
1791479222   1100    240478   33.00   21.00    0.00   18.00   54.00     1    522.00      0.00 2049332   21968   0.27      0.00      0.00      0.00       0  isupipe

# Time        UID       PID    %usr %system  %guest   %wait    %CPU   CPU  minflt/s  majflt/s     VSZ     RSS   %MEM   kB_rd/s   kB_wr/s kB_ccwr/s iodelay  Command
1791479223    112     14307   79.00   40.00    0.00    4.00  119.00     3      7.00      0.00 2898540 1172504  14.44      0.00  15188.00   1204.00       0  mysqld
1791479223      0     17311    0.00    0.00    0.00    0.00    0.00     2      0.00      0.00   56816   12524   0.15      0.00      0.00      0.00       0  nginx
1791479223     33    203690    2.00    5.00    0.00   11.00    7.00     3      0.00      0.00   58824   12552   0.15      0.00    376.00    360.00       0  nginx
1791479223     33    203691    5.00    8.00    0.00   24.00   13.00     3      0.00      0.00   60028   13864   0.17      0.00    460.00    396.00       0  nginx
1791479223     33    203692    6.00    5.00    0.00   17.00   11.00     3      0.00      0.00   59496   13224   0.16      0.00    188.00    100.00       0  nginx
1791479223     33    203693    9.00    9.00    0.00   31.00   18.00     2      0.00      0.00   61936   15700   0.19      0.00    716.00    632.00       0  nginx
1791479223    113    237972   19.00   24.00    0.00    0.00   43.00     1      2.00      0.00  682592   62900   0.77      0.00      0.00      0.00       0  pdns_server
1791479223   1100    240478   32.00   24.00    0.00   27.00   56.00     0    555.00      0.00 2049332   21632   0.27      0.00      0.00      0.00       0  isupipe

# Time        UID       PID    %usr %system  %guest   %wait    %CPU   CPU  minflt/s  majflt/s     VSZ     RSS   %MEM   kB_rd/s   kB_wr/s kB_ccwr/s iodelay  Command
1791479224    112     14307   79.00   40.00    0.00    1.00  119.00     0     25.00      0.00 2898540 1172504  14.44      0.00  11240.00   1184.00       0  mysqld
1791479224      0     17311    0.00    0.00    0.00    0.00    0.00     2      0.00      0.00   56816   12524   0.15      0.00      0.00      0.00       0  nginx
1791479224     33    203690    5.00    5.00    0.00   24.00   10.00     3      0.00      0.00   58824   12552   0.15      0.00    400.00    348.00       0  nginx
1791479224     33    203691    5.00    8.00    0.00   36.00   13.00     3      0.00      0.00   60028   13864   0.17      0.00    604.00    548.00       0  nginx
1791479224     33    203692    6.00    6.00    0.00   30.00   12.00     3      0.00      0.00   59496   13224   0.16      0.00    256.00    192.00       0  nginx
1791479224     33    203693    7.00   11.00    0.00   49.00   18.00     3      0.00      0.00   61936   15700   0.19      0.00    452.00    348.00       0  nginx
1791479224    113    237972   18.00   25.00    0.00    0.00   43.00     1      1.00      0.00  682592   62900   0.77      0.00      0.00      0.00       0  pdns_server
1791479224   1100    240478   29.00   31.00    0.00   26.00   60.00     1   1428.00      0.00 2049332   20672   0.25      0.00      0.00      0.00       0  isupipe

# Time        UID       PID    %usr %system  %guest   %wait    %CPU   CPU  minflt/s  majflt/s     VSZ     RSS   %MEM   kB_rd/s   kB_wr/s kB_ccwr/s iodelay  Command
1791479225    112     14307   69.31   43.56    0.00    0.99  112.87     0      1.98      0.00 2898540 1172504  14.44      0.00  10471.29   1037.62       0  mysqld
1791479225      0     17311    0.00    0.00    0.00    0.00    0.00     2      0.00      0.00   56816   12524   0.15      0.00      0.00      0.00       0  nginx
1791479225     33    203690    2.97    7.92    0.00   34.65   10.89     3      0.00      0.00   58824   12552   0.15      0.00    289.11    237.62       0  nginx
1791479225     33    203691    3.96    7.92    0.00   47.52   11.88     0      0.00      0.00   60028   13864   0.17      0.00    506.93    403.96       0  nginx
1791479225     33    203692    1.98    8.91    0.00   35.64   10.89     3      0.00      0.00   59496   13224   0.16      0.00    483.17    427.72       0  nginx
1791479225     33    203693    7.92    5.94    0.00   50.50   13.86     0      0.00      0.00   61936   15700   0.19      0.00    249.50    186.14       0  nginx
1791479225    113    237972   16.83   23.76    0.00    0.00   40.59     1      0.99      0.00  682592   62900   0.77      0.00      0.00      0.00       0  pdns_server
1791479225   1100    240478   28.71   25.74    0.00   17.82   54.46     2    648.51      0.00 2049332   21772   0.27      0.00      0.00      0.00       0  isupipe

# Time        UID       PID    %usr %system  %guest   %wait    %CPU   CPU  minflt/s  majflt/s     VSZ     RSS   %MEM   kB_rd/s   kB_wr/s kB_ccwr/s iodelay  Command
1791479226    112     14307   91.00   36.00    0.00    0.00  127.00     0      2.00      0.00 2898540 1172680  14.44      0.00  16232.00   1476.00       0  mysqld
1791479226      0     17311    0.00    0.00    0.00    0.00    0.00     2      0.00      0.00   56816   12524   0.15      0.00      0.00      0.00       0  nginx
1791479226     33    203690    3.00    4.00    0.00   13.00    7.00     3      0.00      0.00   58824   12552   0.15      0.00    224.00    188.00       0  nginx
1791479226     33    203691    5.00    7.00    0.00   27.00   12.00     3      0.00      0.00   60028   13864   0.17      0.00    332.00    252.00       0  nginx
1791479226     33    203692    4.00    6.00    0.00   15.00   10.00     3      0.00      0.00   59496   13224   0.16      0.00    268.00    232.00       0  nginx
1791479226     33    203693    9.00    9.00    0.00   31.00   18.00     1      0.00      0.00   61936   15700   0.19      0.00   1076.00   1000.00       0  nginx
1791479226    113    237972   22.00   31.00    0.00    0.00   53.00     1      2.00      0.00  682592   62900   0.77      0.00      0.00      0.00       0  pdns_server
1791479226   1100    240478   31.00   19.00    0.00   25.00   50.00     1   1891.00      0.00 2049332   21528   0.27      0.00      0.00      0.00       0  isupipe

# Time        UID       PID    %usr %system  %guest   %wait    %CPU   CPU  minflt/s  majflt/s     VSZ     RSS   %MEM   kB_rd/s   kB_wr/s kB_ccwr/s iodelay  Command
1791479227    112     14307   94.00   27.00    0.00    0.00  121.00     2     13.00      0.00 2898540 1172860  14.45      0.00  10376.00    916.00       0  mysqld
1791479227      0     17311    0.00    0.00    0.00    0.00    0.00     2      0.00      0.00   56816   12524   0.15      0.00      0.00      0.00       0  nginx
1791479227     33    203690    5.00    4.00    0.00   15.00    9.00     3      0.00      0.00   58824   12552   0.15      0.00    152.00    132.00       0  nginx
1791479227     33    203691    6.00    9.00    0.00   35.00   15.00     3      0.00      0.00   60028   13864   0.17      0.00    656.00    556.00       0  nginx
1791479227     33    203692    5.00    4.00    0.00   19.00    9.00     3      0.00      0.00   59496   13224   0.16      0.00    180.00     84.00       0  nginx
1791479227     33    203693    8.00   13.00    0.00   40.00   21.00     3      0.00      0.00   61936   15700   0.19      0.00    484.00    352.00       0  nginx
1791479227    113    237972   29.00   20.00    0.00    0.00   49.00     1      2.00      0.00  682592   62900   0.77      0.00      0.00      0.00       0  pdns_server
1791479227   1100    240478   32.00   25.00    0.00   10.00   57.00     1   1107.00      0.00 2049332   22360   0.28      0.00      0.00      0.00       0  isupipe

# Time        UID       PID    %usr %system  %guest   %wait    %CPU   CPU  minflt/s  majflt/s     VSZ     RSS   %MEM   kB_rd/s   kB_wr/s kB_ccwr/s iodelay  Command
1791479228    112     14307   75.00   37.00    0.00    1.00  112.00     2      1.00      0.00 2898540 1172860  14.45      0.00  10636.00    940.00       0  mysqld
1791479228      0     17311    0.00    0.00    0.00    0.00    0.00     2      0.00      0.00   56816   12524   0.15      0.00      0.00      0.00       0  nginx
1791479228     33    203690    3.00    8.00    0.00   25.00   11.00     3      0.00      0.00   58824   12552   0.15      0.00    136.00     64.00       0  nginx
1791479228     33    203691    5.00    7.00    0.00   35.00   12.00     3      0.00      0.00   60028   13864   0.17      0.00    348.00    268.00       0  nginx
1791479228     33    203692    3.00    8.00    0.00   24.00   11.00     3      0.00      0.00   59496   13224   0.16      0.00    296.00    352.00       0  nginx
1791479228     33    203693    6.00   11.00    0.00   46.00   17.00     3      0.00      0.00   61936   15700   0.19      0.00    668.00    556.00       0  nginx
1791479228    113    237972   22.00   21.00    0.00    0.00   43.00     1      1.00      0.00  682592   62900   0.77      0.00      0.00      0.00       0  pdns_server
1791479228   1100    240478   35.00   23.00    0.00   18.00   58.00     0    958.00      0.00 2049588   21856   0.27      0.00      0.00      0.00       0  isupipe

# Time        UID       PID    %usr %system  %guest   %wait    %CPU   CPU  minflt/s  majflt/s     VSZ     RSS   %MEM   kB_rd/s   kB_wr/s kB_ccwr/s iodelay  Command
1791479229    112     14307   83.00   28.00    0.00    0.00  111.00     2      2.00      0.00 2898540 1172860  14.45      0.00  11232.00   1120.00       0  mysqld
1791479229      0     17311    0.00    0.00    0.00    0.00    0.00     2      0.00      0.00   56816   12524   0.15      0.00      0.00      0.00       0  nginx
1791479229     33    203690    5.00    8.00    0.00   24.00   13.00     3      0.00      0.00   58824   12552   0.15      0.00    364.00    336.00       0  nginx
1791479229     33    203691    5.00    8.00    0.00   39.00   13.00     3      0.00      0.00   60028   13864   0.17      0.00    448.00    400.00       0  nginx
1791479229     33    203692    4.00    8.00    0.00   28.00   12.00     3      0.00      0.00   59496   13224   0.16      0.00    484.00    400.00       0  nginx
1791479229     33    203693    6.00   13.00    0.00   49.00   19.00     3      0.00      0.00   61936   15700   0.19      0.00    356.00    232.00       0  nginx
1791479229    113    237972   19.00   20.00    0.00    0.00   39.00     1      1.00      0.00  682592   62900   0.77      0.00      0.00      0.00       0  pdns_server
1791479229   1100    240478   33.00   29.00    0.00   13.00   62.00     1    948.00      0.00 2049588   22704   0.28      0.00      0.00      0.00       0  isupipe

# Time        UID       PID    %usr %system  %guest   %wait    %CPU   CPU  minflt/s  majflt/s     VSZ     RSS   %MEM   kB_rd/s   kB_wr/s kB_ccwr/s iodelay  Command
1791479230    112     14307   82.00   36.00    0.00    0.00  118.00     2     11.00      0.00 2898540 1173052  14.45      0.00  11196.00   1144.00       0  mysqld
1791479230      0     17311    0.00    0.00    0.00    0.00    0.00     2      0.00      0.00   56816   12524   0.15      0.00      0.00      0.00       0  nginx
1791479230     33    203690    4.00    8.00    0.00   34.00   12.00     3      0.00      0.00   58824   12552   0.15      0.00    288.00    264.00       0  nginx
1791479230     33    203691    7.00    6.00    0.00   44.00   13.00     3      0.00      0.00   60028   13864   0.17      0.00    436.00    368.00       0  nginx
1791479230     33    203692    6.00    7.00    0.00   33.00   13.00     3      0.00      0.00   59496   13224   0.16      0.00    628.00    568.00       0  nginx
1791479230     33    203693    8.00    7.00    0.00   55.00   15.00     3      0.00      0.00   61936   15700   0.19      0.00    412.00    308.00       0  nginx
1791479230    113    237972   23.00   23.00    0.00    0.00   46.00     1      1.00      0.00  682592   62900   0.77      0.00      0.00      0.00       0  pdns_server
1791479230   1100    240478   34.00   25.00    0.00   12.00   59.00     2    957.00      0.00 2049588   21688   0.27      0.00      0.00      0.00       0  isupipe

# Time        UID       PID    %usr %system  %guest   %wait    %CPU   CPU  minflt/s  majflt/s     VSZ     RSS   %MEM   kB_rd/s   kB_wr/s kB_ccwr/s iodelay  Command
1791479231    112     14307   87.00   34.00    0.00    2.00  121.00     3      4.00      0.00 2898540 1173052  14.45      0.00  15296.00   1220.00       0  mysqld
1791479231      0     17311    0.00    0.00    0.00    0.00    0.00     2      0.00      0.00   56816   12524   0.15      0.00      0.00      0.00       0  nginx
1791479231     33    203690    3.00    8.00    0.00   23.00   11.00     3      0.00      0.00   58824   12552   0.15      0.00    164.00    112.00       0  nginx
1791479231     33    203691    5.00   10.00    0.00   33.00   15.00     3      0.00      0.00   60028   13864   0.17      0.00    532.00    440.00       0  nginx
1791479231     33    203692    5.00    5.00    0.00   20.00   10.00     3      0.00      0.00   59496   13224   0.16      0.00    360.00    296.00       0  nginx
1791479231     33    203693    6.00   10.00    0.00   39.00   16.00     3      0.00      0.00   61936   15700   0.19      0.00    780.00    560.00       0  nginx
1791479231    113    237972   19.00   30.00    0.00    0.00   49.00     1      3.00      0.00  682592   62900   0.77      0.00      0.00      0.00       0  pdns_server
1791479231   1100    240478   31.00   22.00    0.00   17.00   53.00     0    880.00      0.00 2049588   21996   0.27      0.00      0.00      0.00       0  isupipe

# Time        UID       PID    %usr %system  %guest   %wait    %CPU   CPU  minflt/s  majflt/s     VSZ     RSS   %MEM   kB_rd/s   kB_wr/s kB_ccwr/s iodelay  Command
1791479232    112     14307   83.00   42.00    0.00    4.00  125.00     3      1.00      0.00 2898540 1173052  14.45      0.00  10864.00   1168.00       0  mysqld
1791479232      0     17311    0.00    0.00    0.00    0.00    0.00     2      0.00      0.00   56816   12524   0.15      0.00      0.00      0.00       0  nginx
1791479232     33    203690    2.00    7.00    0.00   26.00    9.00     0      0.00      0.00   58824   12552   0.15      0.00    344.00    296.00       0  nginx
1791479232     33    203691    5.00    8.00    0.00   41.00   13.00     0      0.00      0.00   60028   13864   0.17      0.00    252.00    200.00       0  nginx
1791479232     33    203692    4.00    7.00    0.00   25.00   11.00     3      0.00      0.00   59496   13224   0.16      0.00    108.00     52.00       0  nginx
1791479232     33    203693    6.00   10.00    0.00   39.00   16.00     3      0.00      0.00   61936   15700   0.19      0.00    960.00    892.00       0  nginx
1791479232    113    237972   24.00   27.00    0.00    0.00   51.00     1      1.00      0.00  682592   62900   0.77      0.00      0.00      0.00       0  pdns_server
1791479232   1100    240478   32.00   22.00    0.00    6.00   54.00     2    872.00      0.00 2049588   22044   0.27      0.00      0.00      0.00       0  isupipe

# Time        UID       PID    %usr %system  %guest   %wait    %CPU   CPU  minflt/s  majflt/s     VSZ     RSS   %MEM   kB_rd/s   kB_wr/s kB_ccwr/s iodelay  Command
1791479233    112     14307   92.00   31.00    0.00    2.00  123.00     3      2.00      0.00 2898540 1173240  14.45      0.00  11316.00   1244.00       0  mysqld
1791479233      0     17311    0.00    0.00    0.00    0.00    0.00     2      0.00      0.00   56816   12524   0.15      0.00      0.00      0.00       0  nginx
1791479233     33    203690    4.00    4.00    0.00   14.00    8.00     3      0.00      0.00   58824   12552   0.15      0.00    248.00    232.00       0  nginx
1791479233     33    203691    4.00   12.00    0.00   32.00   16.00     3      0.00      0.00   60028   13864   0.17      0.00    752.00    684.00       0  nginx
1791479233     33    203692    5.00    6.00    0.00   23.00   11.00     3      0.00      0.00   59496   13224   0.16      0.00    268.00    232.00       0  nginx
1791479233     33    203693    7.00   10.00    0.00   46.00   17.00     0      0.00      0.00   61936   15700   0.19      0.00    384.00    192.00       0  nginx
1791479233    113    237972   21.00   28.00    0.00    0.00   49.00     1      2.00      0.00  682592   62900   0.77      0.00      0.00      0.00       0  pdns_server
1791479233   1100    240478   29.00   26.00    0.00   17.00   55.00     3    579.00      0.00 2049588   23072   0.28      0.00      0.00      0.00       0  isupipe

# Time        UID       PID    %usr %system  %guest   %wait    %CPU   CPU  minflt/s  majflt/s     VSZ     RSS   %MEM   kB_rd/s   kB_wr/s kB_ccwr/s iodelay  Command
1791479234    112     14307   47.52   23.76    0.00    0.99   71.29     3      0.00      0.00 2895456 1172076  14.44      0.00   8007.92    574.26       0  mysqld
1791479234      0     17311    0.00    0.00    0.00    0.00    0.00     2      0.00      0.00   56816   12524   0.15      0.00      0.00      0.00       0  nginx
1791479234     33    203690    0.99    1.98    0.00    4.95    2.97     0      0.00      0.00   58824   12552   0.15      0.00     15.84      0.00       0  nginx
1791479234     33    203691    2.97    2.97    0.00   16.83    5.94     1      0.00      0.00   60028   13864   0.17      0.00    328.71    304.95       0  nginx
1791479234     33    203692    1.98    2.97    0.00    9.90    4.95     2      0.00      0.00   59496   13224   0.16      0.00    205.94    198.02       0  nginx
1791479234     33    203693    2.97    6.93    0.00   16.83    9.90     3      0.00      0.00   61936   15700   0.19      0.00    229.70    253.47       0  nginx
1791479234    113    237972   11.88   17.82    0.00    0.00   29.70     1      0.00      0.00  682592   62900   0.77      0.00      0.00      0.00       0  pdns_server
1791479234   1100    240478   15.84   10.89    0.00   20.79   26.73     0    221.78      0.00 2049588   22800   0.28      0.00      0.00      0.00       0  isupipe

# Time        UID       PID    %usr %system  %guest   %wait    %CPU   CPU  minflt/s  majflt/s     VSZ     RSS   %MEM   kB_rd/s   kB_wr/s kB_ccwr/s iodelay  Command
1791479235    112     14307    0.00    0.00    0.00    0.00    0.00     3      0.00      0.00 2895456 1172076  14.44      0.00   4512.00      0.00       0  mysqld
1791479235      0     17311    0.00    0.00    0.00    0.00    0.00     2      0.00      0.00   56816   12524   0.15      0.00      0.00      0.00       0  nginx
1791479235     33    203690    0.00    1.00    0.00    0.00    1.00     3      0.00      0.00   58824   12552   0.15      0.00      0.00      0.00       0  nginx
1791479235     33    203691    0.00    0.00    0.00    0.00    0.00     2      0.00      0.00   60028   13864   0.17      0.00      0.00      0.00       0  nginx
1791479235     33    203692    0.00    0.00    0.00    0.00    0.00     1      0.00      0.00   59496   13224   0.16      0.00      0.00      0.00       0  nginx
1791479235     33    203693    0.00    0.00    0.00    1.00    0.00     0      0.00      0.00   61936   15700   0.19      0.00      0.00      0.00       0  nginx
1791479235    113    237972    0.00    0.00    0.00    0.00    0.00     1      0.00      0.00  682592   62900   0.77      0.00      0.00      0.00       0  pdns_server
1791479235   1100    240478    0.00    0.00    0.00    0.00    0.00     0      0.00      0.00 2049588   22800   0.28      0.00      0.00      0.00       0  isupipe
