Linux 5.15.0-198-generic (isucon13-app) 	10/08/26 	_aarch64_	(4 CPU)

# Time        UID       PID    %usr %system  %guest   %wait    %CPU   CPU  minflt/s  majflt/s     VSZ     RSS   %MEM   kB_rd/s   kB_wr/s kB_ccwr/s iodelay  Command
1791493644      0        13    0.00    0.00    0.00    0.00    0.00     0      0.00      0.00       0       0   0.00      0.00      0.00      0.00       0  ksoftirqd/0
1791493644      0        22    0.00    0.00    0.00    0.00    0.00     1      0.00      0.00       0       0   0.00      0.00      0.00      0.00       0  ksoftirqd/1
1791493644      0        28    0.00    0.00    0.00    0.00    0.00     2      0.00      0.00       0       0   0.00      0.00      0.00      0.00       0  ksoftirqd/2
1791493644      0        34    0.00    0.00    0.00    0.00    0.00     3      0.00      0.00       0       0   0.00      0.00      0.00      0.00       0  ksoftirqd/3
1791493644      0       342    0.00    1.98    0.00    0.00    1.98     0      0.00      0.00       0       0   0.00      0.00     83.17      0.00       0  jbd2/sda1-8
1791493644      0       415    0.00    0.00    0.00    0.00    0.00     0      0.00      0.00  177304  116256   1.43      0.00      0.00      0.00       0  systemd-journal
1791493644    104       739    0.00    0.00    0.00    0.00    0.00     3      0.00      0.00  222072    5200   0.06      0.00      0.00      0.00       0  rsyslogd
1791493644      0     17311    0.00    0.00    0.00    0.00    0.00     0      0.00      0.00   57076   12872   0.16      0.00      0.00      0.00       0  nginx
1791493644    112    244183   26.73   18.81    0.00    0.00   45.54     2   7399.01      0.00 2850808  704224   8.67      0.00  24645.54      0.00       0  mysqld
1791493644     33    537871    0.00    0.00    0.00    0.00    0.00     0      0.00      0.00   57444    7428   0.09      0.00      0.00      0.00       0  nginx
1791493644     33    537872    0.00    0.00    0.00    0.00    0.00     0    239.60      0.00   57444   10468   0.13      0.00      0.00      0.00       0  nginx
1791493644     33    537873    0.00    0.00    0.00    0.00    0.00     0      0.00      0.00   57444    7428   0.09      0.00      0.00      0.00       0  nginx
1791493644     33    537874    0.00    0.00    0.00    0.00    0.00     0      0.00      0.00   57444    7428   0.09      0.00      0.00      0.00       0  nginx
1791493644    113    537877    0.00    0.00    0.00    0.00    0.00     3      6.93      0.00  682064   58036   0.71      0.00      0.00      0.00       0  pdns_server
1791493644   1100    538116    0.00    0.00    0.00    0.00    0.00     2     15.84      0.00 1604404    7712   0.09      0.00      0.00      0.00       0  isupipe

# Time        UID       PID    %usr %system  %guest   %wait    %CPU   CPU  minflt/s  majflt/s     VSZ     RSS   %MEM   kB_rd/s   kB_wr/s kB_ccwr/s iodelay  Command
1791493645      0        13    0.00    0.00    0.00    0.00    0.00     0      0.00      0.00       0       0   0.00      0.00      0.00      0.00       0  ksoftirqd/0
1791493645      0        22    0.00    0.00    0.00    0.00    0.00     1      0.00      0.00       0       0   0.00      0.00      0.00      0.00       0  ksoftirqd/1
1791493645      0        28    0.00    0.00    0.00    0.00    0.00     2      0.00      0.00       0       0   0.00      0.00      0.00      0.00       0  ksoftirqd/2
1791493645      0        34    0.00    0.00    0.00    0.00    0.00     3      0.00      0.00       0       0   0.00      0.00      0.00      0.00       0  ksoftirqd/3
1791493645      0       342    0.00    0.99    0.00    0.00    0.99     3      0.00      0.00       0       0   0.00      0.00     11.88      0.00       0  jbd2/sda1-8
1791493645      0       415    0.00    0.00    0.00    0.00    0.00     0      0.00      0.00  177304  116256   1.43      0.00      0.00      0.00       0  systemd-journal
1791493645    104       739    0.00    0.00    0.00    0.00    0.00     3      0.00      0.00  222072    5200   0.06      0.00      0.00      0.00       0  rsyslogd
1791493645      0     17311    0.00    0.00    0.00    0.00    0.00     0      0.00      0.00   57076   12872   0.16      0.00      0.00      0.00       0  nginx
1791493645    112    244183   34.65    9.90    0.00    0.00   44.55     1  12161.39      0.00 2851836  751764   9.26      0.00  31893.07      0.00       0  mysqld
1791493645     33    537871    0.00    0.00    0.00    0.00    0.00     0      0.00      0.00   57444    7428   0.09      0.00      0.00      0.00       0  nginx
1791493645     33    537872    0.00    0.99    0.00    0.00    0.99     0     48.51      0.00   57444   10788   0.13      0.00     87.13     87.13       0  nginx
1791493645     33    537873    0.00    0.00    0.00    0.00    0.00     0      0.00      0.00   57444    7428   0.09      0.00      0.00      0.00       0  nginx
1791493645     33    537874    0.00    0.00    0.00    0.00    0.00     0      0.00      0.00   57444    7428   0.09      0.00      0.00      0.00       0  nginx
1791493645    113    537877    0.99    0.99    0.00    0.00    1.98     3     13.86      0.00  682592   58036   0.71      0.00      0.00      0.00       0  pdns_server
1791493645   1100    538116    5.94    5.94    0.00    0.00   11.88     3   1930.69      0.00 1679604   13224   0.16      0.00     51.49     51.49       0  isupipe

# Time        UID       PID    %usr %system  %guest   %wait    %CPU   CPU  minflt/s  majflt/s     VSZ     RSS   %MEM   kB_rd/s   kB_wr/s kB_ccwr/s iodelay  Command
1791493647      0        13    0.00    0.00    0.00    0.00    0.00     0      0.00      0.00       0       0   0.00      0.00      0.00      0.00       0  ksoftirqd/0
1791493647      0        22    0.00    0.00    0.00    0.00    0.00     1      0.00      0.00       0       0   0.00      0.00      0.00      0.00       0  ksoftirqd/1
1791493647      0        28    0.00    0.00    0.00    0.00    0.00     2      0.00      0.00       0       0   0.00      0.00      0.00      0.00       0  ksoftirqd/2
1791493647      0        34    0.00    0.00    0.00    0.00    0.00     3      0.00      0.00       0       0   0.00      0.00      0.00      0.00       0  ksoftirqd/3
1791493647      0       342    0.00    0.00    0.00    0.96    0.00     3      0.00      0.00       0       0   0.00      0.00      3.85      0.00       0  jbd2/sda1-8
1791493647      0       415    0.00    0.00    0.00    0.00    0.00     0      0.00      0.00  177304  116256   1.43      0.00      0.00      0.00       0  systemd-journal
1791493647    104       739    0.00    0.00    0.00    0.00    0.00     3      0.00      0.00  222072    5200   0.06      0.00      0.00      0.00       0  rsyslogd
1791493647      0     17311    0.00    0.00    0.00    0.00    0.00     0      0.00      0.00   57076   12872   0.16      0.00      0.00      0.00       0  nginx
1791493647    112    244183    0.96    0.96    0.00    0.00    1.92     1      0.00      0.00 2851836  751764   9.26      0.00   2800.00      0.00       0  mysqld
1791493647     33    537871    0.00    0.00    0.00    0.00    0.00     0      0.00      0.00   57444    7428   0.09      0.00      0.00      0.00       0  nginx
1791493647     33    537872    0.00    0.00    0.00    0.00    0.00     3      0.00      0.00   57444   10788   0.13      0.00     11.54      0.00       0  nginx
1791493647     33    537873    0.00    0.00    0.00    0.00    0.00     0      0.00      0.00   57444    7428   0.09      0.00      0.00      0.00       0  nginx
1791493647     33    537874    0.00    0.00    0.00    0.00    0.00     0      0.00      0.00   57444    7428   0.09      0.00      0.00      0.00       0  nginx
1791493647    113    537877    0.00    0.00    0.00    0.00    0.00     3      0.00      0.00  682592   58036   0.71      0.00      0.00      0.00       0  pdns_server
1791493647   1100    538116    0.00    0.00    0.00    0.00    0.00     3      0.00      0.00 1679604   13224   0.16      0.00      0.00      0.00       0  isupipe

# Time        UID       PID    %usr %system  %guest   %wait    %CPU   CPU  minflt/s  majflt/s     VSZ     RSS   %MEM   kB_rd/s   kB_wr/s kB_ccwr/s iodelay  Command
1791493648      0        13    0.00    0.00    0.00    0.00    0.00     0      0.00      0.00       0       0   0.00      0.00      0.00      0.00       0  ksoftirqd/0
1791493648      0        22    0.00    0.00    0.00    0.00    0.00     1      0.00      0.00       0       0   0.00      0.00      0.00      0.00       0  ksoftirqd/1
1791493648      0        28    0.00    0.00    0.00    0.00    0.00     2      0.00      0.00       0       0   0.00      0.00      0.00      0.00       0  ksoftirqd/2
1791493648      0        34    0.00    0.00    0.00    0.00    0.00     3      0.00      0.00       0       0   0.00      0.00      0.00      0.00       0  ksoftirqd/3
1791493648      0       342    0.00    1.00    0.00    0.00    1.00     3      0.00      0.00       0       0   0.00      0.00     12.00      0.00       0  jbd2/sda1-8
1791493648      0       415    0.00    0.00    0.00    0.00    0.00     0      0.00      0.00  177304  116256   1.43      0.00      0.00      0.00       0  systemd-journal
1791493648    104       739    0.00    0.00    0.00    0.00    0.00     3      0.00      0.00  222072    5200   0.06      0.00      0.00      0.00       0  rsyslogd
1791493648      0     17311    0.00    0.00    0.00    0.00    0.00     0      0.00      0.00   57076   12872   0.16      0.00      0.00      0.00       0  nginx
1791493648    112    244183    1.00    3.00    0.00    0.00    4.00     1      0.00      0.00 2851836  751764   9.26      0.00   2600.00      0.00       0  mysqld
1791493648     33    537871    0.00    0.00    0.00    0.00    0.00     0      0.00      0.00   57444    7428   0.09      0.00      0.00      0.00       0  nginx
1791493648     33    537872    1.00    1.00    0.00    0.00    2.00     0     17.00      0.00   57444   10788   0.13      0.00      0.00      0.00       0  nginx
1791493648     33    537873    0.00    0.00    0.00    0.00    0.00     0      0.00      0.00   57444    7428   0.09      0.00      0.00      0.00       0  nginx
1791493648     33    537874    0.00    0.00    0.00    0.00    0.00     0      0.00      0.00   57444    7428   0.09      0.00      0.00      0.00       0  nginx
1791493648    113    537877    0.00    0.00    0.00    0.00    0.00     3      0.00      0.00  682592   58036   0.71      0.00      0.00      0.00       0  pdns_server
1791493648   1100    538116    2.00    1.00    0.00    0.00    3.00     3    126.00      0.00 1679604   13464   0.17      0.00      0.00      0.00       0  isupipe

# Time        UID       PID    %usr %system  %guest   %wait    %CPU   CPU  minflt/s  majflt/s     VSZ     RSS   %MEM   kB_rd/s   kB_wr/s kB_ccwr/s iodelay  Command
1791493649      0        13    0.00    0.00    0.00    0.00    0.00     0      0.00      0.00       0       0   0.00      0.00      0.00      0.00       0  ksoftirqd/0
1791493649      0        22    0.00    0.00    0.00    0.00    0.00     1      0.00      0.00       0       0   0.00      0.00      0.00      0.00       0  ksoftirqd/1
1791493649      0        28    0.00    0.00    0.00    0.00    0.00     2      0.00      0.00       0       0   0.00      0.00      0.00      0.00       0  ksoftirqd/2
1791493649      0        34    0.00    0.00    0.00    0.00    0.00     3      0.00      0.00       0       0   0.00      0.00      0.00      0.00       0  ksoftirqd/3
1791493649      0       342    0.00    0.00    0.00    0.00    0.00     1      0.00      0.00       0       0   0.00      0.00      0.00      0.00       0  jbd2/sda1-8
1791493649      0       415    0.00    0.00    0.00    0.00    0.00     0      0.00      0.00  177304  116256   1.43      0.00      0.00      0.00       0  systemd-journal
1791493649    104       739    0.00    0.00    0.00    0.00    0.00     3      0.00      0.00  222072    5200   0.06      0.00      0.00      0.00       0  rsyslogd
1791493649      0     17311    0.00    0.00    0.00    0.00    0.00     0      0.00      0.00   57076   12872   0.16      0.00      0.00      0.00       0  nginx
1791493649    112    244183    1.98    0.99    0.00    0.00    2.97     1     13.86      0.00 2851836  751764   9.26      0.00   6506.93      0.00       0  mysqld
1791493649     33    537871    0.00    0.00    0.00    0.00    0.00     0      0.00      0.00   57444    7428   0.09      0.00      0.00      0.00       0  nginx
1791493649     33    537872    0.00    0.00    0.00    0.00    0.00     3      8.91      0.00   57444   10948   0.13      0.00    114.85    102.97       0  nginx
1791493649     33    537873    0.00    0.00    0.00    0.00    0.00     0      0.00      0.00   57444    7428   0.09      0.00      0.00      0.00       0  nginx
1791493649     33    537874    0.00    0.00    0.00    0.00    0.00     0      0.00      0.00   57444    7428   0.09      0.00      0.00      0.00       0  nginx
1791493649    113    537877    0.00    0.00    0.00    0.00    0.00     3      0.00      0.00  682592   58036   0.71      0.00      0.00      0.00       0  pdns_server
1791493649   1100    538116    0.00    0.99    0.00    0.00    0.99     1    120.79      0.00 1679604   13396   0.17      0.00      0.00      0.00       0  isupipe

# Time        UID       PID    %usr %system  %guest   %wait    %CPU   CPU  minflt/s  majflt/s     VSZ     RSS   %MEM   kB_rd/s   kB_wr/s kB_ccwr/s iodelay  Command
1791493650      0        13    0.00    0.00    0.00    0.00    0.00     0      0.00      0.00       0       0   0.00      0.00      0.00      0.00       0  ksoftirqd/0
1791493650      0        22    0.00    0.00    0.00    0.00    0.00     1      0.00      0.00       0       0   0.00      0.00      0.00      0.00       0  ksoftirqd/1
1791493650      0        28    0.00    0.00    0.00    0.00    0.00     2      0.00      0.00       0       0   0.00      0.00      0.00      0.00       0  ksoftirqd/2
1791493650      0        34    0.00    0.00    0.00    0.00    0.00     3      0.00      0.00       0       0   0.00      0.00      0.00      0.00       0  ksoftirqd/3
1791493650      0       342    0.00    0.00    0.00    0.00    0.00     1      0.00      0.00       0       0   0.00      0.00     59.41      0.00       0  jbd2/sda1-8
1791493650      0       415    0.00    0.00    0.00    0.00    0.00     0      0.00      0.00  177304  116256   1.43      0.00      0.00      0.00       0  systemd-journal
1791493650    104       739    0.00    0.00    0.00    0.00    0.00     3      0.00      0.00  222072    5200   0.06      0.00      0.00      0.00       0  rsyslogd
1791493650      0     17311    0.00    0.00    0.00    0.00    0.00     0      0.00      0.00   57076   12872   0.16      0.00      0.00      0.00       0  nginx
1791493650    112    244183    0.99    0.00    0.00    0.00    0.99     1      0.00      0.00 2851836  751764   9.26      0.00   1869.31      0.00       0  mysqld
1791493650     33    537871    0.00    0.00    0.00    0.00    0.00     0      0.00      0.00   57444    7428   0.09      0.00      0.00      0.00       0  nginx
1791493650     33    537872    0.00    0.00    0.00    0.00    0.00     3      0.00      0.00   57444   10948   0.13      0.00      0.00      0.00       0  nginx
1791493650     33    537873    0.00    0.00    0.00    0.00    0.00     0      0.00      0.00   57444    7428   0.09      0.00      0.00      0.00       0  nginx
1791493650     33    537874    0.00    0.00    0.00    0.00    0.00     0      0.00      0.00   57444    7428   0.09      0.00      0.00      0.00       0  nginx
1791493650    113    537877    0.00    0.00    0.00    0.00    0.00     3      0.00      0.00  682592   58036   0.71      0.00      0.00      0.00       0  pdns_server
1791493650   1100    538116    0.00    0.00    0.00    0.00    0.00     1      0.00      0.00 1679604   13396   0.17      0.00      0.00      0.00       0  isupipe

# Time        UID       PID    %usr %system  %guest   %wait    %CPU   CPU  minflt/s  majflt/s     VSZ     RSS   %MEM   kB_rd/s   kB_wr/s kB_ccwr/s iodelay  Command
1791493651      0        13    0.00    0.00    0.00    0.00    0.00     0      0.00      0.00       0       0   0.00      0.00      0.00      0.00       0  ksoftirqd/0
1791493651      0        22    0.00    1.00    0.00    0.00    1.00     1      0.00      0.00       0       0   0.00      0.00      0.00      0.00       0  ksoftirqd/1
1791493651      0        28    0.00    0.00    0.00    0.00    0.00     2      0.00      0.00       0       0   0.00      0.00      0.00      0.00       0  ksoftirqd/2
1791493651      0        34    0.00    0.00    0.00    0.00    0.00     3      0.00      0.00       0       0   0.00      0.00      0.00      0.00       0  ksoftirqd/3
1791493651      0       342    0.00    1.00    0.00    0.00    1.00     0      0.00      0.00       0       0   0.00      0.00     68.00      0.00       0  jbd2/sda1-8
1791493651      0       415    0.00    0.00    0.00    0.00    0.00     3      1.00     33.00  177304  116264   1.43      0.00    132.00      0.00       0  systemd-journal
1791493651    104       739    0.00    0.00    0.00    0.00    0.00     3      0.00      0.00  222072    5200   0.06      0.00      4.00      0.00       0  rsyslogd
1791493651      0     17311    0.00    0.00    0.00    0.00    0.00     0      0.00      0.00   57076   12872   0.16      0.00      0.00      0.00       0  nginx
1791493651    112    244183   70.00   25.00    0.00    1.00   95.00     2    460.00      0.00 2855948  753020   9.28      4.00  14688.00      0.00       0  mysqld
1791493651     33    537871    2.00    2.00    0.00    1.00    4.00     1    285.00      0.00   57444   10724   0.13      0.00    420.00    420.00       0  nginx
1791493651     33    537872   10.00   11.00    0.00   13.00   21.00     0    216.00      0.00   58104   11772   0.15      0.00   1088.00   1088.00       0  nginx
1791493651     33    537873    0.00    0.00    0.00    0.00    0.00     0    247.00      0.00   57444   10724   0.13      0.00      0.00      0.00       0  nginx
1791493651     33    537874    4.00    9.00    0.00    7.00   13.00     1    377.00      0.00   57580   11196   0.14      0.00   1104.00   1104.00       0  nginx
1791493651    113    537877   10.00   11.00    0.00    0.00   21.00     3     27.00      0.00  682592   58036   0.71      0.00      0.00      0.00       0  pdns_server
1791493651   1100    538116   36.00   20.00    0.00    6.00   56.00     3   3081.00      0.00 1901236   16968   0.21      0.00      0.00      0.00       0  isupipe

# Time        UID       PID    %usr %system  %guest   %wait    %CPU   CPU  minflt/s  majflt/s     VSZ     RSS   %MEM   kB_rd/s   kB_wr/s kB_ccwr/s iodelay  Command
1791493652      0        13    0.00    1.00    0.00    0.00    1.00     0      0.00      0.00       0       0   0.00      0.00      0.00      0.00       0  ksoftirqd/0
1791493652      0        22    0.00    0.00    0.00    0.00    0.00     1      0.00      0.00       0       0   0.00      0.00      0.00      0.00       0  ksoftirqd/1
1791493652      0        28    0.00    0.00    0.00    0.00    0.00     2      0.00      0.00       0       0   0.00      0.00      0.00      0.00       0  ksoftirqd/2
1791493652      0        34    0.00    0.00    0.00    0.00    0.00     3      0.00      0.00       0       0   0.00      0.00      0.00      0.00       0  ksoftirqd/3
1791493652      0       342    0.00    1.00    0.00    0.00    1.00     3      0.00      0.00       0       0   0.00      0.00      4.00      0.00       0  jbd2/sda1-8
1791493652      0       415    0.00    0.00    0.00    0.00    0.00     3      0.00      0.00  177304  116264   1.43      0.00      0.00      0.00       0  systemd-journal
1791493652    104       739    0.00    0.00    0.00    0.00    0.00     3      0.00      0.00  222072    5200   0.06      0.00      0.00      0.00       0  rsyslogd
1791493652      0     17311    0.00    0.00    0.00    0.00    0.00     0      0.00      0.00   57076   12872   0.16      0.00      0.00      0.00       0  nginx
1791493652    112    244183   94.00   24.00    0.00    1.00  118.00     0    325.00      0.00 2861088  753932   9.29      0.00   6156.00      0.00       0  mysqld
1791493652     33    537871    4.00   10.00    0.00   10.00   14.00     1    103.00      0.00   57576   11252   0.14      0.00    360.00    272.00       0  nginx
1791493652     33    537872   11.00   12.00    0.00   26.00   23.00     1    207.00      0.00   58784   12564   0.15      0.00   1696.00   1520.00       0  nginx
1791493652     33    537873    2.00    0.00    0.00    3.00    2.00     1     27.00      0.00   57444   10724   0.13      0.00    120.00    104.00       0  nginx
1791493652     33    537874    9.00    9.00    0.00   21.00   18.00     2     92.00      0.00   57860   11516   0.14      0.00    820.00    684.00       0  nginx
1791493652    113    537877   15.00   10.00    0.00    0.00   25.00     3     35.00      0.00  682592   58036   0.71      0.00      0.00      0.00       0  pdns_server
1791493652   1100    538116   53.00   29.00    0.00   14.00   82.00     0   4383.00      0.00 1975028   17072   0.21      0.00      0.00      0.00       0  isupipe

# Time        UID       PID    %usr %system  %guest   %wait    %CPU   CPU  minflt/s  majflt/s     VSZ     RSS   %MEM   kB_rd/s   kB_wr/s kB_ccwr/s iodelay  Command
1791493653      0        13    0.00    0.00    0.00    0.00    0.00     0      0.00      0.00       0       0   0.00      0.00      0.00      0.00       0  ksoftirqd/0
1791493653      0        22    0.00    1.00    0.00    0.00    1.00     1      0.00      0.00       0       0   0.00      0.00      0.00      0.00       0  ksoftirqd/1
1791493653      0        28    0.00    0.00    0.00    0.00    0.00     2      0.00      0.00       0       0   0.00      0.00      0.00      0.00       0  ksoftirqd/2
1791493653      0        34    0.00    0.00    0.00    0.00    0.00     3      0.00      0.00       0       0   0.00      0.00      0.00      0.00       0  ksoftirqd/3
1791493653      0       342    0.00    0.00    0.00    0.00    0.00     2      0.00      0.00       0       0   0.00      0.00     12.00      0.00       0  jbd2/sda1-8
1791493653      0       415    0.00    0.00    0.00    0.00    0.00     3      0.00      1.00  177304  116264   1.43      0.00      4.00      0.00       0  systemd-journal
1791493653    104       739    0.00    0.00    0.00    0.00    0.00     3      0.00      0.00  222072    5200   0.06      0.00      0.00      0.00       0  rsyslogd
1791493653      0     17311    0.00    0.00    0.00    0.00    0.00     0      0.00      0.00   57076   12872   0.16      0.00      0.00      0.00       0  nginx
1791493653    112    244183   99.00   25.00    0.00    1.00  124.00     0    562.00      0.00 2861088  755860   9.31      0.00   6944.00      0.00       0  mysqld
1791493653     33    537871    6.00    9.00    0.00   11.00   15.00     1     64.00      0.00   57844   11516   0.14      0.00    940.00    848.00       0  nginx
1791493653     33    537872   12.00   14.00    0.00   29.00   26.00     1    164.00      0.00   59468   13356   0.16      0.00   1356.00   1136.00       0  nginx
1791493653     33    537873    3.00    3.00    0.00    4.00    6.00     1     39.00      0.00   57444   10936   0.13      0.00    312.00    276.00       0  nginx
1791493653     33    537874   10.00    8.00    0.00   22.00   18.00     1    120.00      0.00   58264   12044   0.15      0.00    884.00    732.00       0  nginx
1791493653    113    537877   12.00   14.00    0.00    0.00   26.00     3     32.00      0.00  682592   58664   0.72      0.00      0.00      0.00       0  pdns_server
1791493653   1100    538116   59.00   22.00    0.00   16.00   81.00     0   4547.00      0.00 1975028   17896   0.22      0.00      0.00      0.00       0  isupipe

# Time        UID       PID    %usr %system  %guest   %wait    %CPU   CPU  minflt/s  majflt/s     VSZ     RSS   %MEM   kB_rd/s   kB_wr/s kB_ccwr/s iodelay  Command
1791493654      0        13    0.00    0.00    0.00    0.00    0.00     0      0.00      0.00       0       0   0.00      0.00      0.00      0.00       0  ksoftirqd/0
1791493654      0        22    0.00    1.00    0.00    0.00    1.00     1      0.00      0.00       0       0   0.00      0.00      0.00      0.00       0  ksoftirqd/1
1791493654      0        28    0.00    0.00    0.00    0.00    0.00     2      0.00      0.00       0       0   0.00      0.00      0.00      0.00       0  ksoftirqd/2
1791493654      0        34    0.00    0.00    0.00    0.00    0.00     3      0.00      0.00       0       0   0.00      0.00      0.00      0.00       0  ksoftirqd/3
1791493654      0       342    0.00    1.00    0.00    0.00    1.00     2      0.00      0.00       0       0   0.00      0.00      4.00      0.00       0  jbd2/sda1-8
1791493654      0       415    0.00    0.00    0.00    0.00    0.00     3      0.00      0.00  177304  116264   1.43      0.00      0.00      0.00       0  systemd-journal
1791493654    104       739    0.00    0.00    0.00    0.00    0.00     3      0.00      0.00  222072    5200   0.06      0.00      0.00      0.00       0  rsyslogd
1791493654      0     17311    0.00    0.00    0.00    0.00    0.00     0      0.00      0.00   57076   12872   0.16      0.00      0.00      0.00       0  nginx
1791493654    112    244183  103.00   29.00    0.00    1.00  132.00     3     27.00      0.00 2861088  755860   9.31      0.00   9104.00      0.00       0  mysqld
1791493654     33    537871    7.00    8.00    0.00   14.00   15.00     1     93.00      0.00   58120   11780   0.15      0.00    880.00    752.00       0  nginx
1791493654     33    537872   11.00   14.00    0.00   31.00   25.00     1    164.00      0.00   60152   13884   0.17      0.00   1492.00   1280.00       0  nginx
1791493654     33    537873    2.00    3.00    0.00    4.00    5.00     2     31.00      0.00   57444   10936   0.13      0.00    384.00    344.00       0  nginx
1791493654     33    537874    9.00   12.00    0.00   26.00   21.00     1     66.00      0.00   58532   12308   0.15      0.00    616.00    456.00       0  nginx
1791493654    113    537877   16.00   14.00    0.00    0.00   30.00     3     52.00      0.00  682592   59184   0.73      0.00      0.00      0.00       0  pdns_server
1791493654   1100    538116   49.00   27.00    0.00   18.00   76.00     2   3369.00      0.00 1975028   19692   0.24      0.00      0.00      0.00       0  isupipe

# Time        UID       PID    %usr %system  %guest   %wait    %CPU   CPU  minflt/s  majflt/s     VSZ     RSS   %MEM   kB_rd/s   kB_wr/s kB_ccwr/s iodelay  Command
1791493655      0        13    0.00    0.00    0.00    0.00    0.00     0      0.00      0.00       0       0   0.00      0.00      0.00      0.00       0  ksoftirqd/0
1791493655      0        22    0.00    1.00    0.00    0.00    1.00     1      0.00      0.00       0       0   0.00      0.00      0.00      0.00       0  ksoftirqd/1
1791493655      0        28    0.00    0.00    0.00    0.00    0.00     2      0.00      0.00       0       0   0.00      0.00      0.00      0.00       0  ksoftirqd/2
1791493655      0        34    0.00    0.00    0.00    0.00    0.00     3      0.00      0.00       0       0   0.00      0.00      0.00      0.00       0  ksoftirqd/3
1791493655      0       342    0.00    0.00    0.00    0.00    0.00     2      0.00      0.00       0       0   0.00      0.00      8.00      0.00       0  jbd2/sda1-8
1791493655      0       415    0.00    0.00    0.00    0.00    0.00     3      0.00      2.00  177304  116264   1.43      0.00      8.00      0.00       0  systemd-journal
1791493655    104       739    0.00    0.00    0.00    0.00    0.00     3      0.00      0.00  222072    5200   0.06      0.00      0.00      0.00       0  rsyslogd
1791493655      0     17311    0.00    0.00    0.00    0.00    0.00     0      0.00      0.00   57076   12872   0.16      0.00      0.00      0.00       0  nginx
1791493655    112    244183   98.00   31.00    0.00    2.00  129.00     0     90.00      0.00 2861088  756064   9.31      0.00  12792.00      0.00       0  mysqld
1791493655     33    537871    4.00    8.00    0.00   13.00   12.00     1     51.00      0.00   58384   12044   0.15      0.00    352.00    252.00       0  nginx
1791493655     33    537872    9.00   18.00    0.00   24.00   27.00     0    168.00      0.00   60704   14676   0.18      0.00   2112.00   1640.00       0  nginx
1791493655     33    537873    3.00    5.00    0.00    5.00    8.00     0     67.00      0.00   57712   11252   0.14      0.00    320.00    272.00       0  nginx
1791493655     33    537874    7.00   10.00    0.00   14.00   17.00     1    123.00      0.00   58952   12832   0.16      0.00   1132.00    952.00       0  nginx
1791493655    113    537877   16.00   13.00    0.00    0.00   29.00     3     47.00      0.00  682592   59448   0.73      0.00      0.00      0.00       0  pdns_server
1791493655   1100    538116   58.00   22.00    0.00   21.00   80.00     0   3533.00      0.00 1975284   18400   0.23      0.00      0.00      0.00       0  isupipe

# Time        UID       PID    %usr %system  %guest   %wait    %CPU   CPU  minflt/s  majflt/s     VSZ     RSS   %MEM   kB_rd/s   kB_wr/s kB_ccwr/s iodelay  Command
1791493656      0        13    0.00    0.00    0.00    0.00    0.00     0      0.00      0.00       0       0   0.00      0.00      0.00      0.00       0  ksoftirqd/0
1791493656      0        22    0.00    1.00    0.00    0.00    1.00     1      0.00      0.00       0       0   0.00      0.00      0.00      0.00       0  ksoftirqd/1
1791493656      0        28    0.00    0.00    0.00    0.00    0.00     2      0.00      0.00       0       0   0.00      0.00      0.00      0.00       0  ksoftirqd/2
1791493656      0        34    0.00    0.00    0.00    0.00    0.00     3      0.00      0.00       0       0   0.00      0.00      0.00      0.00       0  ksoftirqd/3
1791493656      0       342    0.00    1.00    0.00    0.00    1.00     2      0.00      0.00       0       0   0.00      0.00      0.00      0.00       0  jbd2/sda1-8
1791493656      0       415    0.00    0.00    0.00    0.00    0.00     3      0.00      0.00  177304  116264   1.43      0.00      0.00      0.00       0  systemd-journal
1791493656    104       739    0.00    0.00    0.00    0.00    0.00     3      0.00      0.00  222072    5200   0.06      0.00      0.00      0.00       0  rsyslogd
1791493656      0     17311    0.00    0.00    0.00    0.00    0.00     0      0.00      0.00   57076   12872   0.16      0.00      0.00      0.00       0  nginx
1791493656    112    244183  111.00   27.00    0.00    2.00  138.00     0     73.00      0.00 2861088  756064   9.31      0.00   5872.00      0.00       0  mysqld
1791493656     33    537871    6.00    7.00    0.00    9.00   13.00     1     78.00      0.00   58668   12308   0.15      0.00    516.00    420.00       0  nginx
1791493656     33    537872   10.00   15.00    0.00   22.00   25.00     1     78.00      0.00   61112   14936   0.18      0.00   1892.00   1656.00       0  nginx
1791493656     33    537873    2.00    7.00    0.00    5.00    9.00     1     25.00      0.00   57712   11252   0.14      0.00    264.00    188.00       0  nginx
1791493656     33    537874    8.00    8.00    0.00   23.00   16.00     3     37.00      0.00   59100   12832   0.16      0.00    544.00    392.00       0  nginx
1791493656    113    537877   18.00   14.00    0.00    0.00   32.00     3     55.00      0.00  682592   59448   0.73      0.00      0.00      0.00       0  pdns_server
1791493656   1100    538116   54.00   24.00    0.00   22.00   78.00     0   3546.00      0.00 1975284   17904   0.22      0.00      0.00      0.00       0  isupipe

# Time        UID       PID    %usr %system  %guest   %wait    %CPU   CPU  minflt/s  majflt/s     VSZ     RSS   %MEM   kB_rd/s   kB_wr/s kB_ccwr/s iodelay  Command
1791493657      0        13    0.00    0.00    0.00    0.00    0.00     0      0.00      0.00       0       0   0.00      0.00      0.00      0.00       0  ksoftirqd/0
1791493657      0        22    0.00    1.00    0.00    0.00    1.00     1      0.00      0.00       0       0   0.00      0.00      0.00      0.00       0  ksoftirqd/1
1791493657      0        28    0.00    1.00    0.00    0.00    1.00     2      0.00      0.00       0       0   0.00      0.00      0.00      0.00       0  ksoftirqd/2
1791493657      0        34    0.00    1.00    0.00    0.00    1.00     3      0.00      0.00       0       0   0.00      0.00      0.00      0.00       0  ksoftirqd/3
1791493657      0       342    0.00    0.00    0.00    1.00    0.00     3      0.00      0.00       0       0   0.00      0.00      0.00      0.00       0  jbd2/sda1-8
1791493657      0       415    0.00    0.00    0.00    0.00    0.00     2      0.00      3.00  177304  116264   1.43      0.00     12.00      0.00       0  systemd-journal
1791493657    104       739    0.00    0.00    0.00    0.00    0.00     3      0.00      0.00  222072    5200   0.06      0.00      4.00      0.00       0  rsyslogd
1791493657      0     17311    0.00    0.00    0.00    0.00    0.00     0      0.00      0.00   57076   12872   0.16      0.00      0.00      0.00       0  nginx
1791493657    112    244183  106.00   30.00    0.00    1.00  136.00     0     10.00      0.00 2861088  756064   9.31      0.00   6892.00      0.00       0  mysqld
1791493657     33    537871    6.00    8.00    0.00   11.00   14.00     1     28.00      0.00   58812   12308   0.15      0.00    676.00    584.00       0  nginx
1791493657     33    537872   11.00   16.00    0.00   28.00   27.00     1     47.00      0.00   61256   14936   0.18      0.00   1432.00   1176.00       0  nginx
1791493657     33    537873    1.00    2.00    0.00    2.00    3.00     1      8.00      0.00   57852   11512   0.14      0.00    288.00    268.00       0  nginx
1791493657     33    537874    8.00   12.00    0.00   21.00   20.00     1     53.00      0.00   59376   13092   0.16      0.00   1012.00    852.00       0  nginx
1791493657    113    537877   15.00   15.00    0.00    0.00   30.00     3     52.00      0.00  682592   59712   0.74      0.00      0.00      0.00       0  pdns_server
1791493657   1100    538116   57.00   25.00    0.00   30.00   82.00     3   3090.00      0.00 1975284   20192   0.25      0.00      0.00      0.00       0  isupipe

# Time        UID       PID    %usr %system  %guest   %wait    %CPU   CPU  minflt/s  majflt/s     VSZ     RSS   %MEM   kB_rd/s   kB_wr/s kB_ccwr/s iodelay  Command
1791493658      0        13    0.00    0.00    0.00    0.00    0.00     0      0.00      0.00       0       0   0.00      0.00      0.00      0.00       0  ksoftirqd/0
1791493658      0        22    0.00    1.00    0.00    0.00    1.00     1      0.00      0.00       0       0   0.00      0.00      0.00      0.00       0  ksoftirqd/1
1791493658      0        28    0.00    0.00    0.00    0.00    0.00     2      0.00      0.00       0       0   0.00      0.00      0.00      0.00       0  ksoftirqd/2
1791493658      0        34    0.00    0.00    0.00    0.00    0.00     3      0.00      0.00       0       0   0.00      0.00      0.00      0.00       0  ksoftirqd/3
1791493658      0       342    0.00    1.00    0.00    0.00    1.00     0      0.00      0.00       0       0   0.00      0.00      0.00      0.00       0  jbd2/sda1-8
1791493658      0       415    0.00    0.00    0.00    0.00    0.00     2      0.00      1.00  177304  116264   1.43      0.00      4.00      0.00       0  systemd-journal
1791493658    104       739    0.00    0.00    0.00    0.00    0.00     3      0.00      0.00  222072    5200   0.06      0.00      0.00      0.00       0  rsyslogd
1791493658      0     17311    0.00    0.00    0.00    0.00    0.00     0      0.00      0.00   57076   12872   0.16      0.00      0.00      0.00       0  nginx
1791493658    112    244183  115.00   32.00    0.00    0.00  147.00     0     25.00      0.00 2861088  756064   9.31      0.00  10864.00      0.00       0  mysqld
1791493658     33    537871    8.00    3.00    0.00    8.00   11.00     1      4.00      0.00   58812   12568   0.15      0.00    288.00    172.00       0  nginx
1791493658     33    537872   10.00   16.00    0.00   27.00   26.00     1     91.00      0.00   61672   15464   0.19      0.00   1552.00   1304.00       0  nginx
1791493658     33    537873    2.00    2.00    0.00    3.00    4.00     1      4.00      0.00   57852   11512   0.14      0.00    104.00     68.00       0  nginx
1791493658     33    537874    8.00    9.00    0.00   14.00   17.00     1     44.00      0.00   59516   13356   0.16      0.00    868.00    688.00       0  nginx
1791493658    113    537877   21.00   16.00    0.00    0.00   37.00     3     66.00      0.00  682592   59712   0.74      0.00      0.00      0.00       0  pdns_server
1791493658   1100    538116   54.00   23.00    0.00   36.00   77.00     3   2605.00      0.00 1975284   19332   0.24      0.00      0.00      0.00       0  isupipe
1791493658   1100    539018    0.00    0.00    0.00    0.00    0.00     2      0.00      0.00 1975284   19332   0.24      0.00      0.00      0.00       0  isupipe

# Time        UID       PID    %usr %system  %guest   %wait    %CPU   CPU  minflt/s  majflt/s     VSZ     RSS   %MEM   kB_rd/s   kB_wr/s kB_ccwr/s iodelay  Command
1791493659      0        13    0.00    1.00    0.00    0.00    1.00     0      0.00      0.00       0       0   0.00      0.00      0.00      0.00       0  ksoftirqd/0
1791493659      0        22    0.00    0.00    0.00    0.00    0.00     1      0.00      0.00       0       0   0.00      0.00      0.00      0.00       0  ksoftirqd/1
1791493659      0        28    0.00    0.00    0.00    0.00    0.00     2      0.00      0.00       0       0   0.00      0.00      0.00      0.00       0  ksoftirqd/2
1791493659      0        34    0.00    0.00    0.00    0.00    0.00     3      0.00      0.00       0       0   0.00      0.00      0.00      0.00       0  ksoftirqd/3
1791493659      0       342    0.00    1.00    0.00    0.00    1.00     3      0.00      0.00       0       0   0.00      0.00      0.00      0.00       0  jbd2/sda1-8
1791493659      0       415    0.00    0.00    0.00    0.00    0.00     2      0.00      0.00  177304  116264   1.43      0.00      0.00      0.00       0  systemd-journal
1791493659    104       739    0.00    0.00    0.00    0.00    0.00     3      0.00      0.00  222072    5200   0.06      0.00      0.00      0.00       0  rsyslogd
1791493659      0     17311    0.00    0.00    0.00    0.00    0.00     0      0.00      0.00   57076   12872   0.16      0.00      0.00      0.00       0  nginx
1791493659    112    244183  113.00   33.00    0.00    1.00  146.00     2      3.00      0.00 2861088  756064   9.31      0.00   7000.00      0.00       0  mysqld
1791493659     33    537871    5.00    7.00    0.00    8.00   12.00     1     26.00      0.00   58956   12568   0.15      0.00    428.00    344.00       0  nginx
1791493659     33    537872   10.00   16.00    0.00   25.00   26.00     1     81.00      0.00   61944   15728   0.19      0.00   1324.00   1068.00       0  nginx
1791493659     33    537873    1.00    3.00    0.00    3.00    4.00     1      0.00      0.00   57852   11512   0.14      0.00    188.00     68.00       0  nginx
1791493659     33    537874   10.00    7.00    0.00   13.00   17.00     1     62.00      0.00   59788   13620   0.17      0.00    876.00    736.00       0  nginx
1791493659    113    537877   17.00   18.00    0.00    0.00   35.00     3     70.00      0.00  682592   59976   0.74      0.00      0.00      0.00       0  pdns_server
1791493659   1100    538116   56.00   21.00    0.00    0.00   77.00     2   2216.00      0.00 1975284   19608   0.24      0.00      0.00      0.00       0  isupipe

# Time        UID       PID    %usr %system  %guest   %wait    %CPU   CPU  minflt/s  majflt/s     VSZ     RSS   %MEM   kB_rd/s   kB_wr/s kB_ccwr/s iodelay  Command
1791493660      0        13    0.00    0.00    0.00    0.00    0.00     0      0.00      0.00       0       0   0.00      0.00      0.00      0.00       0  ksoftirqd/0
1791493660      0        22    0.00    1.00    0.00    0.00    1.00     1      0.00      0.00       0       0   0.00      0.00      0.00      0.00       0  ksoftirqd/1
1791493660      0        28    0.00    0.00    0.00    0.00    0.00     2      0.00      0.00       0       0   0.00      0.00      0.00      0.00       0  ksoftirqd/2
1791493660      0        34    0.00    0.00    0.00    0.00    0.00     3      0.00      0.00       0       0   0.00      0.00      0.00      0.00       0  ksoftirqd/3
1791493660      0       342    0.00    1.00    0.00    0.00    1.00     3      0.00      0.00       0       0   0.00      0.00      0.00      0.00       0  jbd2/sda1-8
1791493660      0       415    0.00    0.00    0.00    0.00    0.00     2      0.00      0.00  177304  116264   1.43      0.00      0.00      0.00       0  systemd-journal
1791493660    104       739    0.00    0.00    0.00    0.00    0.00     3      0.00      0.00  222072    5200   0.06      0.00      0.00      0.00       0  rsyslogd
1791493660      0     17311    0.00    0.00    0.00    0.00    0.00     0      0.00      0.00   57076   12872   0.16      0.00      0.00      0.00       0  nginx
1791493660    112    244183  103.00   40.00    0.00    1.00  143.00     2     14.00      0.00 2861088  756260   9.32      0.00  12108.00      0.00       0  mysqld
1791493660     33    537871    5.00    6.00    0.00   10.00   11.00     1     24.00      0.00   58956   12568   0.15      0.00    376.00    296.00       0  nginx
1791493660     33    537872   10.00   14.00    0.00   32.00   24.00     1     20.00      0.00   62080   15728   0.19      0.00   1820.00   1388.00       0  nginx
1791493660     33    537873    2.00    5.00    0.00    6.00    7.00     2     21.00      0.00   57852   11512   0.14      0.00    208.00    264.00       0  nginx
1791493660     33    537874   10.00    8.00    0.00   22.00   18.00     3     36.00      0.00   59920   13620   0.17      0.00    800.00    648.00       0  nginx
1791493660    113    537877   23.00   18.00    0.00    0.00   41.00     3     76.00      0.00  682592   60240   0.74      0.00      0.00      0.00       0  pdns_server
1791493660   1100    538116   47.00   22.00    0.00   10.00   69.00     2   2269.00      0.00 2049076   20540   0.25      0.00      0.00      0.00       0  isupipe

# Time        UID       PID    %usr %system  %guest   %wait    %CPU   CPU  minflt/s  majflt/s     VSZ     RSS   %MEM   kB_rd/s   kB_wr/s kB_ccwr/s iodelay  Command
1791493661      0        13    0.00    0.00    0.00    0.00    0.00     0      0.00      0.00       0       0   0.00      0.00      0.00      0.00       0  ksoftirqd/0
1791493661      0        22    0.00    1.00    0.00    0.00    1.00     1      0.00      0.00       0       0   0.00      0.00      0.00      0.00       0  ksoftirqd/1
1791493661      0        28    0.00    0.00    0.00    0.00    0.00     2      0.00      0.00       0       0   0.00      0.00      0.00      0.00       0  ksoftirqd/2
1791493661      0        34    0.00    0.00    0.00    0.00    0.00     3      0.00      0.00       0       0   0.00      0.00      0.00      0.00       0  ksoftirqd/3
1791493661      0       342    0.00    1.00    0.00    0.00    1.00     0      0.00      0.00       0       0   0.00      0.00      0.00      0.00       0  jbd2/sda1-8
1791493661      0       415    0.00    0.00    0.00    0.00    0.00     3      0.00      1.00  177304  116264   1.43      0.00      4.00      0.00       0  systemd-journal
1791493661    104       739    0.00    0.00    0.00    0.00    0.00     3      0.00      0.00  222072    5200   0.06      0.00      0.00      0.00       0  rsyslogd
1791493661      0     17311    0.00    0.00    0.00    0.00    0.00     0      0.00      0.00   57076   12872   0.16      0.00      0.00      0.00       0  nginx
1791493661    112    244183  106.00   35.00    0.00    1.00  141.00     2     19.00      0.00 2861088  756260   9.32      0.00   7852.00      0.00       0  mysqld
1791493661     33    537871    4.00    7.00    0.00   10.00   11.00     2     26.00      0.00   59096   12832   0.16      0.00    684.00    604.00       0  nginx
1791493661     33    537872   10.00   13.00    0.00   27.00   23.00     1     41.00      0.00   62216   15992   0.20      0.00   1104.00   1112.00       0  nginx
1791493661     33    537873    3.00    4.00    0.00    5.00    7.00     2     21.00      0.00   57988   11512   0.14      0.00    232.00    184.00       0  nginx
1791493661     33    537874   10.00    8.00    0.00   23.00   18.00     1      7.00      0.00   59920   13620   0.17      0.00    652.00    508.00       0  nginx
1791493661    113    537877   22.00   20.00    0.00    0.00   42.00     3     67.00      0.00  682592   60504   0.75      0.00      0.00      0.00       0  pdns_server
1791493661   1100    538116   40.00   34.00    0.00   36.00   74.00     0   2366.00      0.00 2049588   19776   0.24      0.00      0.00      0.00       0  isupipe

# Time        UID       PID    %usr %system  %guest   %wait    %CPU   CPU  minflt/s  majflt/s     VSZ     RSS   %MEM   kB_rd/s   kB_wr/s kB_ccwr/s iodelay  Command
1791493662      0        13    0.00    0.00    0.00    0.00    0.00     0      0.00      0.00       0       0   0.00      0.00      0.00      0.00       0  ksoftirqd/0
1791493662      0        22    0.00    1.00    0.00    0.00    1.00     1      0.00      0.00       0       0   0.00      0.00      0.00      0.00       0  ksoftirqd/1
1791493662      0        28    0.00    0.00    0.00    0.00    0.00     2      0.00      0.00       0       0   0.00      0.00      0.00      0.00       0  ksoftirqd/2
1791493662      0        34    0.00    0.00    0.00    0.00    0.00     3      0.00      0.00       0       0   0.00      0.00      0.00      0.00       0  ksoftirqd/3
1791493662      0       342    0.00    1.00    0.00    1.00    1.00     3      0.00      0.00       0       0   0.00      0.00      0.00      0.00       0  jbd2/sda1-8
1791493662      0       415    0.00    0.00    0.00    0.00    0.00     3      0.00      0.00  177304  116264   1.43      0.00      0.00      0.00       0  systemd-journal
1791493662    104       739    0.00    0.00    0.00    0.00    0.00     3      0.00      0.00  222072    5200   0.06      0.00      0.00      0.00       0  rsyslogd
1791493662      0     17311    0.00    0.00    0.00    0.00    0.00     0      0.00      0.00   57076   12872   0.16      0.00      0.00      0.00       0  nginx
1791493662    112    244183  106.00   39.00    0.00    1.00  145.00     3     34.00      0.00 2861088  756432   9.32      0.00  12320.00      0.00       0  mysqld
1791493662     33    537871    5.00    7.00    0.00    7.00   12.00     1      0.00      0.00   59096   12832   0.16      0.00    640.00    592.00       0  nginx
1791493662     33    537872   12.00   16.00    0.00   27.00   28.00     1     68.00      0.00   62488   16256   0.20      0.00   1504.00   1040.00       0  nginx
1791493662     33    537873    2.00    4.00    0.00    5.00    6.00     1     10.00      0.00   57988   11512   0.14      0.00    196.00    168.00       0  nginx
1791493662     33    537874    4.00   11.00    0.00   21.00   15.00     1      0.00      0.00   59920   13620   0.17      0.00    816.00    580.00       0  nginx
1791493662    113    537877   21.00   20.00    0.00    0.00   41.00     3     14.00      0.00  682592   60768   0.75      0.00      0.00      0.00       0  pdns_server
1791493662   1100    538116   52.00   21.00    0.00   14.00   73.00     0   2673.00      0.00 2049588   20004   0.25      0.00      0.00      0.00       0  isupipe

# Time        UID       PID    %usr %system  %guest   %wait    %CPU   CPU  minflt/s  majflt/s     VSZ     RSS   %MEM   kB_rd/s   kB_wr/s kB_ccwr/s iodelay  Command
1791493663      0        13    0.00    0.00    0.00    0.00    0.00     0      0.00      0.00       0       0   0.00      0.00      0.00      0.00       0  ksoftirqd/0
1791493663      0        22    0.00    1.00    0.00    0.00    1.00     1      0.00      0.00       0       0   0.00      0.00      0.00      0.00       0  ksoftirqd/1
1791493663      0        28    0.00    1.00    0.00    0.00    1.00     2      0.00      0.00       0       0   0.00      0.00      0.00      0.00       0  ksoftirqd/2
1791493663      0        34    0.00    0.00    0.00    0.00    0.00     3      0.00      0.00       0       0   0.00      0.00      0.00      0.00       0  ksoftirqd/3
1791493663      0       342    0.00    1.00    0.00    0.00    1.00     3      0.00      0.00       0       0   0.00      0.00      0.00      0.00       0  jbd2/sda1-8
1791493663      0       415    0.00    0.00    0.00    0.00    0.00     3      0.00      2.00  177304  116264   1.43      0.00      8.00      0.00       0  systemd-journal
1791493663    104       739    0.00    0.00    0.00    0.00    0.00     3      0.00      0.00  222072    5200   0.06      0.00      0.00      0.00       0  rsyslogd
1791493663      0     17311    0.00    0.00    0.00    0.00    0.00     0      0.00      0.00   57076   12872   0.16      0.00      0.00      0.00       0  nginx
1791493663    112    244183  111.00   33.00    0.00    1.00  144.00     0     85.00      0.00 2861088  756620   9.32      0.00   8312.00      0.00       0  mysqld
1791493663     33    537871    5.00    9.00    0.00   12.00   14.00     1     18.00      0.00   59096   12832   0.16      0.00    284.00    188.00       0  nginx
1791493663     33    537872   14.00   14.00    0.00   28.00   28.00     1     35.00      0.00   62628   16520   0.20      0.00    984.00    972.00       0  nginx
1791493663     33    537873    4.00    1.00    0.00    4.00    5.00     1     11.00      0.00   58120   11776   0.15      0.00    484.00    452.00       0  nginx
1791493663     33    537874    4.00   12.00    0.00   21.00   16.00     0      0.00      0.00   59920   13620   0.17      0.00    828.00    768.00       0  nginx
1791493663    113    537877   19.00   25.00    0.00    0.00   44.00     3      5.00      0.00  682592   60768   0.75      0.00      0.00      0.00       0  pdns_server
1791493663   1100    538116   52.00   24.00    0.00   33.00   76.00     2   1690.00      0.00 2049588   20404   0.25      0.00      0.00      0.00       0  isupipe

# Time        UID       PID    %usr %system  %guest   %wait    %CPU   CPU  minflt/s  majflt/s     VSZ     RSS   %MEM   kB_rd/s   kB_wr/s kB_ccwr/s iodelay  Command
1791493664      0        13    0.00    0.00    0.00    0.00    0.00     0      0.00      0.00       0       0   0.00      0.00      0.00      0.00       0  ksoftirqd/0
1791493664      0        22    0.00    1.00    0.00    1.00    1.00     1      0.00      0.00       0       0   0.00      0.00      0.00      0.00       0  ksoftirqd/1
1791493664      0        28    0.00    0.00    0.00    0.00    0.00     2      0.00      0.00       0       0   0.00      0.00      0.00      0.00       0  ksoftirqd/2
1791493664      0        34    0.00    0.00    0.00    0.00    0.00     3      0.00      0.00       0       0   0.00      0.00      0.00      0.00       0  ksoftirqd/3
1791493664      0       342    0.00    1.00    0.00    0.00    1.00     3      0.00      0.00       0       0   0.00      0.00      0.00      0.00       0  jbd2/sda1-8
1791493664      0       415    0.00    0.00    0.00    0.00    0.00     3      0.00      0.00  177304  116264   1.43      0.00      0.00      0.00       0  systemd-journal
1791493664    104       739    0.00    0.00    0.00    0.00    0.00     3      0.00      0.00  222072    5200   0.06      0.00      0.00      0.00       0  rsyslogd
1791493664      0     17311    0.00    0.00    0.00    0.00    0.00     0      0.00      0.00   57076   12872   0.16      0.00      0.00      0.00       0  nginx
1791493664    112    244183  115.00   27.00    0.00    0.00  142.00     0     23.00      0.00 2861088  756620   9.32      0.00  22576.00      0.00       0  mysqld
1791493664     33    537871    6.00    9.00    0.00   16.00   15.00     1     22.00      0.00   59236   12832   0.16      0.00    324.00    212.00       0  nginx
1791493664     33    537872   11.00   10.00    0.00   33.00   21.00     0      1.00      0.00   62628   16520   0.20      0.00   1596.00   1352.00       0  nginx
1791493664     33    537873    5.00    4.00    0.00    7.00    9.00     1     56.00      0.00   58264   11776   0.15      0.00    360.00    312.00       0  nginx
1791493664     33    537874   10.00    8.00    0.00   26.00   18.00     1      0.00      0.00   59920   13620   0.17      0.00    708.00    608.00       0  nginx
1791493664    113    537877   20.00   23.00    0.00    0.00   43.00     3      2.00      0.00  682592   60768   0.75      0.00      0.00      0.00       0  pdns_server
1791493664   1100    538116   50.00   21.00    0.00   31.00   71.00     0   2223.00      0.00 2049588   20192   0.25      0.00      0.00      0.00       0  isupipe

# Time        UID       PID    %usr %system  %guest   %wait    %CPU   CPU  minflt/s  majflt/s     VSZ     RSS   %MEM   kB_rd/s   kB_wr/s kB_ccwr/s iodelay  Command
1791493665      0        13    0.00    0.00    0.00    0.00    0.00     0      0.00      0.00       0       0   0.00      0.00      0.00      0.00       0  ksoftirqd/0
1791493665      0        22    0.00    1.00    0.00    0.00    1.00     1      0.00      0.00       0       0   0.00      0.00      0.00      0.00       0  ksoftirqd/1
1791493665      0        28    0.00    0.00    0.00    0.00    0.00     2      0.00      0.00       0       0   0.00      0.00      0.00      0.00       0  ksoftirqd/2
1791493665      0        34    0.00    0.00    0.00    0.00    0.00     3      0.00      0.00       0       0   0.00      0.00      0.00      0.00       0  ksoftirqd/3
1791493665      0       342    0.00    0.00    0.00    0.00    0.00     0      0.00      0.00       0       0   0.00      0.00      0.00      0.00       0  jbd2/sda1-8
1791493665      0       415    0.00    0.00    0.00    0.00    0.00     3      0.00      0.00  177304  116264   1.43      0.00      0.00      0.00       0  systemd-journal
1791493665    104       739    0.00    0.00    0.00    0.00    0.00     3      0.00      0.00  222072    5200   0.06      0.00      0.00      0.00       0  rsyslogd
1791493665      0     17311    0.00    0.00    0.00    0.00    0.00     0      0.00      0.00   57076   12872   0.16      0.00      0.00      0.00       0  nginx
1791493665    112    244183  108.00   38.00    0.00    1.00  146.00     0      7.00      0.00 2861088  756620   9.32      0.00   7560.00      0.00       0  mysqld
1791493665     33    537871    5.00    8.00    0.00   12.00   13.00     1      0.00      0.00   59236   12832   0.16      0.00    576.00    468.00       0  nginx
1791493665     33    537872   12.00   15.00    0.00   30.00   27.00     1     88.00      0.00   63036   16784   0.21      0.00   1188.00    984.00       0  nginx
1791493665     33    537873    2.00    4.00    0.00    3.00    6.00     1      1.00      0.00   58264   11776   0.15      0.00    316.00    284.00       0  nginx
1791493665     33    537874    8.00    8.00    0.00   19.00   16.00     1      0.00      0.00   59920   13620   0.17      0.00    544.00    364.00       0  nginx
1791493665    113    537877   20.00   22.00    0.00    0.00   42.00     3      4.00      0.00  682592   60768   0.75      0.00      0.00      0.00       0  pdns_server
1791493665   1100    538116   51.00   22.00    0.00   33.00   73.00     2   2641.00      0.00 2049588   20052   0.25      0.00      0.00      0.00       0  isupipe

# Time        UID       PID    %usr %system  %guest   %wait    %CPU   CPU  minflt/s  majflt/s     VSZ     RSS   %MEM   kB_rd/s   kB_wr/s kB_ccwr/s iodelay  Command
1791493666      0        13    0.00    1.00    0.00    0.00    1.00     0      0.00      0.00       0       0   0.00      0.00      0.00      0.00       0  ksoftirqd/0
1791493666      0        22    0.00    1.00    0.00    0.00    1.00     1      0.00      0.00       0       0   0.00      0.00      0.00      0.00       0  ksoftirqd/1
1791493666      0        28    0.00    0.00    0.00    0.00    0.00     2      0.00      0.00       0       0   0.00      0.00      0.00      0.00       0  ksoftirqd/2
1791493666      0        34    0.00    1.00    0.00    0.00    1.00     3      0.00      0.00       0       0   0.00      0.00      0.00      0.00       0  ksoftirqd/3
1791493666      0       342    0.00    1.00    0.00    0.00    1.00     2      0.00      0.00       0       0   0.00      0.00    104.00      0.00       0  jbd2/sda1-8
1791493666      0       415    0.00    0.00    0.00    0.00    0.00     3      0.00      1.00  177304  116264   1.43      0.00      4.00      0.00       0  systemd-journal
1791493666    104       739    0.00    0.00    0.00    0.00    0.00     3      0.00      0.00  222072    5200   0.06      0.00      4.00      0.00       0  rsyslogd
1791493666      0     17311    0.00    0.00    0.00    0.00    0.00     0      0.00      0.00   57076   12872   0.16      0.00      0.00      0.00       0  nginx
1791493666    112    244183  113.00   30.00    0.00    1.00  143.00     0      6.00      0.00 2861088  756620   9.32      0.00   8936.00      0.00       0  mysqld
1791493666     33    537871    5.00    7.00    0.00   11.00   12.00     1      1.00      0.00   59236   12832   0.16      0.00    772.00    692.00       0  nginx
1791493666     33    537872    9.00   17.00    0.00   28.00   26.00     1     17.00      0.00   63036   16784   0.21      0.00   1320.00   1080.00       0  nginx
1791493666     33    537873    3.00    2.00    0.00    6.00    5.00     1      2.00      0.00   58264   11776   0.15      0.00    212.00    212.00       0  nginx
1791493666     33    537874    7.00    8.00    0.00   17.00   15.00     1      0.00      0.00   59920   13620   0.17      0.00    468.00    344.00       0  nginx
1791493666    113    537877   23.00   21.00    0.00    0.00   44.00     3      3.00      0.00  682592   60768   0.75      0.00      0.00      0.00       0  pdns_server
1791493666   1100    538116   49.00   28.00    0.00   18.00   77.00     3   2903.00      0.00 2049588   20312   0.25      0.00      0.00      0.00       0  isupipe

# Time        UID       PID    %usr %system  %guest   %wait    %CPU   CPU  minflt/s  majflt/s     VSZ     RSS   %MEM   kB_rd/s   kB_wr/s kB_ccwr/s iodelay  Command
1791493667      0        13    0.00    0.00    0.00    0.00    0.00     0      0.00      0.00       0       0   0.00      0.00      0.00      0.00       0  ksoftirqd/0
1791493667      0        22    0.00    0.00    0.00    0.00    0.00     1      0.00      0.00       0       0   0.00      0.00      0.00      0.00       0  ksoftirqd/1
1791493667      0        28    0.00    0.00    0.00    0.00    0.00     2      0.00      0.00       0       0   0.00      0.00      0.00      0.00       0  ksoftirqd/2
1791493667      0        34    0.00    0.00    0.00    0.00    0.00     3      0.00      0.00       0       0   0.00      0.00      0.00      0.00       0  ksoftirqd/3
1791493667      0       342    0.00    1.00    0.00    1.00    1.00     3      0.00      0.00       0       0   0.00      0.00      4.00      0.00       0  jbd2/sda1-8
1791493667      0       415    0.00    0.00    0.00    0.00    0.00     3      0.00      0.00  177304  116264   1.43      0.00      0.00      0.00       0  systemd-journal
1791493667    104       739    0.00    0.00    0.00    0.00    0.00     3      0.00      0.00  222072    5200   0.06      0.00      0.00      0.00       0  rsyslogd
1791493667      0     17311    0.00    0.00    0.00    0.00    0.00     0      0.00      0.00   57076   12872   0.16      0.00      0.00      0.00       0  nginx
1791493667    112    244183  113.00   33.00    0.00    0.00  146.00     0      7.00      0.00 2861088  756620   9.32      0.00   7128.00      0.00       0  mysqld
1791493667     33    537871    5.00    8.00    0.00   14.00   13.00     1      0.00      0.00   59236   12832   0.16      0.00    548.00    436.00       0  nginx
1791493667     33    537872   11.00   14.00    0.00   35.00   25.00     1      6.00      0.00   63036   16784   0.21      0.00    616.00    396.00       0  nginx
1791493667     33    537873    2.00    3.00    0.00    3.00    5.00     1     44.00      0.00   58532   12036   0.15      0.00    204.00    176.00       0  nginx
1791493667     33    537874    6.00   10.00    0.00   23.00   16.00     0      9.00      0.00   60056   13620   0.17      0.00    904.00    788.00       0  nginx
1791493667    113    537877   22.00   25.00    0.00    0.00   47.00     3      2.00      0.00  682592   60768   0.75      0.00      0.00      0.00       0  pdns_server
1791493667   1100    538116   46.00   26.00    0.00    0.00   72.00     2   1732.00      0.00 2049588   21080   0.26      0.00      0.00      0.00       0  isupipe

# Time        UID       PID    %usr %system  %guest   %wait    %CPU   CPU  minflt/s  majflt/s     VSZ     RSS   %MEM   kB_rd/s   kB_wr/s kB_ccwr/s iodelay  Command
1791493668      0        13    0.00    0.00    0.00    1.00    0.00     0      0.00      0.00       0       0   0.00      0.00      0.00      0.00       0  ksoftirqd/0
1791493668      0        22    0.00    2.00    0.00    0.00    2.00     1      0.00      0.00       0       0   0.00      0.00      0.00      0.00       0  ksoftirqd/1
1791493668      0        28    0.00    0.00    0.00    1.00    0.00     2      0.00      0.00       0       0   0.00      0.00      0.00      0.00       0  ksoftirqd/2
1791493668      0        34    0.00    0.00    0.00    0.00    0.00     3      0.00      0.00       0       0   0.00      0.00      0.00      0.00       0  ksoftirqd/3
1791493668      0       342    0.00    1.00    0.00    0.00    1.00     2      0.00      0.00       0       0   0.00      0.00      4.00      0.00       0  jbd2/sda1-8
1791493668      0       415    0.00    0.00    0.00    0.00    0.00     3      0.00      0.00  177304  116264   1.43      0.00      0.00      0.00       0  systemd-journal
1791493668    104       739    0.00    0.00    0.00    0.00    0.00     3      0.00      0.00  222072    5200   0.06      0.00      0.00      0.00       0  rsyslogd
1791493668      0     17311    0.00    0.00    0.00    0.00    0.00     0      0.00      0.00   57076   12872   0.16      0.00      0.00      0.00       0  nginx
1791493668    112    244183  116.00   34.00    0.00    2.00  150.00     0      2.00      0.00 2861088  756620   9.32      0.00  18668.00      0.00       0  mysqld
1791493668     33    537871    4.00    5.00    0.00    6.00    9.00     1      0.00      0.00   59236   12832   0.16      0.00    364.00    296.00       0  nginx
1791493668     33    537872   11.00   17.00    0.00   27.00   28.00     1     55.00      0.00   63324   17048   0.21      0.00   1224.00    968.00       0  nginx
1791493668     33    537873    3.00    3.00    0.00    5.00    6.00     1      0.00      0.00   58532   12036   0.15      0.00     88.00     68.00       0  nginx
1791493668     33    537874   10.00    6.00    0.00   14.00   16.00     1     78.00      0.00   60320   14148   0.17      0.00    968.00    868.00       0  nginx
1791493668    113    537877   28.00   22.00    0.00    0.00   50.00     3      1.00      0.00  682592   61032   0.75      0.00      0.00      0.00       0  pdns_server
1791493668   1100    538116   43.00   27.00    0.00   14.00   70.00     0   2685.00      0.00 2049588   20776   0.26      0.00      0.00      0.00       0  isupipe

# Time        UID       PID    %usr %system  %guest   %wait    %CPU   CPU  minflt/s  majflt/s     VSZ     RSS   %MEM   kB_rd/s   kB_wr/s kB_ccwr/s iodelay  Command
1791493669      0        13    0.00    0.00    0.00    0.00    0.00     0      0.00      0.00       0       0   0.00      0.00      0.00      0.00       0  ksoftirqd/0
1791493669      0        22    0.00    1.00    0.00    0.00    1.00     1      0.00      0.00       0       0   0.00      0.00      0.00      0.00       0  ksoftirqd/1
1791493669      0        28    0.00    1.00    0.00    0.00    1.00     2      0.00      0.00       0       0   0.00      0.00      0.00      0.00       0  ksoftirqd/2
1791493669      0        34    0.00    0.00    0.00    0.00    0.00     3      0.00      0.00       0       0   0.00      0.00      0.00      0.00       0  ksoftirqd/3
1791493669      0       342    0.00    0.00    0.00    0.00    0.00     2      0.00      0.00       0       0   0.00      0.00      0.00      0.00       0  jbd2/sda1-8
1791493669      0       415    0.00    0.00    0.00    0.00    0.00     3      0.00     26.00  177304  116272   1.43      0.00    104.00      0.00       0  systemd-journal
1791493669    104       739    0.00    0.00    0.00    0.00    0.00     3      0.00      0.00  222072    5200   0.06      0.00      0.00      0.00       0  rsyslogd
1791493669      0     17311    0.00    0.00    0.00    0.00    0.00     0      0.00      0.00   57076   12872   0.16      0.00      0.00      0.00       0  nginx
1791493669    112    244183  111.00   33.00    0.00    1.00  144.00     0     12.00      0.00 2861088  756620   9.32      0.00   7660.00      0.00       0  mysqld
1791493669     33    537871    3.00   10.00    0.00   17.00   13.00     1      1.00      0.00   59236   12832   0.16      0.00    700.00    660.00       0  nginx
1791493669     33    537872   10.00   15.00    0.00   34.00   25.00     1      0.00      0.00   63324   17048   0.21      0.00   1496.00   1136.00       0  nginx
1791493669     33    537873    3.00    6.00    0.00    9.00    9.00     1      2.00      0.00   58532   12036   0.15      0.00    264.00    216.00       0  nginx
1791493669     33    537874    7.00   10.00    0.00   24.00   17.00     1     31.00      0.00   60456   14148   0.17      0.00    420.00    200.00       0  nginx
1791493669    113    537877   25.00   22.00    0.00    0.00   47.00     3      3.00      0.00  682592   61032   0.75      0.00      0.00      0.00       0  pdns_server
1791493669   1100    538116   48.00   24.00    0.00   30.00   72.00     0   2377.00      0.00 2049588   20084   0.25      0.00      0.00      0.00       0  isupipe

# Time        UID       PID    %usr %system  %guest   %wait    %CPU   CPU  minflt/s  majflt/s     VSZ     RSS   %MEM   kB_rd/s   kB_wr/s kB_ccwr/s iodelay  Command
1791493670      0        13    0.00    0.00    0.00    0.00    0.00     0      0.00      0.00       0       0   0.00      0.00      0.00      0.00       0  ksoftirqd/0
1791493670      0        22    0.00    1.00    0.00    0.00    1.00     1      0.00      0.00       0       0   0.00      0.00      0.00      0.00       0  ksoftirqd/1
1791493670      0        28    0.00    0.00    0.00    0.00    0.00     2      0.00      0.00       0       0   0.00      0.00      0.00      0.00       0  ksoftirqd/2
1791493670      0        34    0.00    0.00    0.00    0.00    0.00     3      0.00      0.00       0       0   0.00      0.00      0.00      0.00       0  ksoftirqd/3
1791493670      0       342    0.00    1.00    0.00    0.00    1.00     3      0.00      0.00       0       0   0.00      0.00      0.00      0.00       0  jbd2/sda1-8
1791493670      0       415    0.00    0.00    0.00    0.00    0.00     3      0.00      0.00  177304  116272   1.43      0.00      0.00      0.00       0  systemd-journal
1791493670    104       739    0.00    0.00    0.00    0.00    0.00     3      0.00      0.00  222072    5200   0.06      0.00      0.00      0.00       0  rsyslogd
1791493670      0     17311    0.00    0.00    0.00    0.00    0.00     0      0.00      0.00   57076   12872   0.16      0.00      0.00      0.00       0  nginx
1791493670    112    244183  105.00   39.00    0.00    1.00  144.00     0      6.00      0.00 2861088  756620   9.32      0.00  12392.00      0.00       0  mysqld
1791493670     33    537871    4.00    8.00    0.00   18.00   12.00     1      2.00      0.00   59236   12832   0.16      0.00    552.00    468.00       0  nginx
1791493670     33    537872   10.00   14.00    0.00   42.00   24.00     1      0.00      0.00   63324   17048   0.21      0.00   1228.00   1072.00       0  nginx
1791493670     33    537873    2.00    7.00    0.00    9.00    9.00     1      1.00      0.00   58532   12036   0.15      0.00    360.00    312.00       0  nginx
1791493670     33    537874    7.00   10.00    0.00   23.00   17.00     1     90.00      0.00   60740   14412   0.18      0.00    864.00    868.00       0  nginx
1791493670    113    537877   20.00   24.00    0.00    0.00   44.00     3      1.00      0.00  682592   61032   0.75      0.00      0.00      0.00       0  pdns_server
1791493670   1100    538116   42.00   30.00    0.00   17.00   72.00     3   2306.00      0.00 2049588   20664   0.25      0.00      0.00      0.00       0  isupipe

# Time        UID       PID    %usr %system  %guest   %wait    %CPU   CPU  minflt/s  majflt/s     VSZ     RSS   %MEM   kB_rd/s   kB_wr/s kB_ccwr/s iodelay  Command
1791493671      0        13    0.00    0.00    0.00    0.00    0.00     0      0.00      0.00       0       0   0.00      0.00      0.00      0.00       0  ksoftirqd/0
1791493671      0        22    0.00    0.00    0.00    0.00    0.00     1      0.00      0.00       0       0   0.00      0.00      0.00      0.00       0  ksoftirqd/1
1791493671      0        28    0.00    0.00    0.00    0.00    0.00     2      0.00      0.00       0       0   0.00      0.00      0.00      0.00       0  ksoftirqd/2
1791493671      0        34    0.00    0.00    0.00    0.00    0.00     3      0.00      0.00       0       0   0.00      0.00      0.00      0.00       0  ksoftirqd/3
1791493671      0       342    0.00    1.00    0.00    0.00    1.00     3      0.00      0.00       0       0   0.00      0.00      8.00      0.00       0  jbd2/sda1-8
1791493671      0       415    0.00    0.00    0.00    0.00    0.00     3      0.00      0.00  177304  116272   1.43      0.00      0.00      0.00       0  systemd-journal
1791493671    104       739    0.00    0.00    0.00    0.00    0.00     3      0.00      0.00  222072    5200   0.06      0.00      0.00      0.00       0  rsyslogd
1791493671      0     17311    0.00    0.00    0.00    0.00    0.00     0      0.00      0.00   57076   12872   0.16      0.00      0.00      0.00       0  nginx
1791493671    112    244183  111.00   33.00    0.00    2.00  144.00     0      5.00      0.00 2861088  756620   9.32      0.00   8056.00      0.00       0  mysqld
1791493671     33    537871    5.00    8.00    0.00   13.00   13.00     0     44.00      0.00   59368   13092   0.16      0.00    548.00    348.00       0  nginx
1791493671     33    537872    9.00   12.00    0.00   41.00   21.00     0      0.00      0.00   63324   17048   0.21      0.00    656.00    452.00       0  nginx
1791493671     33    537873    5.00    5.00    0.00   14.00   10.00     1      3.00      0.00   58532   12036   0.15      0.00    528.00    460.00       0  nginx
1791493671     33    537874    6.00    9.00    0.00   28.00   15.00     1      6.00      0.00   60884   14412   0.18      0.00    952.00    824.00       0  nginx
1791493671    113    537877   24.00   24.00    0.00    0.00   48.00     3      2.00      0.00  682592   61032   0.75      0.00      0.00      0.00       0  pdns_server
1791493671   1100    538116   44.00   26.00    0.00   31.00   70.00     1   1970.00      0.00 2049588   20372   0.25      0.00      0.00      0.00       0  isupipe

# Time        UID       PID    %usr %system  %guest   %wait    %CPU   CPU  minflt/s  majflt/s     VSZ     RSS   %MEM   kB_rd/s   kB_wr/s kB_ccwr/s iodelay  Command
1791493672      0        13    0.00    1.00    0.00    0.00    1.00     0      0.00      0.00       0       0   0.00      0.00      0.00      0.00       0  ksoftirqd/0
1791493672      0        22    0.00    2.00    0.00    0.00    2.00     1      0.00      0.00       0       0   0.00      0.00      0.00      0.00       0  ksoftirqd/1
1791493672      0        28    0.00    0.00    0.00    0.00    0.00     2      0.00      0.00       0       0   0.00      0.00      0.00      0.00       0  ksoftirqd/2
1791493672      0        34    0.00    0.00    0.00    0.00    0.00     3      0.00      0.00       0       0   0.00      0.00      0.00      0.00       0  ksoftirqd/3
1791493672      0       342    0.00    1.00    0.00    1.00    1.00     3      0.00      0.00       0       0   0.00      0.00      0.00      0.00       0  jbd2/sda1-8
1791493672      0       415    0.00    0.00    0.00    0.00    0.00     3      0.00      2.00  177304  116272   1.43      0.00      8.00      0.00       0  systemd-journal
1791493672    104       739    0.00    0.00    0.00    0.00    0.00     3      0.00      0.00  222072    5200   0.06      0.00      0.00      0.00       0  rsyslogd
1791493672      0     17311    0.00    0.00    0.00    0.00    0.00     0      0.00      0.00   57076   12872   0.16      0.00      0.00      0.00       0  nginx
1791493672    112    244183  104.00   38.00    0.00    1.00  142.00     0     33.00      0.00 2861088  756620   9.32      0.00   7988.00      0.00       0  mysqld
1791493672     33    537871    2.00   10.00    0.00   13.00   12.00     1     32.00      0.00   59516   13092   0.16      0.00    564.00    472.00       0  nginx
1791493672     33    537872   10.00   12.00    0.00   33.00   22.00     0      0.00      0.00   63324   17048   0.21      0.00   1236.00   1052.00       0  nginx
1791493672     33    537873    3.00    7.00    0.00    8.00   10.00     1      1.00      0.00   58532   12036   0.15      0.00    260.00    180.00       0  nginx
1791493672     33    537874    7.00    9.00    0.00   27.00   16.00     1      0.00      0.00   60884   14412   0.18      0.00    452.00    336.00       0  nginx
1791493672    113    537877   21.00   24.00    0.00    0.00   45.00     3      1.00      0.00  682592   61032   0.75      0.00      0.00      0.00       0  pdns_server
1791493672   1100    538116   38.00   27.00    0.00   39.00   65.00     0   1970.00      0.00 2049588   20616   0.25      0.00      0.00      0.00       0  isupipe

# Time        UID       PID    %usr %system  %guest   %wait    %CPU   CPU  minflt/s  majflt/s     VSZ     RSS   %MEM   kB_rd/s   kB_wr/s kB_ccwr/s iodelay  Command
1791493673      0        13    0.00    0.00    0.00    0.00    0.00     0      0.00      0.00       0       0   0.00      0.00      0.00      0.00       0  ksoftirqd/0
1791493673      0        22    0.00    1.00    0.00    0.00    1.00     1      0.00      0.00       0       0   0.00      0.00      0.00      0.00       0  ksoftirqd/1
1791493673      0        28    0.00    0.00    0.00    0.00    0.00     2      0.00      0.00       0       0   0.00      0.00      0.00      0.00       0  ksoftirqd/2
1791493673      0        34    0.00    0.00    0.00    0.00    0.00     3      0.00      0.00       0       0   0.00      0.00      0.00      0.00       0  ksoftirqd/3
1791493673      0       342    0.00    1.00    0.00    0.00    1.00     2      0.00      0.00       0       0   0.00      0.00      0.00      0.00       0  jbd2/sda1-8
1791493673      0       415    0.00    0.00    0.00    0.00    0.00     3      0.00      2.00  177304  116272   1.43      0.00      8.00      0.00       0  systemd-journal
1791493673    104       739    0.00    0.00    0.00    0.00    0.00     3      0.00      0.00  222072    5200   0.06      0.00      0.00      0.00       0  rsyslogd
1791493673      0     17311    0.00    0.00    0.00    0.00    0.00     0      0.00      0.00   57076   12872   0.16      0.00      0.00      0.00       0  nginx
1791493673    112    244183  109.00   34.00    0.00    0.00  143.00     3     30.00      0.00 2861088  756984   9.32      0.00  12496.00      0.00       0  mysqld
1791493673     33    537871    5.00   11.00    0.00   19.00   16.00     1     47.00      0.00   59780   13356   0.16      0.00    488.00    416.00       0  nginx
1791493673     33    537872    8.00   13.00    0.00   31.00   21.00     3      0.00      0.00   63324   17048   0.21      0.00    948.00    764.00       0  nginx
1791493673     33    537873    5.00    7.00    0.00   12.00   12.00     1     34.00      0.00   58664   12300   0.15      0.00    308.00    260.00       0  nginx
1791493673     33    537874    7.00    8.00    0.00   24.00   15.00     1      0.00      0.00   60884   14412   0.18      0.00   1160.00   1020.00       0  nginx
1791493673    113    537877   25.00   19.00    0.00    0.00   44.00     3      1.00      0.00  682592   61032   0.75      0.00      0.00      0.00       0  pdns_server
1791493673   1100    538116   52.00   17.00    0.00   21.00   69.00     0   2039.00      0.00 2049588   20780   0.26      0.00      0.00      0.00       0  isupipe

# Time        UID       PID    %usr %system  %guest   %wait    %CPU   CPU  minflt/s  majflt/s     VSZ     RSS   %MEM   kB_rd/s   kB_wr/s kB_ccwr/s iodelay  Command
1791493674      0        13    0.00    0.00    0.00    0.00    0.00     0      0.00      0.00       0       0   0.00      0.00      0.00      0.00       0  ksoftirqd/0
1791493674      0        22    0.00    1.00    0.00    0.00    1.00     1      0.00      0.00       0       0   0.00      0.00      0.00      0.00       0  ksoftirqd/1
1791493674      0        28    0.00    0.00    0.00    0.00    0.00     2      0.00      0.00       0       0   0.00      0.00      0.00      0.00       0  ksoftirqd/2
1791493674      0        34    0.00    0.00    0.00    0.00    0.00     3      0.00      0.00       0       0   0.00      0.00      0.00      0.00       0  ksoftirqd/3
1791493674      0       342    0.00    1.00    0.00    0.00    1.00     0      0.00      0.00       0       0   0.00      0.00      0.00      0.00       0  jbd2/sda1-8
1791493674      0       415    0.00    0.00    0.00    0.00    0.00     3      0.00      0.00  177304  116272   1.43      0.00      0.00      0.00       0  systemd-journal
1791493674    104       739    0.00    0.00    0.00    0.00    0.00     3      0.00      0.00  222072    5200   0.06      0.00      0.00      0.00       0  rsyslogd
1791493674      0     17311    0.00    0.00    0.00    0.00    0.00     0      0.00      0.00   57076   12872   0.16      0.00      0.00      0.00       0  nginx
1791493674    112    244183  121.00   24.00    0.00    1.00  145.00     1     31.00      0.00 2861088  756984   9.32      0.00   8128.00      0.00       0  mysqld
1791493674     33    537871    6.00    6.00    0.00   15.00   12.00     1     14.00      0.00   59780   13356   0.16      0.00    464.00    340.00       0  nginx
1791493674     33    537872   11.00   11.00    0.00   39.00   22.00     1      0.00      0.00   63324   17048   0.21      0.00   1308.00   1104.00       0  nginx
1791493674     33    537873    5.00    7.00    0.00    9.00   12.00     1     29.00      0.00   58808   12300   0.15      0.00    304.00    224.00       0  nginx
1791493674     33    537874    8.00   10.00    0.00   28.00   18.00     1      0.00      0.00   60884   14412   0.18      0.00    460.00    344.00       0  nginx
1791493674    113    537877   24.00   15.00    0.00    0.00   39.00     3      0.00      0.00  682592   61032   0.75      0.00      0.00      0.00       0  pdns_server
1791493674   1100    538116   49.00   27.00    0.00   27.00   76.00     3   1669.00      0.00 2049588   21448   0.26      0.00      0.00      0.00       0  isupipe

# Time        UID       PID    %usr %system  %guest   %wait    %CPU   CPU  minflt/s  majflt/s     VSZ     RSS   %MEM   kB_rd/s   kB_wr/s kB_ccwr/s iodelay  Command
1791493675      0        13    0.00    0.00    0.00    0.00    0.00     0      0.00      0.00       0       0   0.00      0.00      0.00      0.00       0  ksoftirqd/0
1791493675      0        22    0.00    0.00    0.00    0.00    0.00     1      0.00      0.00       0       0   0.00      0.00      0.00      0.00       0  ksoftirqd/1
1791493675      0        28    0.00    0.00    0.00    0.00    0.00     2      0.00      0.00       0       0   0.00      0.00      0.00      0.00       0  ksoftirqd/2
1791493675      0        34    0.00    0.00    0.00    0.00    0.00     3      0.00      0.00       0       0   0.00      0.00      0.00      0.00       0  ksoftirqd/3
1791493675      0       342    0.00    0.00    0.00    0.00    0.00     2      0.00      0.00       0       0   0.00      0.00      0.00      0.00       0  jbd2/sda1-8
1791493675      0       415    0.00    0.00    0.00    0.00    0.00     3      0.00      1.00  177304  116272   1.43      0.00      4.00      0.00       0  systemd-journal
1791493675    104       739    0.00    0.00    0.00    0.00    0.00     3      0.00      0.00  222072    5200   0.06      0.00      0.00      0.00       0  rsyslogd
1791493675      0     17311    0.00    0.00    0.00    0.00    0.00     0      0.00      0.00   57076   12872   0.16      0.00      0.00      0.00       0  nginx
1791493675    112    244183  116.00   33.00    0.00    2.00  149.00     1     14.00      0.00 2861088  756984   9.32      0.00  12372.00      0.00       0  mysqld
1791493675     33    537871    6.00    7.00    0.00   10.00   13.00     1     57.00      0.00   60052   13620   0.17      0.00    604.00    544.00       0  nginx
1791493675     33    537872   12.00   14.00    0.00   32.00   26.00     2      2.00      0.00   63324   17048   0.21      0.00   1332.00   1108.00       0  nginx
1791493675     33    537873    2.00    7.00    0.00   10.00    9.00     1     22.00      0.00   58808   12564   0.15      0.00    268.00    184.00       0  nginx
1791493675     33    537874    7.00   10.00    0.00   26.00   17.00     1      0.00      0.00   60884   14412   0.18      0.00    824.00    676.00       0  nginx
1791493675    113    537877   24.00   19.00    0.00    0.00   43.00     3      2.00      0.00  682592   61032   0.75      0.00      0.00      0.00       0  pdns_server
1791493675   1100    538116   51.00   26.00    0.00   36.00   77.00     2   2436.00      0.00 2049588   21532   0.27      0.00      0.00      0.00       0  isupipe

# Time        UID       PID    %usr %system  %guest   %wait    %CPU   CPU  minflt/s  majflt/s     VSZ     RSS   %MEM   kB_rd/s   kB_wr/s kB_ccwr/s iodelay  Command
1791493676      0        13    0.00    0.00    0.00    0.00    0.00     0      0.00      0.00       0       0   0.00      0.00      0.00      0.00       0  ksoftirqd/0
1791493676      0        22    0.00    1.00    0.00    0.00    1.00     1      0.00      0.00       0       0   0.00      0.00      0.00      0.00       0  ksoftirqd/1
1791493676      0        28    0.00    1.00    0.00    0.00    1.00     2      0.00      0.00       0       0   0.00      0.00      0.00      0.00       0  ksoftirqd/2
1791493676      0        34    0.00    0.00    0.00    0.00    0.00     3      0.00      0.00       0       0   0.00      0.00      0.00      0.00       0  ksoftirqd/3
1791493676      0       342    0.00    1.00    0.00    0.00    1.00     3      0.00      0.00       0       0   0.00      0.00     72.00      0.00       0  jbd2/sda1-8
1791493676      0       415    0.00    0.00    0.00    0.00    0.00     3      0.00      0.00  177304  116272   1.43      0.00      0.00      0.00       0  systemd-journal
1791493676    104       739    0.00    0.00    0.00    0.00    0.00     3      0.00      0.00  222072    5200   0.06      0.00      0.00      0.00       0  rsyslogd
1791493676      0     17311    0.00    0.00    0.00    0.00    0.00     0      0.00      0.00   57076   12872   0.16      0.00      0.00      0.00       0  nginx
1791493676    112    244183  111.00   28.00    0.00    1.00  139.00     3     48.00      0.00 2861088  757408   9.33      0.00   9016.00      0.00       0  mysqld
1791493676     33    537871    7.00    9.00    0.00   20.00   16.00     1     39.00      0.00   60196   13884   0.17      0.00    628.00    532.00       0  nginx
1791493676     33    537872   12.00   10.00    0.00   35.00   22.00     1     35.00      0.00   63460   17312   0.21      0.00    768.00    576.00       0  nginx
1791493676     33    537873    3.00    5.00    0.00    7.00    8.00     1     26.00      0.00   58940   12564   0.15      0.00    492.00    428.00       0  nginx
1791493676     33    537874    9.00    9.00    0.00   30.00   18.00     1     27.00      0.00   60884   14676   0.18      0.00    584.00    448.00       0  nginx
1791493676    113    537877   21.00   17.00    0.00    0.00   38.00     3      1.00      0.00  682592   61032   0.75      0.00      0.00      0.00       0  pdns_server
1791493676   1100    538116   55.00   25.00    0.00   31.00   80.00     2   2680.00      0.00 2049588   20500   0.25      0.00      0.00      0.00       0  isupipe

# Time        UID       PID    %usr %system  %guest   %wait    %CPU   CPU  minflt/s  majflt/s     VSZ     RSS   %MEM   kB_rd/s   kB_wr/s kB_ccwr/s iodelay  Command
1791493677      0        13    0.00    0.00    0.00    0.00    0.00     0      0.00      0.00       0       0   0.00      0.00      0.00      0.00       0  ksoftirqd/0
1791493677      0        22    0.00    1.00    0.00    0.00    1.00     1      0.00      0.00       0       0   0.00      0.00      0.00      0.00       0  ksoftirqd/1
1791493677      0        28    0.00    0.00    0.00    0.00    0.00     2      0.00      0.00       0       0   0.00      0.00      0.00      0.00       0  ksoftirqd/2
1791493677      0        34    0.00    1.00    0.00    0.00    1.00     3      0.00      0.00       0       0   0.00      0.00      0.00      0.00       0  ksoftirqd/3
1791493677      0       342    0.00    1.00    0.00    0.00    1.00     2      0.00      0.00       0       0   0.00      0.00     28.00      0.00       0  jbd2/sda1-8
1791493677      0       415    0.00    0.00    0.00    0.00    0.00     2      0.00     25.00  177304  116276   1.43      0.00    100.00      0.00       0  systemd-journal
1791493677    104       739    0.00    0.00    0.00    0.00    0.00     3      0.00      0.00  222072    5200   0.06      0.00      4.00      0.00       0  rsyslogd
1791493677      0     17311    0.00    0.00    0.00    0.00    0.00     0      0.00      0.00   57076   12872   0.16      0.00      0.00      0.00       0  nginx
1791493677    112    244183  112.00   32.00    0.00    1.00  144.00     3      0.00      0.00 2861088  757408   9.33      0.00   9464.00      0.00       0  mysqld
1791493677     33    537871    6.00    8.00    0.00   13.00   14.00     1     13.00      0.00   60196   13884   0.17      0.00    768.00    660.00       0  nginx
1791493677     33    537872    9.00   14.00    0.00   36.00   23.00     0     33.00      0.00   63596   17312   0.21      0.00    948.00    756.00       0  nginx
1791493677     33    537873    4.00    8.00    0.00    9.00   12.00     1     47.00      0.00   59080   12828   0.16      0.00    340.00    304.00       0  nginx
1791493677     33    537874    6.00   11.00    0.00   26.00   17.00     1     16.00      0.00   61020   14676   0.18      0.00   1216.00   1060.00       0  nginx
1791493677    113    537877   22.00   20.00    0.00    0.00   42.00     3      1.00      0.00  682592   61032   0.75      0.00      0.00      0.00       0  pdns_server
1791493677   1100    538116   51.00   22.00    0.00   15.00   73.00     0   2304.00      0.00 2049588   20840   0.26      0.00      0.00      0.00       0  isupipe

# Time        UID       PID    %usr %system  %guest   %wait    %CPU   CPU  minflt/s  majflt/s     VSZ     RSS   %MEM   kB_rd/s   kB_wr/s kB_ccwr/s iodelay  Command
1791493678      0        13    0.00    0.00    0.00    0.00    0.00     0      0.00      0.00       0       0   0.00      0.00      0.00      0.00       0  ksoftirqd/0
1791493678      0        22    0.00    1.00    0.00    0.00    1.00     1      0.00      0.00       0       0   0.00      0.00      0.00      0.00       0  ksoftirqd/1
1791493678      0        28    0.00    0.00    0.00    0.00    0.00     2      0.00      0.00       0       0   0.00      0.00      0.00      0.00       0  ksoftirqd/2
1791493678      0        34    0.00    0.00    0.00    0.00    0.00     3      0.00      0.00       0       0   0.00      0.00      0.00      0.00       0  ksoftirqd/3
1791493678      0       342    0.00    1.00    0.00    1.00    1.00     2      0.00      0.00       0       0   0.00      0.00     12.00      0.00       0  jbd2/sda1-8
1791493678      0       415    0.00    0.00    0.00    0.00    0.00     2      0.00      1.00  177304  116276   1.43      0.00      4.00      0.00       0  systemd-journal
1791493678    104       739    0.00    0.00    0.00    0.00    0.00     3      0.00      0.00  222072    5200   0.06      0.00      0.00      0.00       0  rsyslogd
1791493678      0     17311    0.00    0.00    0.00    0.00    0.00     0      0.00      0.00   57076   12872   0.16      0.00      0.00      0.00       0  nginx
1791493678    112    244183  108.00   35.00    0.00    0.00  143.00     2      4.00      0.00 2861088  757408   9.33      0.00  13252.00      0.00       0  mysqld
1791493678     33    537871    6.00    7.00    0.00   13.00   13.00     1      5.00      0.00   60196   13884   0.17      0.00    444.00    360.00       0  nginx
1791493678     33    537872   10.00    9.00    0.00   35.00   19.00     1      0.00      0.00   63596   17312   0.21      0.00   1100.00    952.00       0  nginx
1791493678     33    537873    3.00    7.00    0.00   10.00   10.00     1     16.00      0.00   59220   12828   0.16      0.00    744.00    676.00       0  nginx
1791493678     33    537874    6.00   10.00    0.00   27.00   16.00     1     13.00      0.00   61020   14676   0.18      0.00    488.00    348.00       0  nginx
1791493678    113    537877   22.00   23.00    0.00    0.00   45.00     3      1.00      0.00  682592   61032   0.75      0.00      0.00      0.00       0  pdns_server
1791493678   1100    538116   47.00   19.00    0.00   33.00   66.00     3   1538.00      0.00 2049588   21488   0.26      0.00      0.00      0.00       0  isupipe

# Time        UID       PID    %usr %system  %guest   %wait    %CPU   CPU  minflt/s  majflt/s     VSZ     RSS   %MEM   kB_rd/s   kB_wr/s kB_ccwr/s iodelay  Command
1791493679      0        13    0.00    1.00    0.00    0.00    1.00     0      0.00      0.00       0       0   0.00      0.00      0.00      0.00       0  ksoftirqd/0
1791493679      0        22    0.00    1.00    0.00    0.00    1.00     1      0.00      0.00       0       0   0.00      0.00      0.00      0.00       0  ksoftirqd/1
1791493679      0        28    0.00    0.00    0.00    0.00    0.00     2      0.00      0.00       0       0   0.00      0.00      0.00      0.00       0  ksoftirqd/2
1791493679      0        34    0.00    0.00    0.00    0.00    0.00     3      0.00      0.00       0       0   0.00      0.00      0.00      0.00       0  ksoftirqd/3
1791493679      0       342    0.00    1.00    0.00    0.00    1.00     1      0.00      0.00       0       0   0.00      0.00      0.00      0.00       0  jbd2/sda1-8
1791493679      0       415    0.00    0.00    0.00    0.00    0.00     2      0.00      0.00  177304  116276   1.43      0.00      0.00      0.00       0  systemd-journal
1791493679    104       739    0.00    0.00    0.00    0.00    0.00     3      0.00      0.00  222072    5200   0.06      0.00      0.00      0.00       0  rsyslogd
1791493679      0     17311    0.00    0.00    0.00    0.00    0.00     0      0.00      0.00   57076   12872   0.16      0.00      0.00      0.00       0  nginx
1791493679    112    244183  112.00   34.00    0.00    1.00  146.00     2      6.00      0.00 2861088  757408   9.33      0.00   9152.00      0.00       0  mysqld
1791493679     33    537871    6.00    8.00    0.00   16.00   14.00     1     34.00      0.00   60468   14148   0.17      0.00    488.00    404.00       0  nginx
1791493679     33    537872   10.00   13.00    0.00   32.00   23.00     3     55.00      0.00   63740   17576   0.22      0.00   1056.00    832.00       0  nginx
1791493679     33    537873    4.00    8.00    0.00   10.00   12.00     1     21.00      0.00   59220   12828   0.16      0.00    380.00    316.00       0  nginx
1791493679     33    537874    6.00   10.00    0.00   22.00   16.00     3     49.00      0.00   61284   14940   0.18      0.00   1020.00    904.00       0  nginx
1791493679    113    537877   21.00   20.00    0.00    0.00   41.00     3      2.00      0.00  682592   61032   0.75      0.00      0.00      0.00       0  pdns_server
1791493679   1100    538116   47.00   24.00    0.00   16.00   71.00     3   2560.00      0.00 2049588   21076   0.26      0.00      0.00      0.00       0  isupipe

# Time        UID       PID    %usr %system  %guest   %wait    %CPU   CPU  minflt/s  majflt/s     VSZ     RSS   %MEM   kB_rd/s   kB_wr/s kB_ccwr/s iodelay  Command
1791493680      0        13    0.00    0.00    0.00    0.00    0.00     0      0.00      0.00       0       0   0.00      0.00      0.00      0.00       0  ksoftirqd/0
1791493680      0        22    0.00    1.00    0.00    0.00    1.00     1      0.00      0.00       0       0   0.00      0.00      0.00      0.00       0  ksoftirqd/1
1791493680      0        28    0.00    0.00    0.00    0.00    0.00     2      0.00      0.00       0       0   0.00      0.00      0.00      0.00       0  ksoftirqd/2
1791493680      0        34    0.00    0.00    0.00    0.00    0.00     3      0.00      0.00       0       0   0.00      0.00      0.00      0.00       0  ksoftirqd/3
1791493680      0       342    0.00    1.00    0.00    0.00    1.00     0      0.00      0.00       0       0   0.00      0.00      4.00      0.00       0  jbd2/sda1-8
1791493680      0       415    0.00    0.00    0.00    0.00    0.00     2      0.00      0.00  177304  116276   1.43      0.00      0.00      0.00       0  systemd-journal
1791493680    104       739    0.00    0.00    0.00    0.00    0.00     3      0.00      0.00  222072    5200   0.06      0.00      0.00      0.00       0  rsyslogd
1791493680      0     17311    0.00    0.00    0.00    0.00    0.00     0      0.00      0.00   57076   12872   0.16      0.00      0.00      0.00       0  nginx
1791493680    112    244183  115.00   35.00    0.00    1.00  150.00     2      5.00      0.00 2861088  757408   9.33      0.00  14356.00      0.00       0  mysqld
1791493680     33    537871    5.00    6.00    0.00   16.00   11.00     1      0.00      0.00   60468   14148   0.17      0.00    240.00    156.00       0  nginx
1791493680     33    537872   10.00   15.00    0.00   37.00   25.00     1     41.00      0.00   63880   17840   0.22      0.00   1136.00    820.00       0  nginx
1791493680     33    537873    4.00    4.00    0.00   10.00    8.00     1     10.00      0.00   59360   12828   0.16      0.00    532.00    456.00       0  nginx
1791493680     33    537874    7.00   10.00    0.00   26.00   17.00     1     43.00      0.00   61424   15204   0.19      0.00   1016.00    900.00       0  nginx
1791493680    113    537877   20.00   21.00    0.00    0.00   41.00     3      1.00      0.00  682592   61032   0.75      0.00      0.00      0.00       0  pdns_server
1791493680   1100    538116   48.00   26.00    0.00   21.00   74.00     3   1981.00      0.00 2049588   21676   0.27      0.00      0.00      0.00       0  isupipe

# Time        UID       PID    %usr %system  %guest   %wait    %CPU   CPU  minflt/s  majflt/s     VSZ     RSS   %MEM   kB_rd/s   kB_wr/s kB_ccwr/s iodelay  Command
1791493681      0        13    0.00    0.00    0.00    0.00    0.00     0      0.00      0.00       0       0   0.00      0.00      0.00      0.00       0  ksoftirqd/0
1791493681      0        22    0.00    1.00    0.00    0.00    1.00     1      0.00      0.00       0       0   0.00      0.00      0.00      0.00       0  ksoftirqd/1
1791493681      0        28    0.00    0.00    0.00    0.00    0.00     2      0.00      0.00       0       0   0.00      0.00      0.00      0.00       0  ksoftirqd/2
1791493681      0        34    0.00    0.00    0.00    0.00    0.00     3      0.00      0.00       0       0   0.00      0.00      0.00      0.00       0  ksoftirqd/3
1791493681      0       342    0.00    1.00    0.00    1.00    1.00     2      0.00      0.00       0       0   0.00      0.00      0.00      0.00       0  jbd2/sda1-8
1791493681      0       415    0.00    0.00    0.00    0.00    0.00     0      1.00      1.00  177304  116276   1.43      0.00      4.00      0.00       0  systemd-journal
1791493681    104       739    0.00    0.00    0.00    0.00    0.00     3      0.00      0.00  222072    5200   0.06      0.00      0.00      0.00       0  rsyslogd
1791493681      0     17311    0.00    0.00    0.00    0.00    0.00     0      0.00      0.00   57076   12872   0.16      0.00      0.00      0.00       0  nginx
1791493681    112    244183  112.00   30.00    0.00    1.00  142.00     2     11.00      0.00 2861088  757600   9.33      0.00   9028.00      0.00       0  mysqld
1791493681     33    537871    9.00    7.00    0.00   18.00   16.00     1      0.00      0.00   60468   14148   0.17      0.00    404.00    288.00       0  nginx
1791493681     33    537872   10.00   13.00    0.00   37.00   23.00     1      6.00      0.00   64012   17840   0.22      0.00   1196.00   1100.00       0  nginx
1791493681     33    537873    4.00    4.00    0.00    7.00    8.00     1      7.00      0.00   59360   12828   0.16      0.00    572.00    512.00       0  nginx
1791493681     33    537874    6.00   11.00    0.00   32.00   17.00     1      0.00      0.00   61424   15204   0.19      0.00    452.00    316.00       0  nginx
1791493681    113    537877   23.00   22.00    0.00    0.00   45.00     3      1.00      0.00  682592   61032   0.75      0.00      0.00      0.00       0  pdns_server
1791493681   1100    538116   43.00   25.00    0.00   18.00   68.00     3   2026.00      0.00 2049588   22180   0.27      0.00      0.00      0.00       0  isupipe

# Time        UID       PID    %usr %system  %guest   %wait    %CPU   CPU  minflt/s  majflt/s     VSZ     RSS   %MEM   kB_rd/s   kB_wr/s kB_ccwr/s iodelay  Command
1791493682      0        13    0.00    0.00    0.00    0.00    0.00     0      0.00      0.00       0       0   0.00      0.00      0.00      0.00       0  ksoftirqd/0
1791493682      0        22    0.00    1.00    0.00    1.00    1.00     1      0.00      0.00       0       0   0.00      0.00      0.00      0.00       0  ksoftirqd/1
1791493682      0        28    0.00    0.00    0.00    0.00    0.00     2      0.00      0.00       0       0   0.00      0.00      0.00      0.00       0  ksoftirqd/2
1791493682      0        34    0.00    0.00    0.00    0.00    0.00     3      0.00      0.00       0       0   0.00      0.00      0.00      0.00       0  ksoftirqd/3
1791493682      0       342    0.00    1.00    0.00    0.00    1.00     2      0.00      0.00       0       0   0.00      0.00      0.00      0.00       0  jbd2/sda1-8
1791493682      0       415    0.00    1.00    0.00    0.00    1.00     3      0.00     42.00  177304  116296   1.43      0.00    168.00      0.00       0  systemd-journal
1791493682    104       739    0.00    0.00    0.00    0.00    0.00     3      0.00      0.00  222072    5200   0.06      0.00     12.00      0.00       0  rsyslogd
1791493682      0     17311    0.00    0.00    0.00    0.00    0.00     0      0.00      0.00   57076   12872   0.16      0.00      0.00      0.00       0  nginx
1791493682    112    244183  113.00   30.00    0.00    0.00  143.00     2     10.00      0.00 2861088  757600   9.33      0.00  12940.00      0.00       0  mysqld
1791493682     33    537871    4.00   11.00    0.00   16.00   15.00     1      0.00      0.00   60468   14148   0.17      0.00    572.00    468.00       0  nginx
1791493682     33    537872   12.00   12.00    0.00   26.00   24.00     1     60.00      0.00   64144   18104   0.22      0.00    780.00    552.00       0  nginx
1791493682     33    537873    3.00    7.00    0.00    7.00   10.00     1      6.00      0.00   59360   13092   0.16      0.00    540.00    500.00       0  nginx
1791493682     33    537874    9.00    9.00    0.00   19.00   18.00     1     22.00      0.00   61564   15204   0.19      0.00    872.00    756.00       0  nginx
1791493682    113    537877   23.00   20.00    0.00    0.00   43.00     3      1.00      0.00  682592   61032   0.75      0.00      0.00      0.00       0  pdns_server
1791493682   1100    538116   51.00   19.00    0.00   14.00   70.00     0   1845.00      0.00 2049588   22444   0.28      0.00      0.00      0.00       0  isupipe

# Time        UID       PID    %usr %system  %guest   %wait    %CPU   CPU  minflt/s  majflt/s     VSZ     RSS   %MEM   kB_rd/s   kB_wr/s kB_ccwr/s iodelay  Command
1791493683      0        13    0.00    0.00    0.00    0.00    0.00     0      0.00      0.00       0       0   0.00      0.00      0.00      0.00       0  ksoftirqd/0
1791493683      0        22    0.00    1.00    0.00    0.00    1.00     1      0.00      0.00       0       0   0.00      0.00      0.00      0.00       0  ksoftirqd/1
1791493683      0        28    0.00    0.00    0.00    0.00    0.00     2      0.00      0.00       0       0   0.00      0.00      0.00      0.00       0  ksoftirqd/2
1791493683      0        34    0.00    1.00    0.00    0.00    1.00     3      0.00      0.00       0       0   0.00      0.00      0.00      0.00       0  ksoftirqd/3
1791493683      0       342    0.00    1.00    0.00    0.00    1.00     0      0.00      0.00       0       0   0.00      0.00      0.00      0.00       0  jbd2/sda1-8
1791493683      0       415    0.00    0.00    0.00    0.00    0.00     3      0.00     34.00  177304  116320   1.43      0.00    136.00      0.00       0  systemd-journal
1791493683    104       739    0.00    0.00    0.00    0.00    0.00     3      0.00      0.00  222072    5200   0.06      0.00      8.00      0.00       0  rsyslogd
1791493683      0     17311    0.00    0.00    0.00    0.00    0.00     0      0.00      0.00   57076   12872   0.16      0.00      0.00      0.00       0  nginx
1791493683    112    244183  110.00   33.00    0.00    1.00  143.00     2     12.00      0.00 2861088  757600   9.33      0.00   9496.00      0.00       0  mysqld
1791493683     33    537871    6.00    8.00    0.00   18.00   14.00     1      2.00      0.00   60468   14148   0.17      0.00    960.00    876.00       0  nginx
1791493683     33    537872   12.00   10.00    0.00   39.00   22.00     3     66.00      0.00   64408   18368   0.23      0.00   1704.00   1548.00       0  nginx
1791493683     33    537873    5.00    7.00    0.00   20.00   12.00     1      3.00      0.00   59360   13092   0.16      0.00    116.00     72.00       0  nginx
1791493683     33    537874    6.00   11.00    0.00   30.00   17.00     1      9.00      0.00   61564   15204   0.19      0.00    384.00    240.00       0  nginx
1791493683    113    537877   22.00   23.00    0.00    0.00   45.00     3      2.00      0.00  682592   61032   0.75      0.00      0.00      0.00       0  pdns_server
1791493683   1100    538116   48.00   25.00    0.00   21.00   73.00     2   2344.00      0.00 2049588   23184   0.29      0.00      0.00      0.00       0  isupipe

# Time        UID       PID    %usr %system  %guest   %wait    %CPU   CPU  minflt/s  majflt/s     VSZ     RSS   %MEM   kB_rd/s   kB_wr/s kB_ccwr/s iodelay  Command
1791493684      0        13    0.00    0.00    0.00    0.00    0.00     0      0.00      0.00       0       0   0.00      0.00      0.00      0.00       0  ksoftirqd/0
1791493684      0        22    0.00    1.00    0.00    0.00    1.00     1      0.00      0.00       0       0   0.00      0.00      0.00      0.00       0  ksoftirqd/1
1791493684      0        28    0.00    0.00    0.00    0.00    0.00     2      0.00      0.00       0       0   0.00      0.00      0.00      0.00       0  ksoftirqd/2
1791493684      0        34    0.00    0.00    0.00    0.00    0.00     3      0.00      0.00       0       0   0.00      0.00      0.00      0.00       0  ksoftirqd/3
1791493684      0       342    0.00    1.00    0.00    0.00    1.00     0      0.00      0.00       0       0   0.00      0.00      0.00      0.00       0  jbd2/sda1-8
1791493684      0       415    0.00    1.00    0.00    0.00    1.00     3      0.00     28.00  177304  116340   1.43      0.00    112.00      0.00       0  systemd-journal
1791493684    104       739    0.00    0.00    0.00    0.00    0.00     3      0.00      0.00  222072    5200   0.06      0.00      4.00      0.00       0  rsyslogd
1791493684      0     17311    0.00    0.00    0.00    0.00    0.00     0      0.00      0.00   57076   12872   0.16      0.00      0.00      0.00       0  nginx
1791493684    112    244183  114.00   29.00    0.00    1.00  143.00     0      7.00      0.00 2861088  757600   9.33      0.00   8704.00      0.00       0  mysqld
1791493684     33    537871    5.00    6.00    0.00   15.00   11.00     1      1.00      0.00   60468   14148   0.17      0.00    188.00     84.00       0  nginx
1791493684     33    537872   13.00   13.00    0.00   31.00   26.00     2     32.00      0.00   64544   18368   0.23      0.00   1148.00    836.00       0  nginx
1791493684     33    537873    4.00    5.00    0.00   10.00    9.00     3      3.00      0.00   59360   13092   0.16      0.00    100.00      0.00       0  nginx
1791493684     33    537874    6.00    9.00    0.00   21.00   15.00     0      0.00      0.00   61564   15204   0.19      0.00   1212.00   1076.00       0  nginx
1791493684    113    537877   25.00   19.00    0.00    0.00   44.00     3      1.00      0.00  682592   61032   0.75      0.00      0.00      0.00       0  pdns_server
1791493684   1100    538116   49.00   24.00    0.00   12.00   73.00     3   1750.00      0.00 2123380   22328   0.28      0.00      0.00      0.00       0  isupipe

# Time        UID       PID    %usr %system  %guest   %wait    %CPU   CPU  minflt/s  majflt/s     VSZ     RSS   %MEM   kB_rd/s   kB_wr/s kB_ccwr/s iodelay  Command
1791493685      0        13    0.00    0.00    0.00    0.00    0.00     0      0.00      0.00       0       0   0.00      0.00      0.00      0.00       0  ksoftirqd/0
1791493685      0        22    0.00    1.00    0.00    0.00    1.00     1      0.00      0.00       0       0   0.00      0.00      0.00      0.00       0  ksoftirqd/1
1791493685      0        28    0.00    1.00    0.00    0.00    1.00     2      0.00      0.00       0       0   0.00      0.00      0.00      0.00       0  ksoftirqd/2
1791493685      0        34    0.00    0.00    0.00    0.00    0.00     3      0.00      0.00       0       0   0.00      0.00      0.00      0.00       0  ksoftirqd/3
1791493685      0       342    0.00    0.00    0.00    0.00    0.00     2      0.00      0.00       0       0   0.00      0.00      0.00      0.00       0  jbd2/sda1-8
1791493685      0       415    0.00    0.00    0.00    0.00    0.00     3      0.00     27.00  177304  116372   1.43      0.00    108.00      0.00       0  systemd-journal
1791493685    104       739    0.00    0.00    0.00    0.00    0.00     3      0.00      0.00  222072    5200   0.06      0.00      8.00      0.00       0  rsyslogd
1791493685      0     17311    0.00    0.00    0.00    0.00    0.00     0      0.00      0.00   57076   12872   0.16      0.00      0.00      0.00       0  nginx
1791493685    112    244183  108.00   33.00    0.00    0.00  141.00     0      9.00      0.00 2861088  757792   9.33      0.00  12648.00      0.00       0  mysqld
1791493685     33    537871    6.00    8.00    0.00   13.00   14.00     1      0.00      0.00   60468   14148   0.17      0.00    672.00    580.00       0  nginx
1791493685     33    537872   14.00   11.00    0.00   31.00   25.00     3     13.00      0.00   64684   18368   0.23      0.00   1188.00   1064.00       0  nginx
1791493685     33    537873    3.00    2.00    0.00    5.00    5.00     1      3.00      0.00   59360   13092   0.16      0.00    152.00     88.00       0  nginx
1791493685     33    537874    7.00   11.00    0.00   25.00   18.00     1      0.00      0.00   61564   15204   0.19      0.00    620.00    516.00       0  nginx
1791493685    113    537877   24.00   21.00    0.00    0.00   45.00     3      0.00      0.00  682592   61032   0.75      0.00      0.00      0.00       0  pdns_server
1791493685   1100    538116   45.00   25.00    0.00    0.00   70.00     3   1832.00      0.00 2123380   22240   0.27      0.00      0.00      0.00       0  isupipe

# Time        UID       PID    %usr %system  %guest   %wait    %CPU   CPU  minflt/s  majflt/s     VSZ     RSS   %MEM   kB_rd/s   kB_wr/s kB_ccwr/s iodelay  Command
1791493686      0        13    0.00    0.00    0.00    0.00    0.00     0      0.00      0.00       0       0   0.00      0.00      0.00      0.00       0  ksoftirqd/0
1791493686      0        22    0.00    1.00    0.00    0.00    1.00     1      0.00      0.00       0       0   0.00      0.00      0.00      0.00       0  ksoftirqd/1
1791493686      0        28    0.00    0.00    0.00    0.00    0.00     2      0.00      0.00       0       0   0.00      0.00      0.00      0.00       0  ksoftirqd/2
1791493686      0        34    0.00    0.00    0.00    0.00    0.00     3      0.00      0.00       0       0   0.00      0.00      0.00      0.00       0  ksoftirqd/3
1791493686      0       342    0.00    1.00    0.00    1.00    1.00     0      0.00      0.00       0       0   0.00      0.00      4.00      0.00       0  jbd2/sda1-8
1791493686      0       415    1.00    0.00    0.00    1.00    1.00     3      0.00     37.00  177304  116392   1.43      0.00    148.00      0.00       0  systemd-journal
1791493686    104       739    0.00    0.00    0.00    0.00    0.00     3      0.00      0.00  222072    5200   0.06      0.00      8.00      0.00       0  rsyslogd
1791493686      0     17311    0.00    0.00    0.00    0.00    0.00     0      0.00      0.00   57076   12872   0.16      0.00      0.00      0.00       0  nginx
1791493686    112    244183  112.00   31.00    0.00    0.00  143.00     0      2.00      0.00 2861088  757792   9.33      0.00  10328.00      0.00       0  mysqld
1791493686     33    537871    8.00    6.00    0.00   16.00   14.00     1     18.00      0.00   60468   14148   0.17      0.00    472.00    356.00       0  nginx
1791493686     33    537872    8.00   12.00    0.00   29.00   20.00     3     39.00      0.00   64828   18632   0.23      0.00   1924.00   1772.00       0  nginx
1791493686     33    537873    3.00    8.00    0.00    9.00   11.00     1      0.00      0.00   59360   13092   0.16      0.00    300.00    272.00       0  nginx
1791493686     33    537874    8.00    8.00    0.00   23.00   16.00     2     38.00      0.00   61696   15468   0.19      0.00    724.00    572.00       0  nginx
1791493686    113    537877   24.00   19.00    0.00    0.00   43.00     3      0.00      0.00  682592   61032   0.75      0.00      0.00      0.00       0  pdns_server
1791493686   1100    538116   47.00   30.00    0.00    0.00   77.00     3   2707.00      0.00 2123380   22608   0.28      0.00      0.00      0.00       0  isupipe
1791493686   1100    540165    0.00    0.00    0.00    0.00    0.00     2      1.00      0.00 2123380   22608   0.28      0.00      0.00      0.00       0  isupipe

# Time        UID       PID    %usr %system  %guest   %wait    %CPU   CPU  minflt/s  majflt/s     VSZ     RSS   %MEM   kB_rd/s   kB_wr/s kB_ccwr/s iodelay  Command
1791493687      0        13    0.00    0.00    0.00    0.00    0.00     0      0.00      0.00       0       0   0.00      0.00      0.00      0.00       0  ksoftirqd/0
1791493687      0        22    0.00    1.00    0.00    0.00    1.00     1      0.00      0.00       0       0   0.00      0.00      0.00      0.00       0  ksoftirqd/1
1791493687      0        28    0.00    0.00    0.00    0.00    0.00     2      0.00      0.00       0       0   0.00      0.00      0.00      0.00       0  ksoftirqd/2
1791493687      0        34    0.00    0.00    0.00    0.00    0.00     3      0.00      0.00       0       0   0.00      0.00      0.00      0.00       0  ksoftirqd/3
1791493687      0       342    0.00    1.00    0.00    0.00    1.00     0      0.00      0.00       0       0   0.00      0.00     12.00      0.00       0  jbd2/sda1-8
1791493687      0       415    0.00    0.00    0.00    0.00    0.00     3      0.00    111.00  177304  116448   1.43      0.00    444.00      0.00       0  systemd-journal
1791493687    104       739    0.00    1.00    0.00    0.00    1.00     3      0.00      0.00  222072    5200   0.06      0.00     20.00      0.00       0  rsyslogd
1791493687      0     17311    0.00    0.00    0.00    0.00    0.00     0      0.00      0.00   57076   12872   0.16      0.00      0.00      0.00       0  nginx
1791493687    112    244183  114.00   27.00    0.00    1.00  141.00     3      6.00      0.00 2861088  757980   9.34      0.00  13108.00      0.00       0  mysqld
1791493687     33    537871    7.00    7.00    0.00   17.00   14.00     1      0.00      0.00   60468   14148   0.17      0.00    708.00    608.00       0  nginx
1791493687     33    537872   10.00   13.00    0.00   35.00   23.00     1     18.00      0.00   64828   18632   0.23      0.00   1204.00   1040.00       0  nginx
1791493687     33    537873    4.00    6.00    0.00    7.00   10.00     1      0.00      0.00   59360   13092   0.16      0.00    432.00    344.00       0  nginx
1791493687     33    537874    5.00   12.00    0.00   30.00   17.00     1      7.00      0.00   61696   15468   0.19      0.00    688.00    568.00       0  nginx
1791493687    113    537877   22.00   26.00    0.00    0.00   48.00     3      3.00      0.00  682592   61032   0.75      0.00      0.00      0.00       0  pdns_server
1791493687   1100    538116   39.00   27.00    0.00    0.00   66.00     3   3520.00      0.00 2123380   21488   0.26      0.00      0.00      0.00       0  isupipe

# Time        UID       PID    %usr %system  %guest   %wait    %CPU   CPU  minflt/s  majflt/s     VSZ     RSS   %MEM   kB_rd/s   kB_wr/s kB_ccwr/s iodelay  Command
1791493688      0        13    0.00    1.00    0.00    0.00    1.00     0      0.00      0.00       0       0   0.00      0.00      0.00      0.00       0  ksoftirqd/0
1791493688      0        22    0.00    1.00    0.00    0.00    1.00     1      0.00      0.00       0       0   0.00      0.00      0.00      0.00       0  ksoftirqd/1
1791493688      0        28    0.00    0.00    0.00    0.00    0.00     2      0.00      0.00       0       0   0.00      0.00      0.00      0.00       0  ksoftirqd/2
1791493688      0        34    0.00    0.00    0.00    0.00    0.00     3      0.00      0.00       0       0   0.00      0.00      0.00      0.00       0  ksoftirqd/3
1791493688      0       342    0.00    1.00    0.00    0.00    1.00     0      0.00      0.00       0       0   0.00      0.00      4.00      0.00       0  jbd2/sda1-8
1791493688      0       415    1.00    0.00    0.00    0.00    1.00     3      0.00     85.00  177304  116508   1.44      0.00    340.00      0.00       0  systemd-journal
1791493688    104       739    0.00    0.00    0.00    0.00    0.00     3      0.00      0.00  222072    5200   0.06      0.00     20.00      0.00       0  rsyslogd
1791493688      0     17311    0.00    0.00    0.00    0.00    0.00     0      0.00      0.00   57076   12872   0.16      0.00      0.00      0.00       0  nginx
1791493688    112    244183  105.00   29.00    0.00    0.00  134.00     3     31.00      0.00 2861088  757980   9.34      0.00  16092.00      0.00       0  mysqld
1791493688     33    537871    6.00    7.00    0.00   14.00   13.00     1      0.00      0.00   60468   14148   0.17      0.00    352.00    256.00       0  nginx
1791493688     33    537872   12.00   11.00    0.00   26.00   23.00     0     54.00      0.00   65104   18896   0.23      0.00   1632.00   1388.00       0  nginx
1791493688     33    537873    5.00    6.00    0.00    7.00   11.00     1      1.00      0.00   59360   13092   0.16      0.00    384.00    332.00       0  nginx
1791493688     33    537874    6.00   10.00    0.00   23.00   16.00     1      0.00      0.00   61696   15468   0.19      0.00    624.00    484.00       0  nginx
1791493688    113    537877   21.00   22.00    0.00    0.00   43.00     3      2.00      0.00  682592   61032   0.75      0.00      0.00      0.00       0  pdns_server
1791493688   1100    538116   47.00   30.00    0.00    0.00   77.00     3   4428.00      0.00 2123380   20296   0.25      0.00      0.00      0.00       0  isupipe

# Time        UID       PID    %usr %system  %guest   %wait    %CPU   CPU  minflt/s  majflt/s     VSZ     RSS   %MEM   kB_rd/s   kB_wr/s kB_ccwr/s iodelay  Command
1791493689      0        13    0.00    0.00    0.00    0.00    0.00     0      0.00      0.00       0       0   0.00      0.00      0.00      0.00       0  ksoftirqd/0
1791493689      0        22    0.00    1.00    0.00    0.00    1.00     1      0.00      0.00       0       0   0.00      0.00      0.00      0.00       0  ksoftirqd/1
1791493689      0        28    0.00    0.00    0.00    0.00    0.00     2      0.00      0.00       0       0   0.00      0.00      0.00      0.00       0  ksoftirqd/2
1791493689      0        34    0.00    0.00    0.00    0.00    0.00     3      0.00      0.00       0       0   0.00      0.00      0.00      0.00       0  ksoftirqd/3
1791493689      0       342    0.00    1.00    0.00    1.00    1.00     2      0.00      0.00       0       0   0.00      0.00      0.00      0.00       0  jbd2/sda1-8
1791493689      0       415    1.00    1.00    0.00    1.00    2.00     3      0.00     78.00  177304  116548   1.44      0.00    312.00      0.00       0  systemd-journal
1791493689    104       739    0.00    0.00    0.00    0.00    0.00     3      0.00      0.00  222072    5200   0.06      0.00     24.00      0.00       0  rsyslogd
1791493689      0     17311    0.00    0.00    0.00    0.00    0.00     0      0.00      0.00   57076   12872   0.16      0.00      0.00      0.00       0  nginx
1791493689    112    244183  105.00   35.00    0.00    1.00  140.00     2      3.00      0.00 2861088  757980   9.34      0.00  13672.00      0.00       0  mysqld
1791493689     33    537871    3.00    9.00    0.00   14.00   12.00     1      0.00      0.00   60468   14148   0.17      0.00    432.00    332.00       0  nginx
1791493689     33    537872   11.00   12.00    0.00   29.00   23.00     0     74.00      0.00   65384   19160   0.24      0.00   1336.00   1240.00       0  nginx
1791493689     33    537873    5.00    6.00    0.00    9.00   11.00     1     21.00      0.00   59504   13092   0.16      0.00    584.00    512.00       0  nginx
1791493689     33    537874    4.00   11.00    0.00   25.00   15.00     1      1.00      0.00   61696   15468   0.19      0.00   1184.00   1032.00       0  nginx
1791493689    113    537877   23.00   21.00    0.00    0.00   44.00     3      1.00      0.00  682592   61032   0.75      0.00      0.00      0.00       0  pdns_server
1791493689   1100    538116   46.00   26.00    0.00    0.00   72.00     3   3805.00      0.00 2123380   21164   0.26      0.00      0.00      0.00       0  isupipe

# Time        UID       PID    %usr %system  %guest   %wait    %CPU   CPU  minflt/s  majflt/s     VSZ     RSS   %MEM   kB_rd/s   kB_wr/s kB_ccwr/s iodelay  Command
1791493690      0        13    0.00    0.00    0.00    0.00    0.00     0      0.00      0.00       0       0   0.00      0.00      0.00      0.00       0  ksoftirqd/0
1791493690      0        22    0.00    1.00    0.00    0.00    1.00     1      0.00      0.00       0       0   0.00      0.00      0.00      0.00       0  ksoftirqd/1
1791493690      0        28    0.00    0.00    0.00    0.00    0.00     2      0.00      0.00       0       0   0.00      0.00      0.00      0.00       0  ksoftirqd/2
1791493690      0        34    0.00    1.00    0.00    0.00    1.00     3      0.00      0.00       0       0   0.00      0.00      0.00      0.00       0  ksoftirqd/3
1791493690      0       342    0.00    1.00    0.00    0.00    1.00     2      0.00      0.00       0       0   0.00      0.00      4.00      0.00       0  jbd2/sda1-8
1791493690      0       415    0.00    1.00    0.00    0.00    1.00     3      1.00     77.00  177304  116672   1.44      0.00    308.00      0.00       0  systemd-journal
1791493690    104       739    1.00    0.00    0.00    0.00    1.00     3      0.00      0.00  222072    5200   0.06      0.00     24.00      0.00       0  rsyslogd
1791493690      0     17311    0.00    0.00    0.00    0.00    0.00     0      0.00      0.00   57076   12872   0.16      0.00      0.00      0.00       0  nginx
1791493690    112    244183   99.00   36.00    0.00    0.00  135.00     2      5.00      0.00 2861088  757980   9.34      0.00  10264.00      0.00       0  mysqld
1791493690     33    537871    8.00    4.00    0.00   12.00   12.00     1     10.00      0.00   60468   14148   0.17      0.00    432.00    368.00       0  nginx
1791493690     33    537872   11.00   17.00    0.00   35.00   28.00     1     56.00      0.00   65652   19424   0.24      0.00   1396.00   1140.00       0  nginx
1791493690     33    537873    4.00    3.00    0.00    5.00    7.00     1      9.00      0.00   59504   13092   0.16      0.00    208.00    132.00       0  nginx
1791493690     33    537874    6.00   13.00    0.00   25.00   19.00     1     46.00      0.00   61964   15732   0.19      0.00    928.00    812.00       0  nginx
1791493690    113    537877   21.00   20.00    0.00    0.00   41.00     3      0.00      0.00  682592   61032   0.75      0.00      0.00      0.00       0  pdns_server
1791493690   1100    538116   46.00   28.00    0.00    0.00   74.00     3   3181.00      0.00 2123380   21264   0.26      0.00      0.00      0.00       0  isupipe

# Time        UID       PID    %usr %system  %guest   %wait    %CPU   CPU  minflt/s  majflt/s     VSZ     RSS   %MEM   kB_rd/s   kB_wr/s kB_ccwr/s iodelay  Command
1791493691      0        13    0.00    0.00    0.00    0.00    0.00     0      0.00      0.00       0       0   0.00      0.00      0.00      0.00       0  ksoftirqd/0
1791493691      0        22    0.00    1.00    0.00    0.00    1.00     1      0.00      0.00       0       0   0.00      0.00      0.00      0.00       0  ksoftirqd/1
1791493691      0        28    0.00    0.00    0.00    0.00    0.00     2      0.00      0.00       0       0   0.00      0.00      0.00      0.00       0  ksoftirqd/2
1791493691      0        34    0.00    0.00    0.00    0.00    0.00     3      0.00      0.00       0       0   0.00      0.00      0.00      0.00       0  ksoftirqd/3
1791493691      0       342    0.00    1.00    0.00    0.00    1.00     0      0.00      0.00       0       0   0.00      0.00      0.00      0.00       0  jbd2/sda1-8
1791493691      0       415    0.00    1.00    0.00    1.00    1.00     3      0.00     49.00  177304  116732   1.44      0.00    196.00      0.00       0  systemd-journal
1791493691    104       739    0.00    1.00    0.00    0.00    1.00     3      0.00      0.00  222072    5200   0.06      0.00     20.00      0.00       0  rsyslogd
1791493691      0     17311    0.00    0.00    0.00    0.00    0.00     0      0.00      0.00   57076   12872   0.16      0.00      0.00      0.00       0  nginx
1791493691    112    244183  102.00   36.00    0.00    1.00  138.00     3      0.00      0.00 2861088  757980   9.34      0.00   9692.00      0.00       0  mysqld
1791493691     33    537871    5.00    8.00    0.00   15.00   13.00     1     35.00      0.00   60608   14412   0.18      0.00    860.00    788.00       0  nginx
1791493691     33    537872    9.00   12.00    0.00   39.00   21.00     2      5.00      0.00   65652   19424   0.24      0.00   1376.00   1172.00       0  nginx
1791493691     33    537873    6.00    7.00    0.00   13.00   13.00     1     22.00      0.00   59644   13092   0.16      0.00    324.00    292.00       0  nginx
1791493691     33    537874    5.00   11.00    0.00   29.00   16.00     1      1.00      0.00   61964   15732   0.19      0.00    968.00    840.00       0  nginx
1791493691    113    537877   24.00   21.00    0.00    0.00   45.00     3      3.00      0.00  682592   61032   0.75      0.00      0.00      0.00       0  pdns_server
1791493691   1100    538116   49.00   24.00    0.00    0.00   73.00     3   3561.00      0.00 2123380   21320   0.26      0.00      0.00      0.00       0  isupipe

# Time        UID       PID    %usr %system  %guest   %wait    %CPU   CPU  minflt/s  majflt/s     VSZ     RSS   %MEM   kB_rd/s   kB_wr/s kB_ccwr/s iodelay  Command
1791493692      0        13    0.00    0.00    0.00    0.00    0.00     0      0.00      0.00       0       0   0.00      0.00      0.00      0.00       0  ksoftirqd/0
1791493692      0        22    0.00    1.00    0.00    0.00    1.00     1      0.00      0.00       0       0   0.00      0.00      0.00      0.00       0  ksoftirqd/1
1791493692      0        28    0.00    1.00    0.00    0.00    1.00     2      0.00      0.00       0       0   0.00      0.00      0.00      0.00       0  ksoftirqd/2
1791493692      0        34    0.00    0.00    0.00    0.00    0.00     3      0.00      0.00       0       0   0.00      0.00      0.00      0.00       0  ksoftirqd/3
1791493692      0       342    0.00    1.00    0.00    0.00    1.00     3      0.00      0.00       0       0   0.00      0.00     24.00      0.00       0  jbd2/sda1-8
1791493692      0       415    1.00    0.00    0.00    0.00    1.00     0      0.00     48.00  177304  116780   1.44      0.00    192.00      0.00       0  systemd-journal
1791493692    104       739    0.00    0.00    0.00    0.00    0.00     3      0.00      0.00  222072    5200   0.06      0.00     28.00      0.00       0  rsyslogd
1791493692      0     17311    0.00    0.00    0.00    0.00    0.00     0      0.00      0.00   57076   12872   0.16      0.00      0.00      0.00       0  nginx
1791493692    112    244183  106.00   33.00    0.00    0.00  139.00     3     11.00      0.00 2861088  757980   9.34      0.00  13444.00      0.00       0  mysqld
1791493692     33    537871    7.00    7.00    0.00   19.00   14.00     1     35.00      0.00   60744   14412   0.18      0.00    664.00    560.00       0  nginx
1791493692     33    537872    9.00   12.00    0.00   41.00   21.00     1     13.00      0.00   65652   19424   0.24      0.00   1236.00   1052.00       0  nginx
1791493692     33    537873    5.00    7.00    0.00   14.00   12.00     1     11.00      0.00   59644   13356   0.16      0.00    328.00    232.00       0  nginx
1791493692     33    537874    6.00   11.00    0.00   31.00   17.00     1     26.00      0.00   61964   15732   0.19      0.00    860.00    664.00       0  nginx
1791493692    113    537877   21.00   24.00    0.00    0.00   45.00     3      0.00      0.00  682592   61032   0.75      0.00      0.00      0.00       0  pdns_server
1791493692   1100    538116   47.00   22.00    0.00    0.00   69.00     3   2168.00      0.00 2123380   21516   0.27      0.00      0.00      0.00       0  isupipe

# Time        UID       PID    %usr %system  %guest   %wait    %CPU   CPU  minflt/s  majflt/s     VSZ     RSS   %MEM   kB_rd/s   kB_wr/s kB_ccwr/s iodelay  Command
1791493693      0        13    0.00    0.00    0.00    0.00    0.00     0      0.00      0.00       0       0   0.00      0.00      0.00      0.00       0  ksoftirqd/0
1791493693      0        22    0.00    1.00    0.00    0.00    1.00     1      0.00      0.00       0       0   0.00      0.00      0.00      0.00       0  ksoftirqd/1
1791493693      0        28    0.00    0.00    0.00    0.00    0.00     2      0.00      0.00       0       0   0.00      0.00      0.00      0.00       0  ksoftirqd/2
1791493693      0        34    0.00    0.00    0.00    1.00    0.00     3      0.00      0.00       0       0   0.00      0.00      0.00      0.00       0  ksoftirqd/3
1791493693      0       342    0.00    1.00    0.00    0.00    1.00     0      0.00      0.00       0       0   0.00      0.00      8.00      0.00       0  jbd2/sda1-8
1791493693      0       415    2.00    0.00    0.00    0.00    2.00     0      0.00     51.00  177304  116856   1.44      0.00    204.00      0.00       0  systemd-journal
1791493693    104       739    0.00    0.00    0.00    0.00    0.00     3      0.00      0.00  222072    5200   0.06      0.00     20.00      0.00       0  rsyslogd
1791493693      0     17311    0.00    0.00    0.00    0.00    0.00     0      0.00      0.00   57076   12872   0.16      0.00      0.00      0.00       0  nginx
1791493693    112    244183  100.00   38.00    0.00    1.00  138.00     3      7.00      0.00 2861088  757980   9.34      0.00  10684.00      0.00       0  mysqld
1791493693     33    537871    7.00    9.00    0.00   17.00   16.00     1     52.00      0.00   61008   14676   0.18      0.00    508.00    416.00       0  nginx
1791493693     33    537872   10.00   10.00    0.00   39.00   20.00     2      0.00      0.00   65652   19424   0.24      0.00    960.00    784.00       0  nginx
1791493693     33    537873    5.00    8.00    0.00   13.00   13.00     1     33.00      0.00   59776   13356   0.16      0.00    808.00    732.00       0  nginx
1791493693     33    537874    8.00    9.00    0.00   32.00   17.00     1     57.00      0.00   62240   15996   0.20      0.00   1084.00   1024.00       0  nginx
1791493693    113    537877   23.00   19.00    0.00    0.00   42.00     3      1.00      0.00  682592   61032   0.75      0.00      0.00      0.00       0  pdns_server
1791493693   1100    538116   50.00   26.00    0.00    0.00   76.00     3   4108.00      0.00 2123380   21484   0.26      0.00      0.00      0.00       0  isupipe

# Time        UID       PID    %usr %system  %guest   %wait    %CPU   CPU  minflt/s  majflt/s     VSZ     RSS   %MEM   kB_rd/s   kB_wr/s kB_ccwr/s iodelay  Command
1791493694      0        13    0.00    0.00    0.00    0.00    0.00     0      0.00      0.00       0       0   0.00      0.00      0.00      0.00       0  ksoftirqd/0
1791493694      0        22    0.00    0.00    0.00    0.00    0.00     1      0.00      0.00       0       0   0.00      0.00      0.00      0.00       0  ksoftirqd/1
1791493694      0        28    0.00    0.00    0.00    0.00    0.00     2      0.00      0.00       0       0   0.00      0.00      0.00      0.00       0  ksoftirqd/2
1791493694      0        34    0.00    0.00    0.00    0.00    0.00     3      0.00      0.00       0       0   0.00      0.00      0.00      0.00       0  ksoftirqd/3
1791493694      0       342    0.00    1.00    0.00    0.00    1.00     0      0.00      0.00       0       0   0.00      0.00      0.00      0.00       0  jbd2/sda1-8
1791493694      0       415    0.00    0.00    0.00    1.00    0.00     0      0.00     41.00  177304  116908   1.44      0.00    164.00      0.00       0  systemd-journal
1791493694    104       739    0.00    0.00    0.00    0.00    0.00     3      0.00      0.00  222072    5200   0.06      0.00     24.00      0.00       0  rsyslogd
1791493694      0     17311    0.00    0.00    0.00    0.00    0.00     0      0.00      0.00   57076   12872   0.16      0.00      0.00      0.00       0  nginx
1791493694    112    244183  106.00   29.00    0.00    1.00  135.00     3     22.00      0.00 2861088  757980   9.34      0.00  14200.00      0.00       0  mysqld
1791493694     33    537871    5.00    8.00    0.00   13.00   13.00     1     13.00      0.00   61008   14676   0.18      0.00    244.00    180.00       0  nginx
1791493694     33    537872   11.00   17.00    0.00   32.00   28.00     2      3.00      0.00   65652   19424   0.24      0.00   1132.00    876.00       0  nginx
1791493694     33    537873    4.00    3.00    0.00    5.00    7.00     1     14.00      0.00   59776   13356   0.16      0.00    464.00    388.00       0  nginx
1791493694     33    537874    7.00    9.00    0.00   18.00   16.00     1     45.00      0.00   62376   16260   0.20      0.00   1152.00   1024.00       0  nginx
1791493694    113    537877   26.00   20.00    0.00    0.00   46.00     3      2.00      0.00  682592   61032   0.75      0.00      0.00      0.00       0  pdns_server
1791493694   1100    538116   48.00   29.00    0.00    0.00   77.00     3   2887.00      0.00 2123380   22516   0.28      0.00      0.00      0.00       0  isupipe

# Time        UID       PID    %usr %system  %guest   %wait    %CPU   CPU  minflt/s  majflt/s     VSZ     RSS   %MEM   kB_rd/s   kB_wr/s kB_ccwr/s iodelay  Command
1791493695      0        13    0.00    0.00    0.00    0.00    0.00     0      0.00      0.00       0       0   0.00      0.00      0.00      0.00       0  ksoftirqd/0
1791493695      0        22    0.00    2.00    0.00    0.00    2.00     1      0.00      0.00       0       0   0.00      0.00      0.00      0.00       0  ksoftirqd/1
1791493695      0        28    0.00    0.00    0.00    0.00    0.00     2      0.00      0.00       0       0   0.00      0.00      0.00      0.00       0  ksoftirqd/2
1791493695      0        34    0.00    0.00    0.00    0.00    0.00     3      0.00      0.00       0       0   0.00      0.00      0.00      0.00       0  ksoftirqd/3
1791493695      0       342    0.00    0.00    0.00    1.00    0.00     0      0.00      0.00       0       0   0.00      0.00      0.00      0.00       0  jbd2/sda1-8
1791493695      0       415    1.00    0.00    0.00    0.00    1.00     0      0.00     48.00  177304  116996   1.44      0.00    192.00      0.00       0  systemd-journal
1791493695    104       739    0.00    1.00    0.00    0.00    1.00     3      0.00      0.00  222072    5200   0.06      0.00     24.00      0.00       0  rsyslogd
1791493695      0     17311    0.00    0.00    0.00    0.00    0.00     0      0.00      0.00   57076   12872   0.16      0.00      0.00      0.00       0  nginx
1791493695    112    244183  104.00   34.00    0.00    1.00  138.00     3    101.00      0.00 2861088  758476   9.34      0.00   9664.00      0.00       0  mysqld
1791493695     33    537871    6.00    8.00    0.00   15.00   14.00     1     20.00      0.00   61140   14676   0.18      0.00   1164.00   1064.00       0  nginx
1791493695     33    537872   10.00   13.00    0.00   40.00   23.00     1      3.00      0.00   65652   19424   0.24      0.00   1412.00   1208.00       0  nginx
1791493695     33    537873    2.00    9.00    0.00   12.00   11.00     1     32.00      0.00   59908   13620   0.17      0.00    312.00    272.00       0  nginx
1791493695     33    537874    8.00   11.00    0.00   34.00   19.00     1     19.00      0.00   62508   16260   0.20      0.00    612.00    480.00       0  nginx
1791493695    113    537877   22.00   25.00    0.00    0.00   47.00     3      0.00      0.00  682592   61032   0.75      0.00      0.00      0.00       0  pdns_server
1791493695   1100    538116   47.00   24.00    0.00    0.00   71.00     3   2703.00      0.00 2123380   23132   0.28      0.00      0.00      0.00       0  isupipe

# Time        UID       PID    %usr %system  %guest   %wait    %CPU   CPU  minflt/s  majflt/s     VSZ     RSS   %MEM   kB_rd/s   kB_wr/s kB_ccwr/s iodelay  Command
1791493696      0        13    0.00    1.00    0.00    0.00    1.00     0      0.00      0.00       0       0   0.00      0.00      0.00      0.00       0  ksoftirqd/0
1791493696      0        22    0.00    1.00    0.00    0.00    1.00     1      0.00      0.00       0       0   0.00      0.00      0.00      0.00       0  ksoftirqd/1
1791493696      0        28    0.00    1.00    0.00    0.00    1.00     2      0.00      0.00       0       0   0.00      0.00      0.00      0.00       0  ksoftirqd/2
1791493696      0        34    0.00    0.00    0.00    0.00    0.00     3      0.00      0.00       0       0   0.00      0.00      0.00      0.00       0  ksoftirqd/3
1791493696      0       342    0.00    1.00    0.00    0.00    1.00     2      0.00      0.00       0       0   0.00      0.00      0.00      0.00       0  jbd2/sda1-8
1791493696      0       415    1.00    1.00    0.00    0.00    2.00     0      0.00     40.00  177304  117040   1.44      0.00    160.00      0.00       0  systemd-journal
1791493696    104       739    1.00    0.00    0.00    0.00    1.00     3      0.00      0.00  222072    5200   0.06      0.00     20.00      0.00       0  rsyslogd
1791493696      0     17311    0.00    0.00    0.00    0.00    0.00     0      0.00      0.00   57076   12872   0.16      0.00      0.00      0.00       0  nginx
1791493696    112    244183  100.00   43.00    0.00    1.00  143.00     0      3.00      0.00 2861088  758476   9.34      0.00  13552.00      0.00       0  mysqld
1791493696     33    537871    3.00    7.00    0.00    8.00   10.00     1     13.00      0.00   61140   14940   0.18      0.00    808.00    728.00       0  nginx
1791493696     33    537872   14.00   14.00    0.00   23.00   28.00     3     34.00      0.00   65784   19688   0.24      0.00   1544.00   1312.00       0  nginx
1791493696     33    537873    3.00    4.00    0.00    4.00    7.00     1      6.00      0.00   59908   13620   0.17      0.00    268.00    204.00       0  nginx
1791493696     33    537874    7.00    8.00    0.00   18.00   15.00     3      0.00      0.00   62508   16260   0.20      0.00    744.00    588.00       0  nginx
1791493696    113    537877   27.00   21.00    0.00    0.00   48.00     3      3.00      0.00  682592   61032   0.75      0.00      0.00      0.00       0  pdns_server
1791493696   1100    538116   45.00   28.00    0.00    0.00   73.00     3   2520.00      0.00 2123380   22472   0.28      0.00      0.00      0.00       0  isupipe

# Time        UID       PID    %usr %system  %guest   %wait    %CPU   CPU  minflt/s  majflt/s     VSZ     RSS   %MEM   kB_rd/s   kB_wr/s kB_ccwr/s iodelay  Command
1791493697      0        13    0.00    0.00    0.00    0.00    0.00     0      0.00      0.00       0       0   0.00      0.00      0.00      0.00       0  ksoftirqd/0
1791493697      0        22    0.00    1.00    0.00    1.00    1.00     1      0.00      0.00       0       0   0.00      0.00      0.00      0.00       0  ksoftirqd/1
1791493697      0        28    0.00    0.00    0.00    0.00    0.00     2      0.00      0.00       0       0   0.00      0.00      0.00      0.00       0  ksoftirqd/2
1791493697      0        34    0.00    1.00    0.00    0.00    1.00     3      0.00      0.00       0       0   0.00      0.00      0.00      0.00       0  ksoftirqd/3
1791493697      0       342    0.00    1.00    0.00    0.00    1.00     2      0.00      0.00       0       0   0.00      0.00      0.00      0.00       0  jbd2/sda1-8
1791493697      0       415    1.00    1.00    0.00    0.00    2.00     0      0.00     85.00  177304  117096   1.44      0.00    340.00      0.00       0  systemd-journal
1791493697    104       739    0.00    0.00    0.00    0.00    0.00     3      0.00      0.00  222072    5200   0.06      0.00     24.00      0.00       0  rsyslogd
1791493697      0     17311    0.00    0.00    0.00    0.00    0.00     0      0.00      0.00   57076   12872   0.16      0.00      0.00      0.00       0  nginx
1791493697    112    244183  110.00   34.00    0.00    2.00  144.00     3      6.00      0.00 2861088  758476   9.34      0.00   8564.00      0.00       0  mysqld
1791493697     33    537871    6.00    7.00    0.00   16.00   13.00     1      1.00      0.00   61140   14940   0.18      0.00    396.00    332.00       0  nginx
1791493697     33    537872   10.00   14.00    0.00   28.00   24.00     0     45.00      0.00   66052   19688   0.24      0.00   1312.00   1072.00       0  nginx
1791493697     33    537873    4.00    7.00    0.00    9.00   11.00     1      0.00      0.00   59908   13620   0.17      0.00    400.00    356.00       0  nginx
1791493697     33    537874    8.00    8.00    0.00   24.00   16.00     1      0.00      0.00   62508   16260   0.20      0.00    348.00    212.00       0  nginx
1791493697    113    537877   26.00   24.00    0.00    0.00   50.00     3      1.00      0.00  682592   61032   0.75      0.00      0.00      0.00       0  pdns_server
1791493697   1100    538116   43.00   27.00    0.00    0.00   70.00     3   2243.00      0.00 2123380   22348   0.28      0.00      0.00      0.00       0  isupipe

# Time        UID       PID    %usr %system  %guest   %wait    %CPU   CPU  minflt/s  majflt/s     VSZ     RSS   %MEM   kB_rd/s   kB_wr/s kB_ccwr/s iodelay  Command
1791493698      0        13    0.00    0.00    0.00    0.00    0.00     0      0.00      0.00       0       0   0.00      0.00      0.00      0.00       0  ksoftirqd/0
1791493698      0        22    0.00    1.00    0.00    0.00    1.00     1      0.00      0.00       0       0   0.00      0.00      0.00      0.00       0  ksoftirqd/1
1791493698      0        28    0.00    0.00    0.00    0.00    0.00     2      0.00      0.00       0       0   0.00      0.00      0.00      0.00       0  ksoftirqd/2
1791493698      0        34    0.00    0.00    0.00    0.00    0.00     3      0.00      0.00       0       0   0.00      0.00      0.00      0.00       0  ksoftirqd/3
1791493698      0       342    0.00    1.00    0.00    1.00    1.00     3      0.00      0.00       0       0   0.00      0.00      4.00      0.00       0  jbd2/sda1-8
1791493698      0       415    0.00    0.00    0.00    1.00    0.00     0      0.00     79.00  177304  117148   1.44      0.00    316.00      0.00       0  systemd-journal
1791493698    104       739    0.00    0.00    0.00    0.00    0.00     3      0.00      0.00  222072    5200   0.06      0.00     20.00      0.00       0  rsyslogd
1791493698      0     17311    0.00    0.00    0.00    0.00    0.00     0      0.00      0.00   57076   12872   0.16      0.00      0.00      0.00       0  nginx
1791493698    112    244183  109.00   31.00    0.00    1.00  140.00     3      0.00      0.00 2861088  758476   9.34      0.00   9460.00      0.00       0  mysqld
1791493698     33    537871    7.00    8.00    0.00   17.00   15.00     1      0.00      0.00   61140   14940   0.18      0.00    464.00    364.00       0  nginx
1791493698     33    537872    8.00   14.00    0.00   36.00   22.00     1     76.00      0.00   66324   20216   0.25      0.00   1500.00   1320.00       0  nginx
1791493698     33    537873    5.00    6.00    0.00    8.00   11.00     2      0.00      0.00   59908   13620   0.17      0.00    260.00    192.00       0  nginx
1791493698     33    537874    5.00   12.00    0.00   33.00   17.00     1      0.00      0.00   62508   16260   0.20      0.00   1228.00   1124.00       0  nginx
1791493698    113    537877   22.00   25.00    0.00    0.00   47.00     3      1.00      0.00  682592   61032   0.75      0.00      0.00      0.00       0  pdns_server
1791493698   1100    538116   48.00   24.00    0.00    0.00   72.00     1   1735.00      0.00 2123380   23280   0.29      0.00      0.00      0.00       0  isupipe

# Time        UID       PID    %usr %system  %guest   %wait    %CPU   CPU  minflt/s  majflt/s     VSZ     RSS   %MEM   kB_rd/s   kB_wr/s kB_ccwr/s iodelay  Command
1791493699      0        13    0.00    0.00    0.00    0.00    0.00     0      0.00      0.00       0       0   0.00      0.00      0.00      0.00       0  ksoftirqd/0
1791493699      0        22    0.00    1.00    0.00    0.00    1.00     1      0.00      0.00       0       0   0.00      0.00      0.00      0.00       0  ksoftirqd/1
1791493699      0        28    0.00    0.00    0.00    1.00    0.00     2      0.00      0.00       0       0   0.00      0.00      0.00      0.00       0  ksoftirqd/2
1791493699      0        34    0.00    0.00    0.00    0.00    0.00     3      0.00      0.00       0       0   0.00      0.00      0.00      0.00       0  ksoftirqd/3
1791493699      0       342    0.00    1.00    0.00    0.00    1.00     3      0.00      0.00       0       0   0.00      0.00      0.00      0.00       0  jbd2/sda1-8
1791493699      0       415    1.00    0.00    0.00    0.00    1.00     0      0.00     83.00  177304  117196   1.44      0.00    332.00      0.00       0  systemd-journal
1791493699    104       739    0.00    0.00    0.00    0.00    0.00     3      0.00      0.00  222072    5200   0.06      0.00     24.00      0.00       0  rsyslogd
1791493699      0     17311    0.00    0.00    0.00    0.00    0.00     0      0.00      0.00   57076   12872   0.16      0.00      0.00      0.00       0  nginx
1791493699    112    244183  112.00   28.00    0.00    0.00  140.00     3     28.00      0.00 2861088  758476   9.34      0.00  13604.00      0.00       0  mysqld
1791493699     33    537871    4.00    9.00    0.00   12.00   13.00     1      0.00      0.00   61140   14940   0.18      0.00    708.00    620.00       0  nginx
1791493699     33    537872   11.00   17.00    0.00   30.00   28.00     3     83.00      0.00   66724   20480   0.25      0.00   1460.00   1240.00       0  nginx
1791493699     33    537873    2.00    4.00    0.00    8.00    6.00     1      1.00      0.00   59908   13620   0.17      0.00    584.00    524.00       0  nginx
1791493699     33    537874    6.00   11.00    0.00   21.00   17.00     1      0.00      0.00   62508   16260   0.20      0.00    788.00    632.00       0  nginx
1791493699    113    537877   27.00   19.00    0.00    0.00   46.00     3      1.00      0.00  682592   61032   0.75      0.00      0.00      0.00       0  pdns_server
1791493699   1100    538116   44.00   25.00    0.00   29.00   69.00     2   2308.00      0.00 2123380   21852   0.27      0.00      0.00      0.00       0  isupipe

# Time        UID       PID    %usr %system  %guest   %wait    %CPU   CPU  minflt/s  majflt/s     VSZ     RSS   %MEM   kB_rd/s   kB_wr/s kB_ccwr/s iodelay  Command
1791493700      0        13    0.00    0.00    0.00    0.00    0.00     0      0.00      0.00       0       0   0.00      0.00      0.00      0.00       0  ksoftirqd/0
1791493700      0        22    0.00    1.00    0.00    0.00    1.00     1      0.00      0.00       0       0   0.00      0.00      0.00      0.00       0  ksoftirqd/1
1791493700      0        28    0.00    1.00    0.00    0.00    1.00     2      0.00      0.00       0       0   0.00      0.00      0.00      0.00       0  ksoftirqd/2
1791493700      0        34    0.00    0.00    0.00    0.00    0.00     3      0.00      0.00       0       0   0.00      0.00      0.00      0.00       0  ksoftirqd/3
1791493700      0       342    0.00    1.00    0.00    0.00    1.00     3      0.00      0.00       0       0   0.00      0.00      0.00      0.00       0  jbd2/sda1-8
1791493700      0       415    1.00    1.00    0.00    0.00    2.00     0      0.00     77.00  177304  117288   1.44      0.00    308.00      0.00       0  systemd-journal
1791493700    104       739    0.00    1.00    0.00    0.00    1.00     3      0.00      0.00  222072    5200   0.06      0.00     24.00      0.00       0  rsyslogd
1791493700      0     17311    0.00    0.00    0.00    0.00    0.00     0      0.00      0.00   57076   12872   0.16      0.00      0.00      0.00       0  nginx
1791493700    112    244183  104.00   33.00    0.00    0.00  137.00     3      4.00      0.00 2861088  758476   9.34      0.00   9820.00      0.00       0  mysqld
1791493700     33    537871    8.00    6.00    0.00   15.00   14.00     1     12.00      0.00   61280   14940   0.18      0.00    376.00    284.00       0  nginx
1791493700     33    537872   10.00   12.00    0.00   32.00   22.00     2      6.00      0.00   66724   20480   0.25      0.00   1524.00   1328.00       0  nginx
1791493700     33    537873    6.00    6.00    0.00    8.00   12.00     1      0.00      0.00   59908   13620   0.17      0.00    776.00    732.00       0  nginx
1791493700     33    537874    7.00   10.00    0.00   30.00   17.00     1      4.00      0.00   62508   16260   0.20      0.00    980.00    864.00       0  nginx
1791493700    113    537877   21.00   22.00    0.00    0.00   43.00     3      1.00      0.00  682592   61032   0.75      0.00      0.00      0.00       0  pdns_server
1791493700   1100    538116   43.00   28.00    0.00    0.00   71.00     2   1505.00      0.00 2123380   23700   0.29      0.00      0.00      0.00       0  isupipe

# Time        UID       PID    %usr %system  %guest   %wait    %CPU   CPU  minflt/s  majflt/s     VSZ     RSS   %MEM   kB_rd/s   kB_wr/s kB_ccwr/s iodelay  Command
1791493701      0        13    0.00    0.00    0.00    0.00    0.00     0      0.00      0.00       0       0   0.00      0.00      0.00      0.00       0  ksoftirqd/0
1791493701      0        22    0.00    1.00    0.00    0.00    1.00     1      0.00      0.00       0       0   0.00      0.00      0.00      0.00       0  ksoftirqd/1
1791493701      0        28    0.00    0.00    0.00    0.00    0.00     2      0.00      0.00       0       0   0.00      0.00      0.00      0.00       0  ksoftirqd/2
1791493701      0        34    0.00    0.00    0.00    0.00    0.00     3      0.00      0.00       0       0   0.00      0.00      0.00      0.00       0  ksoftirqd/3
1791493701      0       342    0.00    0.00    0.00    0.00    0.00     3      0.00      0.00       0       0   0.00      0.00      0.00      0.00       0  jbd2/sda1-8
1791493701      0       415    0.00    1.00    0.00    1.00    1.00     0      0.00     60.00  177304  117320   1.45      0.00    240.00      0.00       0  systemd-journal
1791493701    104       739    0.00    0.00    0.00    0.00    0.00     3      0.00      0.00  222072    5200   0.06      0.00     20.00      0.00       0  rsyslogd
1791493701      0     17311    0.00    0.00    0.00    0.00    0.00     0      0.00      0.00   57076   12872   0.16      0.00      0.00      0.00       0  nginx
1791493701    112    244183  114.00   32.00    0.00    1.00  146.00     3      7.00      0.00 2861088  758476   9.34      0.00  13860.00      0.00       0  mysqld
1791493701     33    537871    7.00    7.00    0.00   15.00   14.00     1      9.00      0.00   61280   14940   0.18      0.00    760.00    664.00       0  nginx
1791493701     33    537872   11.00   13.00    0.00   35.00   24.00     1     38.00      0.00   66860   20744   0.26      0.00   1608.00   1400.00       0  nginx
1791493701     33    537873    4.00    8.00    0.00   13.00   12.00     1      0.00      0.00   59908   13620   0.17      0.00    512.00    436.00       0  nginx
1791493701     33    537874    9.00    9.00    0.00   25.00   18.00     3     24.00      0.00   62648   16260   0.20      0.00    564.00    396.00       0  nginx
1791493701    113    537877   26.00   23.00    0.00    0.00   49.00     3      1.00      0.00  682592   61032   0.75      0.00      0.00      0.00       0  pdns_server
1791493701   1100    538116   47.00   26.00    0.00   20.00   73.00     2   2059.00      0.00 2123380   24304   0.30      0.00      0.00      0.00       0  isupipe

# Time        UID       PID    %usr %system  %guest   %wait    %CPU   CPU  minflt/s  majflt/s     VSZ     RSS   %MEM   kB_rd/s   kB_wr/s kB_ccwr/s iodelay  Command
1791493702      0        13    0.00    1.00    0.00    0.00    1.00     0      0.00      0.00       0       0   0.00      0.00      0.00      0.00       0  ksoftirqd/0
1791493702      0        22    0.00    1.00    0.00    0.00    1.00     1      0.00      0.00       0       0   0.00      0.00      0.00      0.00       0  ksoftirqd/1
1791493702      0        28    0.00    0.00    0.00    0.00    0.00     2      0.00      0.00       0       0   0.00      0.00      0.00      0.00       0  ksoftirqd/2
1791493702      0        34    0.00    0.00    0.00    0.00    0.00     3      0.00      0.00       0       0   0.00      0.00      0.00      0.00       0  ksoftirqd/3
1791493702      0       342    0.00    1.00    0.00    0.00    1.00     2      0.00      0.00       0       0   0.00      0.00      0.00      0.00       0  jbd2/sda1-8
1791493702      0       415    1.00    0.00    0.00    0.00    1.00     0      0.00     54.00  177304  117392   1.45      0.00    216.00      0.00       0  systemd-journal
1791493702    104       739    0.00    0.00    0.00    0.00    0.00     3      0.00      0.00  222072    5200   0.06      0.00     24.00      0.00       0  rsyslogd
1791493702      0     17311    0.00    0.00    0.00    0.00    0.00     0      0.00      0.00   57076   12872   0.16      0.00      0.00      0.00       0  nginx
1791493702    112    244183  115.00   29.00    0.00    1.00  144.00     3      0.00      0.00 2861088  758476   9.34      0.00  10448.00      0.00       0  mysqld
1791493702     33    537871    6.00    7.00    0.00   12.00   13.00     1     46.00      0.00   61424   15204   0.19      0.00    412.00    300.00       0  nginx
1791493702     33    537872   11.00   11.00    0.00   32.00   22.00     1      0.00      0.00   66860   20744   0.26      0.00   1556.00   1360.00       0  nginx
1791493702     33    537873    3.00    4.00    0.00    6.00    7.00     1      0.00      0.00   59908   13620   0.17      0.00    472.00    388.00       0  nginx
1791493702     33    537874    8.00    9.00    0.00   23.00   17.00     1     81.00      0.00   62916   16524   0.20      0.00    780.00    644.00       0  nginx
1791493702    113    537877   27.00   17.00    0.00    0.00   44.00     3      1.00      0.00  682592   61032   0.75      0.00      0.00      0.00       0  pdns_server
1791493702   1100    538116   48.00   26.00    0.00   17.00   74.00     0   2842.00      0.00 2123380   22908   0.28      0.00      0.00      0.00       0  isupipe

# Time        UID       PID    %usr %system  %guest   %wait    %CPU   CPU  minflt/s  majflt/s     VSZ     RSS   %MEM   kB_rd/s   kB_wr/s kB_ccwr/s iodelay  Command
1791493703      0        13    0.00    0.00    0.00    0.00    0.00     0      0.00      0.00       0       0   0.00      0.00      0.00      0.00       0  ksoftirqd/0
1791493703      0        22    0.00    1.00    0.00    0.00    1.00     1      0.00      0.00       0       0   0.00      0.00      0.00      0.00       0  ksoftirqd/1
1791493703      0        28    0.00    0.00    0.00    0.00    0.00     2      0.00      0.00       0       0   0.00      0.00      0.00      0.00       0  ksoftirqd/2
1791493703      0        34    0.00    0.00    0.00    0.00    0.00     3      0.00      0.00       0       0   0.00      0.00      0.00      0.00       0  ksoftirqd/3
1791493703      0       342    0.00    2.00    0.00    0.00    2.00     0      0.00      0.00       0       0   0.00      0.00      0.00      0.00       0  jbd2/sda1-8
1791493703      0       415    0.00    0.00    0.00    0.00    0.00     0      0.00     35.00  177304  117420   1.45      0.00    140.00      0.00       0  systemd-journal
1791493703    104       739    0.00    1.00    0.00    0.00    1.00     3      0.00      0.00  222072    5200   0.06      0.00     12.00      0.00       0  rsyslogd
1791493703      0     17311    0.00    0.00    0.00    0.00    0.00     0      0.00      0.00   57076   12872   0.16      0.00      0.00      0.00       0  nginx
1791493703    112    244183  104.00   31.00    0.00    0.00  135.00     1      1.00      0.00 2861088  758476   9.34      0.00   9416.00      0.00       0  mysqld
1791493703     33    537871    5.00    9.00    0.00   22.00   14.00     1      2.00      0.00   61424   15204   0.19      0.00    524.00    416.00       0  nginx
1791493703     33    537872    7.00   12.00    0.00   42.00   19.00     1      0.00      0.00   66860   20744   0.26      0.00    988.00    808.00       0  nginx
1791493703     33    537873    4.00    9.00    0.00   20.00   13.00     1      0.00      0.00   59908   13620   0.17      0.00    308.00    264.00       0  nginx
1791493703     33    537874    6.00    7.00    0.00   27.00   13.00     3     34.00      0.00   63048   16788   0.21      0.00    468.00    356.00       0  nginx
1791493703    113    537877   24.00   22.00    0.00    0.00   46.00     3      3.00      0.00  682592   61296   0.76      0.00      0.00      0.00       0  pdns_server
1791493703   1100    538116   44.00   22.00    0.00    0.00   66.00     0   1975.00      0.00 2123380   23392   0.29      0.00      0.00      0.00       0  isupipe

# Time        UID       PID    %usr %system  %guest   %wait    %CPU   CPU  minflt/s  majflt/s     VSZ     RSS   %MEM   kB_rd/s   kB_wr/s kB_ccwr/s iodelay  Command
1791493704      0        13    0.00    0.00    0.00    0.00    0.00     0      0.00      0.00       0       0   0.00      0.00      0.00      0.00       0  ksoftirqd/0
1791493704      0        22    0.00    1.00    0.00    0.00    1.00     1      0.00      0.00       0       0   0.00      0.00      0.00      0.00       0  ksoftirqd/1
1791493704      0        28    0.00    0.00    0.00    0.00    0.00     2      0.00      0.00       0       0   0.00      0.00      0.00      0.00       0  ksoftirqd/2
1791493704      0        34    0.00    1.00    0.00    0.00    1.00     3      0.00      0.00       0       0   0.00      0.00      0.00      0.00       0  ksoftirqd/3
1791493704      0       342    0.00    1.00    0.00    1.00    1.00     0      0.00      0.00       0       0   0.00      0.00      0.00      0.00       0  jbd2/sda1-8
1791493704      0       415    0.00    1.00    0.00    0.00    1.00     0      0.00     16.00  177304  117452   1.45      0.00     64.00      0.00       0  systemd-journal
1791493704    104       739    0.00    0.00    0.00    0.00    0.00     3      0.00      0.00  222072    5200   0.06      0.00      4.00      0.00       0  rsyslogd
1791493704      0     17311    0.00    0.00    0.00    0.00    0.00     0      0.00      0.00   57076   12872   0.16      0.00      0.00      0.00       0  nginx
1791493704    112    244183   96.00   32.00    0.00    1.00  128.00     2      2.00      0.00 2861088  758476   9.34      0.00   8348.00      0.00       0  mysqld
1791493704     33    537871    8.00    8.00    0.00   27.00   16.00     1      0.00      0.00   61424   15204   0.19      0.00    684.00    608.00       0  nginx
1791493704     33    537872   13.00    9.00    0.00   46.00   22.00     3      0.00      0.00   66860   20744   0.26      0.00    740.00    592.00       0  nginx
1791493704     33    537873    6.00    8.00    0.00   20.00   14.00     1      1.00      0.00   59908   13620   0.17      0.00    540.00    444.00       0  nginx
1791493704     33    537874   10.00    7.00    0.00   38.00   17.00     1      0.00      0.00   63048   16788   0.21      0.00    412.00    316.00       0  nginx
1791493704    113    537877   23.00   20.00    0.00    0.00   43.00     3      1.00      0.00  682592   61296   0.76      0.00      0.00      0.00       0  pdns_server
1791493704   1100    538116   46.00   22.00    0.00    0.00   68.00     0   1185.00      0.00 2123380   22820   0.28      0.00      0.00      0.00       0  isupipe

# Time        UID       PID    %usr %system  %guest   %wait    %CPU   CPU  minflt/s  majflt/s     VSZ     RSS   %MEM   kB_rd/s   kB_wr/s kB_ccwr/s iodelay  Command
1791493705      0        13    0.00    0.00    0.00    0.00    0.00     0      0.00      0.00       0       0   0.00      0.00      0.00      0.00       0  ksoftirqd/0
1791493705      0        22    0.00    1.00    0.00    0.00    1.00     1      0.00      0.00       0       0   0.00      0.00      0.00      0.00       0  ksoftirqd/1
1791493705      0        28    0.00    0.00    0.00    0.00    0.00     2      0.00      0.00       0       0   0.00      0.00      0.00      0.00       0  ksoftirqd/2
1791493705      0        34    0.00    0.00    0.00    0.00    0.00     3      0.00      0.00       0       0   0.00      0.00      0.00      0.00       0  ksoftirqd/3
1791493705      0       342    0.00    0.00    0.00    0.00    0.00     3      0.00      0.00       0       0   0.00      0.00     12.00      0.00       0  jbd2/sda1-8
1791493705      0       415    0.00    0.00    0.00    0.00    0.00     0      0.00     20.00  177304  117452   1.45      0.00     80.00      0.00       0  systemd-journal
1791493705    104       739    1.00    0.00    0.00    0.00    1.00     3      0.00      0.00  222072    5200   0.06      0.00     12.00      0.00       0  rsyslogd
1791493705      0     17311    0.00    0.00    0.00    0.00    0.00     0      0.00      0.00   57076   12872   0.16      0.00      0.00      0.00       0  nginx
1791493705    112    244183  102.00   34.00    0.00    1.00  136.00     3      0.00      0.00 2861088  758476   9.34      0.00  12248.00      0.00       0  mysqld
1791493705     33    537871    6.00   10.00    0.00   23.00   16.00     1      0.00      0.00   61424   15204   0.19      0.00    392.00    272.00       0  nginx
1791493705     33    537872   11.00   13.00    0.00   30.00   24.00     1      0.00      0.00   66860   20744   0.26      0.00   1496.00   1340.00       0  nginx
1791493705     33    537873    5.00    8.00    0.00   16.00   13.00     1      0.00      0.00   59908   13620   0.17      0.00    348.00    248.00       0  nginx
1791493705     33    537874    6.00    9.00    0.00   24.00   15.00     1      1.00      0.00   63048   16788   0.21      0.00    424.00    304.00       0  nginx
1791493705    113    537877   22.00   24.00    0.00    0.00   46.00     3      1.00      0.00  682592   61296   0.76      0.00      0.00      0.00       0  pdns_server
1791493705   1100    538116   44.00   23.00    0.00    0.00   67.00     0   1667.00      0.00 2123380   24036   0.30      0.00      0.00      0.00       0  isupipe

# Time        UID       PID    %usr %system  %guest   %wait    %CPU   CPU  minflt/s  majflt/s     VSZ     RSS   %MEM   kB_rd/s   kB_wr/s kB_ccwr/s iodelay  Command
1791493706      0        13    0.00    0.00    0.00    0.00    0.00     0      0.00      0.00       0       0   0.00      0.00      0.00      0.00       0  ksoftirqd/0
1791493706      0        22    0.00    1.00    0.00    0.00    1.00     1      0.00      0.00       0       0   0.00      0.00      0.00      0.00       0  ksoftirqd/1
1791493706      0        28    0.00    0.00    0.00    0.00    0.00     2      0.00      0.00       0       0   0.00      0.00      0.00      0.00       0  ksoftirqd/2
1791493706      0        34    0.00    0.00    0.00    0.00    0.00     3      0.00      0.00       0       0   0.00      0.00      0.00      0.00       0  ksoftirqd/3
1791493706      0       342    0.00    1.00    0.00    0.00    1.00     0      0.00      0.00       0       0   0.00      0.00      4.00      0.00       0  jbd2/sda1-8
1791493706      0       415    1.00    0.00    0.00    0.00    1.00     0      0.00     13.00  177304  117488   1.45      0.00     52.00      0.00       0  systemd-journal
1791493706    104       739    0.00    0.00    0.00    0.00    0.00     3      0.00      0.00  222072    5200   0.06      0.00      4.00      0.00       0  rsyslogd
1791493706      0     17311    0.00    0.00    0.00    0.00    0.00     0      0.00      0.00   57076   12872   0.16      0.00      0.00      0.00       0  nginx
1791493706    112    244183  104.00   28.00    0.00    1.00  132.00     0      3.00      0.00 2861088  758476   9.34      0.00  13748.00      0.00       0  mysqld
1791493706     33    537871    6.00   10.00    0.00   28.00   16.00     1      0.00      0.00   61424   15204   0.19      0.00   1008.00    892.00       0  nginx
1791493706     33    537872   11.00   12.00    0.00   43.00   23.00     1      0.00      0.00   66860   20744   0.26      0.00    684.00    492.00       0  nginx
1791493706     33    537873    8.00    4.00    0.00   14.00   12.00     1      0.00      0.00   59908   13620   0.17      0.00    484.00    400.00       0  nginx
1791493706     33    537874   10.00    7.00    0.00   32.00   17.00     1      0.00      0.00   63048   16788   0.21      0.00    632.00    552.00       0  nginx
1791493706    113    537877   24.00   21.00    0.00    0.00   45.00     3      1.00      0.00  682592   61296   0.76      0.00      0.00      0.00       0  pdns_server
1791493706   1100    538116   42.00   20.00    0.00    0.00   62.00     0   1898.00      0.00 2123380   21984   0.27      0.00      0.00      0.00       0  isupipe

# Time        UID       PID    %usr %system  %guest   %wait    %CPU   CPU  minflt/s  majflt/s     VSZ     RSS   %MEM   kB_rd/s   kB_wr/s kB_ccwr/s iodelay  Command
1791493707      0        13    0.00    0.00    0.00    0.00    0.00     0      0.00      0.00       0       0   0.00      0.00      0.00      0.00       0  ksoftirqd/0
1791493707      0        22    0.00    1.00    0.00    0.00    1.00     1      0.00      0.00       0       0   0.00      0.00      0.00      0.00       0  ksoftirqd/1
1791493707      0        28    0.00    1.00    0.00    0.00    1.00     2      0.00      0.00       0       0   0.00      0.00      0.00      0.00       0  ksoftirqd/2
1791493707      0        34    0.00    0.00    0.00    0.00    0.00     3      0.00      0.00       0       0   0.00      0.00      0.00      0.00       0  ksoftirqd/3
1791493707      0       342    0.00    2.00    0.00    1.00    2.00     2      0.00      0.00       0       0   0.00      0.00     76.00      0.00       0  jbd2/sda1-8
1791493707      0       415    0.00    0.00    0.00    0.00    0.00     0      0.00     11.00  177304  117488   1.45      0.00     44.00      0.00       0  systemd-journal
1791493707    104       739    0.00    0.00    0.00    0.00    0.00     3      0.00      0.00  222072    5200   0.06      0.00     12.00      0.00       0  rsyslogd
1791493707      0     17311    0.00    0.00    0.00    0.00    0.00     0      0.00      0.00   57076   12872   0.16      0.00      0.00      0.00       0  nginx
1791493707    112    244183   99.00   34.00    0.00    0.00  133.00     0      1.00      0.00 2861088  758476   9.34      0.00   9280.00      0.00       0  mysqld
1791493707     33    537871    6.00    9.00    0.00   25.00   15.00     1      0.00      0.00   61424   15204   0.19      0.00    396.00    308.00       0  nginx
1791493707     33    537872   10.00   13.00    0.00   43.00   23.00     3      0.00      0.00   66860   20744   0.26      0.00    864.00    680.00       0  nginx
1791493707     33    537873    5.00    9.00    0.00   19.00   14.00     1      0.00      0.00   59908   13620   0.17      0.00    640.00    576.00       0  nginx
1791493707     33    537874   10.00    8.00    0.00   36.00   18.00     1      0.00      0.00   63048   16788   0.21      0.00    808.00    676.00       0  nginx
1791493707    113    537877   24.00   21.00    0.00    0.00   45.00     3      0.00      0.00  682592   61296   0.76      0.00      0.00      0.00       0  pdns_server
1791493707   1100    538116   41.00   29.00    0.00    0.00   70.00     0   2280.00      0.00 2123380   23404   0.29      0.00      0.00      0.00       0  isupipe

# Time        UID       PID    %usr %system  %guest   %wait    %CPU   CPU  minflt/s  majflt/s     VSZ     RSS   %MEM   kB_rd/s   kB_wr/s kB_ccwr/s iodelay  Command
1791493708      0        13    0.00    0.00    0.00    0.00    0.00     0      0.00      0.00       0       0   0.00      0.00      0.00      0.00       0  ksoftirqd/0
1791493708      0        22    0.00    1.00    0.00    0.00    1.00     1      0.00      0.00       0       0   0.00      0.00      0.00      0.00       0  ksoftirqd/1
1791493708      0        28    0.00    0.00    0.00    0.00    0.00     2      0.00      0.00       0       0   0.00      0.00      0.00      0.00       0  ksoftirqd/2
1791493708      0        34    0.00    0.00    0.00    0.00    0.00     3      0.00      0.00       0       0   0.00      0.00      0.00      0.00       0  ksoftirqd/3
1791493708      0       342    0.00    1.00    0.00    0.00    1.00     3      0.00      0.00       0       0   0.00      0.00     12.00      0.00       0  jbd2/sda1-8
1791493708      0       415    0.00    0.00    0.00    0.00    0.00     0      0.00     19.00  177304  117528   1.45      0.00     76.00      0.00       0  systemd-journal
1791493708    104       739    0.00    0.00    0.00    0.00    0.00     3      0.00      0.00  222072    5200   0.06      0.00      8.00      0.00       0  rsyslogd
1791493708      0     17311    0.00    0.00    0.00    0.00    0.00     0      0.00      0.00   57076   12872   0.16      0.00      0.00      0.00       0  nginx
1791493708    112    244183  103.00   33.00    0.00    0.00  136.00     0      7.00      0.00 2861088  758476   9.34      0.00   9320.00      0.00       0  mysqld
1791493708     33    537871    8.00    9.00    0.00   31.00   17.00     1      0.00      0.00   61424   15204   0.19      0.00    680.00    588.00       0  nginx
1791493708     33    537872   11.00   11.00    0.00   41.00   22.00     3      0.00      0.00   66860   20744   0.26      0.00    640.00    484.00       0  nginx
1791493708     33    537873    6.00    7.00    0.00   20.00   13.00     1      0.00      0.00   59908   13620   0.17      0.00    612.00    548.00       0  nginx
1791493708     33    537874   10.00    7.00    0.00   36.00   17.00     1      0.00      0.00   63048   16788   0.21      0.00    584.00    480.00       0  nginx
1791493708    113    537877   30.00   20.00    0.00    0.00   50.00     3      1.00      0.00  682592   61296   0.76      0.00      0.00      0.00       0  pdns_server
1791493708   1100    538116   36.00   26.00    0.00   25.00   62.00     3   1289.00      0.00 2123380   23180   0.29      0.00      0.00      0.00       0  isupipe

# Time        UID       PID    %usr %system  %guest   %wait    %CPU   CPU  minflt/s  majflt/s     VSZ     RSS   %MEM   kB_rd/s   kB_wr/s kB_ccwr/s iodelay  Command
1791493709      0        13    0.00    0.00    0.00    0.00    0.00     0      0.00      0.00       0       0   0.00      0.00      0.00      0.00       0  ksoftirqd/0
1791493709      0        22    0.00    1.00    0.00    0.00    1.00     1      0.00      0.00       0       0   0.00      0.00      0.00      0.00       0  ksoftirqd/1
1791493709      0        28    0.00    0.00    0.00    0.00    0.00     2      0.00      0.00       0       0   0.00      0.00      0.00      0.00       0  ksoftirqd/2
1791493709      0        34    0.00    0.00    0.00    0.00    0.00     3      0.00      0.00       0       0   0.00      0.00      0.00      0.00       0  ksoftirqd/3
1791493709      0       342    0.00    0.00    0.00    1.00    0.00     3      0.00      0.00       0       0   0.00      0.00      0.00      0.00       0  jbd2/sda1-8
1791493709      0       415    0.00    1.00    0.00    0.00    1.00     0      0.00     16.00  177304  117528   1.45      0.00     64.00      0.00       0  systemd-journal
1791493709    104       739    0.00    0.00    0.00    0.00    0.00     3      0.00      0.00  222072    5200   0.06      0.00      4.00      0.00       0  rsyslogd
1791493709      0     17311    0.00    0.00    0.00    0.00    0.00     0      0.00      0.00   57076   12872   0.16      0.00      0.00      0.00       0  nginx
1791493709    112    244183  105.00   30.00    0.00    1.00  135.00     0      4.00      0.00 2861088  758476   9.34      0.00   8744.00      0.00       0  mysqld
1791493709     33    537871    8.00    7.00    0.00   23.00   15.00     1      0.00      0.00   61424   15204   0.19      0.00    456.00    356.00       0  nginx
1791493709     33    537872   13.00   11.00    0.00   40.00   24.00     2      0.00      0.00   66860   20744   0.26      0.00    964.00    784.00       0  nginx
1791493709     33    537873    6.00    7.00    0.00   18.00   13.00     0      0.00      0.00   59908   13620   0.17      0.00    472.00    408.00       0  nginx
1791493709     33    537874    9.00    8.00    0.00   31.00   17.00     1      0.00      0.00   63048   16788   0.21      0.00    608.00    432.00       0  nginx
1791493709    113    537877   22.00   25.00    0.00    0.00   47.00     3      1.00      0.00  682592   61296   0.76      0.00      0.00      0.00       0  pdns_server
1791493709   1100    538116   44.00   22.00    0.00   27.00   66.00     0   1442.00      0.00 2123380   22608   0.28      0.00      0.00      0.00       0  isupipe

# Time        UID       PID    %usr %system  %guest   %wait    %CPU   CPU  minflt/s  majflt/s     VSZ     RSS   %MEM   kB_rd/s   kB_wr/s kB_ccwr/s iodelay  Command
1791493710      0        13    0.00    0.00    0.00    0.00    0.00     0      0.00      0.00       0       0   0.00      0.00      0.00      0.00       0  ksoftirqd/0
1791493710      0        22    0.00    1.00    0.00    0.00    1.00     1      0.00      0.00       0       0   0.00      0.00      0.00      0.00       0  ksoftirqd/1
1791493710      0        28    0.00    0.00    0.00    0.00    0.00     2      0.00      0.00       0       0   0.00      0.00      0.00      0.00       0  ksoftirqd/2
1791493710      0        34    0.00    0.00    0.00    0.00    0.00     3      0.00      0.00       0       0   0.00      0.00      0.00      0.00       0  ksoftirqd/3
1791493710      0       342    0.00    1.00    0.00    0.00    1.00     3      0.00      0.00       0       0   0.00      0.00      8.00      0.00       0  jbd2/sda1-8
1791493710      0       415    0.00    0.00    0.00    0.00    0.00     0      0.00     12.00  177304  117528   1.45      0.00     48.00      0.00       0  systemd-journal
1791493710    104       739    0.00    0.00    0.00    0.00    0.00     3      0.00      0.00  222072    5200   0.06      0.00      8.00      0.00       0  rsyslogd
1791493710      0     17311    0.00    0.00    0.00    0.00    0.00     0      0.00      0.00   57076   12872   0.16      0.00      0.00      0.00       0  nginx
1791493710    112    244183  105.00   27.00    0.00    0.00  132.00     0      4.00      0.00 2861088  758476   9.34      0.00  13140.00      0.00       0  mysqld
1791493710     33    537871   11.00    4.00    0.00   19.00   15.00     1      0.00      0.00   61424   15204   0.19      0.00    604.00    524.00       0  nginx
1791493710     33    537872   10.00   13.00    0.00   44.00   23.00     1      0.00      0.00   66860   20744   0.26      0.00   1600.00   1432.00       0  nginx
1791493710     33    537873    5.00    8.00    0.00   19.00   13.00     1      0.00      0.00   59908   13620   0.17      0.00    240.00    184.00       0  nginx
1791493710     33    537874   10.00    8.00    0.00   34.00   18.00     1      0.00      0.00   63048   16788   0.21      0.00    384.00    332.00       0  nginx
1791493710    113    537877   24.00   23.00    0.00    0.00   47.00     3      0.00      0.00  682592   61296   0.76      0.00      0.00      0.00       0  pdns_server
1791493710   1100    538116   43.00   23.00    0.00   23.00   66.00     0   1914.00      0.00 2123380   23620   0.29      0.00      0.00      0.00       0  isupipe

# Time        UID       PID    %usr %system  %guest   %wait    %CPU   CPU  minflt/s  majflt/s     VSZ     RSS   %MEM   kB_rd/s   kB_wr/s kB_ccwr/s iodelay  Command
1791493711      0        13    0.00    0.00    0.00    0.00    0.00     0      0.00      0.00       0       0   0.00      0.00      0.00      0.00       0  ksoftirqd/0
1791493711      0        22    0.00    0.00    0.00    0.00    0.00     1      0.00      0.00       0       0   0.00      0.00      0.00      0.00       0  ksoftirqd/1
1791493711      0        28    0.00    0.00    0.00    0.00    0.00     2      0.00      0.00       0       0   0.00      0.00      0.00      0.00       0  ksoftirqd/2
1791493711      0        34    0.00    0.00    0.00    0.00    0.00     3      0.00      0.00       0       0   0.00      0.00      0.00      0.00       0  ksoftirqd/3
1791493711      0       342    0.00    0.00    0.00    0.00    0.00     3      0.00      0.00       0       0   0.00      0.00      4.00      0.00       0  jbd2/sda1-8
1791493711      0       415    0.00    0.00    0.00    0.00    0.00     0      0.00      2.00  177304  117528   1.45      0.00      8.00      0.00       0  systemd-journal
1791493711    104       739    0.00    0.00    0.00    0.00    0.00     3      0.00      0.00  222072    5200   0.06      0.00      4.00      0.00       0  rsyslogd
1791493711      0     17311    0.00    0.00    0.00    0.00    0.00     0      0.00      0.00   57076   12872   0.16      0.00      0.00      0.00       0  nginx
1791493711    112    244183   25.00   10.00    0.00    1.00   35.00     0      4.00      0.00 2859032  757756   9.33      0.00   6984.00      0.00       0  mysqld
1791493711     33    537871    2.00    2.00    0.00    2.00    4.00     2      0.00      0.00   61424   15204   0.19      0.00     44.00      0.00       0  nginx
1791493711     33    537872    5.00    3.00    0.00    7.00    8.00     0      0.00      0.00   66860   20744   0.26      0.00    408.00    304.00       0  nginx
1791493711     33    537873    1.00    2.00    0.00    3.00    3.00     2      0.00      0.00   59908   13620   0.17      0.00     84.00      0.00       0  nginx
1791493711     33    537874    3.00    2.00    0.00    6.00    5.00     3      0.00      0.00   63048   16788   0.21      0.00    388.00    288.00       0  nginx
1791493711    113    537877    7.00    5.00    0.00    0.00   12.00     3      1.00      0.00  682592   61296   0.76      0.00      0.00      0.00       0  pdns_server
1791493711   1100    538116   11.00    4.00    0.00    3.00   15.00     0    566.00      0.00 2123380   23356   0.29      0.00      0.00      0.00       0  isupipe
