Linux 5.15.0-198-generic (isucon13-app) 	10/08/26 	_aarch64_	(4 CPU)

# Time        UID       PID    %usr %system  %guest   %wait    %CPU   CPU  minflt/s  majflt/s     VSZ     RSS   %MEM   kB_rd/s   kB_wr/s kB_ccwr/s iodelay  Command
1791477448    112     14307   11.00    7.00    0.00    0.00   18.00     0      5.00      0.00 2888260 1018744  12.55      0.00   8392.00      0.00       0  mysqld
1791477448      0     17311    0.00    0.00    0.00    0.00    0.00     1      0.00      0.00   56800   12976   0.16      0.00      0.00      0.00       0  nginx
1791477448     33     23432    0.00    0.00    0.00    0.00    0.00     0      0.00      0.00   61296   15328   0.19      0.00      0.00      0.00       0  nginx
1791477448     33     23433    0.00    0.00    0.00    0.00    0.00     1      0.00      0.00   60284   14056   0.17      0.00      0.00      0.00       0  nginx
1791477448     33     23434    0.00    0.00    0.00    0.00    0.00     3      0.00      0.00   58948   12736   0.16      0.00      0.00      0.00       0  nginx
1791477448     33     23435    0.00    0.00    0.00    0.00    0.00     2      0.00      0.00   59320   13000   0.16      0.00      0.00      0.00       0  nginx
1791477448   1100    174338    0.00    0.00    0.00    0.00    0.00     1     46.00      0.00 1602996    7800   0.10      0.00      0.00      0.00       0  isupipe
1791477448    113    174339    0.00    0.00    0.00    0.00    0.00     0      6.00      0.00  682064   58048   0.72      0.00      0.00      0.00       0  pdns_server

# Time        UID       PID    %usr %system  %guest   %wait    %CPU   CPU  minflt/s  majflt/s     VSZ     RSS   %MEM   kB_rd/s   kB_wr/s kB_ccwr/s iodelay  Command
1791477449    112     14307    9.00    9.00    0.00    0.00   18.00     0      0.00      0.00 2888260 1018744  12.55      0.00  12176.00      0.00       0  mysqld
1791477449      0     17311    0.00    0.00    0.00    0.00    0.00     1      0.00      0.00   56800   12976   0.16      0.00      0.00      0.00       0  nginx
1791477449     33     23432    0.00    0.00    0.00    0.00    0.00     0      0.00      0.00   61296   15328   0.19      0.00      0.00      0.00       0  nginx
1791477449     33     23433    0.00    0.00    0.00    0.00    0.00     1      0.00      0.00   60284   14056   0.17      0.00      0.00      0.00       0  nginx
1791477449     33     23434    0.00    0.00    0.00    0.00    0.00     3      0.00      0.00   58948   12736   0.16      0.00      0.00      0.00       0  nginx
1791477449     33     23435    0.00    0.00    0.00    0.00    0.00     2      0.00      0.00   59320   13000   0.16      0.00      0.00      0.00       0  nginx
1791477449   1100    174338    0.00    0.00    0.00    0.00    0.00     1      0.00      0.00 1602996    7800   0.10      0.00      0.00      0.00       0  isupipe
1791477449    113    174339    0.00    0.00    0.00    0.00    0.00     0      0.00      0.00  682064   58048   0.72      0.00      0.00      0.00       0  pdns_server

# Time        UID       PID    %usr %system  %guest   %wait    %CPU   CPU  minflt/s  majflt/s     VSZ     RSS   %MEM   kB_rd/s   kB_wr/s kB_ccwr/s iodelay  Command
1791477450    112     14307    7.00    8.00    0.00    0.00   15.00     0      0.00      0.00 2888260 1018744  12.55      0.00   8584.00      0.00       0  mysqld
1791477450      0     17311    0.00    0.00    0.00    0.00    0.00     1      0.00      0.00   56800   12976   0.16      0.00      0.00      0.00       0  nginx
1791477450     33     23432    0.00    0.00    0.00    0.00    0.00     0      0.00      0.00   61296   15328   0.19      0.00      0.00      0.00       0  nginx
1791477450     33     23433    0.00    0.00    0.00    0.00    0.00     1      0.00      0.00   60284   14056   0.17      0.00      0.00      0.00       0  nginx
1791477450     33     23434    0.00    0.00    0.00    0.00    0.00     3      0.00      0.00   58948   12736   0.16      0.00      0.00      0.00       0  nginx
1791477450     33     23435    0.00    0.00    0.00    0.00    0.00     2      0.00      0.00   59320   13000   0.16      0.00      0.00      0.00       0  nginx
1791477450   1100    174338    0.00    0.00    0.00    0.00    0.00     1      0.00      0.00 1602996    7800   0.10      0.00      0.00      0.00       0  isupipe
1791477450    113    174339    0.00    0.00    0.00    0.00    0.00     0      0.00      0.00  682064   58048   0.72      0.00      0.00      0.00       0  pdns_server

# Time        UID       PID    %usr %system  %guest   %wait    %CPU   CPU  minflt/s  majflt/s     VSZ     RSS   %MEM   kB_rd/s   kB_wr/s kB_ccwr/s iodelay  Command
1791477451    112     14307   10.00   12.00    0.00    0.00   22.00     0   7292.00      0.00 2888260 1016128  12.52      0.00  25512.00   1948.00       0  mysqld
1791477451      0     17311    0.00    0.00    0.00    0.00    0.00     1      0.00      0.00   56800   12976   0.16      0.00      0.00      0.00       0  nginx
1791477451     33     23432    0.00    0.00    0.00    0.00    0.00     0      0.00      0.00   61296   15328   0.19      0.00      0.00      0.00       0  nginx
1791477451     33     23433    0.00    0.00    0.00    0.00    0.00     1      0.00      0.00   60284   14056   0.17      0.00      0.00      0.00       0  nginx
1791477451     33     23434    0.00    0.00    0.00    0.00    0.00     3      0.00      0.00   58948   12736   0.16      0.00      0.00      0.00       0  nginx
1791477451     33     23435    0.00    0.00    0.00    0.00    0.00     2      0.00      0.00   59320   13000   0.16      0.00      0.00      0.00       0  nginx
1791477451   1100    174338    0.00    0.00    0.00    0.00    0.00     1      0.00      0.00 1602996    7800   0.10      0.00      0.00      0.00       0  isupipe
1791477451    113    174339    0.00    0.00    0.00    0.00    0.00     0      0.00      0.00  682064   58048   0.72      0.00      0.00      0.00       0  pdns_server

# Time        UID       PID    %usr %system  %guest   %wait    %CPU   CPU  minflt/s  majflt/s     VSZ     RSS   %MEM   kB_rd/s   kB_wr/s kB_ccwr/s iodelay  Command
1791477452    112     14307   37.00   12.00    0.00    0.00   49.00     1   4437.00      0.00 2889288 1032724  12.72      0.00  35128.00   1536.00       0  mysqld
1791477452      0     17311    0.00    0.00    0.00    0.00    0.00     1      0.00      0.00   56800   12976   0.16      0.00      0.00      0.00       0  nginx
1791477452     33     23432    1.00    0.00    0.00    0.00    1.00     2      0.00      0.00   61296   15328   0.19      0.00      8.00      0.00       0  nginx
1791477452     33     23433    0.00    0.00    0.00    0.00    0.00     1      0.00      0.00   60284   14056   0.17      0.00      0.00      0.00       0  nginx
1791477452     33     23434    0.00    0.00    0.00    0.00    0.00     3      0.00      0.00   58948   12736   0.16      0.00      0.00      0.00       0  nginx
1791477452     33     23435    0.00    0.00    0.00    0.00    0.00     2      0.00      0.00   59320   13000   0.16      0.00      0.00      0.00       0  nginx
1791477452   1100    174338    5.00    4.00    0.00    0.00    9.00     2   1710.00      0.00 1679348   12668   0.16      0.00     52.00     52.00       0  isupipe
1791477452    113    174339    0.00    1.00    0.00    0.00    1.00     0     12.00      0.00  682592   58048   0.72      0.00      0.00      0.00       0  pdns_server

# Time        UID       PID    %usr %system  %guest   %wait    %CPU   CPU  minflt/s  majflt/s     VSZ     RSS   %MEM   kB_rd/s   kB_wr/s kB_ccwr/s iodelay  Command
1791477453    112     14307    2.68    0.89    0.00    0.00    3.57     1      0.00      0.00 2889288 1032724  12.72      0.00   3092.86     67.86       0  mysqld
1791477453      0     17311    0.00    0.00    0.00    0.00    0.00     1      0.00      0.00   56800   12976   0.16      0.00      0.00      0.00       0  nginx
1791477453     33     23432    0.00    0.89    0.00    0.00    0.89     1      0.00      0.00   61296   15328   0.19      0.00     92.86     89.29       0  nginx
1791477453     33     23433    0.00    0.00    0.00    0.00    0.00     1      0.00      0.00   60284   14056   0.17      0.00      0.00      0.00       0  nginx
1791477453     33     23434    0.00    0.00    0.00    0.00    0.00     3      0.00      0.00   58948   12736   0.16      0.00      0.00      0.00       0  nginx
1791477453     33     23435    0.00    0.00    0.00    0.00    0.00     2      0.00      0.00   59320   13000   0.16      0.00      0.00      0.00       0  nginx
1791477453   1100    174338    1.79    0.89    0.00    0.00    2.68     0    132.14      0.00 1679348   13172   0.16      0.00      0.00      0.00       0  isupipe
1791477453    113    174339    0.00    0.00    0.00    0.00    0.00     0      0.00      0.00  682592   58048   0.72      0.00      0.00      0.00       0  pdns_server

# Time        UID       PID    %usr %system  %guest   %wait    %CPU   CPU  minflt/s  majflt/s     VSZ     RSS   %MEM   kB_rd/s   kB_wr/s kB_ccwr/s iodelay  Command
1791477454    112     14307    0.97    0.00    0.00    0.00    0.97     1      0.00      0.00 2889288 1032724  12.72      0.00   2827.18      0.00       0  mysqld
1791477454      0     17311    0.00    0.00    0.00    0.00    0.00     1      0.00      0.00   56800   12976   0.16      0.00      0.00      0.00       0  nginx
1791477454     33     23432    0.00    0.00    0.00    0.00    0.00     1      0.00      0.00   61296   15328   0.19      0.00      0.00      0.00       0  nginx
1791477454     33     23433    0.00    0.00    0.00    0.00    0.00     1      0.00      0.00   60284   14056   0.17      0.00      0.00      0.00       0  nginx
1791477454     33     23434    0.00    0.00    0.00    0.00    0.00     3      0.00      0.00   58948   12736   0.16      0.00      0.00      0.00       0  nginx
1791477454     33     23435    0.00    0.00    0.00    0.00    0.00     2      0.00      0.00   59320   13000   0.16      0.00      0.00      0.00       0  nginx
1791477454   1100    174338    0.00    0.00    0.00    0.00    0.00     1      0.00      0.00 1679348   13172   0.16      0.00      0.00      0.00       0  isupipe
1791477454    113    174339    0.00    0.00    0.00    0.00    0.00     0      0.00      0.00  682592   58048   0.72      0.00      0.00      0.00       0  pdns_server

# Time        UID       PID    %usr %system  %guest   %wait    %CPU   CPU  minflt/s  majflt/s     VSZ     RSS   %MEM   kB_rd/s   kB_wr/s kB_ccwr/s iodelay  Command
1791477455    112     14307    2.88    3.85    0.00    0.00    6.73     1      0.00      0.00 2889288 1032724  12.72      0.00   6630.77     46.15       0  mysqld
1791477455      0     17311    0.00    0.00    0.00    0.00    0.00     1      0.00      0.00   56800   12976   0.16      0.00      0.00      0.00       0  nginx
1791477455     33     23432    0.00    0.96    0.00    0.00    0.96     2      0.00      0.00   61296   15328   0.19      0.00     73.08     61.54       0  nginx
1791477455     33     23433    0.00    0.00    0.00    0.00    0.00     1      0.00      0.00   60284   14056   0.17      0.00      0.00      0.00       0  nginx
1791477455     33     23434    0.00    0.00    0.00    0.00    0.00     3      0.00      0.00   58948   12736   0.16      0.00      0.00      0.00       0  nginx
1791477455     33     23435    0.00    0.00    0.00    0.00    0.00     2      0.00      0.00   59320   13000   0.16      0.00      0.00      0.00       0  nginx
1791477455   1100    174338    3.85    0.96    0.00    0.00    4.81     3    112.50      0.00 1679604   13560   0.17      0.00      0.00      0.00       0  isupipe
1791477455    113    174339    0.00    0.00    0.00    0.00    0.00     0      0.00      0.00  682592   58048   0.72      0.00      0.00      0.00       0  pdns_server

# Time        UID       PID    %usr %system  %guest   %wait    %CPU   CPU  minflt/s  majflt/s     VSZ     RSS   %MEM   kB_rd/s   kB_wr/s kB_ccwr/s iodelay  Command
1791477456    112     14307    0.99    0.00    0.00    0.00    0.99     1      0.00      0.00 2889288 1032724  12.72      0.00   1873.27      0.00       0  mysqld
1791477456      0     17311    0.00    0.00    0.00    0.00    0.00     1      0.00      0.00   56800   12976   0.16      0.00      0.00      0.00       0  nginx
1791477456     33     23432    0.00    0.00    0.00    0.00    0.00     2      0.00      0.00   61296   15328   0.19      0.00      0.00      0.00       0  nginx
1791477456     33     23433    0.00    0.00    0.00    0.00    0.00     1      0.00      0.00   60284   14056   0.17      0.00      0.00      0.00       0  nginx
1791477456     33     23434    0.00    0.00    0.00    0.00    0.00     3      0.00      0.00   58948   12736   0.16      0.00      0.00      0.00       0  nginx
1791477456     33     23435    0.00    0.00    0.00    0.00    0.00     2      0.00      0.00   59320   13000   0.16      0.00      0.00      0.00       0  nginx
1791477456   1100    174338    0.00    0.00    0.00    0.00    0.00     3      0.00      0.00 1679604   13560   0.17      0.00      0.00      0.00       0  isupipe
1791477456    113    174339    0.00    0.00    0.00    0.00    0.00     0      0.00      0.00  682592   58048   0.72      0.00      0.00      0.00       0  pdns_server

# Time        UID       PID    %usr %system  %guest   %wait    %CPU   CPU  minflt/s  majflt/s     VSZ     RSS   %MEM   kB_rd/s   kB_wr/s kB_ccwr/s iodelay  Command
1791477457    112     14307   36.00   21.00    0.00    1.00   57.00     0     20.00      0.00 2890316 1032988  12.72      0.00  12876.00   1164.00       0  mysqld
1791477457      0     17311    0.00    0.00    0.00    0.00    0.00     1      0.00      0.00   56800   12976   0.16      0.00      0.00      0.00       0  nginx
1791477457     33     23432    4.00    8.00    0.00    8.00   12.00     2      0.00      0.00   61296   15328   0.19      0.00    972.00    912.00       0  nginx
1791477457     33     23433    0.00    3.00    0.00    4.00    3.00     2      0.00      0.00   60284   14056   0.17      0.00    208.00    200.00       0  nginx
1791477457     33     23434    0.00    0.00    0.00    0.00    0.00     3      0.00      0.00   58948   12736   0.16      0.00      0.00      0.00       0  nginx
1791477457     33     23435    2.00    1.00    0.00    1.00    3.00     2      0.00      0.00   59320   13000   0.16      0.00    104.00    104.00       0  nginx
1791477457   1100    174338   20.00   10.00    0.00    6.00   30.00     1   1552.00      0.00 1974772   16800   0.21      0.00      0.00      0.00       0  isupipe
1791477457    113    174339    5.00   10.00    0.00    0.00   15.00     0     23.00      0.00  682592   58048   0.72      0.00      0.00      0.00       0  pdns_server

# Time        UID       PID    %usr %system  %guest   %wait    %CPU   CPU  minflt/s  majflt/s     VSZ     RSS   %MEM   kB_rd/s   kB_wr/s kB_ccwr/s iodelay  Command
1791477458    112     14307   61.00   45.00    0.00    0.00  106.00     1    253.00      0.00 2897512 1033576  12.73      0.00  20744.00   1684.00       0  mysqld
1791477458      0     17311    0.00    0.00    0.00    0.00    0.00     1      0.00      0.00   56800   12976   0.16      0.00      0.00      0.00       0  nginx
1791477458     33     23432   10.00   12.00    0.00   23.00   22.00     2      0.00      0.00   61296   15328   0.19      0.00   1224.00    972.00       0  nginx
1791477458     33     23433    4.00   11.00    0.00   14.00   15.00     0      0.00      0.00   60284   14056   0.17      0.00    888.00    692.00       0  nginx
1791477458     33     23434    0.00    1.00    0.00    1.00    1.00     2      0.00      0.00   58948   12736   0.16      0.00      4.00      0.00       0  nginx
1791477458     33     23435    2.00    2.00    0.00    4.00    4.00     2      0.00      0.00   59320   13000   0.16      0.00    300.00    280.00       0  nginx
1791477458   1100    174338   34.00   31.00    0.00   27.00   65.00     1   1944.00      0.00 1975284   19580   0.24      0.00      0.00      0.00       0  isupipe
1791477458    113    174339    9.00   10.00    0.00    0.00   19.00     0     37.00      0.00  682592   58048   0.72      0.00      0.00      0.00       0  pdns_server

# Time        UID       PID    %usr %system  %guest   %wait    %CPU   CPU  minflt/s  majflt/s     VSZ     RSS   %MEM   kB_rd/s   kB_wr/s kB_ccwr/s iodelay  Command
1791477459    112     14307   66.00   44.00    0.00    1.00  110.00     0    161.00      0.00 2898540 1033996  12.74      0.00  15692.00   1420.00       0  mysqld
1791477459      0     17311    0.00    0.00    0.00    0.00    0.00     1      0.00      0.00   56800   12976   0.16      0.00      0.00      0.00       0  nginx
1791477459     33     23432    6.00   14.00    0.00   34.00   20.00     2      0.00      0.00   61296   15328   0.19      0.00    712.00    632.00       0  nginx
1791477459     33     23433    4.00    8.00    0.00   23.00   12.00     2      0.00      0.00   60284   14056   0.17      0.00    504.00    492.00       0  nginx
1791477459     33     23434    1.00    3.00    0.00    9.00    4.00     2      0.00      0.00   58948   12736   0.16      0.00    348.00    340.00       0  nginx
1791477459     33     23435    4.00    6.00    0.00   19.00   10.00     2      0.00      0.00   59320   13000   0.16      0.00    364.00    316.00       0  nginx
1791477459   1100    174338   38.00   28.00    0.00   21.00   66.00     1   1878.00      0.00 1975284   19436   0.24      0.00      0.00      0.00       0  isupipe
1791477459    113    174339   11.00   14.00    0.00    0.00   25.00     0     38.00      0.00  682592   58308   0.72      0.00      0.00      0.00       0  pdns_server

# Time        UID       PID    %usr %system  %guest   %wait    %CPU   CPU  minflt/s  majflt/s     VSZ     RSS   %MEM   kB_rd/s   kB_wr/s kB_ccwr/s iodelay  Command
1791477460    112     14307   63.00   45.00    0.00    1.00  108.00     0      7.00      0.00 2898540 1033996  12.74      0.00  16676.00   1548.00       0  mysqld
1791477460      0     17311    0.00    0.00    0.00    0.00    0.00     1      0.00      0.00   56800   12976   0.16      0.00      0.00      0.00       0  nginx
1791477460     33     23432    8.00   12.00    0.00   32.00   20.00     2      0.00      0.00   61296   15328   0.19      0.00   1280.00   1080.00       0  nginx
1791477460     33     23433    6.00    7.00    0.00   17.00   13.00     2      0.00      0.00   60284   14056   0.17      0.00    548.00    412.00       0  nginx
1791477460     33     23434    1.00    2.00    0.00    6.00    3.00     2      0.00      0.00   58948   12736   0.16      0.00    132.00    108.00       0  nginx
1791477460     33     23435    2.00    8.00    0.00   12.00   10.00     2      0.00      0.00   59320   13000   0.16      0.00    316.00    256.00       0  nginx
1791477460   1100    174338   33.00   31.00    0.00    7.00   64.00     3   1411.00      0.00 2049076   19940   0.25      0.00      0.00      0.00       0  isupipe
1791477460    113    174339    9.00   14.00    0.00    0.00   23.00     0     35.00      0.00  682592   58676   0.72      0.00      0.00      0.00       0  pdns_server

# Time        UID       PID    %usr %system  %guest   %wait    %CPU   CPU  minflt/s  majflt/s     VSZ     RSS   %MEM   kB_rd/s   kB_wr/s kB_ccwr/s iodelay  Command
1791477461    112     14307   63.00   43.00    0.00    0.00  106.00     3    162.00      0.00 2898540 1034424  12.74      0.00  15416.00   1576.00       0  mysqld
1791477461      0     17311    0.00    0.00    0.00    0.00    0.00     1      0.00      0.00   56800   12976   0.16      0.00      0.00      0.00       0  nginx
1791477461     33     23432    8.00   11.00    0.00   39.00   19.00     2      0.00      0.00   61296   15328   0.19      0.00    944.00    788.00       0  nginx
1791477461     33     23433    4.00    8.00    0.00   25.00   12.00     2      0.00      0.00   60284   14056   0.17      0.00    464.00    448.00       0  nginx
1791477461     33     23434    1.00    4.00    0.00    7.00    5.00     2      0.00      0.00   58948   12736   0.16      0.00    332.00    316.00       0  nginx
1791477461     33     23435    5.00    4.00    0.00   17.00    9.00     2      0.00      0.00   59320   13000   0.16      0.00    332.00    280.00       0  nginx
1791477461   1100    174338   36.00   31.00    0.00   15.00   67.00     1   1135.00      0.00 2049076   20548   0.25      0.00      0.00      0.00       0  isupipe
1791477461    113    174339   10.00   16.00    0.00    0.00   26.00     0     38.00      0.00  682592   59200   0.73      0.00      0.00      0.00       0  pdns_server

# Time        UID       PID    %usr %system  %guest   %wait    %CPU   CPU  minflt/s  majflt/s     VSZ     RSS   %MEM   kB_rd/s   kB_wr/s kB_ccwr/s iodelay  Command
1791477462    112     14307   63.00   45.00    0.00    1.00  108.00     0     31.00      0.00 2898540 1034424  12.74      0.00  16352.00   1428.00       0  mysqld
1791477462      0     17311    0.00    0.00    0.00    0.00    0.00     1      0.00      0.00   56800   12976   0.16      0.00      0.00      0.00       0  nginx
1791477462     33     23432    7.00    9.00    0.00   36.00   16.00     3      0.00      0.00   61296   15328   0.19      0.00    988.00    864.00       0  nginx
1791477462     33     23433    1.00    9.00    0.00   20.00   10.00     2      0.00      0.00   60284   14056   0.17      0.00    664.00    600.00       0  nginx
1791477462     33     23434    3.00    5.00    0.00   17.00    8.00     2      0.00      0.00   58948   12736   0.16      0.00    148.00     96.00       0  nginx
1791477462     33     23435    2.00    6.00    0.00   14.00    8.00     2      0.00      0.00   59320   13000   0.16      0.00    172.00    132.00       0  nginx
1791477462   1100    174338   37.00   31.00    0.00   10.00   68.00     3   1227.00      0.00 2049076   21264   0.26      0.00      0.00      0.00       0  isupipe
1791477462    113    174339   10.00   16.00    0.00    0.00   26.00     0     31.00      0.00  682592   59460   0.73      0.00      0.00      0.00       0  pdns_server

# Time        UID       PID    %usr %system  %guest   %wait    %CPU   CPU  minflt/s  majflt/s     VSZ     RSS   %MEM   kB_rd/s   kB_wr/s kB_ccwr/s iodelay  Command
1791477463    112     14307   58.00   47.00    0.00    0.00  105.00     3     61.00      0.00 2898540 1034424  12.74      0.00  14940.00   1604.00       0  mysqld
1791477463      0     17311    0.00    0.00    0.00    0.00    0.00     1      0.00      0.00   56800   12976   0.16      0.00      0.00      0.00       0  nginx
1791477463     33     23432    7.00   13.00    0.00   30.00   20.00     2      0.00      0.00   61296   15328   0.19      0.00   1176.00    932.00       0  nginx
1791477463     33     23433    2.00   14.00    0.00   28.00   16.00     2      0.00      0.00   60284   14056   0.17      0.00    444.00    332.00       0  nginx
1791477463     33     23434    1.00    5.00    0.00    7.00    6.00     2      0.00      0.00   58948   12736   0.16      0.00    316.00    280.00       0  nginx
1791477463     33     23435    2.00    7.00    0.00    9.00    9.00     2      0.00      0.00   59320   13000   0.16      0.00    272.00    224.00       0  nginx
1791477463   1100    174338   39.00   28.00    0.00   18.00   67.00     3   1326.00      0.00 2049076   22084   0.27      0.00      0.00      0.00       0  isupipe
1791477463    113    174339   10.00   14.00    0.00    0.00   24.00     0     37.00      0.00  682592   59724   0.74      0.00      0.00      0.00       0  pdns_server

# Time        UID       PID    %usr %system  %guest   %wait    %CPU   CPU  minflt/s  majflt/s     VSZ     RSS   %MEM   kB_rd/s   kB_wr/s kB_ccwr/s iodelay  Command
1791477464    112     14307   60.00   50.00    0.00    1.00  110.00     3      4.00      0.00 2898540 1034424  12.74      0.00  23088.00   1820.00       0  mysqld
1791477464      0     17311    0.00    0.00    0.00    0.00    0.00     1      0.00      0.00   56800   12976   0.16      0.00      0.00      0.00       0  nginx
1791477464     33     23432    7.00   13.00    0.00   33.00   20.00     2      0.00      0.00   61296   15328   0.19      0.00    788.00    568.00       0  nginx
1791477464     33     23433    5.00   10.00    0.00   26.00   15.00     3      0.00      0.00   60284   14056   0.17      0.00    784.00    664.00       0  nginx
1791477464     33     23434    2.00    3.00    0.00    5.00    5.00     2      0.00      0.00   58948   12736   0.16      0.00    116.00     72.00       0  nginx
1791477464     33     23435    6.00    5.00    0.00   13.00   11.00     2      0.00      0.00   59320   13000   0.16      0.00    552.00    496.00       0  nginx
1791477464   1100    174338   33.00   31.00    0.00   17.00   64.00     1    423.00      0.00 2049076   22376   0.28      0.00      0.00      0.00       0  isupipe
1791477464    113    174339   12.00   15.00    0.00    0.00   27.00     0     39.00      0.00  682592   59724   0.74      0.00      0.00      0.00       0  pdns_server

# Time        UID       PID    %usr %system  %guest   %wait    %CPU   CPU  minflt/s  majflt/s     VSZ     RSS   %MEM   kB_rd/s   kB_wr/s kB_ccwr/s iodelay  Command
1791477465    112     14307   56.00   53.00    0.00    0.00  109.00     0     23.00      0.00 2898540 1034424  12.74      0.00  15292.00   1432.00       0  mysqld
1791477465      0     17311    0.00    0.00    0.00    0.00    0.00     1      0.00      0.00   56800   12976   0.16      0.00      0.00      0.00       0  nginx
1791477465     33     23432    6.00   11.00    0.00   41.00   17.00     2      0.00      0.00   61296   15328   0.19      0.00    832.00    792.00       0  nginx
1791477465     33     23433    3.00   10.00    0.00   33.00   13.00     2      0.00      0.00   60284   14056   0.17      0.00    460.00    372.00       0  nginx
1791477465     33     23434    3.00    4.00    0.00    9.00    7.00     2      0.00      0.00   58948   12736   0.16      0.00    436.00    428.00       0  nginx
1791477465     33     23435    5.00    7.00    0.00   20.00   12.00     2      0.00      0.00   59320   13000   0.16      0.00    264.00    168.00       0  nginx
1791477465   1100    174338   37.00   30.00    0.00   19.00   67.00     0    903.00      0.00 2049076   21324   0.26      0.00      0.00      0.00       0  isupipe
1791477465    113    174339    9.00   17.00    0.00    0.00   26.00     0     44.00      0.00  682592   59988   0.74      0.00      0.00      0.00       0  pdns_server

# Time        UID       PID    %usr %system  %guest   %wait    %CPU   CPU  minflt/s  majflt/s     VSZ     RSS   %MEM   kB_rd/s   kB_wr/s kB_ccwr/s iodelay  Command
1791477466    112     14307   57.00   53.00    0.00    0.00  110.00     0      2.00      0.00 2898540 1034424  12.74      0.00  14440.00   1140.00       0  mysqld
1791477466      0     17311    0.00    0.00    0.00    0.00    0.00     1      0.00      0.00   56800   12976   0.16      0.00      0.00      0.00       0  nginx
1791477466     33     23432    6.00    8.00    0.00   44.00   14.00     2      0.00      0.00   61296   15328   0.19      0.00    548.00    456.00       0  nginx
1791477466     33     23433    4.00    8.00    0.00   36.00   12.00     2      0.00      0.00   60284   14056   0.17      0.00    476.00    368.00       0  nginx
1791477466     33     23434    4.00    7.00    0.00   18.00   11.00     2      0.00      0.00   58948   12736   0.16      0.00    200.00    140.00       0  nginx
1791477466     33     23435    2.00    9.00    0.00   23.00   11.00     2      0.00      0.00   59320   13000   0.16      0.00    520.00    456.00       0  nginx
1791477466   1100    174338   34.00   30.00    0.00   21.00   64.00     2   1155.00      0.00 2049076   21960   0.27      0.00      0.00      0.00       0  isupipe
1791477466    113    174339    8.00   21.00    0.00    0.00   29.00     0     40.00      0.00  682592   59988   0.74      0.00      0.00      0.00       0  pdns_server

# Time        UID       PID    %usr %system  %guest   %wait    %CPU   CPU  minflt/s  majflt/s     VSZ     RSS   %MEM   kB_rd/s   kB_wr/s kB_ccwr/s iodelay  Command
1791477467    112     14307   67.00   45.00    0.00    0.00  112.00     0      0.00      0.00 2898540 1034424  12.74      0.00  13612.00   1072.00       0  mysqld
1791477467      0     17311    0.00    0.00    0.00    0.00    0.00     1      0.00      0.00   56800   12976   0.16      0.00      0.00      0.00       0  nginx
1791477467     33     23432    5.00   10.00    0.00   40.00   15.00     2      0.00      0.00   61296   15328   0.19      0.00    632.00    556.00       0  nginx
1791477467     33     23433    4.00    6.00    0.00   23.00   10.00     2      0.00      0.00   60284   14056   0.17      0.00    468.00    396.00       0  nginx
1791477467     33     23434    3.00    7.00    0.00   17.00   10.00     2      0.00      0.00   58948   12736   0.16      0.00    244.00    192.00       0  nginx
1791477467     33     23435    5.00    6.00    0.00   27.00   11.00     2      0.00      0.00   59320   13000   0.16      0.00    292.00    192.00       0  nginx
1791477467   1100    174338   34.00   29.00    0.00   28.00   63.00     2    746.00      0.00 2049076   22620   0.28      0.00      0.00      0.00       0  isupipe
1791477467    113    174339   13.00   17.00    0.00    0.00   30.00     0     43.00      0.00  682592   60252   0.74      0.00      0.00      0.00       0  pdns_server

# Time        UID       PID    %usr %system  %guest   %wait    %CPU   CPU  minflt/s  majflt/s     VSZ     RSS   %MEM   kB_rd/s   kB_wr/s kB_ccwr/s iodelay  Command
1791477468    112     14307   63.00   51.00    0.00    1.00  114.00     3     12.00      0.00 2898540 1034424  12.74      0.00  18412.00   1204.00       0  mysqld
1791477468      0     17311    0.00    0.00    0.00    0.00    0.00     1      0.00      0.00   56800   12976   0.16      0.00      0.00      0.00       0  nginx
1791477468     33     23432    4.00   12.00    0.00   39.00   16.00     2      0.00      0.00   61296   15328   0.19      0.00    284.00    168.00       0  nginx
1791477468     33     23433    6.00    6.00    0.00   22.00   12.00     2      0.00      0.00   60284   14056   0.17      0.00    312.00    252.00       0  nginx
1791477468     33     23434    1.00    6.00    0.00   11.00    7.00     2      0.00      0.00   58948   12736   0.16      0.00    616.00    564.00       0  nginx
1791477468     33     23435    4.00    7.00    0.00   16.00   11.00     2      0.00      0.00   59320   13000   0.16      0.00    436.00    368.00       0  nginx
1791477468   1100    174338   34.00   29.00    0.00   16.00   63.00     0    351.00      0.00 2049076   22204   0.27      0.00      0.00      0.00       0  isupipe
1791477468    113    174339   12.00   16.00    0.00    0.00   28.00     0     43.00      0.00  682592   60252   0.74      0.00      0.00      0.00       0  pdns_server

# Time        UID       PID    %usr %system  %guest   %wait    %CPU   CPU  minflt/s  majflt/s     VSZ     RSS   %MEM   kB_rd/s   kB_wr/s kB_ccwr/s iodelay  Command
1791477469    112     14307   63.00   49.00    0.00    0.00  112.00     0     43.00      0.00 2898540 1034612  12.74      0.00  15876.00   1456.00       0  mysqld
1791477469      0     17311    0.00    0.00    0.00    0.00    0.00     1      0.00      0.00   56800   12976   0.16      0.00      0.00      0.00       0  nginx
1791477469     33     23432    7.00    9.00    0.00   39.00   16.00     2      0.00      0.00   61296   15328   0.19      0.00    608.00    464.00       0  nginx
1791477469     33     23433    4.00    8.00    0.00   29.00   12.00     2      0.00      0.00   60284   14056   0.17      0.00    308.00    244.00       0  nginx
1791477469     33     23434    2.00    9.00    0.00   15.00   11.00     2      0.00      0.00   58948   12736   0.16      0.00     72.00      0.00       0  nginx
1791477469     33     23435    4.00    7.00    0.00   19.00   11.00     2      0.00      0.00   59320   13000   0.16      0.00    828.00    780.00       0  nginx
1791477469   1100    174338   38.00   26.00    0.00   18.00   64.00     1   1528.00      0.00 2049076   23336   0.29      0.00      0.00      0.00       0  isupipe
1791477469    113    174339   12.00   19.00    0.00    0.00   31.00     0     44.00      0.00  682592   60516   0.75      0.00      0.00      0.00       0  pdns_server

# Time        UID       PID    %usr %system  %guest   %wait    %CPU   CPU  minflt/s  majflt/s     VSZ     RSS   %MEM   kB_rd/s   kB_wr/s kB_ccwr/s iodelay  Command
1791477470    112     14307   61.00   48.00    0.00    0.00  109.00     0      0.00      0.00 2898540 1034612  12.74      0.00  14812.00    920.00       0  mysqld
1791477470      0     17311    0.00    0.00    0.00    0.00    0.00     1      0.00      0.00   56800   12976   0.16      0.00      0.00      0.00       0  nginx
1791477470     33     23432    6.00   12.00    0.00   40.00   18.00     2      0.00      0.00   61296   15328   0.19      0.00    700.00    344.00       0  nginx
1791477470     33     23433    4.00    8.00    0.00   24.00   12.00     2      0.00      0.00   60284   14056   0.17      0.00    188.00    136.00       0  nginx
1791477470     33     23434    4.00    4.00    0.00   12.00    8.00     2      0.00      0.00   58948   12736   0.16      0.00    244.00    220.00       0  nginx
1791477470     33     23435    3.00    7.00    0.00   16.00   10.00     2      0.00      0.00   59320   13000   0.16      0.00    508.00    444.00       0  nginx
1791477470   1100    174338   36.00   30.00    0.00   28.00   66.00     0    764.00      0.00 2049076   24000   0.30      0.00      0.00      0.00       0  isupipe
1791477470    113    174339   13.00   18.00    0.00    0.00   31.00     0     39.00      0.00  682592   60516   0.75      0.00      0.00      0.00       0  pdns_server

# Time        UID       PID    %usr %system  %guest   %wait    %CPU   CPU  minflt/s  majflt/s     VSZ     RSS   %MEM   kB_rd/s   kB_wr/s kB_ccwr/s iodelay  Command
1791477471    112     14307   66.00   47.00    0.00    1.00  113.00     0     10.00      0.00 2898540 1034612  12.74      0.00  14044.00    932.00       0  mysqld
1791477471      0     17311    0.00    0.00    0.00    0.00    0.00     1      0.00      0.00   56800   12976   0.16      0.00      0.00      0.00       0  nginx
1791477471     33     23432    4.00   10.00    0.00   40.00   14.00     2      0.00      0.00   61296   15328   0.19      0.00    408.00    480.00       0  nginx
1791477471     33     23433    3.00    9.00    0.00   28.00   12.00     2      0.00      0.00   60284   14056   0.17      0.00    244.00    156.00       0  nginx
1791477471     33     23434    1.00    9.00    0.00   17.00   10.00     2      0.00      0.00   58948   12736   0.16      0.00    200.00    116.00       0  nginx
1791477471     33     23435    2.00    8.00    0.00   18.00   10.00     2      0.00      0.00   59320   13000   0.16      0.00    444.00    404.00       0  nginx
1791477471   1100    174338   27.00   36.00    0.00   25.00   63.00     3    395.00      0.00 2049076   24064   0.30      0.00      0.00      0.00       0  isupipe
1791477471    113    174339   13.00   20.00    0.00    0.00   33.00     0     51.00      0.00  682592   60780   0.75      0.00      0.00      0.00       0  pdns_server

# Time        UID       PID    %usr %system  %guest   %wait    %CPU   CPU  minflt/s  majflt/s     VSZ     RSS   %MEM   kB_rd/s   kB_wr/s kB_ccwr/s iodelay  Command
1791477472    112     14307   63.00   44.00    0.00    0.00  107.00     0      0.00      0.00 2898540 1034612  12.74      0.00  14476.00   1052.00       0  mysqld
1791477472      0     17311    0.00    0.00    0.00    0.00    0.00     1      0.00      0.00   56800   12976   0.16      0.00      0.00      0.00       0  nginx
1791477472     33     23432    7.00   11.00    0.00   31.00   18.00     1      0.00      0.00   61296   15328   0.19      0.00    356.00    212.00       0  nginx
1791477472     33     23433    4.00    8.00    0.00   17.00   12.00     2      0.00      0.00   60284   14056   0.17      0.00   1012.00    948.00       0  nginx
1791477472     33     23434    2.00    5.00    0.00    7.00    7.00     2      0.00      0.00   58948   12736   0.16      0.00    116.00     84.00       0  nginx
1791477472     33     23435    3.00    5.00    0.00   14.00    8.00     2      0.00      0.00   59320   13000   0.16      0.00    108.00     64.00       0  nginx
1791477472   1100    174338   31.00   31.00    0.00   32.00   62.00     0    499.00      0.00 2049076   23864   0.29      0.00      0.00      0.00       0  isupipe
1791477472    113    174339   10.00   19.00    0.00    0.00   29.00     0     43.00      0.00  682592   60780   0.75      0.00      0.00      0.00       0  pdns_server

# Time        UID       PID    %usr %system  %guest   %wait    %CPU   CPU  minflt/s  majflt/s     VSZ     RSS   %MEM   kB_rd/s   kB_wr/s kB_ccwr/s iodelay  Command
1791477473    112     14307   63.00   50.00    0.00    1.00  113.00     0      0.00      0.00 2898540 1034612  12.74      0.00  15540.00    920.00       0  mysqld
1791477473      0     17311    0.00    0.00    0.00    0.00    0.00     1      0.00      0.00   56800   12976   0.16      0.00      0.00      0.00       0  nginx
1791477473     33     23432    3.00   11.00    0.00   40.00   14.00     0      0.00      0.00   61296   15328   0.19      0.00    740.00    636.00       0  nginx
1791477473     33     23433    5.00    7.00    0.00   30.00   12.00     2      0.00      0.00   60284   14056   0.17      0.00    468.00    396.00       0  nginx
1791477473     33     23434    3.00    5.00    0.00   12.00    8.00     2      0.00      0.00   58948   12736   0.16      0.00     48.00      0.00       0  nginx
1791477473     33     23435    4.00    6.00    0.00   25.00   10.00     2      0.00      0.00   59320   13000   0.16      0.00    152.00     84.00       0  nginx
1791477473   1100    174338   32.00   30.00    0.00   13.00   62.00     2    375.00      0.00 2049076   23644   0.29      0.00      0.00      0.00       0  isupipe
1791477473    113    174339   13.00   22.00    0.00    0.00   35.00     0     61.00      0.00  682592   61044   0.75      0.00      0.00      0.00       0  pdns_server

# Time        UID       PID    %usr %system  %guest   %wait    %CPU   CPU  minflt/s  majflt/s     VSZ     RSS   %MEM   kB_rd/s   kB_wr/s kB_ccwr/s iodelay  Command
1791477474    112     14307   66.00   49.00    0.00    0.00  115.00     3     12.00      0.00 2898540 1034612  12.74      0.00  13984.00    784.00       0  mysqld
1791477474      0     17311    0.00    0.00    0.00    0.00    0.00     1      0.00      0.00   56800   12976   0.16      0.00      0.00      0.00       0  nginx
1791477474     33     23432    5.00   10.00    0.00   44.00   15.00     2      0.00      0.00   61296   15328   0.19      0.00    536.00    336.00       0  nginx
1791477474     33     23433    8.00    6.00    0.00   35.00   14.00     2      0.00      0.00   60284   14056   0.17      0.00    260.00    164.00       0  nginx
1791477474     33     23434    2.00    6.00    0.00   15.00    8.00     0      0.00      0.00   58948   12736   0.16      0.00    496.00    472.00       0  nginx
1791477474     33     23435    3.00    8.00    0.00   24.00   11.00     2      0.00      0.00   59320   13000   0.16      0.00    168.00     68.00       0  nginx
1791477474   1100    174338   32.00   32.00    0.00    0.00   64.00     3    955.00      0.00 2049076   22988   0.28      0.00      0.00      0.00       0  isupipe
1791477474    113    174339   12.00   18.00    0.00    0.00   30.00     0     49.00      0.00  682592   61044   0.75      0.00      0.00      0.00       0  pdns_server

# Time        UID       PID    %usr %system  %guest   %wait    %CPU   CPU  minflt/s  majflt/s     VSZ     RSS   %MEM   kB_rd/s   kB_wr/s kB_ccwr/s iodelay  Command
1791477475    112     14307   66.00   54.00    0.00    0.00  120.00     3    123.00      0.00 2898540 1034828  12.75      0.00  14932.00   1140.00       0  mysqld
1791477475      0     17311    0.00    0.00    0.00    0.00    0.00     1      0.00      0.00   56800   12976   0.16      0.00      0.00      0.00       0  nginx
1791477475     33     23432    8.00   11.00    0.00   41.00   19.00     2      0.00      0.00   61296   15328   0.19      0.00    556.00    508.00       0  nginx
1791477475     33     23433    4.00   10.00    0.00   29.00   14.00     2      0.00      0.00   60284   14056   0.17      0.00    472.00    272.00       0  nginx
1791477475     33     23434    3.00    2.00    0.00    6.00    5.00     2      0.00      0.00   58948   12736   0.16      0.00    100.00     76.00       0  nginx
1791477475     33     23435    4.00    7.00    0.00   19.00   11.00     2      0.00      0.00   59320   13000   0.16      0.00    528.00    448.00       0  nginx
1791477475   1100    174338   36.00   30.00    0.00    0.00   66.00     0    466.00      0.00 2049076   23760   0.29      0.00      0.00      0.00       0  isupipe
1791477475    113    174339   11.00   21.00    0.00    0.00   32.00     0     36.00      0.00  682592   61308   0.76      0.00      0.00      0.00       0  pdns_server

# Time        UID       PID    %usr %system  %guest   %wait    %CPU   CPU  minflt/s  majflt/s     VSZ     RSS   %MEM   kB_rd/s   kB_wr/s kB_ccwr/s iodelay  Command
1791477476    112     14307   63.00   48.00    0.00    1.00  111.00     3     81.00      0.00 2898540 1035188  12.75      0.00  21760.00   1568.00       0  mysqld
1791477476      0     17311    0.00    0.00    0.00    0.00    0.00     1      0.00      0.00   56800   12976   0.16      0.00      0.00      0.00       0  nginx
1791477476     33     23432    7.00   10.00    0.00   40.00   17.00     2      0.00      0.00   61296   15328   0.19      0.00    484.00    388.00       0  nginx
1791477476     33     23433    3.00   12.00    0.00   33.00   15.00     2      0.00      0.00   60284   14056   0.17      0.00    764.00    744.00       0  nginx
1791477476     33     23434    2.00    6.00    0.00   17.00    8.00     2      0.00      0.00   58948   12736   0.16      0.00    116.00     80.00       0  nginx
1791477476     33     23435    3.00    7.00    0.00   13.00   10.00     2      0.00      0.00   59320   13000   0.16      0.00    448.00    392.00       0  nginx
1791477476   1100    174338   30.00   36.00    0.00    0.00   66.00     1    790.00      0.00 2049076   24228   0.30      0.00      0.00      0.00       0  isupipe
1791477476    113    174339    9.00   20.00    0.00    0.00   29.00     0     40.00      0.00  682592   61308   0.76      0.00      0.00      0.00       0  pdns_server

# Time        UID       PID    %usr %system  %guest   %wait    %CPU   CPU  minflt/s  majflt/s     VSZ     RSS   %MEM   kB_rd/s   kB_wr/s kB_ccwr/s iodelay  Command
1791477477    112     14307   55.00   51.00    0.00    0.00  106.00     3      0.00      0.00 2898540 1035188  12.75      0.00  12496.00    672.00       0  mysqld
1791477477      0     17311    0.00    0.00    0.00    0.00    0.00     1      0.00      0.00   56800   12976   0.16      0.00      0.00      0.00       0  nginx
1791477477     33     23432    4.00    9.00    0.00   29.00   13.00     2      0.00      0.00   61296   15328   0.19      0.00    328.00    216.00       0  nginx
1791477477     33     23433    3.00    9.00    0.00   26.00   12.00     3      0.00      0.00   60284   14056   0.17      0.00    308.00    196.00       0  nginx
1791477477     33     23434    1.00    3.00    0.00    6.00    4.00     2      0.00      0.00   58948   12736   0.16      0.00    236.00    232.00       0  nginx
1791477477     33     23435    3.00    5.00    0.00   11.00    8.00     2      0.00      0.00   59320   13000   0.16      0.00    196.00    160.00       0  nginx
1791477477   1100    174338   27.00   30.00    0.00    0.00   57.00     0    288.00      0.00 2049076   24136   0.30      0.00      0.00      0.00       0  isupipe
1791477477    113    174339   13.00   22.00    0.00    0.00   35.00     0     46.00      0.00  682592   61572   0.76      0.00      0.00      0.00       0  pdns_server

# Time        UID       PID    %usr %system  %guest   %wait    %CPU   CPU  minflt/s  majflt/s     VSZ     RSS   %MEM   kB_rd/s   kB_wr/s kB_ccwr/s iodelay  Command
1791477478    112     14307   61.00   46.00    0.00    0.00  107.00     3      9.00      0.00 2898540 1035188  12.75      0.00  23056.00    980.00       0  mysqld
1791477478      0     17311    0.00    0.00    0.00    0.00    0.00     1      0.00      0.00   56800   12976   0.16      0.00      0.00      0.00       0  nginx
1791477478     33     23432    6.00   10.00    0.00   37.00   16.00     2      0.00      0.00   61296   15328   0.19      0.00    488.00    376.00       0  nginx
1791477478     33     23433    3.00   10.00    0.00   31.00   13.00     2      0.00      0.00   60284   14056   0.17      0.00    540.00    448.00       0  nginx
1791477478     33     23434    3.00    5.00    0.00   16.00    8.00     2      0.00      0.00   58948   12736   0.16      0.00    336.00    272.00       0  nginx
1791477478     33     23435    3.00    6.00    0.00   13.00    9.00     2      0.00      0.00   59320   13000   0.16      0.00    104.00     64.00       0  nginx
1791477478   1100    174338   31.00   30.00    0.00   10.00   61.00     0    258.00      0.00 2049076   24588   0.30      0.00      0.00      0.00       0  isupipe
1791477478    113    174339    8.00   21.00    0.00    0.00   29.00     0     27.00      0.00  682592   61572   0.76      0.00      0.00      0.00       0  pdns_server

# Time        UID       PID    %usr %system  %guest   %wait    %CPU   CPU  minflt/s  majflt/s     VSZ     RSS   %MEM   kB_rd/s   kB_wr/s kB_ccwr/s iodelay  Command
1791477479    112     14307   64.00   49.00    0.00    1.00  113.00     3      6.00      0.00 2898540 1035188  12.75      0.00  16920.00   1104.00       0  mysqld
1791477479      0     17311    0.00    0.00    0.00    0.00    0.00     1      0.00      0.00   56800   12976   0.16      0.00      0.00      0.00       0  nginx
1791477479     33     23432    2.00   11.00    0.00   42.00   13.00     2      0.00      0.00   61296   15328   0.19      0.00    376.00    268.00       0  nginx
1791477479     33     23433    3.00    9.00    0.00   34.00   12.00     2      0.00      0.00   60284   14056   0.17      0.00    516.00    420.00       0  nginx
1791477479     33     23434    2.00    5.00    0.00   17.00    7.00     2      0.00      0.00   58948   12736   0.16      0.00    212.00     96.00       0  nginx
1791477479     33     23435    3.00    6.00    0.00   21.00    9.00     2      0.00      0.00   59320   13000   0.16      0.00    556.00    504.00       0  nginx
1791477479   1100    174338   27.00   29.00    0.00    9.00   56.00     2   1195.00      0.00 2049076   24000   0.30      0.00      0.00      0.00       0  isupipe
1791477479    113    174339   14.00   22.00    0.00    0.00   36.00     0     27.00      0.00  682592   61572   0.76      0.00      0.00      0.00       0  pdns_server

# Time        UID       PID    %usr %system  %guest   %wait    %CPU   CPU  minflt/s  majflt/s     VSZ     RSS   %MEM   kB_rd/s   kB_wr/s kB_ccwr/s iodelay  Command
1791477480    112     14307   62.00   48.00    0.00    0.00  110.00     3      7.00      0.00 2898540 1035188  12.75      0.00  18868.00   1308.00       0  mysqld
1791477480      0     17311    0.00    0.00    0.00    0.00    0.00     1      0.00      0.00   56800   12976   0.16      0.00      0.00      0.00       0  nginx
1791477480     33     23432    9.00    9.00    0.00   33.00   18.00     2      0.00      0.00   61296   15328   0.19      0.00    780.00    648.00       0  nginx
1791477480     33     23433    3.00    6.00    0.00   19.00    9.00     2      0.00      0.00   60284   14056   0.17      0.00    292.00    164.00       0  nginx
1791477480     33     23434    3.00    5.00    0.00   13.00    8.00     1      0.00      0.00   58948   12736   0.16      0.00    364.00    376.00       0  nginx
1791477480     33     23435    3.00    7.00    0.00   16.00   10.00     2      0.00      0.00   59320   13000   0.16      0.00    316.00    256.00       0  nginx
1791477480   1100    174338   26.00   32.00    0.00   16.00   58.00     3    354.00      0.00 2049076   24000   0.30      0.00      0.00      0.00       0  isupipe
1791477480    113    174339   10.00   23.00    0.00    0.00   33.00     0     21.00      0.00  682592   61836   0.76      0.00      0.00      0.00       0  pdns_server

# Time        UID       PID    %usr %system  %guest   %wait    %CPU   CPU  minflt/s  majflt/s     VSZ     RSS   %MEM   kB_rd/s   kB_wr/s kB_ccwr/s iodelay  Command
1791477481    112     14307   71.00   45.00    0.00    0.00  116.00     0     12.00      0.00 2898540 1035188  12.75      0.00  12072.00    692.00       0  mysqld
1791477481      0     17311    0.00    0.00    0.00    0.00    0.00     1      0.00      0.00   56800   12976   0.16      0.00      0.00      0.00       0  nginx
1791477481     33     23432    4.00    7.00    0.00   13.00   11.00     3      0.00      0.00   61296   15328   0.19      0.00    412.00    364.00       0  nginx
1791477481     33     23433    2.00    4.00    0.00    6.00    6.00     2      0.00      0.00   60284   14056   0.17      0.00     56.00     84.00       0  nginx
1791477481     33     23434    0.00    0.00    0.00    0.00    0.00     2      0.00      0.00   58948   12736   0.16      0.00    124.00    116.00       0  nginx
1791477481     33     23435    2.00    2.00    0.00    5.00    4.00     3      0.00      0.00   59320   13000   0.16      0.00    260.00    220.00       0  nginx
1791477481   1100    174338   15.00   18.00    0.00    2.00   33.00     0     74.00      0.00 2049076   23944   0.29      0.00      0.00      0.00       0  isupipe
1791477481    113    174339   22.00   31.00    0.00    0.00   53.00     0     27.00      0.00  682592   62364   0.77      0.00      0.00      0.00       0  pdns_server

# Time        UID       PID    %usr %system  %guest   %wait    %CPU   CPU  minflt/s  majflt/s     VSZ     RSS   %MEM   kB_rd/s   kB_wr/s kB_ccwr/s iodelay  Command
1791477482    112     14307   60.00   50.00    0.00    0.00  110.00     1      0.00      0.00 2898540 1035188  12.75      0.00  12416.00    720.00       0  mysqld
1791477482      0     17311    0.00    0.00    0.00    0.00    0.00     1      0.00      0.00   56800   12976   0.16      0.00      0.00      0.00       0  nginx
1791477482     33     23432    6.00    9.00    0.00   45.00   15.00     2      0.00      0.00   61296   15328   0.19      0.00    264.00    148.00       0  nginx
1791477482     33     23433    3.00    8.00    0.00   28.00   11.00     2      0.00      0.00   60284   14056   0.17      0.00    380.00    312.00       0  nginx
1791477482     33     23434    2.00    6.00    0.00   15.00    8.00     2      0.00      0.00   58948   12736   0.16      0.00    348.00    324.00       0  nginx
1791477482     33     23435    3.00    7.00    0.00   18.00   10.00     2      0.00      0.00   59320   13000   0.16      0.00    216.00    156.00       0  nginx
1791477482   1100    174338   33.00   29.00    0.00    1.00   62.00     3    342.00      0.00 2049076   23316   0.29      0.00      0.00      0.00       0  isupipe
1791477482    113    174339   16.00   16.00    0.00    0.00   32.00     0      8.00      0.00  682592   62364   0.77      0.00      0.00      0.00       0  pdns_server

# Time        UID       PID    %usr %system  %guest   %wait    %CPU   CPU  minflt/s  majflt/s     VSZ     RSS   %MEM   kB_rd/s   kB_wr/s kB_ccwr/s iodelay  Command
1791477483    112     14307   70.00   42.00    0.00    0.00  112.00     1      6.00      0.00 2898540 1035188  12.75      0.00  12352.00    632.00       0  mysqld
1791477483      0     17311    0.00    0.00    0.00    0.00    0.00     1      0.00      0.00   56800   12976   0.16      0.00      0.00      0.00       0  nginx
1791477483     33     23432    5.00    6.00    0.00   22.00   11.00     3      0.00      0.00   61296   15328   0.19      0.00    752.00    680.00       0  nginx
1791477483     33     23433    2.00    5.00    0.00   14.00    7.00     2      0.00      0.00   60284   14056   0.17      0.00    124.00     92.00       0  nginx
1791477483     33     23434    2.00    4.00    0.00   10.00    6.00     2      0.00      0.00   58948   12736   0.16      0.00     44.00      0.00       0  nginx
1791477483     33     23435    1.00    6.00    0.00   11.00    7.00     3      0.00      0.00   59320   13000   0.16      0.00    132.00     64.00       0  nginx
1791477483   1100    174338   23.00   19.00    0.00    5.00   42.00     1    614.00      0.00 2049076   23280   0.29      0.00      0.00      0.00       0  isupipe
1791477483    113    174339   19.00   27.00    0.00    0.00   46.00     0     19.00      0.00  682592   62364   0.77      0.00      0.00      0.00       0  pdns_server

# Time        UID       PID    %usr %system  %guest   %wait    %CPU   CPU  minflt/s  majflt/s     VSZ     RSS   %MEM   kB_rd/s   kB_wr/s kB_ccwr/s iodelay  Command
1791477484    112     14307   61.00   46.00    0.00    1.00  107.00     1      0.00      0.00 2898540 1035188  12.75      0.00  13924.00   1120.00       0  mysqld
1791477484      0     17311    0.00    0.00    0.00    0.00    0.00     1      0.00      0.00   56800   12976   0.16      0.00      0.00      0.00       0  nginx
1791477484     33     23432    4.00   10.00    0.00   30.00   14.00     2      0.00      0.00   61296   15328   0.19      0.00    548.00    456.00       0  nginx
1791477484     33     23433    3.00    7.00    0.00   21.00   10.00     2      0.00      0.00   60284   14056   0.17      0.00    356.00    288.00       0  nginx
1791477484     33     23434    2.00    5.00    0.00   16.00    7.00     2      0.00      0.00   58948   12736   0.16      0.00    316.00    288.00       0  nginx
1791477484     33     23435    3.00    7.00    0.00   18.00   10.00     2      0.00      0.00   59320   13000   0.16      0.00    320.00    228.00       0  nginx
1791477484   1100    174338   33.00   22.00    0.00   12.00   55.00     1    960.00      0.00 2049076   24616   0.30      0.00      0.00      0.00       0  isupipe
1791477484    113    174339   13.00   21.00    0.00    0.00   34.00     0     12.00      0.00  682592   62364   0.77      0.00      0.00      0.00       0  pdns_server

# Time        UID       PID    %usr %system  %guest   %wait    %CPU   CPU  minflt/s  majflt/s     VSZ     RSS   %MEM   kB_rd/s   kB_wr/s kB_ccwr/s iodelay  Command
1791477485    112     14307   67.00   48.00    0.00    0.00  115.00     1     27.00      0.00 2898540 1035188  12.75      0.00  14440.00    920.00       0  mysqld
1791477485      0     17311    0.00    0.00    0.00    0.00    0.00     1      0.00      0.00   56800   12976   0.16      0.00      0.00      0.00       0  nginx
1791477485     33     23432    4.00    8.00    0.00   33.00   12.00     2      0.00      0.00   61296   15328   0.19      0.00    624.00    448.00       0  nginx
1791477485     33     23433    5.00    6.00    0.00   34.00   11.00     2      0.00      0.00   60284   14056   0.17      0.00    580.00    496.00       0  nginx
1791477485     33     23434    3.00    7.00    0.00   26.00   10.00     2      0.00      0.00   58948   12736   0.16      0.00    176.00     96.00       0  nginx
1791477485     33     23435    3.00    7.00    0.00   21.00   10.00     1      0.00      0.00   59320   13000   0.16      0.00    172.00    104.00       0  nginx
1791477485   1100    174338   35.00   28.00    0.00    0.00   63.00     0    789.00      0.00 2049076   23628   0.29      0.00      0.00      0.00       0  isupipe
1791477485    113    174339   10.00   23.00    0.00    0.00   33.00     0     11.00      0.00  682592   62628   0.77      0.00      0.00      0.00       0  pdns_server

# Time        UID       PID    %usr %system  %guest   %wait    %CPU   CPU  minflt/s  majflt/s     VSZ     RSS   %MEM   kB_rd/s   kB_wr/s kB_ccwr/s iodelay  Command
1791477486    112     14307   53.00   59.00    0.00    1.00  112.00     1      2.00      0.00 2898540 1035188  12.75      0.00  13376.00    628.00       0  mysqld
1791477486      0     17311    0.00    0.00    0.00    0.00    0.00     1      0.00      0.00   56800   12976   0.16      0.00      0.00      0.00       0  nginx
1791477486     33     23432    6.00   10.00    0.00   39.00   16.00     2      0.00      0.00   61296   15328   0.19      0.00    304.00    284.00       0  nginx
1791477486     33     23433    2.00   11.00    0.00   30.00   13.00     3      0.00      0.00   60284   14056   0.17      0.00    240.00    160.00       0  nginx
1791477486     33     23434    4.00    4.00    0.00   15.00    8.00     2      0.00      0.00   58948   12736   0.16      0.00    272.00    232.00       0  nginx
1791477486     33     23435    4.00    5.00    0.00   18.00    9.00     2      0.00      0.00   59320   13000   0.16      0.00    212.00    164.00       0  nginx
1791477486   1100    174338   27.00   33.00    0.00    0.00   60.00     1    463.00      0.00 2049076   24448   0.30      0.00      0.00      0.00       0  isupipe
1791477486    113    174339   13.00   21.00    0.00    0.00   34.00     0      9.00      0.00  682592   62628   0.77      0.00      0.00      0.00       0  pdns_server

# Time        UID       PID    %usr %system  %guest   %wait    %CPU   CPU  minflt/s  majflt/s     VSZ     RSS   %MEM   kB_rd/s   kB_wr/s kB_ccwr/s iodelay  Command
1791477487    112     14307   64.00   35.00    0.00    0.00   99.00     0      6.00      0.00 2898540 1035188  12.75      0.00  10804.00    544.00       0  mysqld
1791477487      0     17311    0.00    0.00    0.00    0.00    0.00     1      0.00      0.00   56800   12976   0.16      0.00      0.00      0.00       0  nginx
1791477487     33     23432    4.00   12.00    0.00   27.00   16.00     0      0.00      0.00   61296   15328   0.19      0.00    364.00    168.00       0  nginx
1791477487     33     23433    4.00    7.00    0.00   20.00   11.00     2      0.00      0.00   60284   14056   0.17      0.00    516.00    440.00       0  nginx
1791477487     33     23434    1.00    6.00    0.00    8.00    7.00     2      0.00      0.00   58948   12736   0.16      0.00     44.00      0.00       0  nginx
1791477487     33     23435    2.00    6.00    0.00   14.00    8.00     0      0.00      0.00   59320   13000   0.16      0.00    148.00    108.00       0  nginx
1791477487   1100    174338   28.00   27.00    0.00    0.00   55.00     1    325.00      0.00 2049076   24800   0.31      0.00      0.00      0.00       0  isupipe
1791477487    113    174339   11.00   21.00    0.00    0.00   32.00     0      8.00      0.00  682592   62628   0.77      0.00      0.00      0.00       0  pdns_server

# Time        UID       PID    %usr %system  %guest   %wait    %CPU   CPU  minflt/s  majflt/s     VSZ     RSS   %MEM   kB_rd/s   kB_wr/s kB_ccwr/s iodelay  Command
1791477488    112     14307   62.00   46.00    0.00    0.00  108.00     0      3.00      0.00 2898540 1035188  12.75      0.00  12232.00    820.00       0  mysqld
1791477488      0     17311    0.00    0.00    0.00    0.00    0.00     1      0.00      0.00   56800   12976   0.16      0.00      0.00      0.00       0  nginx
1791477488     33     23432    7.00   11.00    0.00   27.00   18.00     2      0.00      0.00   61296   15328   0.19      0.00    700.00    504.00       0  nginx
1791477488     33     23433    3.00    7.00    0.00   18.00   10.00     2      0.00      0.00   60284   14056   0.17      0.00    384.00    264.00       0  nginx
1791477488     33     23434    2.00    2.00    0.00    6.00    4.00     0      0.00      0.00   58948   12736   0.16      0.00    132.00    108.00       0  nginx
1791477488     33     23435    3.00    5.00    0.00   12.00    8.00     2      0.00      0.00   59320   13000   0.16      0.00     96.00     64.00       0  nginx
1791477488   1100    174338   31.00   28.00    0.00    0.00   59.00     0    323.00      0.00 2049076   23940   0.29      0.00      0.00      0.00       0  isupipe
1791477488    113    174339   10.00   23.00    0.00    0.00   33.00     0     11.00      0.00  682592   62628   0.77      0.00      0.00      0.00       0  pdns_server

# Time        UID       PID    %usr %system  %guest   %wait    %CPU   CPU  minflt/s  majflt/s     VSZ     RSS   %MEM   kB_rd/s   kB_wr/s kB_ccwr/s iodelay  Command
1791477489    112     14307   62.00   49.00    0.00    0.00  111.00     0      2.00      0.00 2898540 1035188  12.75      0.00  17244.00    788.00       0  mysqld
1791477489      0     17311    0.00    0.00    0.00    0.00    0.00     1      0.00      0.00   56800   12976   0.16      0.00      0.00      0.00       0  nginx
1791477489     33     23432    6.00   14.00    0.00   35.00   20.00     1      0.00      0.00   61296   15328   0.19      0.00    344.00    248.00       0  nginx
1791477489     33     23433    7.00    5.00    0.00   18.00   12.00     2      0.00      0.00   60284   14056   0.17      0.00    628.00    616.00       0  nginx
1791477489     33     23434    1.00    3.00    0.00    7.00    4.00     2      0.00      0.00   58948   12736   0.16      0.00    204.00    184.00       0  nginx
1791477489     33     23435    4.00    5.00    0.00   13.00    9.00     2      0.00      0.00   59320   13000   0.16      0.00     52.00      0.00       0  nginx
1791477489   1100    174338   30.00   33.00    0.00    0.00   63.00     3    492.00      0.00 2049076   24416   0.30      0.00      0.00      0.00       0  isupipe
1791477489    113    174339   11.00   23.00    0.00    0.00   34.00     0     11.00      0.00  682592   62628   0.77      0.00      0.00      0.00       0  pdns_server

# Time        UID       PID    %usr %system  %guest   %wait    %CPU   CPU  minflt/s  majflt/s     VSZ     RSS   %MEM   kB_rd/s   kB_wr/s kB_ccwr/s iodelay  Command
1791477490    112     14307   60.00   51.00    0.00    0.00  111.00     0      3.00      0.00 2898540 1035188  12.75      0.00  21680.00   1140.00       0  mysqld
1791477490      0     17311    0.00    0.00    0.00    0.00    0.00     1      0.00      0.00   56800   12976   0.16      0.00      0.00      0.00       0  nginx
1791477490     33     23432    6.00   10.00    0.00   31.00   16.00     2      0.00      0.00   61296   15328   0.19      0.00    504.00    392.00       0  nginx
1791477490     33     23433    5.00    8.00    0.00   26.00   13.00     0      0.00      0.00   60284   14056   0.17      0.00    500.00    396.00       0  nginx
1791477490     33     23434    4.00    7.00    0.00   17.00   11.00     2      0.00      0.00   58948   12736   0.16      0.00    340.00    268.00       0  nginx
1791477490     33     23435    4.00    4.00    0.00   14.00    8.00     2      0.00      0.00   59320   13000   0.16      0.00    364.00    336.00       0  nginx
1791477490   1100    174338   29.00   31.00    0.00    0.00   60.00     3    284.00      0.00 2049076   23768   0.29      0.00      0.00      0.00       0  isupipe
1791477490    113    174339    8.00   22.00    0.00    0.00   30.00     0     12.00      0.00  682592   62628   0.77      0.00      0.00      0.00       0  pdns_server

# Time        UID       PID    %usr %system  %guest   %wait    %CPU   CPU  minflt/s  majflt/s     VSZ     RSS   %MEM   kB_rd/s   kB_wr/s kB_ccwr/s iodelay  Command
1791477491    112     14307   65.00   51.00    0.00    1.00  116.00     0      5.00      0.00 2898540 1035188  12.75      0.00  18852.00   1064.00       0  mysqld
1791477491      0     17311    0.00    0.00    0.00    0.00    0.00     1      0.00      0.00   56800   12976   0.16      0.00      0.00      0.00       0  nginx
1791477491     33     23432    5.00   12.00    0.00   58.00   17.00     2      0.00      0.00   61296   15328   0.19      0.00    528.00    432.00       0  nginx
1791477491     33     23433    4.00    8.00    0.00   45.00   12.00     2      0.00      0.00   60284   14056   0.17      0.00    348.00    240.00       0  nginx
1791477491     33     23434    3.00    7.00    0.00   19.00   10.00     2      0.00      0.00   58948   12736   0.16      0.00    484.00    428.00       0  nginx
1791477491     33     23435    1.00   10.00    0.00   27.00   11.00     2      0.00      0.00   59320   13000   0.16      0.00    276.00    220.00       0  nginx
1791477491   1100    174338   32.00   29.00    0.00    0.00   61.00     3    443.00      0.00 2049076   23812   0.29      0.00      0.00      0.00       0  isupipe
1791477491    113    174339   12.00   23.00    0.00    0.00   35.00     0     10.00      0.00  682592   62628   0.77      0.00      0.00      0.00       0  pdns_server

# Time        UID       PID    %usr %system  %guest   %wait    %CPU   CPU  minflt/s  majflt/s     VSZ     RSS   %MEM   kB_rd/s   kB_wr/s kB_ccwr/s iodelay  Command
1791477492    112     14307   61.00   53.00    0.00    0.00  114.00     0     44.00      0.00 2898540 1035188  12.75      0.00  13868.00   1104.00       0  mysqld
1791477492      0     17311    0.00    0.00    0.00    0.00    0.00     1      0.00      0.00   56800   12976   0.16      0.00      0.00      0.00       0  nginx
1791477492     33     23432    8.00   10.00    0.00   28.00   18.00     3      0.00      0.00   61296   15328   0.19      0.00   1240.00   1100.00       0  nginx
1791477492     33     23433    3.00   10.00    0.00   27.00   13.00     2      0.00      0.00   60284   14056   0.17      0.00     72.00      0.00       0  nginx
1791477492     33     23434    3.00    4.00    0.00   10.00    7.00     2      0.00      0.00   58948   12736   0.16      0.00     48.00      0.00       0  nginx
1791477492     33     23435    3.00    6.00    0.00   14.00    9.00     2      0.00      0.00   59320   13000   0.16      0.00    276.00    228.00       0  nginx
1791477492   1100    174338   32.00   29.00    0.00    0.00   61.00     1    530.00      0.00 2049076   24936   0.31      0.00      0.00      0.00       0  isupipe
1791477492    113    174339   11.00   20.00    0.00    0.00   31.00     0     11.00      0.00  682592   62892   0.77      0.00      0.00      0.00       0  pdns_server

# Time        UID       PID    %usr %system  %guest   %wait    %CPU   CPU  minflt/s  majflt/s     VSZ     RSS   %MEM   kB_rd/s   kB_wr/s kB_ccwr/s iodelay  Command
1791477493    112     14307   61.00   50.00    0.00    1.00  111.00     0      0.00      0.00 2898540 1035188  12.75      0.00  14908.00   1052.00       0  mysqld
1791477493      0     17311    0.00    0.00    0.00    0.00    0.00     1      0.00      0.00   56800   12976   0.16      0.00      0.00      0.00       0  nginx
1791477493     33     23432    8.00    8.00    0.00   45.00   16.00     2      0.00      0.00   61296   15328   0.19      0.00    388.00    240.00       0  nginx
1791477493     33     23433    2.00    9.00    0.00   33.00   11.00     2      0.00      0.00   60284   14056   0.17      0.00    584.00    524.00       0  nginx
1791477493     33     23434    4.00    6.00    0.00   18.00   10.00     2      0.00      0.00   58948   12736   0.16      0.00    452.00    416.00       0  nginx
1791477493     33     23435    3.00    7.00    0.00   26.00   10.00     2     15.00      0.00   59320   13000   0.16      0.00    244.00    176.00       0  nginx
1791477493   1100    174338   36.00   27.00    0.00    0.00   63.00     1    410.00      0.00 2049076   25248   0.31      0.00      0.00      0.00       0  isupipe
1791477493    113    174339   12.00   21.00    0.00    0.00   33.00     0     10.00      0.00  682592   62892   0.77      0.00      0.00      0.00       0  pdns_server

# Time        UID       PID    %usr %system  %guest   %wait    %CPU   CPU  minflt/s  majflt/s     VSZ     RSS   %MEM   kB_rd/s   kB_wr/s kB_ccwr/s iodelay  Command
1791477494    112     14307   60.00   49.00    0.00    0.00  109.00     1      0.00      0.00 2898540 1035188  12.75      0.00  15596.00   1428.00       0  mysqld
1791477494      0     17311    0.00    0.00    0.00    0.00    0.00     1      0.00      0.00   56800   12976   0.16      0.00      0.00      0.00       0  nginx
1791477494     33     23432    4.00   13.00    0.00   43.00   17.00     2      0.00      0.00   61296   15328   0.19      0.00    876.00    756.00       0  nginx
1791477494     33     23433    3.00    9.00    0.00   34.00   12.00     2      0.00      0.00   60284   14056   0.17      0.00    212.00    136.00       0  nginx
1791477494     33     23434    4.00    7.00    0.00   18.00   11.00     2      0.00      0.00   58948   12736   0.16      0.00     48.00      0.00       0  nginx
1791477494     33     23435    6.00    5.00    0.00   21.00   11.00     2     17.00      0.00   59452   13264   0.16      0.00    740.00    668.00       0  nginx
1791477494   1100    174338   30.00   33.00    0.00    0.00   63.00     1    682.00      0.00 2049076   24300   0.30      0.00      0.00      0.00       0  isupipe
1791477494    113    174339   11.00   18.00    0.00    0.00   29.00     0     10.00      0.00  682592   62892   0.77      0.00      0.00      0.00       0  pdns_server

# Time        UID       PID    %usr %system  %guest   %wait    %CPU   CPU  minflt/s  majflt/s     VSZ     RSS   %MEM   kB_rd/s   kB_wr/s kB_ccwr/s iodelay  Command
1791477495    112     14307   60.00   58.00    0.00    0.00  118.00     1     10.00      0.00 2898540 1035380  12.75      0.00  19968.00   1372.00       0  mysqld
1791477495      0     17311    0.00    0.00    0.00    0.00    0.00     1      0.00      0.00   56800   12976   0.16      0.00      0.00      0.00       0  nginx
1791477495     33     23432    6.00   10.00    0.00   41.00   16.00     2      0.00      0.00   61296   15328   0.19      0.00    388.00    300.00       0  nginx
1791477495     33     23433    4.00    7.00    0.00   35.00   11.00     2      0.00      0.00   60284   14056   0.17      0.00    656.00    572.00       0  nginx
1791477495     33     23434    2.00    7.00    0.00   19.00    9.00     2      0.00      0.00   58948   12736   0.16      0.00    308.00    252.00       0  nginx
1791477495     33     23435    4.00    8.00    0.00   22.00   12.00     2     40.00      0.00   59592   13264   0.16      0.00    528.00    452.00       0  nginx
1791477495   1100    174338   33.00   32.00    0.00    0.00   65.00     1    355.00      0.00 2049332   24708   0.30      0.00      0.00      0.00       0  isupipe
1791477495    113    174339   18.00   18.00    0.00    0.00   36.00     0      8.00      0.00  682592   62892   0.77      0.00      0.00      0.00       0  pdns_server

# Time        UID       PID    %usr %system  %guest   %wait    %CPU   CPU  minflt/s  majflt/s     VSZ     RSS   %MEM   kB_rd/s   kB_wr/s kB_ccwr/s iodelay  Command
1791477496    112     14307   64.00   51.00    0.00    1.00  115.00     0      5.00      0.00 2898540 1035380  12.75      0.00  15928.00   1392.00       0  mysqld
1791477496      0     17311    0.00    0.00    0.00    0.00    0.00     1      0.00      0.00   56800   12976   0.16      0.00      0.00      0.00       0  nginx
1791477496     33     23432    5.00   11.00    0.00   38.00   16.00     2      0.00      0.00   61296   15328   0.19      0.00    536.00    452.00       0  nginx
1791477496     33     23433    4.00    7.00    0.00   24.00   11.00     2      0.00      0.00   60284   14056   0.17      0.00    672.00    616.00       0  nginx
1791477496     33     23434    3.00    6.00    0.00   17.00    9.00     2      0.00      0.00   58948   12736   0.16      0.00    364.00    296.00       0  nginx
1791477496     33     23435    3.00    6.00    0.00   20.00    9.00     2      0.00      0.00   59592   13264   0.16      0.00    252.00    180.00       0  nginx
1791477496   1100    174338   37.00   25.00    0.00    0.00   62.00     2    503.00      0.00 2123124   24748   0.30      0.00      0.00      0.00       0  isupipe
1791477496    113    174339   11.00   21.00    0.00    0.00   32.00     0      4.00      0.00  682592   62892   0.77      0.00      0.00      0.00       0  pdns_server

# Time        UID       PID    %usr %system  %guest   %wait    %CPU   CPU  minflt/s  majflt/s     VSZ     RSS   %MEM   kB_rd/s   kB_wr/s kB_ccwr/s iodelay  Command
1791477497    112     14307   68.00   41.00    0.00    0.00  109.00     0     13.00      0.00 2898540 1035380  12.75      0.00  12880.00    640.00       0  mysqld
1791477497      0     17311    0.00    0.00    0.00    0.00    0.00     1      0.00      0.00   56800   12976   0.16      0.00      0.00      0.00       0  nginx
1791477497     33     23432    7.00   10.00    0.00   43.00   17.00     2      0.00      0.00   61296   15328   0.19      0.00    456.00    264.00       0  nginx
1791477497     33     23433    3.00    8.00    0.00   27.00   11.00     2      0.00      0.00   60284   14056   0.17      0.00    244.00    188.00       0  nginx
1791477497     33     23434    5.00    6.00    0.00   18.00   11.00     2      0.00      0.00   58948   12736   0.16      0.00    280.00    212.00       0  nginx
1791477497     33     23435    3.00    8.00    0.00   19.00   11.00     2      0.00      0.00   59592   13264   0.16      0.00    240.00    172.00       0  nginx
1791477497   1100    174338   31.00   27.00    0.00    0.00   58.00     2    372.00      0.00 2123124   24364   0.30      0.00      0.00      0.00       0  isupipe
1791477497    113    174339   16.00   21.00    0.00    0.00   37.00     0      4.00      0.00  682592   62892   0.77      0.00      0.00      0.00       0  pdns_server

# Time        UID       PID    %usr %system  %guest   %wait    %CPU   CPU  minflt/s  majflt/s     VSZ     RSS   %MEM   kB_rd/s   kB_wr/s kB_ccwr/s iodelay  Command
1791477498    112     14307   64.00   58.00    0.00    0.00  122.00     0      0.00      0.00 2898540 1035380  12.75      0.00  13632.00    828.00       0  mysqld
1791477498      0     17311    0.00    0.00    0.00    0.00    0.00     1      0.00      0.00   56800   12976   0.16      0.00      0.00      0.00       0  nginx
1791477498     33     23432    5.00    3.00    0.00   26.00    8.00     2      0.00      0.00   61296   15328   0.19      0.00    160.00    204.00       0  nginx
1791477498     33     23433    3.00    4.00    0.00   21.00    7.00     3      0.00      0.00   60284   14056   0.17      0.00    416.00    388.00       0  nginx
1791477498     33     23434    0.00    3.00    0.00   10.00    3.00     3      0.00      0.00   58948   12736   0.16      0.00    120.00     88.00       0  nginx
1791477498     33     23435    4.00    1.00    0.00   11.00    5.00     2      0.00      0.00   59592   13264   0.16      0.00    244.00    216.00       0  nginx
1791477498   1100    174338   14.00   15.00    0.00    0.00   29.00     2    183.00      0.00 2123124   25156   0.31      0.00      0.00      0.00       0  isupipe
1791477498    113    174339   25.00   35.00    0.00    0.00   60.00     0      7.00      0.00  682592   62892   0.77      0.00      0.00      0.00       0  pdns_server

# Time        UID       PID    %usr %system  %guest   %wait    %CPU   CPU  minflt/s  majflt/s     VSZ     RSS   %MEM   kB_rd/s   kB_wr/s kB_ccwr/s iodelay  Command
1791477499    112     14307   55.00   54.00    0.00    1.00  109.00     0      4.00      0.00 2898540 1035380  12.75      0.00  13144.00    732.00       0  mysqld
1791477499      0     17311    0.00    0.00    0.00    0.00    0.00     1      0.00      0.00   56800   12976   0.16      0.00      0.00      0.00       0  nginx
1791477499     33     23432    6.00   11.00    0.00   43.00   17.00     2      0.00      0.00   61296   15328   0.19      0.00    432.00    328.00       0  nginx
1791477499     33     23433    5.00    7.00    0.00   37.00   12.00     2      0.00      0.00   60284   14056   0.17      0.00    448.00    376.00       0  nginx
1791477499     33     23434    5.00    7.00    0.00   27.00   12.00     2      0.00      0.00   58948   12736   0.16      0.00    168.00    100.00       0  nginx
1791477499     33     23435    4.00    7.00    0.00   23.00   11.00     2      0.00      0.00   59592   13264   0.16      0.00    196.00    160.00       0  nginx
1791477499   1100    174338   29.00   32.00    0.00    0.00   61.00     2    365.00      0.00 2123124   24828   0.31      0.00      0.00      0.00       0  isupipe
1791477499    113    174339   14.00   24.00    0.00    0.00   38.00     0      3.00      0.00  682592   62892   0.77      0.00      0.00      0.00       0  pdns_server

# Time        UID       PID    %usr %system  %guest   %wait    %CPU   CPU  minflt/s  majflt/s     VSZ     RSS   %MEM   kB_rd/s   kB_wr/s kB_ccwr/s iodelay  Command
1791477500    112     14307   63.37   45.54    0.00    0.00  108.91     0      4.95      0.00 2898540 1035380  12.75      0.00  13255.45    760.40       0  mysqld
1791477500      0     17311    0.00    0.00    0.00    0.00    0.00     1      0.00      0.00   56800   12976   0.16      0.00      0.00      0.00       0  nginx
1791477500     33     23432    7.92    9.90    0.00   38.61   17.82     2      0.00      0.00   61296   15328   0.19      0.00    792.08    645.54       0  nginx
1791477500     33     23433    4.95    8.91    0.00   31.68   13.86     2      0.00      0.00   60284   14056   0.17      0.00    348.51    297.03       0  nginx
1791477500     33     23434    3.96    4.95    0.00   28.71    8.91     3      0.00      0.00   58948   12736   0.16      0.00     79.21      0.00       0  nginx
1791477500     33     23435    3.96    6.93    0.00   20.79   10.89     2      0.00      0.00   59592   13264   0.16      0.00    126.73     67.33       0  nginx
1791477500   1100    174338   31.68   27.72    0.00    0.00   59.41     3    473.27      0.00 2123124   24720   0.30      0.00      0.00      0.00       0  isupipe
1791477500    113    174339   13.86   22.77    0.00    0.00   36.63     0      2.97      0.00  682592   62892   0.77      0.00      0.00      0.00       0  pdns_server

# Time        UID       PID    %usr %system  %guest   %wait    %CPU   CPU  minflt/s  majflt/s     VSZ     RSS   %MEM   kB_rd/s   kB_wr/s kB_ccwr/s iodelay  Command
1791477501    112     14307   63.00   47.00    0.00    1.00  110.00     1      2.00      0.00 2898540 1035380  12.75      0.00  14692.00    868.00       0  mysqld
1791477501      0     17311    0.00    0.00    0.00    0.00    0.00     1      0.00      0.00   56800   12976   0.16      0.00      0.00      0.00       0  nginx
1791477501     33     23432    8.00   12.00    0.00   44.00   20.00     2      0.00      0.00   61296   15328   0.19      0.00    244.00     84.00       0  nginx
1791477501     33     23433    6.00    9.00    0.00   26.00   15.00     2      0.00      0.00   60284   14056   0.17      0.00    420.00    372.00       0  nginx
1791477501     33     23434    3.00    4.00    0.00   10.00    7.00     2      0.00      0.00   58948   12736   0.16      0.00    132.00     96.00       0  nginx
1791477501     33     23435    5.00    6.00    0.00   19.00   11.00     2      0.00      0.00   59592   13264   0.16      0.00    640.00    592.00       0  nginx
1791477501   1100    174338   27.00   31.00    0.00    0.00   58.00     3    383.00      0.00 2123124   24644   0.30      0.00      0.00      0.00       0  isupipe
1791477501    113    174339   12.00   23.00    0.00    0.00   35.00     0      4.00      0.00  682592   62892   0.77      0.00      0.00      0.00       0  pdns_server

# Time        UID       PID    %usr %system  %guest   %wait    %CPU   CPU  minflt/s  majflt/s     VSZ     RSS   %MEM   kB_rd/s   kB_wr/s kB_ccwr/s iodelay  Command
1791477502    112     14307   57.00   51.00    0.00    0.00  108.00     1      0.00      0.00 2898540 1035380  12.75      0.00  19092.00   1128.00       0  mysqld
1791477502      0     17311    0.00    0.00    0.00    0.00    0.00     1      0.00      0.00   56800   12976   0.16      0.00      0.00      0.00       0  nginx
1791477502     33     23432    7.00   11.00    0.00   43.00   18.00     2      0.00      0.00   61296   15328   0.19      0.00    772.00    656.00       0  nginx
1791477502     33     23433    3.00    6.00    0.00   26.00    9.00     2      0.00      0.00   60284   14056   0.17      0.00    564.00    416.00       0  nginx
1791477502     33     23434    3.00    5.00    0.00   14.00    8.00     2      0.00      0.00   58948   12736   0.16      0.00    132.00    108.00       0  nginx
1791477502     33     23435    5.00    6.00    0.00   24.00   11.00     2      0.00      0.00   59592   13264   0.16      0.00    248.00    196.00       0  nginx
1791477502   1100    174338   26.00   30.00    0.00    0.00   56.00     2    141.00      0.00 2123124   24740   0.30      0.00      0.00      0.00       0  isupipe
1791477502    113    174339   14.00   21.00    0.00    0.00   35.00     0      3.00      0.00  682592   62892   0.77      0.00      0.00      0.00       0  pdns_server

# Time        UID       PID    %usr %system  %guest   %wait    %CPU   CPU  minflt/s  majflt/s     VSZ     RSS   %MEM   kB_rd/s   kB_wr/s kB_ccwr/s iodelay  Command
1791477503    112     14307   64.00   49.00    0.00    1.00  113.00     1      7.00      0.00 2898540 1035564  12.76      0.00  16296.00   1272.00       0  mysqld
1791477503      0     17311    0.00    0.00    0.00    0.00    0.00     1      0.00      0.00   56800   12976   0.16      0.00      0.00      0.00       0  nginx
1791477503     33     23432    8.00    9.00    0.00   39.00   17.00     2      0.00      0.00   61296   15328   0.19      0.00    560.00    440.00       0  nginx
1791477503     33     23433    4.00    8.00    0.00   30.00   12.00     2      0.00      0.00   60284   14056   0.17      0.00    432.00    476.00       0  nginx
1791477503     33     23434    3.00    4.00    0.00   14.00    7.00     2      0.00      0.00   58948   12736   0.16      0.00    328.00    276.00       0  nginx
1791477503     33     23435    2.00    7.00    0.00   20.00    9.00     2      0.00      0.00   59592   13264   0.16      0.00    452.00    400.00       0  nginx
1791477503   1100    174338   27.00   32.00    0.00    0.00   59.00     0    566.00      0.00 2123124   24708   0.30      0.00      0.00      0.00       0  isupipe
1791477503    113    174339   14.00   22.00    0.00    0.00   36.00     0      3.00      0.00  682592   62892   0.77      0.00      0.00      0.00       0  pdns_server

# Time        UID       PID    %usr %system  %guest   %wait    %CPU   CPU  minflt/s  majflt/s     VSZ     RSS   %MEM   kB_rd/s   kB_wr/s kB_ccwr/s iodelay  Command
1791477504    112     14307   73.00   43.00    0.00    0.00  116.00     1      5.00      0.00 2898540 1035564  12.76      0.00  15412.00   1184.00       0  mysqld
1791477504      0     17311    0.00    0.00    0.00    0.00    0.00     1      0.00      0.00   56800   12976   0.16      0.00      0.00      0.00       0  nginx
1791477504     33     23432    4.00   11.00    0.00   39.00   15.00     2      0.00      0.00   61296   15328   0.19      0.00    552.00    468.00       0  nginx
1791477504     33     23433    6.00    8.00    0.00   31.00   14.00     2      0.00      0.00   60284   14056   0.17      0.00    332.00    276.00       0  nginx
1791477504     33     23434    3.00    6.00    0.00   17.00    9.00     2      0.00      0.00   58948   12736   0.16      0.00    456.00    396.00       0  nginx
1791477504     33     23435    4.00    8.00    0.00   28.00   12.00     2      0.00      0.00   59592   13264   0.16      0.00    248.00    184.00       0  nginx
1791477504   1100    174338   30.00   31.00    0.00    0.00   61.00     0    321.00      0.00 2123124   24640   0.30      0.00      0.00      0.00       0  isupipe
1791477504    113    174339   14.00   21.00    0.00    0.00   35.00     0      4.00      0.00  682592   63156   0.78      0.00      0.00      0.00       0  pdns_server

# Time        UID       PID    %usr %system  %guest   %wait    %CPU   CPU  minflt/s  majflt/s     VSZ     RSS   %MEM   kB_rd/s   kB_wr/s kB_ccwr/s iodelay  Command
1791477505    112     14307   66.00   51.00    0.00    0.00  117.00     1      7.00      0.00 2898540 1035564  12.76      0.00  17456.00    784.00       0  mysqld
1791477505      0     17311    0.00    0.00    0.00    0.00    0.00     1      0.00      0.00   56800   12976   0.16      0.00      0.00      0.00       0  nginx
1791477505     33     23432   11.00    7.00    0.00   38.00   18.00     2      0.00      0.00   61296   15328   0.19      0.00    216.00    160.00       0  nginx
1791477505     33     23433    3.00    8.00    0.00   37.00   11.00     2      0.00      0.00   60284   14056   0.17      0.00    252.00    184.00       0  nginx
1791477505     33     23434    5.00    6.00    0.00   21.00   11.00     2      0.00      0.00   58948   12736   0.16      0.00    124.00     72.00       0  nginx
1791477505     33     23435    4.00    7.00    0.00   28.00   11.00     3      0.00      0.00   59592   13264   0.16      0.00    572.00    508.00       0  nginx
1791477505   1100    174338   30.00   25.00    0.00    0.00   55.00     2    375.00      0.00 2123124   24088   0.30      0.00      0.00      0.00       0  isupipe
1791477505    113    174339   14.00   29.00    0.00    0.00   43.00     0      3.00      0.00  682592   63156   0.78      0.00      0.00      0.00       0  pdns_server

# Time        UID       PID    %usr %system  %guest   %wait    %CPU   CPU  minflt/s  majflt/s     VSZ     RSS   %MEM   kB_rd/s   kB_wr/s kB_ccwr/s iodelay  Command
1791477506    112     14307   64.00   45.00    0.00    0.00  109.00     1      2.00      0.00 2898540 1035564  12.76      0.00  14864.00   1028.00       0  mysqld
1791477506      0     17311    0.00    0.00    0.00    0.00    0.00     1      0.00      0.00   56800   12976   0.16      0.00      0.00      0.00       0  nginx
1791477506     33     23432    7.00   10.00    0.00   40.00   17.00     2      0.00      0.00   61296   15328   0.19      0.00    584.00    476.00       0  nginx
1791477506     33     23433    6.00    6.00    0.00   31.00   12.00     2      0.00      0.00   60284   14056   0.17      0.00    336.00    292.00       0  nginx
1791477506     33     23434    6.00    5.00    0.00   27.00   11.00     2      0.00      0.00   58948   12736   0.16      0.00    228.00     92.00       0  nginx
1791477506     33     23435    4.00    6.00    0.00   23.00   10.00     2      0.00      0.00   59592   13264   0.16      0.00    468.00    392.00       0  nginx
1791477506   1100    174338   33.00   28.00    0.00    0.00   61.00     3    355.00      0.00 2123380   24296   0.30      0.00      0.00      0.00       0  isupipe
1791477506    113    174339   13.00   23.00    0.00    0.00   36.00     0      4.00      0.00  682592   63156   0.78      0.00      0.00      0.00       0  pdns_server

# Time        UID       PID    %usr %system  %guest   %wait    %CPU   CPU  minflt/s  majflt/s     VSZ     RSS   %MEM   kB_rd/s   kB_wr/s kB_ccwr/s iodelay  Command
1791477507    112     14307   54.00   50.00    0.00    1.00  104.00     2      0.00      0.00 2898540 1035564  12.76      0.00  14248.00   1084.00       0  mysqld
1791477507      0     17311    0.00    0.00    0.00    0.00    0.00     1      0.00      0.00   56800   12976   0.16      0.00      0.00      0.00       0  nginx
1791477507     33     23432    4.00   10.00    0.00   46.00   14.00     2      0.00      0.00   61296   15328   0.19      0.00    480.00    288.00       0  nginx
1791477507     33     23433    4.00    7.00    0.00   30.00   11.00     2      0.00      0.00   60284   14056   0.17      0.00    412.00    360.00       0  nginx
1791477507     33     23434    4.00    5.00    0.00   19.00    9.00     0      0.00      0.00   58948   12736   0.16      0.00    308.00    348.00       0  nginx
1791477507     33     23435    4.00    8.00    0.00   30.00   12.00     2      0.00      0.00   59592   13264   0.16      0.00    320.00    264.00       0  nginx
1791477507   1100    174338   31.00   26.00    0.00    0.00   57.00     0   1008.00      0.00 2123380   26524   0.33      0.00      0.00      0.00       0  isupipe
1791477507    113    174339   11.00   19.00    0.00    0.00   30.00     0      3.00      0.00  682592   63156   0.78      0.00      0.00      0.00       0  pdns_server

# Time        UID       PID    %usr %system  %guest   %wait    %CPU   CPU  minflt/s  majflt/s     VSZ     RSS   %MEM   kB_rd/s   kB_wr/s kB_ccwr/s iodelay  Command
1791477508    112     14307   58.00   47.00    0.00    1.00  105.00     2      5.00      0.00 2898540 1035564  12.76      0.00  13784.00    908.00       0  mysqld
1791477508      0     17311    0.00    0.00    0.00    0.00    0.00     1      0.00      0.00   56800   12976   0.16      0.00      0.00      0.00       0  nginx
1791477508     33     23432    5.00    8.00    0.00   45.00   13.00     2      0.00      0.00   61296   15328   0.19      0.00    448.00    436.00       0  nginx
1791477508     33     23433    6.00    7.00    0.00   37.00   13.00     2      0.00      0.00   60284   14056   0.17      0.00    444.00    384.00       0  nginx
1791477508     33     23434    4.00    5.00    0.00   19.00    9.00     2      0.00      0.00   58948   12736   0.16      0.00    248.00    212.00       0  nginx
1791477508     33     23435    4.00    8.00    0.00   41.00   12.00     2      0.00      0.00   59592   13264   0.16      0.00    240.00    172.00       0  nginx
1791477508   1100    174338   23.00   31.00    0.00    0.00   54.00     0    698.00      0.00 2123380   21136   0.26      0.00      0.00      0.00       0  isupipe
1791477508    113    174339   12.00   23.00    0.00    0.00   35.00     0      3.00      0.00  682592   63156   0.78      0.00      0.00      0.00       0  pdns_server

# Time        UID       PID    %usr %system  %guest   %wait    %CPU   CPU  minflt/s  majflt/s     VSZ     RSS   %MEM   kB_rd/s   kB_wr/s kB_ccwr/s iodelay  Command
1791477509    112     14307   63.00   47.00    0.00    1.00  110.00     0      4.00      0.00 2898540 1035564  12.76      0.00  14124.00    916.00       0  mysqld
1791477509      0     17311    0.00    0.00    0.00    0.00    0.00     1      0.00      0.00   56800   12976   0.16      0.00      0.00      0.00       0  nginx
1791477509     33     23432    5.00    8.00    0.00   46.00   13.00     2      0.00      0.00   61296   15328   0.19      0.00    264.00    172.00       0  nginx
1791477509     33     23433    6.00    6.00    0.00   33.00   12.00     2      0.00      0.00   60284   14056   0.17      0.00    268.00    196.00       0  nginx
1791477509     33     23434    5.00    5.00    0.00   19.00   10.00     2      0.00      0.00   58948   12736   0.16      0.00    384.00    328.00       0  nginx
1791477509     33     23435    2.00    7.00    0.00   28.00    9.00     2      0.00      0.00   59592   13264   0.16      0.00    440.00    408.00       0  nginx
1791477509   1100    174338   27.00   24.00    0.00    0.00   51.00     0    864.00      0.00 2123380   21376   0.26      0.00      0.00      0.00       0  isupipe
1791477509    113    174339   15.00   23.00    0.00    0.00   38.00     0      5.00      0.00  682592   63156   0.78      0.00      0.00      0.00       0  pdns_server

# Time        UID       PID    %usr %system  %guest   %wait    %CPU   CPU  minflt/s  majflt/s     VSZ     RSS   %MEM   kB_rd/s   kB_wr/s kB_ccwr/s iodelay  Command
1791477510    112     14307   58.00   48.00    0.00    1.00  106.00     0      5.00      0.00 2898540 1035564  12.76      0.00  18944.00   1148.00       0  mysqld
1791477510      0     17311    0.00    0.00    0.00    0.00    0.00     1      0.00      0.00   56800   12976   0.16      0.00      0.00      0.00       0  nginx
1791477510     33     23432    7.00    7.00    0.00   50.00   14.00     2      0.00      0.00   61296   15328   0.19      0.00    452.00    384.00       0  nginx
1791477510     33     23433    5.00    6.00    0.00   45.00   11.00     2      0.00      0.00   60284   14056   0.17      0.00    256.00    184.00       0  nginx
1791477510     33     23434    6.00    5.00    0.00   32.00   11.00     2      0.00      0.00   58948   12736   0.16      0.00    420.00    364.00       0  nginx
1791477510     33     23435    5.00    6.00    0.00   39.00   11.00     2      0.00      0.00   59592   13264   0.16      0.00    472.00    392.00       0  nginx
1791477510   1100    174338   27.00   29.00    0.00    0.00   56.00     0   1109.00      0.00 2123380   22568   0.28      0.00      0.00      0.00       0  isupipe
1791477510    113    174339   16.00   21.00    0.00    0.00   37.00     0      4.00      0.00  682592   63156   0.78      0.00      0.00      0.00       0  pdns_server

# Time        UID       PID    %usr %system  %guest   %wait    %CPU   CPU  minflt/s  majflt/s     VSZ     RSS   %MEM   kB_rd/s   kB_wr/s kB_ccwr/s iodelay  Command
1791477511    112     14307   60.00   45.00    0.00    0.00  105.00     0      7.00      0.00 2898540 1035564  12.76      0.00  13596.00    792.00       0  mysqld
1791477511      0     17311    0.00    0.00    0.00    0.00    0.00     1      0.00      0.00   56800   12976   0.16      0.00      0.00      0.00       0  nginx
1791477511     33     23432    7.00    7.00    0.00   41.00   14.00     2      0.00      0.00   61296   15328   0.19      0.00    248.00    144.00       0  nginx
1791477511     33     23433    4.00    7.00    0.00   34.00   11.00     2      0.00      0.00   60284   14056   0.17      0.00    328.00    276.00       0  nginx
1791477511     33     23434    4.00    6.00    0.00   19.00   10.00     1      0.00      0.00   58948   12736   0.16      0.00    472.00    412.00       0  nginx
1791477511     33     23435    3.00    7.00    0.00   27.00   10.00     2      0.00      0.00   59592   13264   0.16      0.00    272.00    224.00       0  nginx
1791477511   1100    174338   27.00   27.00    0.00    0.00   54.00     0   1016.00      0.00 2123380   23312   0.29      0.00      0.00      0.00       0  isupipe
1791477511    113    174339   11.00   25.00    0.00    0.00   36.00     0      2.00      0.00  682592   63156   0.78      0.00      0.00      0.00       0  pdns_server

# Time        UID       PID    %usr %system  %guest   %wait    %CPU   CPU  minflt/s  majflt/s     VSZ     RSS   %MEM   kB_rd/s   kB_wr/s kB_ccwr/s iodelay  Command
1791477512    112     14307   56.00   45.00    0.00    0.00  101.00     0      0.00      0.00 2898540 1035564  12.76      0.00  12644.00    728.00       0  mysqld
1791477512      0     17311    0.00    0.00    0.00    0.00    0.00     1      0.00      0.00   56800   12976   0.16      0.00      0.00      0.00       0  nginx
1791477512     33     23432    7.00   10.00    0.00   30.00   17.00     2      0.00      0.00   61296   15328   0.19      0.00    396.00    308.00       0  nginx
1791477512     33     23433    5.00    5.00    0.00   18.00   10.00     2      0.00      0.00   60284   14056   0.17      0.00    476.00    436.00       0  nginx
1791477512     33     23434    2.00    7.00    0.00   18.00    9.00     2      0.00      0.00   58948   12736   0.16      0.00    132.00     72.00       0  nginx
1791477512     33     23435    5.00    4.00    0.00   15.00    9.00     2      0.00      0.00   59592   13264   0.16      0.00    152.00     80.00       0  nginx
1791477512   1100    174338   28.00   29.00    0.00    0.00   57.00     0   1713.00      0.00 2123380   22624   0.28      0.00      0.00      0.00       0  isupipe
1791477512    113    174339   14.00   19.00    0.00    0.00   33.00     0      2.00      0.00  682592   63156   0.78      0.00      0.00      0.00       0  pdns_server

# Time        UID       PID    %usr %system  %guest   %wait    %CPU   CPU  minflt/s  majflt/s     VSZ     RSS   %MEM   kB_rd/s   kB_wr/s kB_ccwr/s iodelay  Command
1791477513    112     14307   71.00   48.00    0.00    0.00  119.00     0      4.00      0.00 2898540 1035564  12.76      0.00  11700.00    304.00       0  mysqld
1791477513      0     17311    0.00    0.00    0.00    0.00    0.00     1      0.00      0.00   56800   12976   0.16      0.00      0.00      0.00       0  nginx
1791477513     33     23432    3.00    6.00    0.00   19.00    9.00     3      0.00      0.00   61296   15328   0.19      0.00    252.00    192.00       0  nginx
1791477513     33     23433    2.00    3.00    0.00   13.00    5.00     3      0.00      0.00   60284   14056   0.17      0.00    132.00      0.00       0  nginx
1791477513     33     23434    1.00    2.00    0.00    9.00    3.00     3      0.00      0.00   58948   12736   0.16      0.00     28.00      0.00       0  nginx
1791477513     33     23435    2.00    3.00    0.00    8.00    5.00     2      0.00      0.00   59592   13264   0.16      0.00    240.00    212.00       0  nginx
1791477513   1100    174338   18.00   11.00    0.00    0.00   29.00     0    514.00      0.00 2123380   21688   0.27      0.00      0.00      0.00       0  isupipe
1791477513    113    174339   23.00   39.00    0.00    0.00   62.00     0      2.00      0.00  682592   63156   0.78      0.00      0.00      0.00       0  pdns_server

# Time        UID       PID    %usr %system  %guest   %wait    %CPU   CPU  minflt/s  majflt/s     VSZ     RSS   %MEM   kB_rd/s   kB_wr/s kB_ccwr/s iodelay  Command
1791477514    112     14307   68.00   45.00    0.00    1.00  113.00     0     13.00      0.00 2898540 1035564  12.76      0.00  19096.00   1284.00       0  mysqld
1791477514      0     17311    0.00    0.00    0.00    0.00    0.00     1      0.00      0.00   56800   12976   0.16      0.00      0.00      0.00       0  nginx
1791477514     33     23432    6.00   14.00    0.00   44.00   20.00     2      0.00      0.00   61296   15328   0.19      0.00    512.00    400.00       0  nginx
1791477514     33     23433    6.00    6.00    0.00   29.00   12.00     2      0.00      0.00   60284   14056   0.17      0.00    320.00    364.00       0  nginx
1791477514     33     23434    3.00    5.00    0.00   17.00    8.00     1      0.00      0.00   58948   12736   0.16      0.00    296.00    272.00       0  nginx
1791477514     33     23435    2.00    9.00    0.00   28.00   11.00     2      0.00      0.00   59592   13264   0.16      0.00    504.00    408.00       0  nginx
1791477514   1100    174338   30.00   31.00    0.00    0.00   61.00     0   1569.00      0.00 2123380   22028   0.27      0.00      0.00      0.00       0  isupipe
1791477514    113    174339   16.00   22.00    0.00    0.00   38.00     0      3.00      0.00  682592   63156   0.78      0.00      0.00      0.00       0  pdns_server

# Time        UID       PID    %usr %system  %guest   %wait    %CPU   CPU  minflt/s  majflt/s     VSZ     RSS   %MEM   kB_rd/s   kB_wr/s kB_ccwr/s iodelay  Command
1791477515    112     14307   64.00   43.00    0.00    1.00  107.00     0      1.00      0.00 2898540 1035564  12.76      0.00  14256.00   1068.00       0  mysqld
1791477515      0     17311    0.00    0.00    0.00    0.00    0.00     1      0.00      0.00   56800   12976   0.16      0.00      0.00      0.00       0  nginx
1791477515     33     23432    8.00   12.00    0.00   36.00   20.00     2      0.00      0.00   61296   15328   0.19      0.00    912.00    792.00       0  nginx
1791477515     33     23433    4.00    8.00    0.00   27.00   12.00     2      0.00      0.00   60284   14056   0.17      0.00    392.00    328.00       0  nginx
1791477515     33     23434    1.00    7.00    0.00   12.00    8.00     2      0.00      0.00   58948   12736   0.16      0.00    112.00     60.00       0  nginx
1791477515     33     23435    3.00    5.00    0.00   20.00    8.00     2      0.00      0.00   59592   13264   0.16      0.00    192.00    124.00       0  nginx
1791477515   1100    174338   27.00   34.00    0.00    0.00   61.00     0   1072.00      0.00 2123380   22332   0.28      0.00      0.00      0.00       0  isupipe
1791477515    113    174339   12.00   24.00    0.00    0.00   36.00     0      1.00      0.00  682592   63156   0.78      0.00      0.00      0.00       0  pdns_server

# Time        UID       PID    %usr %system  %guest   %wait    %CPU   CPU  minflt/s  majflt/s     VSZ     RSS   %MEM   kB_rd/s   kB_wr/s kB_ccwr/s iodelay  Command
1791477516    112     14307   58.00   53.00    0.00    0.00  111.00     1      5.00      0.00 2898540 1035564  12.76      0.00  14284.00    960.00       0  mysqld
1791477516      0     17311    0.00    0.00    0.00    0.00    0.00     1      0.00      0.00   56800   12976   0.16      0.00      0.00      0.00       0  nginx
1791477516     33     23432    6.00   11.00    0.00   42.00   17.00     2      0.00      0.00   61296   15328   0.19      0.00    444.00    328.00       0  nginx
1791477516     33     23433    4.00    8.00    0.00   28.00   12.00     2      0.00      0.00   60284   14056   0.17      0.00    704.00    648.00       0  nginx
1791477516     33     23434    5.00    5.00    0.00   24.00   10.00     2      0.00      0.00   58948   12736   0.16      0.00    248.00    176.00       0  nginx
1791477516     33     23435    7.00    4.00    0.00   21.00   11.00     2      0.00      0.00   59592   13264   0.16      0.00     36.00      0.00       0  nginx
1791477516   1100    174338   28.00   33.00    0.00    0.00   61.00     0    831.00      0.00 2123380   22140   0.27      0.00      0.00      0.00       0  isupipe
1791477516    113    174339   13.00   25.00    0.00    0.00   38.00     0      2.00      0.00  682592   63156   0.78      0.00      0.00      0.00       0  pdns_server

# Time        UID       PID    %usr %system  %guest   %wait    %CPU   CPU  minflt/s  majflt/s     VSZ     RSS   %MEM   kB_rd/s   kB_wr/s kB_ccwr/s iodelay  Command
1791477517    112     14307   24.75   21.78    0.00    0.00   46.53     1      0.00      0.00 2893400 1034228  12.74      0.00   7659.41    348.51       0  mysqld
1791477517      0     17311    0.00    0.00    0.00    0.00    0.00     1      0.00      0.00   56800   12976   0.16      0.00      0.00      0.00       0  nginx
1791477517     33     23432    1.98    3.96    0.00   21.78    5.94     0      0.00      0.00   61296   15328   0.19      0.00    225.74    190.10       0  nginx
1791477517     33     23433    1.98    2.97    0.00   17.82    4.95     3      0.00      0.00   60284   14056   0.17      0.00    110.89     83.17       0  nginx
1791477517     33     23434    1.98    1.98    0.00    9.90    3.96     3      0.00      0.00   58948   12736   0.16      0.00     95.05     75.25       0  nginx
1791477517     33     23435    0.99    2.97    0.00   10.89    3.96     2      0.00      0.00   59592   13264   0.16      0.00    134.65    114.85       0  nginx
1791477517   1100    174338    8.91   16.83    0.00    0.00   25.74     0    553.47      0.00 2123380   21992   0.27      0.00      0.00      0.00       0  isupipe
1791477517    113    174339    3.96   12.87    0.00    0.00   16.83     0      0.99      0.00  682592   63156   0.78      0.00      0.00      0.00       0  pdns_server

# Time        UID       PID    %usr %system  %guest   %wait    %CPU   CPU  minflt/s  majflt/s     VSZ     RSS   %MEM   kB_rd/s   kB_wr/s kB_ccwr/s iodelay  Command
1791477518    112     14307    1.00    1.00    0.00    0.00    2.00     1      0.00      0.00 2893400 1034228  12.74      0.00   3776.00      0.00       0  mysqld
1791477518      0     17311    0.00    0.00    0.00    0.00    0.00     1      0.00      0.00   56800   12976   0.16      0.00      0.00      0.00       0  nginx
1791477518     33     23432    0.00    0.00    0.00    0.00    0.00     2      0.00      0.00   61296   15328   0.19      0.00      0.00      0.00       0  nginx
1791477518     33     23433    0.00    0.00    0.00    0.00    0.00     3      0.00      0.00   60284   14056   0.17      0.00      0.00      0.00       0  nginx
1791477518     33     23434    0.00    0.00    0.00    0.00    0.00     0      0.00      0.00   58948   12736   0.16      0.00      0.00      0.00       0  nginx
1791477518     33     23435    0.00    0.00    0.00    0.00    0.00     1      0.00      0.00   59592   13264   0.16      0.00      0.00      0.00       0  nginx
1791477518   1100    174338    1.00    0.00    0.00    0.00    1.00     0    295.00      0.00 2123380   23048   0.28      0.00      0.00      0.00       0  isupipe
1791477518    113    174339    0.00    0.00    0.00    0.00    0.00     0      0.00      0.00  682592   63156   0.78      0.00      0.00      0.00       0  pdns_server
