Linux 5.15.0-198-generic (isucon13-app) 	10/08/26 	_aarch64_	(4 CPU)

# Time        UID       PID    %usr %system  %guest   %wait    %CPU   CPU  minflt/s  majflt/s     VSZ     RSS   %MEM   kB_rd/s   kB_wr/s kB_ccwr/s iodelay  Command
1791476233    112     14307   12.00    7.00    0.00    0.00   19.00     3      7.00      0.00 2881404  942492  11.61      0.00  11160.00      0.00       0  mysqld
1791476233      0     17311    0.00    0.00    0.00    0.00    0.00     1      0.00      0.00   56800   12976   0.16      0.00      0.00      0.00       0  nginx
1791476233     33     23432    0.00    0.00    0.00    0.00    0.00     1      0.00      0.00   60836   14636   0.18      0.00      0.00      0.00       0  nginx
1791476233     33     23433    0.00    0.00    0.00    0.00    0.00     3      0.00      0.00   59068   13000   0.16      0.00      0.00      0.00       0  nginx
1791476233     33     23434    0.00    0.00    0.00    0.00    0.00     3      0.00      0.00   57700   11416   0.14      0.00      0.00      0.00       0  nginx
1791476233     33     23435    0.00    0.00    0.00    0.00    0.00     1      0.00      0.00   58232   11944   0.15      0.00      0.00      0.00       0  nginx
1791476233    113    107411    0.00    0.00    0.00    0.00    0.00     2      0.00      0.00  682592   63952   0.79      0.00      0.00      0.00       0  pdns_server
1791476233   1100    128327    0.00    0.00    0.00    0.00    0.00     0      0.00      0.00 1753388   13732   0.17      0.00      0.00      0.00       0  isupipe

# Time        UID       PID    %usr %system  %guest   %wait    %CPU   CPU  minflt/s  majflt/s     VSZ     RSS   %MEM   kB_rd/s   kB_wr/s kB_ccwr/s iodelay  Command
1791476234    112     14307    7.00    9.00    0.00    0.00   16.00     3      0.00      0.00 2881404  942492  11.61      0.00   7672.00      0.00       0  mysqld
1791476234      0     17311    0.00    0.00    0.00    0.00    0.00     1      0.00      0.00   56800   12976   0.16      0.00      0.00      0.00       0  nginx
1791476234     33     23432    0.00    0.00    0.00    0.00    0.00     1      0.00      0.00   60836   14636   0.18      0.00      0.00      0.00       0  nginx
1791476234     33     23433    0.00    0.00    0.00    0.00    0.00     3      0.00      0.00   59068   13000   0.16      0.00      0.00      0.00       0  nginx
1791476234     33     23434    0.00    0.00    0.00    0.00    0.00     3      0.00      0.00   57700   11416   0.14      0.00      0.00      0.00       0  nginx
1791476234     33     23435    0.00    0.00    0.00    0.00    0.00     1      0.00      0.00   58232   11944   0.15      0.00      0.00      0.00       0  nginx
1791476234    113    107411    0.00    0.00    0.00    0.00    0.00     2      0.00      0.00  682592   63952   0.79      0.00      0.00      0.00       0  pdns_server
1791476234   1100    128327    0.00    0.00    0.00    0.00    0.00     0      0.00      0.00 1753388   13732   0.17      0.00      0.00      0.00       0  isupipe

# Time        UID       PID    %usr %system  %guest   %wait    %CPU   CPU  minflt/s  majflt/s     VSZ     RSS   %MEM   kB_rd/s   kB_wr/s kB_ccwr/s iodelay  Command
1791476235    112     14307   10.00    5.00    0.00    0.00   15.00     3      0.00      0.00 2881404  942492  11.61      0.00   8692.00      0.00       0  mysqld
1791476235      0     17311    0.00    0.00    0.00    0.00    0.00     1      0.00      0.00   56800   12976   0.16      0.00      0.00      0.00       0  nginx
1791476235     33     23432    0.00    0.00    0.00    0.00    0.00     1      0.00      0.00   60836   14636   0.18      0.00      0.00      0.00       0  nginx
1791476235     33     23433    0.00    0.00    0.00    0.00    0.00     3      0.00      0.00   59068   13000   0.16      0.00      0.00      0.00       0  nginx
1791476235     33     23434    0.00    0.00    0.00    0.00    0.00     3      0.00      0.00   57700   11416   0.14      0.00      0.00      0.00       0  nginx
1791476235     33     23435    0.00    0.00    0.00    0.00    0.00     1      0.00      0.00   58232   11944   0.15      0.00      0.00      0.00       0  nginx
1791476235    113    107411    0.00    0.00    0.00    0.00    0.00     2      0.00      0.00  682592   63952   0.79      0.00      0.00      0.00       0  pdns_server
1791476235   1100    128327    0.00    0.00    0.00    0.00    0.00     0      0.00      0.00 1753388   13732   0.17      0.00      0.00      0.00       0  isupipe

# Time        UID       PID    %usr %system  %guest   %wait    %CPU   CPU  minflt/s  majflt/s     VSZ     RSS   %MEM   kB_rd/s   kB_wr/s kB_ccwr/s iodelay  Command
1791476236    112     14307   10.00   11.00    0.00    0.00   21.00     3    518.00      0.00 2881404  909820  11.21      0.00  24640.00   1948.00       0  mysqld
1791476236      0     17311    0.00    0.00    0.00    0.00    0.00     1      0.00      0.00   56800   12976   0.16      0.00      0.00      0.00       0  nginx
1791476236     33     23432    0.00    0.00    0.00    0.00    0.00     1      0.00      0.00   60836   14636   0.18      0.00      0.00      0.00       0  nginx
1791476236     33     23433    0.00    0.00    0.00    0.00    0.00     3      0.00      0.00   59068   13000   0.16      0.00      0.00      0.00       0  nginx
1791476236     33     23434    0.00    0.00    0.00    0.00    0.00     3      0.00      0.00   57700   11416   0.14      0.00      0.00      0.00       0  nginx
1791476236     33     23435    0.00    0.00    0.00    0.00    0.00     1      0.00      0.00   58232   11944   0.15      0.00      0.00      0.00       0  nginx
1791476236    113    107411    0.00    0.00    0.00    0.00    0.00     2      0.00      0.00  682592   63952   0.79      0.00      0.00      0.00       0  pdns_server
1791476236   1100    128327    0.00    0.00    0.00    0.00    0.00     0      0.00      0.00 1753388   13732   0.17      0.00      0.00      0.00       0  isupipe

# Time        UID       PID    %usr %system  %guest   %wait    %CPU   CPU  minflt/s  majflt/s     VSZ     RSS   %MEM   kB_rd/s   kB_wr/s kB_ccwr/s iodelay  Command
1791476237    112     14307   28.00   15.00    0.00    0.00   43.00     3   8573.00      0.00 2883084  941772  11.60      0.00  37260.00   1520.00       0  mysqld
1791476237      0     17311    0.00    0.00    0.00    0.00    0.00     1      0.00      0.00   56800   12976   0.16      0.00      0.00      0.00       0  nginx
1791476237     33     23432    0.00    0.00    0.00    0.00    0.00     0      0.00      0.00   60836   14636   0.18      0.00      4.00      0.00       0  nginx
1791476237     33     23433    0.00    0.00    0.00    0.00    0.00     3      0.00      0.00   59068   13000   0.16      0.00      0.00      0.00       0  nginx
1791476237     33     23434    0.00    0.00    0.00    0.00    0.00     3      0.00      0.00   57700   11416   0.14      0.00      0.00      0.00       0  nginx
1791476237     33     23435    0.00    0.00    0.00    0.00    0.00     1      0.00      0.00   58232   11944   0.15      0.00      0.00      0.00       0  nginx
1791476237    113    107411    0.00    0.00    0.00    0.00    0.00     2      0.00      0.00  682592   63952   0.79      0.00      0.00      0.00       0  pdns_server
1791476237   1100    128327    2.00    1.00    0.00    0.00    3.00     0    231.00      0.00 1753388   14392   0.18      0.00     52.00     52.00       0  isupipe

# Time        UID       PID    %usr %system  %guest   %wait    %CPU   CPU  minflt/s  majflt/s     VSZ     RSS   %MEM   kB_rd/s   kB_wr/s kB_ccwr/s iodelay  Command
1791476238    112     14307   14.00    7.00    0.00    0.00   21.00     0      0.00      0.00 2883084  941772  11.60      0.00   4848.00     88.00       0  mysqld
1791476238      0     17311    0.00    0.00    0.00    0.00    0.00     1      0.00      0.00   56800   12976   0.16      0.00      0.00      0.00       0  nginx
1791476238     33     23432    0.00    2.00    0.00    0.00    2.00     2      0.00      0.00   60836   14636   0.18      0.00    124.00    116.00       0  nginx
1791476238     33     23433    0.00    0.00    0.00    0.00    0.00     3      0.00      0.00   59068   13000   0.16      0.00      0.00      0.00       0  nginx
1791476238     33     23434    0.00    0.00    0.00    0.00    0.00     3      0.00      0.00   57700   11416   0.14      0.00      0.00      0.00       0  nginx
1791476238     33     23435    0.00    0.00    0.00    0.00    0.00     1      0.00      0.00   58232   11944   0.15      0.00      0.00      0.00       0  nginx
1791476238    113    107411    0.00    1.00    0.00    0.00    1.00     2      0.00      0.00  682592   63952   0.79      0.00      0.00      0.00       0  pdns_server
1791476238   1100    128327    6.00    5.00    0.00    0.00   11.00     0    658.00      0.00 1753644   14320   0.18      0.00      0.00      0.00       0  isupipe

# Time        UID       PID    %usr %system  %guest   %wait    %CPU   CPU  minflt/s  majflt/s     VSZ     RSS   %MEM   kB_rd/s   kB_wr/s kB_ccwr/s iodelay  Command
1791476239    112     14307    1.00    1.00    0.00    0.00    2.00     0      0.00      0.00 2883084  941772  11.60      0.00   3488.00      0.00       0  mysqld
1791476239      0     17311    0.00    0.00    0.00    0.00    0.00     1      0.00      0.00   56800   12976   0.16      0.00      0.00      0.00       0  nginx
1791476239     33     23432    0.00    0.00    0.00    0.00    0.00     2      0.00      0.00   60836   14636   0.18      0.00      0.00      0.00       0  nginx
1791476239     33     23433    0.00    0.00    0.00    0.00    0.00     3      0.00      0.00   59068   13000   0.16      0.00      0.00      0.00       0  nginx
1791476239     33     23434    0.00    0.00    0.00    0.00    0.00     3      0.00      0.00   57700   11416   0.14      0.00      0.00      0.00       0  nginx
1791476239     33     23435    0.00    0.00    0.00    0.00    0.00     1      0.00      0.00   58232   11944   0.15      0.00      0.00      0.00       0  nginx
1791476239    113    107411    0.00    0.00    0.00    0.00    0.00     2      0.00      0.00  682592   63952   0.79      0.00      0.00      0.00       0  pdns_server
1791476239   1100    128327    0.00    0.00    0.00    0.00    0.00     0      0.00      0.00 1753644   14280   0.18      0.00      0.00      0.00       0  isupipe

# Time        UID       PID    %usr %system  %guest   %wait    %CPU   CPU  minflt/s  majflt/s     VSZ     RSS   %MEM   kB_rd/s   kB_wr/s kB_ccwr/s iodelay  Command
1791476240    112     14307    0.99    5.94    0.00    0.00    6.93     0      0.00      0.00 2883084  941772  11.60      0.00   3794.06     83.17       0  mysqld
1791476240      0     17311    0.00    0.00    0.00    0.00    0.00     1      0.00      0.00   56800   12976   0.16      0.00      0.00      0.00       0  nginx
1791476240     33     23432    0.99    0.00    0.00    0.00    0.99     2      0.00      0.00   60836   14636   0.18      0.00    118.81    106.93       0  nginx
1791476240     33     23433    0.00    0.00    0.00    0.00    0.00     3      0.00      0.00   59068   13000   0.16      0.00      0.00      0.00       0  nginx
1791476240     33     23434    0.00    0.00    0.00    0.00    0.00     3      0.00      0.00   57700   11416   0.14      0.00      0.00      0.00       0  nginx
1791476240     33     23435    0.00    0.00    0.00    0.00    0.00     1      0.00      0.00   58232   11944   0.15      0.00      0.00      0.00       0  nginx
1791476240    113    107411    0.00    0.00    0.00    0.00    0.00     2      0.00      0.00  682592   63952   0.79      0.00      0.00      0.00       0  pdns_server
1791476240   1100    128327    3.96    2.97    0.00    0.00    6.93     0    270.30      0.00 1753644   14328   0.18      0.00      0.00      0.00       0  isupipe

# Time        UID       PID    %usr %system  %guest   %wait    %CPU   CPU  minflt/s  majflt/s     VSZ     RSS   %MEM   kB_rd/s   kB_wr/s kB_ccwr/s iodelay  Command
1791476241    112     14307    0.99    0.99    0.00    0.00    1.98     0      0.00      0.00 2883084  941772  11.60      0.00   2796.04      0.00       0  mysqld
1791476241      0     17311    0.00    0.00    0.00    0.00    0.00     1      0.00      0.00   56800   12976   0.16      0.00      0.00      0.00       0  nginx
1791476241     33     23432    0.00    0.00    0.00    0.00    0.00     2      0.00      0.00   60836   14636   0.18      0.00      0.00      0.00       0  nginx
1791476241     33     23433    0.00    0.00    0.00    0.00    0.00     3      0.00      0.00   59068   13000   0.16      0.00      0.00      0.00       0  nginx
1791476241     33     23434    0.00    0.00    0.00    0.00    0.00     3      0.00      0.00   57700   11416   0.14      0.00      0.00      0.00       0  nginx
1791476241     33     23435    0.00    0.00    0.00    0.00    0.00     1      0.00      0.00   58232   11944   0.15      0.00      0.00      0.00       0  nginx
1791476241    113    107411    0.00    0.00    0.00    0.00    0.00     2      0.00      0.00  682592   63952   0.79      0.00      0.00      0.00       0  pdns_server
1791476241   1100    128327    0.00    0.00    0.00    0.00    0.00     0      0.00      0.00 1753644   14328   0.18      0.00      0.00      0.00       0  isupipe

# Time        UID       PID    %usr %system  %guest   %wait    %CPU   CPU  minflt/s  majflt/s     VSZ     RSS   %MEM   kB_rd/s   kB_wr/s kB_ccwr/s iodelay  Command
1791476242    112     14307    7.00    3.00    0.00    0.00   10.00     0      0.00      0.00 2883084  941772  11.60      0.00   2932.00      0.00       0  mysqld
1791476242      0     17311    0.00    0.00    0.00    0.00    0.00     1      0.00      0.00   56800   12976   0.16      0.00      0.00      0.00       0  nginx
1791476242     33     23432    2.00    1.00    0.00    0.00    3.00     1      0.00      0.00   60836   14636   0.18      0.00      8.00      0.00       0  nginx
1791476242     33     23433    0.00    0.00    0.00    0.00    0.00     3      0.00      0.00   59068   13000   0.16      0.00      0.00      0.00       0  nginx
1791476242     33     23434    0.00    0.00    0.00    0.00    0.00     3      0.00      0.00   57700   11416   0.14      0.00      0.00      0.00       0  nginx
1791476242     33     23435    0.00    0.00    0.00    0.00    0.00     1      0.00      0.00   58232   11944   0.15      0.00      0.00      0.00       0  nginx
1791476242    113    107411    1.00    1.00    0.00    0.00    2.00     2      0.00      0.00  682592   63952   0.79      0.00      0.00      0.00       0  pdns_server
1791476242   1100    128327    3.00    3.00    0.00    0.00    6.00     0     21.00      0.00 1753644   14328   0.18      0.00      0.00      0.00       0  isupipe

# Time        UID       PID    %usr %system  %guest   %wait    %CPU   CPU  minflt/s  majflt/s     VSZ     RSS   %MEM   kB_rd/s   kB_wr/s kB_ccwr/s iodelay  Command
1791476243    112     14307   77.00   42.00    0.00    6.00  119.00     3    265.00      0.00 2882056  942380  11.61      0.00  18944.00   1624.00       0  mysqld
1791476243      0     17311    0.00    0.00    0.00    0.00    0.00     1      0.00      0.00   56800   12976   0.16      0.00      0.00      0.00       0  nginx
1791476243     33     23432    6.00   11.00    0.00    9.00   17.00     3      0.00      0.00   60836   14636   0.18      0.00   1752.00   1592.00       0  nginx
1791476243     33     23433    3.00    3.00    0.00    4.00    6.00     3      0.00      0.00   59068   13000   0.16      0.00    292.00    280.00       0  nginx
1791476243     33     23434    0.00    0.00    0.00    0.00    0.00     3      0.00      0.00   57700   11416   0.14      0.00      0.00      0.00       0  nginx
1791476243     33     23435    1.00    0.00    0.00    1.00    1.00     0      0.00      0.00   58232   11944   0.15      0.00      0.00      0.00       0  nginx
1791476243    113    107411   15.00   13.00    0.00    0.00   28.00     2      0.00      0.00  682592   63952   0.79      0.00      0.00      0.00       0  pdns_server
1791476243   1100    128327   28.00   29.00    0.00    8.00   57.00     1   1520.00      0.00 1901228   15020   0.19      0.00      0.00      0.00       0  isupipe

# Time        UID       PID    %usr %system  %guest   %wait    %CPU   CPU  minflt/s  majflt/s     VSZ     RSS   %MEM   kB_rd/s   kB_wr/s kB_ccwr/s iodelay  Command
1791476244    112     14307   70.00   47.00    0.00    3.00  117.00     0    196.00      0.00 2884112  942856  11.61      0.00   6388.00   1196.00       0  mysqld
1791476244      0     17311    0.00    0.00    0.00    0.00    0.00     1      0.00      0.00   56800   12976   0.16      0.00      0.00      0.00       0  nginx
1791476244     33     23432    7.00   10.00    0.00   16.00   17.00     0      0.00      0.00   60836   14636   0.18      0.00    964.00    936.00       0  nginx
1791476244     33     23433    4.00    8.00    0.00    9.00   12.00     0      0.00      0.00   59068   13000   0.16      0.00    400.00    340.00       0  nginx
1791476244     33     23434    0.00    0.00    0.00    0.00    0.00     3      0.00      0.00   57700   11416   0.14      0.00      0.00      0.00       0  nginx
1791476244     33     23435    1.00    1.00    0.00    1.00    2.00     2      0.00      0.00   58232   11944   0.15      0.00    216.00    200.00       0  nginx
1791476244    113    107411   11.00   13.00    0.00    0.00   24.00     2      0.00      0.00  682592   63952   0.79      0.00      0.00      0.00       0  pdns_server
1791476244   1100    128327   26.00   38.00    0.00   21.00   64.00     2   1767.00      0.00 1901228   15364   0.19      0.00      0.00      0.00       0  isupipe

# Time        UID       PID    %usr %system  %guest   %wait    %CPU   CPU  minflt/s  majflt/s     VSZ     RSS   %MEM   kB_rd/s   kB_wr/s kB_ccwr/s iodelay  Command
1791476245    112     14307   80.00   31.00    0.00    1.00  111.00     0     36.00      0.00 2883084  942940  11.61      0.00   7852.00   1024.00       0  mysqld
1791476245      0     17311    0.00    0.00    0.00    0.00    0.00     1      0.00      0.00   56800   12976   0.16      0.00      0.00      0.00       0  nginx
1791476245     33     23432    8.00    9.00    0.00   17.00   17.00     3      0.00      0.00   60836   14636   0.18      0.00   1064.00    976.00       0  nginx
1791476245     33     23433    4.00    4.00    0.00   10.00    8.00     3      0.00      0.00   59068   13000   0.16      0.00    184.00    148.00       0  nginx
1791476245     33     23434    0.00    0.00    0.00    0.00    0.00     3      0.00      0.00   57700   11416   0.14      0.00      0.00      0.00       0  nginx
1791476245     33     23435    2.00    3.00    0.00    3.00    5.00     3      0.00      0.00   58232   11944   0.15      0.00    168.00    140.00       0  nginx
1791476245    113    107411   14.00   18.00    0.00    0.00   32.00     2      0.00      0.00  682592   63952   0.79      0.00      0.00      0.00       0  pdns_server
1791476245   1100    128327   31.00   37.00    0.00   27.00   68.00     2   2301.00      0.00 1975276   15264   0.19      0.00      0.00      0.00       0  isupipe

# Time        UID       PID    %usr %system  %guest   %wait    %CPU   CPU  minflt/s  majflt/s     VSZ     RSS   %MEM   kB_rd/s   kB_wr/s kB_ccwr/s iodelay  Command
1791476246    112     14307   73.00   47.00    0.00    3.00  120.00     0    114.00      0.00 2885140  942940  11.61      0.00   8132.00   1040.00       0  mysqld
1791476246      0     17311    0.00    0.00    0.00    0.00    0.00     1      0.00      0.00   56800   12976   0.16      0.00      0.00      0.00       0  nginx
1791476246     33     23432    7.00   10.00    0.00   18.00   17.00     3      0.00      0.00   60836   14636   0.18      0.00    712.00    580.00       0  nginx
1791476246     33     23433    3.00    6.00    0.00    6.00    9.00     3      0.00      0.00   59068   13000   0.16      0.00    640.00    628.00       0  nginx
1791476246     33     23434    0.00    1.00    0.00    1.00    1.00     3      0.00      0.00   57700   11416   0.14      0.00      0.00      0.00       0  nginx
1791476246     33     23435    0.00    2.00    0.00    2.00    2.00     3      0.00      0.00   58232   11944   0.15      0.00    120.00    112.00       0  nginx
1791476246    113    107411   16.00   14.00    0.00    0.00   30.00     2      1.00      0.00  682592   63952   0.79      0.00      0.00      0.00       0  pdns_server
1791476246   1100    128327   43.00   27.00    0.00   15.00   70.00     1   2016.00      0.00 1975276   15872   0.20      0.00      0.00      0.00       0  isupipe
1791476246   1100    129786    0.00    0.00    0.00    0.00    0.00     1      0.00      0.00 1975276   15872   0.20      0.00      0.00      0.00       0  isupipe

# Time        UID       PID    %usr %system  %guest   %wait    %CPU   CPU  minflt/s  majflt/s     VSZ     RSS   %MEM   kB_rd/s   kB_wr/s kB_ccwr/s iodelay  Command
1791476247    112     14307   76.00   41.00    0.00    2.00  117.00     1     24.00      0.00 2883084  942940  11.61      0.00   5828.00    824.00       0  mysqld
1791476247      0     17311    0.00    0.00    0.00    0.00    0.00     1      0.00      0.00   56800   12976   0.16      0.00      0.00      0.00       0  nginx
1791476247     33     23432    6.00   10.00    0.00   17.00   16.00     3      0.00      0.00   60836   14636   0.18      0.00    892.00    808.00       0  nginx
1791476247     33     23433    2.00    6.00    0.00    8.00    8.00     3      0.00      0.00   59068   13000   0.16      0.00    220.00    192.00       0  nginx
1791476247     33     23434    0.00    0.00    0.00    0.00    0.00     3      0.00      0.00   57700   11416   0.14      0.00    100.00      0.00       0  nginx
1791476247     33     23435    1.00    1.00    0.00    3.00    2.00     3      0.00      0.00   58232   11944   0.15      0.00     84.00      0.00       0  nginx
1791476247    113    107411   15.00   15.00    0.00    0.00   30.00     2      0.00      0.00  682592   63952   0.79      0.00      0.00      0.00       0  pdns_server
1791476247   1100    128327   34.00   31.00    0.00   36.00   65.00     1   2249.00      0.00 1975276   16188   0.20      0.00      0.00      0.00       0  isupipe

# Time        UID       PID    %usr %system  %guest   %wait    %CPU   CPU  minflt/s  majflt/s     VSZ     RSS   %MEM   kB_rd/s   kB_wr/s kB_ccwr/s iodelay  Command
1791476248    112     14307   80.00   45.00    0.00    2.00  125.00     1    109.00      0.00 2884112  942940  11.61      0.00   7060.00   1112.00       0  mysqld
1791476248      0     17311    0.00    0.00    0.00    0.00    0.00     1      0.00      0.00   56800   12976   0.16      0.00      0.00      0.00       0  nginx
1791476248     33     23432   10.00    7.00    0.00   18.00   17.00     3      0.00      0.00   60836   14636   0.18      0.00    520.00    412.00       0  nginx
1791476248     33     23433    3.00    8.00    0.00    8.00   11.00     3      0.00      0.00   59068   13000   0.16      0.00    592.00    548.00       0  nginx
1791476248     33     23434    0.00    0.00    0.00    0.00    0.00     3      0.00      0.00   57700   11416   0.14      0.00      0.00    100.00       0  nginx
1791476248     33     23435    1.00    2.00    0.00    2.00    3.00     3      0.00      0.00   58232   11944   0.15      0.00    268.00    328.00       0  nginx
1791476248    113    107411   12.00   19.00    0.00    0.00   31.00     2      0.00      0.00  682592   63952   0.79      0.00      0.00      0.00       0  pdns_server
1791476248   1100    128327   38.00   33.00    0.00    3.00   71.00     0   2313.00      0.00 1975276   16296   0.20      0.00      0.00      0.00       0  isupipe

# Time        UID       PID    %usr %system  %guest   %wait    %CPU   CPU  minflt/s  majflt/s     VSZ     RSS   %MEM   kB_rd/s   kB_wr/s kB_ccwr/s iodelay  Command
1791476249    112     14307   84.00   39.00    0.00    3.00  123.00     1     15.00      0.00 2882056  942940  11.61      0.00   8096.00    644.00       0  mysqld
1791476249      0     17311    0.00    0.00    0.00    0.00    0.00     1      0.00      0.00   56800   12976   0.16      0.00      0.00      0.00       0  nginx
1791476249     33     23432    7.00   10.00    0.00   23.00   17.00     3      0.00      0.00   60836   14636   0.18      0.00    328.00    256.00       0  nginx
1791476249     33     23433    4.00    5.00    0.00   10.00    9.00     3      0.00      0.00   59068   13000   0.16      0.00    384.00    348.00       0  nginx
1791476249     33     23434    0.00    0.00    0.00    1.00    0.00     3      0.00      0.00   57700   11416   0.14      0.00      0.00      0.00       0  nginx
1791476249     33     23435    3.00    2.00    0.00    7.00    5.00     3      0.00      0.00   58232   11944   0.15      0.00    260.00    248.00       0  nginx
1791476249    113    107411   14.00   26.00    0.00    0.00   40.00     2      1.00      0.00  682592   63952   0.79      0.00      0.00      0.00       0  pdns_server
1791476249   1100    128327   34.00   33.00    0.00    6.00   67.00     1   1988.00      0.00 1975276   16232   0.20      0.00      0.00      0.00       0  isupipe

# Time        UID       PID    %usr %system  %guest   %wait    %CPU   CPU  minflt/s  majflt/s     VSZ     RSS   %MEM   kB_rd/s   kB_wr/s kB_ccwr/s iodelay  Command
1791476250    112     14307   76.00   43.00    0.00    2.00  119.00     0    104.00      0.00 2883084  942940  11.61      0.00   9616.00    788.00       0  mysqld
1791476250      0     17311    0.00    0.00    0.00    0.00    0.00     1      0.00      0.00   56800   12976   0.16      0.00      0.00      0.00       0  nginx
1791476250     33     23432    6.00    9.00    0.00   20.00   15.00     3      0.00      0.00   60836   14636   0.18      0.00    708.00    632.00       0  nginx
1791476250     33     23433    5.00    3.00    0.00   11.00    8.00     0      0.00      0.00   59068   13000   0.16      0.00    276.00    236.00       0  nginx
1791476250     33     23434    0.00    0.00    0.00    2.00    0.00     3      0.00      0.00   57700   11416   0.14      0.00      0.00      0.00       0  nginx
1791476250     33     23435    2.00    4.00    0.00    9.00    6.00     2      0.00      0.00   58232   11944   0.15      0.00    196.00    172.00       0  nginx
1791476250    113    107411   17.00   23.00    0.00    0.00   40.00     2      1.00      0.00  682592   63952   0.79      0.00      0.00      0.00       0  pdns_server
1791476250   1100    128327   41.00   27.00    0.00    1.00   68.00     2   2374.00      0.00 1975276   15900   0.20      0.00      0.00      0.00       0  isupipe

# Time        UID       PID    %usr %system  %guest   %wait    %CPU   CPU  minflt/s  majflt/s     VSZ     RSS   %MEM   kB_rd/s   kB_wr/s kB_ccwr/s iodelay  Command
1791476251    112     14307   83.00   42.00    0.00    2.00  125.00     0     39.00      0.00 2885140  942940  11.61      0.00   7864.00    964.00       0  mysqld
1791476251      0     17311    0.00    0.00    0.00    0.00    0.00     1      0.00      0.00   56800   12976   0.16      0.00      0.00      0.00       0  nginx
1791476251     33     23432    6.00    8.00    0.00   16.00   14.00     3      0.00      0.00   60836   14636   0.18      0.00    876.00    800.00       0  nginx
1791476251     33     23433    2.00    6.00    0.00    8.00    8.00     3      0.00      0.00   59068   13000   0.16      0.00    408.00    380.00       0  nginx
1791476251     33     23434    1.00    1.00    0.00    1.00    2.00     3      0.00      0.00   57700   11416   0.14      0.00      4.00      0.00       0  nginx
1791476251     33     23435    2.00    5.00    0.00    8.00    7.00     3      0.00      0.00   58232   11944   0.15      0.00    144.00    108.00       0  nginx
1791476251    113    107411   19.00   19.00    0.00    0.00   38.00     2      0.00      0.00  682592   63952   0.79      0.00      0.00      0.00       0  pdns_server
1791476251   1100    128327   33.00   30.00    0.00   27.00   63.00     0   3142.00      0.00 1975276   16156   0.20      0.00      0.00      0.00       0  isupipe

# Time        UID       PID    %usr %system  %guest   %wait    %CPU   CPU  minflt/s  majflt/s     VSZ     RSS   %MEM   kB_rd/s   kB_wr/s kB_ccwr/s iodelay  Command
1791476252    112     14307   81.00   54.00    0.00    3.00  135.00     0     95.00      0.00 2882056  942940  11.61      0.00  13236.00    800.00       0  mysqld
1791476252      0     17311    0.00    0.00    0.00    0.00    0.00     1      0.00      0.00   56800   12976   0.16      0.00      0.00      0.00       0  nginx
1791476252     33     23432    6.00   10.00    0.00   15.00   16.00     3      0.00      0.00   60836   14636   0.18      0.00    964.00    784.00       0  nginx
1791476252     33     23433    3.00    6.00    0.00   10.00    9.00     3      0.00      0.00   59068   13000   0.16      0.00    136.00     80.00       0  nginx
1791476252     33     23434    0.00    0.00    0.00    0.00    0.00     3      0.00      0.00   57700   11416   0.14      0.00      0.00      0.00       0  nginx
1791476252     33     23435    2.00    2.00    0.00    4.00    4.00     3      0.00      0.00   58232   11944   0.15      0.00    104.00    104.00       0  nginx
1791476252    113    107411   24.00   20.00    0.00    0.00   44.00     2      1.00      0.00  682592   63952   0.79      0.00      0.00      0.00       0  pdns_server
1791476252   1100    128327   37.00   31.00    0.00   10.00   68.00     2   1886.00      0.00 2049068   15840   0.20      0.00      0.00      0.00       0  isupipe

# Time        UID       PID    %usr %system  %guest   %wait    %CPU   CPU  minflt/s  majflt/s     VSZ     RSS   %MEM   kB_rd/s   kB_wr/s kB_ccwr/s iodelay  Command
1791476253    112     14307   89.00   45.00    0.00    2.00  134.00     0    181.00      0.00 2883084  942940  11.61      0.00   8800.00   1024.00       0  mysqld
1791476253      0     17311    0.00    0.00    0.00    0.00    0.00     1      0.00      0.00   56800   12976   0.16      0.00      0.00      0.00       0  nginx
1791476253     33     23432    7.00    6.00    0.00   15.00   13.00     3      0.00      0.00   60836   14636   0.18      0.00    788.00    808.00       0  nginx
1791476253     33     23433    3.00    7.00    0.00    9.00   10.00     3      0.00      0.00   59068   13000   0.16      0.00    152.00    108.00       0  nginx
1791476253     33     23434    0.00    0.00    0.00    1.00    0.00     3      0.00      0.00   57700   11416   0.14      0.00      0.00      0.00       0  nginx
1791476253     33     23435    1.00    3.00    0.00    3.00    4.00     3      0.00      0.00   58232   11944   0.15      0.00    356.00    340.00       0  nginx
1791476253    113    107411   20.00   23.00    0.00    0.00   43.00     2      0.00      0.00  682592   63952   0.79      0.00      0.00      0.00       0  pdns_server
1791476253   1100    128327   41.00   25.00    0.00    0.00   66.00     2   2573.00      0.00 2049068   15388   0.19      0.00      0.00      0.00       0  isupipe

# Time        UID       PID    %usr %system  %guest   %wait    %CPU   CPU  minflt/s  majflt/s     VSZ     RSS   %MEM   kB_rd/s   kB_wr/s kB_ccwr/s iodelay  Command
1791476254    112     14307   92.00   41.00    0.00    1.00  133.00     2     25.00      0.00 2887196  942940  11.61      0.00   8296.00   1152.00       0  mysqld
1791476254      0     17311    0.00    0.00    0.00    0.00    0.00     1      0.00      0.00   56800   12976   0.16      0.00      0.00      0.00       0  nginx
1791476254     33     23432    8.00    7.00    0.00   16.00   15.00     3      0.00      0.00   60836   14636   0.18      0.00    728.00    636.00       0  nginx
1791476254     33     23433    3.00    6.00    0.00    7.00    9.00     3      0.00      0.00   59068   13000   0.16      0.00    564.00    532.00       0  nginx
1791476254     33     23434    0.00    0.00    0.00    0.00    0.00     3      0.00      0.00   57700   11416   0.14      0.00      4.00      0.00       0  nginx
1791476254     33     23435    2.00    3.00    0.00    3.00    5.00     3      0.00      0.00   58232   11944   0.15      0.00    204.00    180.00       0  nginx
1791476254    113    107411   22.00   21.00    0.00    0.00   43.00     2      0.00      0.00  682592   63952   0.79      0.00      0.00      0.00       0  pdns_server
1791476254   1100    128327   41.00   23.00    0.00    0.00   64.00     2   2378.00      0.00 2049068   15712   0.19      0.00      0.00      0.00       0  isupipe

# Time        UID       PID    %usr %system  %guest   %wait    %CPU   CPU  minflt/s  majflt/s     VSZ     RSS   %MEM   kB_rd/s   kB_wr/s kB_ccwr/s iodelay  Command
1791476255    112     14307   88.00   52.00    0.00    2.00  140.00     0     79.00      0.00 2882056  942940  11.61      0.00   7216.00    836.00       0  mysqld
1791476255      0     17311    0.00    0.00    0.00    0.00    0.00     1      0.00      0.00   56800   12976   0.16      0.00      0.00      0.00       0  nginx
1791476255     33     23432    6.00    8.00    0.00   14.00   14.00     3      0.00      0.00   60836   14636   0.18      0.00    824.00    776.00       0  nginx
1791476255     33     23433    3.00    7.00    0.00   10.00   10.00     3      0.00      0.00   59068   13000   0.16      0.00    280.00    224.00       0  nginx
1791476255     33     23434    1.00    0.00    0.00    0.00    1.00     1      0.00      0.00   57700   11416   0.14      0.00    100.00    100.00       0  nginx
1791476255     33     23435    2.00    4.00    0.00    5.00    6.00     3      0.00      0.00   58232   11944   0.15      0.00     36.00      0.00       0  nginx
1791476255    113    107411   24.00   27.00    0.00    0.00   51.00     2      1.00      0.00  682592   63952   0.79      0.00      0.00      0.00       0  pdns_server
1791476255   1100    128327   36.00   27.00    0.00    0.00   63.00     2   2026.00      0.00 2049068   16012   0.20      0.00      0.00      0.00       0  isupipe

# Time        UID       PID    %usr %system  %guest   %wait    %CPU   CPU  minflt/s  majflt/s     VSZ     RSS   %MEM   kB_rd/s   kB_wr/s kB_ccwr/s iodelay  Command
1791476256    112     14307   79.00   48.00    0.00    1.00  127.00     1    341.00      0.00 2883084  942940  11.61      0.00   7744.00   1012.00       0  mysqld
1791476256      0     17311    0.00    0.00    0.00    0.00    0.00     1      0.00      0.00   56800   12976   0.16      0.00      0.00      0.00       0  nginx
1791476256     33     23432    8.00    7.00    0.00   16.00   15.00     3      0.00      0.00   60836   14636   0.18      0.00    536.00    408.00       0  nginx
1791476256     33     23433    4.00    3.00    0.00    8.00    7.00     3      0.00      0.00   59068   13000   0.16      0.00    320.00    280.00       0  nginx
1791476256     33     23434    1.00    0.00    0.00    1.00    1.00     3      0.00      0.00   57700   11416   0.14      0.00      8.00      0.00       0  nginx
1791476256     33     23435    2.00    5.00    0.00    6.00    7.00     3      0.00      0.00   58232   11944   0.15      0.00    472.00    448.00       0  nginx
1791476256    113    107411   21.00   17.00    0.00    0.00   38.00     2      2.00      0.00  682592   63952   0.79      0.00      0.00      0.00       0  pdns_server
1791476256   1100    128327   36.00   34.00    0.00    0.00   70.00     2   2448.00      0.00 2049068   15936   0.20      0.00      0.00      0.00       0  isupipe

# Time        UID       PID    %usr %system  %guest   %wait    %CPU   CPU  minflt/s  majflt/s     VSZ     RSS   %MEM   kB_rd/s   kB_wr/s kB_ccwr/s iodelay  Command
1791476257    112     14307   89.00   49.00    0.00    1.00  138.00     0     22.00      0.00 2882056  942940  11.61      0.00  12544.00    888.00       0  mysqld
1791476257      0     17311    0.00    0.00    0.00    0.00    0.00     1      0.00      0.00   56800   12976   0.16      0.00      0.00      0.00       0  nginx
1791476257     33     23432    4.00   11.00    0.00   15.00   15.00     3      0.00      0.00   60836   14636   0.18      0.00    808.00    804.00       0  nginx
1791476257     33     23433    3.00    5.00    0.00    7.00    8.00     3      0.00      0.00   59068   13000   0.16      0.00    196.00    180.00       0  nginx
1791476257     33     23434    0.00    1.00    0.00    1.00    1.00     3      0.00      0.00   57700   11416   0.14      0.00     64.00     60.00       0  nginx
1791476257     33     23435    1.00    4.00    0.00    5.00    5.00     3      0.00      0.00   58232   11944   0.15      0.00    148.00    120.00       0  nginx
1791476257    113    107411   21.00   26.00    0.00    0.00   47.00     2      1.00      0.00  682592   63952   0.79      0.00      0.00      0.00       0  pdns_server
1791476257   1100    128327   36.00   27.00    0.00    0.00   63.00     2   1845.00      0.00 2049068   15884   0.20      0.00      0.00      0.00       0  isupipe

# Time        UID       PID    %usr %system  %guest   %wait    %CPU   CPU  minflt/s  majflt/s     VSZ     RSS   %MEM   kB_rd/s   kB_wr/s kB_ccwr/s iodelay  Command
1791476258    112     14307   89.00   46.00    0.00    2.00  135.00     2     36.00      0.00 2884112  942948  11.61      0.00   6764.00    816.00       0  mysqld
1791476258      0     17311    0.00    0.00    0.00    0.00    0.00     1      0.00      0.00   56800   12976   0.16      0.00      0.00      0.00       0  nginx
1791476258     33     23432    5.00    8.00    0.00   15.00   13.00     2      0.00      0.00   60836   14636   0.18      0.00    536.00    468.00       0  nginx
1791476258     33     23433    2.00    5.00    0.00    7.00    7.00     3      0.00      0.00   59068   13000   0.16      0.00    576.00    444.00       0  nginx
1791476258     33     23434    1.00    0.00    0.00    1.00    1.00     3      0.00      0.00   57700   11416   0.14      0.00      0.00      0.00       0  nginx
1791476258     33     23435    2.00    4.00    0.00    8.00    6.00     2      0.00      0.00   58232   11944   0.15      0.00     32.00      0.00       0  nginx
1791476258    113    107411   21.00   23.00    0.00    0.00   44.00     2      0.00      0.00  682592   63952   0.79      0.00      0.00      0.00       0  pdns_server
1791476258   1100    128327   31.00   35.00    0.00    0.00   66.00     2   2154.00      0.00 2049068   15948   0.20      0.00      0.00      0.00       0  isupipe

# Time        UID       PID    %usr %system  %guest   %wait    %CPU   CPU  minflt/s  majflt/s     VSZ     RSS   %MEM   kB_rd/s   kB_wr/s kB_ccwr/s iodelay  Command
1791476259    112     14307   90.00   52.00    0.00    3.00  142.00     0    106.00      0.00 2883084  942948  11.61      0.00   6924.00    772.00       0  mysqld
1791476259      0     17311    0.00    0.00    0.00    0.00    0.00     1      0.00      0.00   56800   12976   0.16      0.00      0.00      0.00       0  nginx
1791476259     33     23432    7.00    8.00    0.00   17.00   15.00     3      0.00      0.00   60836   14636   0.18      0.00    728.00    652.00       0  nginx
1791476259     33     23433    2.00    7.00    0.00   11.00    9.00     3      0.00      0.00   59068   13000   0.16      0.00    240.00    196.00       0  nginx
1791476259     33     23434    1.00    3.00    0.00    4.00    4.00     3      0.00      0.00   57700   11416   0.14      0.00      8.00      0.00       0  nginx
1791476259     33     23435    1.00    3.00    0.00    5.00    4.00     3      0.00      0.00   58232   11944   0.15      0.00    204.00    168.00       0  nginx
1791476259    113    107411   21.00   28.00    0.00    0.00   49.00     2      1.00      0.00  682592   63952   0.79      0.00      0.00      0.00       0  pdns_server
1791476259   1100    128327   37.00   27.00    0.00    3.00   64.00     1   3175.00      0.00 2049068   15580   0.19      0.00      0.00      0.00       0  isupipe

# Time        UID       PID    %usr %system  %guest   %wait    %CPU   CPU  minflt/s  majflt/s     VSZ     RSS   %MEM   kB_rd/s   kB_wr/s kB_ccwr/s iodelay  Command
1791476260    112     14307   95.00   45.00    0.00    2.00  140.00     1     29.00      0.00 2882056  942948  11.61      0.00   7944.00    952.00       0  mysqld
1791476260      0     17311    0.00    0.00    0.00    0.00    0.00     1      0.00      0.00   56800   12976   0.16      0.00      0.00      0.00       0  nginx
1791476260     33     23432    7.00   13.00    0.00   18.00   20.00     3      0.00      0.00   60836   14636   0.18      0.00   1024.00    852.00       0  nginx
1791476260     33     23433    1.00    9.00    0.00   11.00   10.00     3      0.00      0.00   59068   13000   0.16      0.00    220.00    168.00       0  nginx
1791476260     33     23434    0.00    0.00    0.00    1.00    0.00     3      0.00      0.00   57700   11416   0.14      0.00      0.00      0.00       0  nginx
1791476260     33     23435    2.00    3.00    0.00    4.00    5.00     3      0.00      0.00   58232   11944   0.15      0.00     92.00     80.00       0  nginx
1791476260    113    107411   23.00   23.00    0.00    0.00   46.00     2      1.00      0.00  682592   63952   0.79      0.00      0.00      0.00       0  pdns_server
1791476260   1100    128327   36.00   25.00    0.00   22.00   61.00     0   2574.00      0.00 2049068   16684   0.21      0.00      0.00      0.00       0  isupipe

# Time        UID       PID    %usr %system  %guest   %wait    %CPU   CPU  minflt/s  majflt/s     VSZ     RSS   %MEM   kB_rd/s   kB_wr/s kB_ccwr/s iodelay  Command
1791476261    112     14307   92.00   51.00    0.00    3.00  143.00     1    114.00      0.00 2883084  942948  11.61      0.00   7432.00    840.00       0  mysqld
1791476261      0     17311    0.00    0.00    0.00    0.00    0.00     1      0.00      0.00   56800   12976   0.16      0.00      0.00      0.00       0  nginx
1791476261     33     23432    6.00   12.00    0.00   12.00   18.00     3      0.00      0.00   60836   14636   0.18      0.00    900.00    796.00       0  nginx
1791476261     33     23433    3.00    5.00    0.00    6.00    8.00     3      0.00      0.00   59068   13000   0.16      0.00    252.00    224.00       0  nginx
1791476261     33     23434    0.00    0.00    0.00    0.00    0.00     3      0.00      0.00   57700   11416   0.14      0.00      0.00      0.00       0  nginx
1791476261     33     23435    0.00    1.00    0.00    2.00    1.00     3      0.00      0.00   58232   11944   0.15      0.00      8.00      0.00       0  nginx
1791476261    113    107411   30.00   21.00    0.00    0.00   51.00     2      0.00      0.00  682592   63952   0.79      0.00      0.00      0.00       0  pdns_server
1791476261   1100    128327   44.00   23.00    0.00   15.00   67.00     1   3338.00      0.00 2049068   16472   0.20      0.00      0.00      0.00       0  isupipe

# Time        UID       PID    %usr %system  %guest   %wait    %CPU   CPU  minflt/s  majflt/s     VSZ     RSS   %MEM   kB_rd/s   kB_wr/s kB_ccwr/s iodelay  Command
1791476262    112     14307   89.00   43.00    0.00    3.00  132.00     2     93.00      0.00 2883084  942948  11.61      0.00   8260.00   1208.00       0  mysqld
1791476262      0     17311    0.00    0.00    0.00    0.00    0.00     1      0.00      0.00   56800   12976   0.16      0.00      0.00      0.00       0  nginx
1791476262     33     23432    5.00    9.00    0.00   14.00   14.00     2      0.00      0.00   60836   14636   0.18      0.00    784.00    780.00       0  nginx
1791476262     33     23433    3.00    3.00    0.00    6.00    6.00     3      0.00      0.00   59068   13000   0.16      0.00    288.00    276.00       0  nginx
1791476262     33     23434    1.00    0.00    0.00    1.00    1.00     3      0.00      0.00   57700   11416   0.14      0.00    100.00    100.00       0  nginx
1791476262     33     23435    2.00    3.00    0.00    5.00    5.00     3      0.00      0.00   58232   11944   0.15      0.00     92.00     80.00       0  nginx
1791476262    113    107411   25.00   20.00    0.00    0.00   45.00     2      0.00      0.00  682592   63952   0.79      0.00      0.00      0.00       0  pdns_server
1791476262   1100    128327   37.00   28.00    0.00   16.00   65.00     1   2741.00      0.00 2049068   16320   0.20      0.00      0.00      0.00       0  isupipe

# Time        UID       PID    %usr %system  %guest   %wait    %CPU   CPU  minflt/s  majflt/s     VSZ     RSS   %MEM   kB_rd/s   kB_wr/s kB_ccwr/s iodelay  Command
1791476263    112     14307   81.00   51.00    0.00    1.00  132.00     0     86.00      0.00 2883084  942948  11.61      0.00  12008.00    608.00       0  mysqld
1791476263      0     17311    0.00    0.00    0.00    0.00    0.00     1      0.00      0.00   56800   12976   0.16      0.00      0.00      0.00       0  nginx
1791476263     33     23432    4.00   11.00    0.00   23.00   15.00     3      7.00      0.00   60836   14636   0.18      0.00    704.00    616.00       0  nginx
1791476263     33     23433    3.00    3.00    0.00   11.00    6.00     3      0.00      0.00   59068   13000   0.16      0.00    108.00     96.00       0  nginx
1791476263     33     23434    0.00    1.00    0.00    3.00    1.00     3      0.00      0.00   57700   11416   0.14      0.00    104.00    100.00       0  nginx
1791476263     33     23435    0.00    5.00    0.00    8.00    5.00     3      0.00      0.00   58232   11944   0.15      0.00     16.00      0.00       0  nginx
1791476263    113    107411   19.00   26.00    0.00    0.00   45.00     2      1.00      0.00  682592   63952   0.79      0.00      0.00      0.00       0  pdns_server
1791476263   1100    128327   34.00   27.00    0.00    9.00   61.00     1   2405.00      0.00 2049068   16056   0.20      0.00      0.00      0.00       0  isupipe

# Time        UID       PID    %usr %system  %guest   %wait    %CPU   CPU  minflt/s  majflt/s     VSZ     RSS   %MEM   kB_rd/s   kB_wr/s kB_ccwr/s iodelay  Command
1791476264    112     14307   84.00   53.00    0.00    2.00  137.00     1     18.00      0.00 2883084  942948  11.61      0.00   7736.00    728.00       0  mysqld
1791476264      0     17311    0.00    0.00    0.00    0.00    0.00     1      0.00      0.00   56800   12976   0.16      0.00      0.00      0.00       0  nginx
1791476264     33     23432    6.00    9.00    0.00   17.00   15.00     3      5.00      0.00   60836   14636   0.18      0.00    664.00    540.00       0  nginx
1791476264     33     23433    4.00    5.00    0.00    9.00    9.00     3      0.00      0.00   59068   13000   0.16      0.00    464.00    424.00       0  nginx
1791476264     33     23434    2.00    1.00    0.00    3.00    3.00     3      0.00      0.00   57700   11416   0.14      0.00      4.00      0.00       0  nginx
1791476264     33     23435    3.00    1.00    0.00    5.00    4.00     3      0.00      0.00   58232   11944   0.15      0.00     24.00      0.00       0  nginx
1791476264    113    107411   23.00   27.00    0.00    0.00   50.00     2      1.00      0.00  682592   63952   0.79      0.00      0.00      0.00       0  pdns_server
1791476264   1100    128327   40.00   22.00    0.00    3.00   62.00     1   3257.00      0.00 2049068   16444   0.20      0.00      0.00      0.00       0  isupipe

# Time        UID       PID    %usr %system  %guest   %wait    %CPU   CPU  minflt/s  majflt/s     VSZ     RSS   %MEM   kB_rd/s   kB_wr/s kB_ccwr/s iodelay  Command
1791476265    112     14307   94.00   48.00    0.00    2.00  142.00     2    100.00      0.00 2882056  942948  11.61      0.00   8104.00    924.00       0  mysqld
1791476265      0     17311    0.00    0.00    0.00    0.00    0.00     1      0.00      0.00   56800   12976   0.16      0.00      0.00      0.00       0  nginx
1791476265     33     23432    6.00   10.00    0.00   17.00   16.00     3     16.00      0.00   60980   14636   0.18      0.00    840.00    828.00       0  nginx
1791476265     33     23433    3.00    6.00    0.00    9.00    9.00     3      0.00      0.00   59068   13000   0.16      0.00    344.00    316.00       0  nginx
1791476265     33     23434    0.00    1.00    0.00    2.00    1.00     3      0.00      0.00   57700   11416   0.14      0.00    104.00      0.00       0  nginx
1791476265     33     23435    2.00    4.00    0.00    6.00    6.00     2      0.00      0.00   58232   11944   0.15      0.00     40.00      0.00       0  nginx
1791476265    113    107411   23.00   26.00    0.00    0.00   49.00     2      1.00      0.00  682592   63952   0.79      0.00      0.00      0.00       0  pdns_server
1791476265   1100    128327   42.00   23.00    0.00   20.00   65.00     1   2817.00      0.00 2049068   16624   0.20      0.00      0.00      0.00       0  isupipe

# Time        UID       PID    %usr %system  %guest   %wait    %CPU   CPU  minflt/s  majflt/s     VSZ     RSS   %MEM   kB_rd/s   kB_wr/s kB_ccwr/s iodelay  Command
1791476266    112     14307   99.00   42.00    0.00    2.00  141.00     3    168.00      0.00 2883084  943208  11.62      0.00  10452.00   1012.00       0  mysqld
1791476266      0     17311    0.00    0.00    0.00    0.00    0.00     1      0.00      0.00   56800   12976   0.16      0.00      0.00      0.00       0  nginx
1791476266     33     23432    3.00   12.00    0.00   21.00   15.00     3      0.00      0.00   60980   14636   0.18      0.00    816.00    728.00       0  nginx
1791476266     33     23433    5.00    6.00    0.00   12.00   11.00     1      0.00      0.00   59068   13000   0.16      0.00    304.00    252.00       0  nginx
1791476266     33     23434    1.00    0.00    0.00    2.00    1.00     3      0.00      0.00   57700   11416   0.14      0.00     92.00    188.00       0  nginx
1791476266     33     23435    1.00    3.00    0.00    5.00    4.00     1      0.00      0.00   58232   11944   0.15      0.00     92.00     80.00       0  nginx
1791476266    113    107411   21.00   22.00    0.00    0.00   43.00     2      0.00      0.00  682592   63952   0.79      0.00      0.00      0.00       0  pdns_server
1791476266   1100    128327   39.00   27.00    0.00   34.00   66.00     0   2146.00      0.00 2049068   16700   0.21      0.00      0.00      0.00       0  isupipe

# Time        UID       PID    %usr %system  %guest   %wait    %CPU   CPU  minflt/s  majflt/s     VSZ     RSS   %MEM   kB_rd/s   kB_wr/s kB_ccwr/s iodelay  Command
1791476267    112     14307   92.00   47.00    0.00    5.00  139.00     1     24.00      0.00 2883084  943248  11.62      0.00   7416.00    788.00       0  mysqld
1791476267      0     17311    0.00    0.00    0.00    0.00    0.00     1      0.00      0.00   56800   12976   0.16      0.00      0.00      0.00       0  nginx
1791476267     33     23432    6.00    9.00    0.00   18.00   15.00     3     12.00      0.00   60980   14900   0.18      0.00    748.00    676.00       0  nginx
1791476267     33     23433    3.00    6.00    0.00   10.00    9.00     3      0.00      0.00   59068   13000   0.16      0.00    260.00    208.00       0  nginx
1791476267     33     23434    2.00    1.00    0.00    2.00    3.00     3      0.00      0.00   57700   11416   0.14      0.00     88.00     80.00       0  nginx
1791476267     33     23435    0.00    3.00    0.00    2.00    3.00     0      0.00      0.00   58232   11944   0.15      0.00     16.00      0.00       0  nginx
1791476267    113    107411   22.00   18.00    0.00    0.00   40.00     2      0.00      0.00  682592   63952   0.79      0.00      0.00      0.00       0  pdns_server
1791476267   1100    128327   40.00   29.00    0.00   24.00   69.00     0   1796.00      0.00 2049068   16244   0.20      0.00      0.00      0.00       0  isupipe

# Time        UID       PID    %usr %system  %guest   %wait    %CPU   CPU  minflt/s  majflt/s     VSZ     RSS   %MEM   kB_rd/s   kB_wr/s kB_ccwr/s iodelay  Command
1791476268    112     14307   96.00   47.00    0.00    2.00  143.00     1    103.00      0.00 2883084  943472  11.62      0.00   6888.00    728.00       0  mysqld
1791476268      0     17311    0.00    0.00    0.00    0.00    0.00     1      0.00      0.00   56800   12976   0.16      0.00      0.00      0.00       0  nginx
1791476268     33     23432    8.00    9.00    0.00   18.00   17.00     3     10.00      0.00   60980   14900   0.18      0.00    732.00    572.00       0  nginx
1791476268     33     23433    4.00    5.00    0.00    8.00    9.00     3      0.00      0.00   59068   13000   0.16      0.00    180.00    140.00       0  nginx
1791476268     33     23434    0.00    1.00    0.00    2.00    1.00     3      0.00      0.00   57700   11416   0.14      0.00     12.00      0.00       0  nginx
1791476268     33     23435    1.00    2.00    0.00    3.00    3.00     3      0.00      0.00   58232   11944   0.15      0.00    192.00    184.00       0  nginx
1791476268    113    107411   25.00   18.00    0.00    0.00   43.00     2      2.00      0.00  682592   63952   0.79      0.00      0.00      0.00       0  pdns_server
1791476268   1100    128327   36.00   30.00    0.00   25.00   66.00     1   1910.00      0.00 2049068   16472   0.20      0.00      0.00      0.00       0  isupipe

# Time        UID       PID    %usr %system  %guest   %wait    %CPU   CPU  minflt/s  majflt/s     VSZ     RSS   %MEM   kB_rd/s   kB_wr/s kB_ccwr/s iodelay  Command
1791476269    112     14307   89.00   50.00    0.00    4.00  139.00     0    202.00      0.00 2884112  943248  11.62      0.00   6752.00    600.00       0  mysqld
1791476269      0     17311    0.00    0.00    0.00    0.00    0.00     1      0.00      0.00   56800   12976   0.16      0.00      0.00      0.00       0  nginx
1791476269     33     23432    6.00    8.00    0.00   20.00   14.00     3      0.00      0.00   60980   14900   0.18      0.00    392.00    412.00       0  nginx
1791476269     33     23433    5.00    7.00    0.00   14.00   12.00     3      3.00      0.00   59204   13000   0.16      0.00    276.00    216.00       0  nginx
1791476269     33     23434    0.00    1.00    0.00    2.00    1.00     3      0.00      0.00   57700   11416   0.14      0.00      4.00      0.00       0  nginx
1791476269     33     23435    4.00    1.00    0.00    5.00    5.00     0      0.00      0.00   58232   11944   0.15      0.00    264.00    236.00       0  nginx
1791476269    113    107411   22.00   22.00    0.00    0.00   44.00     2      0.00      0.00  682592   63952   0.79      0.00      0.00      0.00       0  pdns_server
1791476269   1100    128327   40.00   28.00    0.00   33.00   68.00     2   2306.00      0.00 2049068   16488   0.20      0.00      0.00      0.00       0  isupipe

# Time        UID       PID    %usr %system  %guest   %wait    %CPU   CPU  minflt/s  majflt/s     VSZ     RSS   %MEM   kB_rd/s   kB_wr/s kB_ccwr/s iodelay  Command
1791476270    112     14307  101.00   38.00    0.00    1.00  139.00     1     18.00      0.00 2882056  943248  11.62      0.00   7624.00    956.00       0  mysqld
1791476270      0     17311    0.00    0.00    0.00    0.00    0.00     1      0.00      0.00   56800   12976   0.16      0.00      0.00      0.00       0  nginx
1791476270     33     23432    4.00   10.00    0.00   14.00   14.00     3     14.00      0.00   61124   14900   0.18      0.00   1000.00    936.00       0  nginx
1791476270     33     23433    1.00    6.00    0.00    9.00    7.00     3      0.00      0.00   59204   13000   0.16      0.00    244.00    200.00       0  nginx
1791476270     33     23434    0.00    1.00    0.00    0.00    1.00     3      0.00      0.00   57700   11416   0.14      0.00      4.00      0.00       0  nginx
1791476270     33     23435    1.00    3.00    0.00    3.00    4.00     3      0.00      0.00   58232   11944   0.15      0.00     96.00      0.00       0  nginx
1791476270    113    107411   25.00   25.00    0.00    0.00   50.00     2      0.00      0.00  682592   63952   0.79      0.00      0.00      0.00       0  pdns_server
1791476270   1100    128327   34.00   27.00    0.00   35.00   61.00     0   2793.00      0.00 2049068   17424   0.21      0.00      0.00      0.00       0  isupipe

# Time        UID       PID    %usr %system  %guest   %wait    %CPU   CPU  minflt/s  majflt/s     VSZ     RSS   %MEM   kB_rd/s   kB_wr/s kB_ccwr/s iodelay  Command
1791476271    112     14307   87.00   55.00    0.00    3.00  142.00     2     18.00      0.00 2882056  943248  11.62      0.00   6780.00    756.00       0  mysqld
1791476271      0     17311    0.00    0.00    0.00    0.00    0.00     1      0.00      0.00   56800   12976   0.16      0.00      0.00      0.00       0  nginx
1791476271     33     23432    6.00    7.00    0.00   20.00   13.00     3      4.00      0.00   61124   14900   0.18      0.00    556.00    388.00       0  nginx
1791476271     33     23433    3.00    8.00    0.00   13.00   11.00     3      0.00      0.00   59204   13000   0.16      0.00    192.00    152.00       0  nginx
1791476271     33     23434    0.00    1.00    0.00    1.00    1.00     3      0.00      0.00   57700   11416   0.14      0.00    156.00    156.00       0  nginx
1791476271     33     23435    1.00    4.00    0.00    5.00    5.00     3      0.00      0.00   58232   11944   0.15      0.00     40.00    108.00       0  nginx
1791476271    113    107411   25.00   23.00    0.00    0.00   48.00     2      2.00      0.00  682592   63952   0.79      0.00      0.00      0.00       0  pdns_server
1791476271   1100    128327   30.00   35.00    0.00   13.00   65.00     0   2184.00      0.00 2049068   16400   0.20      0.00      0.00      0.00       0  isupipe

# Time        UID       PID    %usr %system  %guest   %wait    %CPU   CPU  minflt/s  majflt/s     VSZ     RSS   %MEM   kB_rd/s   kB_wr/s kB_ccwr/s iodelay  Command
1791476272    112     14307   96.00   41.00    0.00    2.00  137.00     0    261.00      0.00 2886168  943444  11.62      0.00   7272.00    836.00       0  mysqld
1791476272      0     17311    0.00    0.00    0.00    0.00    0.00     1      0.00      0.00   56800   12976   0.16      0.00      0.00      0.00       0  nginx
1791476272     33     23432    8.00    7.00    0.00   16.00   15.00     3     13.00      0.00   61124   14900   0.18      0.00    628.00    648.00       0  nginx
1791476272     33     23433    3.00    7.00    0.00   10.00   10.00     0      0.00      0.00   59204   13000   0.16      0.00    284.00    248.00       0  nginx
1791476272     33     23434    1.00    0.00    0.00    0.00    1.00     0      0.00      0.00   57700   11416   0.14      0.00      0.00      0.00       0  nginx
1791476272     33     23435    1.00    3.00    0.00    2.00    4.00     3      0.00      0.00   58232   11944   0.15      0.00    228.00    220.00       0  nginx
1791476272    113    107411   24.00   20.00    0.00    0.00   44.00     2      0.00      0.00  682592   63952   0.79      0.00      0.00      0.00       0  pdns_server
1791476272   1100    128327   35.00   29.00    0.00   39.00   64.00     2   2962.00      0.00 2049068   16120   0.20      0.00      0.00      0.00       0  isupipe

# Time        UID       PID    %usr %system  %guest   %wait    %CPU   CPU  minflt/s  majflt/s     VSZ     RSS   %MEM   kB_rd/s   kB_wr/s kB_ccwr/s iodelay  Command
1791476273    112     14307   87.00   46.00    0.00    1.00  133.00     2     28.00      0.00 2885140  943248  11.62      0.00   7584.00    868.00       0  mysqld
1791476273      0     17311    0.00    0.00    0.00    0.00    0.00     1      0.00      0.00   56800   12976   0.16      0.00      0.00      0.00       0  nginx
1791476273     33     23432    6.00    5.00    0.00   15.00   11.00     3     30.00      0.00   61264   15164   0.19      0.00    760.00    720.00       0  nginx
1791476273     33     23433    2.00    4.00    0.00    9.00    6.00     3      0.00      0.00   59204   13000   0.16      0.00    312.00    268.00       0  nginx
1791476273     33     23434    0.00    2.00    0.00    4.00    2.00     0      0.00      0.00   57700   11416   0.14      0.00      8.00      0.00       0  nginx
1791476273     33     23435    1.00    5.00    0.00    7.00    6.00     3      0.00      0.00   58232   11944   0.15      0.00    104.00     76.00       0  nginx
1791476273    113    107411   23.00   24.00    0.00    0.00   47.00     2      0.00      0.00  682592   63952   0.79      0.00      0.00      0.00       0  pdns_server
1791476273   1100    128327   36.00   26.00    0.00   16.00   62.00     1   2649.00      0.00 2049068   16160   0.20      0.00      0.00      0.00       0  isupipe

# Time        UID       PID    %usr %system  %guest   %wait    %CPU   CPU  minflt/s  majflt/s     VSZ     RSS   %MEM   kB_rd/s   kB_wr/s kB_ccwr/s iodelay  Command
1791476274    112     14307   91.00   49.00    0.00    3.00  140.00     3     33.00      0.00 2882056  943248  11.62      0.00  15072.00    944.00       0  mysqld
1791476274      0     17311    0.00    0.00    0.00    0.00    0.00     1      0.00      0.00   56800   12976   0.16      0.00      0.00      0.00       0  nginx
1791476274     33     23432    5.00    8.00    0.00   13.00   13.00     3     20.00      0.00   61400   15164   0.19      0.00    748.00    668.00       0  nginx
1791476274     33     23433    5.00    5.00    0.00    7.00   10.00     3      0.00      0.00   59204   13000   0.16      0.00    312.00    284.00       0  nginx
1791476274     33     23434    1.00    2.00    0.00    2.00    3.00     3      0.00      0.00   57700   11416   0.14      0.00     12.00      0.00       0  nginx
1791476274     33     23435    1.00    4.00    0.00    5.00    5.00     3      0.00      0.00   58232   11944   0.15      0.00    224.00    196.00       0  nginx
1791476274    113    107411   21.00   25.00    0.00    0.00   46.00     2      1.00      0.00  682592   63952   0.79      0.00      0.00      0.00       0  pdns_server
1791476274   1100    128327   36.00   29.00    0.00    0.00   65.00     1   2130.00      0.00 2049068   16636   0.20      0.00      0.00      0.00       0  isupipe

# Time        UID       PID    %usr %system  %guest   %wait    %CPU   CPU  minflt/s  majflt/s     VSZ     RSS   %MEM   kB_rd/s   kB_wr/s kB_ccwr/s iodelay  Command
1791476275    112     14307   90.00   47.00    0.00    3.00  137.00     0     24.00      0.00 2882056  943248  11.62      0.00   8636.00    824.00       0  mysqld
1791476275      0     17311    0.00    0.00    0.00    0.00    0.00     1      0.00      0.00   56800   12976   0.16      0.00      0.00      0.00       0  nginx
1791476275     33     23432    6.00    8.00    0.00   20.00   14.00     3      0.00      0.00   61400   15164   0.19      0.00    748.00    604.00       0  nginx
1791476275     33     23433    5.00    4.00    0.00    9.00    9.00     3      0.00      0.00   59204   13000   0.16      0.00    148.00     96.00       0  nginx
1791476275     33     23434    0.00    1.00    0.00    3.00    1.00     3      0.00      0.00   57700   11416   0.14      0.00      4.00      0.00       0  nginx
1791476275     33     23435    2.00    3.00    0.00    7.00    5.00     0      0.00      0.00   58232   11944   0.15      0.00    316.00    292.00       0  nginx
1791476275    113    107411   22.00   28.00    0.00    0.00   50.00     2      0.00      0.00  682592   63952   0.79      0.00      0.00      0.00       0  pdns_server
1791476275   1100    128327   34.00   26.00    0.00    0.00   60.00     1   2108.00      0.00 2049068   15904   0.20      0.00      0.00      0.00       0  isupipe

# Time        UID       PID    %usr %system  %guest   %wait    %CPU   CPU  minflt/s  majflt/s     VSZ     RSS   %MEM   kB_rd/s   kB_wr/s kB_ccwr/s iodelay  Command
1791476276    112     14307   78.00   47.00    0.00    3.00  125.00     1     15.00      0.00 2882056  943248  11.62      0.00   7252.00    808.00       0  mysqld
1791476276      0     17311    0.00    0.00    0.00    0.00    0.00     1      0.00      0.00   56800   12976   0.16      0.00      0.00      0.00       0  nginx
1791476276     33     23432    6.00    6.00    0.00   23.00   12.00     3      0.00      0.00   61400   15164   0.19      0.00    188.00    248.00       0  nginx
1791476276     33     23433    5.00    6.00    0.00   17.00   11.00     3      0.00      0.00   59204   13000   0.16      0.00    512.00    480.00       0  nginx
1791476276     33     23434    4.00    4.00    0.00   11.00    8.00     3      0.00      0.00   57700   11416   0.14      0.00    296.00    268.00       0  nginx
1791476276     33     23435    4.00    4.00    0.00   11.00    8.00     3      0.00      0.00   58232   11944   0.15      0.00    100.00     68.00       0  nginx
1791476276    113    107411   21.00   18.00    0.00    0.00   39.00     2      1.00      0.00  682592   63952   0.79      0.00      0.00      0.00       0  pdns_server
1791476276   1100    128327   37.00   31.00    0.00   18.00   68.00     2   2781.00      0.00 2049068   16580   0.20      0.00      0.00      0.00       0  isupipe
1791476276   1100    130760    0.00    0.00    0.00    0.00    0.00     1      0.00      0.00 2049068   16580   0.20      0.00      0.00      0.00       0  isupipe

# Time        UID       PID    %usr %system  %guest   %wait    %CPU   CPU  minflt/s  majflt/s     VSZ     RSS   %MEM   kB_rd/s   kB_wr/s kB_ccwr/s iodelay  Command
1791476277    112     14307   78.22   47.52    0.00    2.97  125.74     0    100.99      0.00 2883084  943476  11.62      0.00  11449.50    978.22       0  mysqld
1791476277      0     17311    0.00    0.00    0.00    0.00    0.00     1      0.00      0.00   56800   12976   0.16      0.00      0.00      0.00       0  nginx
1791476277     33     23432    5.94    4.95    0.00   17.82   10.89     3      0.00      0.00   61400   15164   0.19      0.00    336.63    297.03       0  nginx
1791476277     33     23433    3.96    3.96    0.00   11.88    7.92     3      0.00      0.00   59204   13000   0.16      0.00    392.08    352.48       0  nginx
1791476277     33     23434    0.99    2.97    0.00    9.90    3.96     3      0.00      0.00   57700   11416   0.14      0.00    162.38    154.46       0  nginx
1791476277     33     23435    1.98    3.96    0.00   10.89    5.94     3      0.00      0.00   58232   11944   0.15      0.00    285.15    261.39       0  nginx
1791476277    113    107411   20.79   28.71    0.00    0.00   49.50     2      0.99      0.00  682592   63952   0.79      0.00      0.00      0.00       0  pdns_server
1791476277   1100    128327   32.67   29.70    0.00   29.70   62.38     0   2056.44      0.00 2049324   16328   0.20      0.00      0.00      0.00       0  isupipe

# Time        UID       PID    %usr %system  %guest   %wait    %CPU   CPU  minflt/s  majflt/s     VSZ     RSS   %MEM   kB_rd/s   kB_wr/s kB_ccwr/s iodelay  Command
1791476278    112     14307   89.00   46.00    0.00    4.00  135.00     2      9.00      0.00 2882056  943248  11.62      0.00   6688.00    724.00       0  mysqld
1791476278      0     17311    0.00    0.00    0.00    0.00    0.00     1      0.00      0.00   56800   12976   0.16      0.00      0.00      0.00       0  nginx
1791476278     33     23432    5.00    5.00    0.00   22.00   10.00     3      0.00      0.00   61400   15164   0.19      0.00    452.00    312.00       0  nginx
1791476278     33     23433    5.00    5.00    0.00   11.00   10.00     3      0.00      0.00   59204   13000   0.16      0.00    168.00    148.00       0  nginx
1791476278     33     23434    1.00    3.00    0.00    6.00    4.00     3      0.00      0.00   57700   11416   0.14      0.00    124.00    116.00       0  nginx
1791476278     33     23435    3.00    4.00    0.00   11.00    7.00     3      0.00      0.00   58232   11944   0.15      0.00    348.00    304.00       0  nginx
1791476278    113    107411   21.00   24.00    0.00    0.00   45.00     2      1.00      0.00  682592   63952   0.79      0.00      0.00      0.00       0  pdns_server
1791476278   1100    128327   41.00   23.00    0.00   31.00   64.00     2   3107.00      0.00 2049324   17044   0.21      0.00      0.00      0.00       0  isupipe

# Time        UID       PID    %usr %system  %guest   %wait    %CPU   CPU  minflt/s  majflt/s     VSZ     RSS   %MEM   kB_rd/s   kB_wr/s kB_ccwr/s iodelay  Command
1791476279    112     14307   82.00   47.00    0.00    7.00  129.00     2      3.00      0.00 2882056  943248  11.62      0.00   6524.00    668.00       0  mysqld
1791476279      0     17311    0.00    0.00    0.00    0.00    0.00     1      0.00      0.00   56800   12976   0.16      0.00      0.00      0.00       0  nginx
1791476279     33     23432    9.00    8.00    0.00   20.00   17.00     0      0.00      0.00   61400   15164   0.19      0.00    512.00    540.00       0  nginx
1791476279     33     23433    4.00    5.00    0.00   12.00    9.00     3      0.00      0.00   59204   13000   0.16      0.00    268.00    260.00       0  nginx
1791476279     33     23434    2.00    3.00    0.00    6.00    5.00     0      0.00      0.00   57700   11416   0.14      0.00    100.00     80.00       0  nginx
1791476279     33     23435    1.00    5.00    0.00   12.00    6.00     3      0.00      0.00   58232   11944   0.15      0.00     20.00      0.00       0  nginx
1791476279    113    107411   20.00   24.00    0.00    0.00   44.00     2      0.00      0.00  682592   63952   0.79      0.00      0.00      0.00       0  pdns_server
1791476279   1100    128327   31.00   38.00    0.00   41.00   69.00     0   3726.00      0.00 2049324   16408   0.20      0.00      0.00      0.00       0  isupipe

# Time        UID       PID    %usr %system  %guest   %wait    %CPU   CPU  minflt/s  majflt/s     VSZ     RSS   %MEM   kB_rd/s   kB_wr/s kB_ccwr/s iodelay  Command
1791476280    112     14307   88.00   37.00    0.00    2.00  125.00     1    116.00      0.00 2882056  943248  11.62      0.00  13672.00    564.00       0  mysqld
1791476280      0     17311    0.00    0.00    0.00    0.00    0.00     1      0.00      0.00   56800   12976   0.16      0.00      0.00      0.00       0  nginx
1791476280     33     23432    5.00   11.00    0.00   20.00   16.00     3      0.00      0.00   61400   15164   0.19      0.00    380.00    292.00       0  nginx
1791476280     33     23433    6.00    6.00    0.00   10.00   12.00     3      0.00      0.00   59204   13000   0.16      0.00    476.00    356.00       0  nginx
1791476280     33     23434    1.00    2.00    0.00    3.00    3.00     3      0.00      0.00   57700   11416   0.14      0.00     96.00     88.00       0  nginx
1791476280     33     23435    2.00    4.00    0.00    4.00    6.00     0      0.00      0.00   58232   11944   0.15      0.00      8.00      0.00       0  nginx
1791476280    113    107411   18.00   22.00    0.00    0.00   40.00     2      2.00      0.00  682592   63952   0.79      0.00      0.00      0.00       0  pdns_server
1791476280   1100    128327   42.00   24.00    0.00   27.00   66.00     1   3431.00      0.00 2123116   16540   0.20      0.00      0.00      0.00       0  isupipe

# Time        UID       PID    %usr %system  %guest   %wait    %CPU   CPU  minflt/s  majflt/s     VSZ     RSS   %MEM   kB_rd/s   kB_wr/s kB_ccwr/s iodelay  Command
1791476281    112     14307   79.00   49.00    0.00    2.00  128.00     2     21.00      0.00 2883084  943248  11.62      0.00   6792.00    808.00       0  mysqld
1791476281      0     17311    0.00    0.00    0.00    0.00    0.00     1      0.00      0.00   56800   12976   0.16      0.00      0.00      0.00       0  nginx
1791476281     33     23432    7.00    8.00    0.00   20.00   15.00     3      0.00      0.00   61400   15164   0.19      0.00    304.00    276.00       0  nginx
1791476281     33     23433    3.00    5.00    0.00    9.00    8.00     1      0.00      0.00   59204   13000   0.16      0.00    568.00    588.00       0  nginx
1791476281     33     23434    0.00    1.00    0.00    1.00    1.00     3      0.00      0.00   57700   11416   0.14      0.00      0.00      0.00       0  nginx
1791476281     33     23435    1.00    4.00    0.00    6.00    5.00     3      0.00      0.00   58232   11944   0.15      0.00    148.00    124.00       0  nginx
1791476281    113    107411   21.00   25.00    0.00    0.00   46.00     2      0.00      0.00  682592   63952   0.79      0.00      0.00      0.00       0  pdns_server
1791476281   1100    128327   32.00   29.00    0.00   25.00   61.00     0   3303.00      0.00 2123372   16324   0.20      0.00      0.00      0.00       0  isupipe

# Time        UID       PID    %usr %system  %guest   %wait    %CPU   CPU  minflt/s  majflt/s     VSZ     RSS   %MEM   kB_rd/s   kB_wr/s kB_ccwr/s iodelay  Command
1791476282    112     14307   85.00   46.00    0.00    3.00  131.00     2     12.00      0.00 2883084  943248  11.62      0.00   6372.00    624.00       0  mysqld
1791476282      0     17311    0.00    0.00    0.00    0.00    0.00     1      0.00      0.00   56800   12976   0.16      0.00      0.00      0.00       0  nginx
1791476282     33     23432    4.00   12.00    0.00   20.00   16.00     3      0.00      0.00   61400   15164   0.19      0.00    532.00    480.00       0  nginx
1791476282     33     23433    4.00    8.00    0.00   14.00   12.00     3      0.00      0.00   59204   13000   0.16      0.00    192.00    156.00       0  nginx
1791476282     33     23434    1.00    1.00    0.00    3.00    2.00     3      0.00      0.00   57700   11416   0.14      0.00      4.00      0.00       0  nginx
1791476282     33     23435    2.00    2.00    0.00    7.00    4.00     3      0.00      0.00   58232   11944   0.15      0.00    192.00    184.00       0  nginx
1791476282    113    107411   25.00   26.00    0.00    0.00   51.00     2      0.00      0.00  682592   63952   0.79      0.00      0.00      0.00       0  pdns_server
1791476282   1100    128327   31.00   35.00    0.00   15.00   66.00     2   2720.00      0.00 2123372   16628   0.20      0.00      0.00      0.00       0  isupipe

# Time        UID       PID    %usr %system  %guest   %wait    %CPU   CPU  minflt/s  majflt/s     VSZ     RSS   %MEM   kB_rd/s   kB_wr/s kB_ccwr/s iodelay  Command
1791476283    112     14307   85.00   44.00    0.00    3.00  129.00     1     18.00      0.00 2883084  943248  11.62      0.00   6544.00    628.00       0  mysqld
1791476283      0     17311    0.00    0.00    0.00    0.00    0.00     1      0.00      0.00   56800   12976   0.16      0.00      0.00      0.00       0  nginx
1791476283     33     23432    6.00    9.00    0.00   20.00   15.00     3      0.00      0.00   61400   15164   0.19      0.00    384.00    332.00       0  nginx
1791476283     33     23433    4.00    7.00    0.00   10.00   11.00     3     23.00      0.00   59204   13000   0.16      0.00    384.00    240.00       0  nginx
1791476283     33     23434    2.00    2.00    0.00    4.00    4.00     0      0.00      0.00   57700   11416   0.14      0.00    124.00    104.00       0  nginx
1791476283     33     23435    3.00    2.00    0.00    6.00    5.00     2      0.00      0.00   58232   11944   0.15      0.00    156.00    148.00       0  nginx
1791476283    113    107411   22.00   24.00    0.00    0.00   46.00     2      1.00      0.00  682592   63952   0.79      0.00      0.00      0.00       0  pdns_server
1791476283   1100    128327   35.00   30.00    0.00   23.00   65.00     0   2426.00      0.00 2123372   16572   0.20      0.00      0.00      0.00       0  isupipe

# Time        UID       PID    %usr %system  %guest   %wait    %CPU   CPU  minflt/s  majflt/s     VSZ     RSS   %MEM   kB_rd/s   kB_wr/s kB_ccwr/s iodelay  Command
1791476284    112     14307   89.00   49.00    0.00    5.00  138.00     2     12.00      0.00 2882056  943248  11.62      0.00   7244.00    752.00       0  mysqld
1791476284      0     17311    0.00    0.00    0.00    0.00    0.00     1      0.00      0.00   56800   12976   0.16      0.00      0.00      0.00       0  nginx
1791476284     33     23432    9.00    8.00    0.00   22.00   17.00     3      0.00      0.00   61400   15164   0.19      0.00    496.00    444.00       0  nginx
1791476284     33     23433    6.00    4.00    0.00   13.00   10.00     3      0.00      0.00   59204   13000   0.16      0.00    248.00    212.00       0  nginx
1791476284     33     23434    1.00    3.00    0.00    4.00    4.00     3      0.00      0.00   57700   11416   0.14      0.00     72.00     60.00       0  nginx
1791476284     33     23435    3.00    3.00    0.00    5.00    6.00     3      0.00      0.00   58232   11944   0.15      0.00    292.00    276.00       0  nginx
1791476284    113    107411   22.00   26.00    0.00    0.00   48.00     2      0.00      0.00  682592   63952   0.79      0.00      0.00      0.00       0  pdns_server
1791476284   1100    128327   38.00   30.00    0.00   26.00   68.00     0   2972.00      0.00 2123372   17164   0.21      0.00      0.00      0.00       0  isupipe

# Time        UID       PID    %usr %system  %guest   %wait    %CPU   CPU  minflt/s  majflt/s     VSZ     RSS   %MEM   kB_rd/s   kB_wr/s kB_ccwr/s iodelay  Command
1791476285    112     14307   89.00   42.00    0.00    3.00  131.00     2     21.00      0.00 2882056  943248  11.62      0.00   7328.00    920.00       0  mysqld
1791476285      0     17311    0.00    0.00    0.00    0.00    0.00     1      0.00      0.00   56800   12976   0.16      0.00      0.00      0.00       0  nginx
1791476285     33     23432    6.00    9.00    0.00   21.00   15.00     1      0.00      0.00   61400   15164   0.19      0.00    660.00    524.00       0  nginx
1791476285     33     23433    5.00    5.00    0.00   15.00   10.00     3      0.00      0.00   59204   13000   0.16      0.00    292.00    340.00       0  nginx
1791476285     33     23434    0.00    0.00    0.00    2.00    0.00     3      0.00      0.00   57700   11416   0.14      0.00      0.00      0.00       0  nginx
1791476285     33     23435    5.00    3.00    0.00    9.00    8.00     3      0.00      0.00   58232   11944   0.15      0.00    228.00    196.00       0  nginx
1791476285    113    107411   21.00   24.00    0.00    0.00   45.00     2      0.00      0.00  682592   63952   0.79      0.00      0.00      0.00       0  pdns_server
1791476285   1100    128327   39.00   29.00    0.00   31.00   68.00     1   3099.00      0.00 2123372   16812   0.21      0.00      0.00      0.00       0  isupipe

# Time        UID       PID    %usr %system  %guest   %wait    %CPU   CPU  minflt/s  majflt/s     VSZ     RSS   %MEM   kB_rd/s   kB_wr/s kB_ccwr/s iodelay  Command
1791476286    112     14307   86.00   49.00    0.00    5.00  135.00     2    271.00      0.00 2883084  943464  11.62      0.00  11344.00    784.00       0  mysqld
1791476286      0     17311    0.00    0.00    0.00    0.00    0.00     1      0.00      0.00   56800   12976   0.16      0.00      0.00      0.00       0  nginx
1791476286     33     23432    4.00   13.00    0.00   23.00   17.00     1      0.00      0.00   61400   15164   0.19      0.00    440.00    452.00       0  nginx
1791476286     33     23433    5.00    7.00    0.00   15.00   12.00     3     10.00      0.00   59344   13000   0.16      0.00    400.00    372.00       0  nginx
1791476286     33     23434    1.00    1.00    0.00    3.00    2.00     0      0.00      0.00   57700   11416   0.14      0.00    116.00    112.00       0  nginx
1791476286     33     23435    3.00    5.00    0.00    8.00    8.00     3      0.00      0.00   58232   11944   0.15      0.00    224.00    176.00       0  nginx
1791476286    113    107411   27.00   21.00    0.00    0.00   48.00     2      1.00      0.00  682592   63952   0.79      0.00      0.00      0.00       0  pdns_server
1791476286   1100    128327   33.00   28.00    0.00   17.00   61.00     0   3701.00      0.00 2123372   16368   0.20      0.00      0.00      0.00       0  isupipe

# Time        UID       PID    %usr %system  %guest   %wait    %CPU   CPU  minflt/s  majflt/s     VSZ     RSS   %MEM   kB_rd/s   kB_wr/s kB_ccwr/s iodelay  Command
1791476287    112     14307   85.00   47.00    0.00    4.00  132.00     1     92.00      0.00 2882056  943248  11.62      0.00   6352.00    600.00       0  mysqld
1791476287      0     17311    0.00    0.00    0.00    0.00    0.00     1      0.00      0.00   56800   12976   0.16      0.00      0.00      0.00       0  nginx
1791476287     33     23432    7.00    5.00    0.00   19.00   12.00     3      0.00      0.00   61400   15164   0.19      0.00    472.00    324.00       0  nginx
1791476287     33     23433    3.00    5.00    0.00   14.00    8.00     3      6.00      0.00   59344   13000   0.16      0.00    304.00    284.00       0  nginx
1791476287     33     23434    3.00    3.00    0.00    7.00    6.00     3      0.00      0.00   57700   11416   0.14      0.00     40.00      8.00       0  nginx
1791476287     33     23435    3.00    2.00    0.00    5.00    5.00     3      0.00      0.00   58232   11944   0.15      0.00    192.00    188.00       0  nginx
1791476287    113    107411   24.00   24.00    0.00    0.00   48.00     2      0.00      0.00  682592   63952   0.79      0.00      0.00      0.00       0  pdns_server
1791476287   1100    128327   43.00   22.00    0.00   32.00   65.00     3   3419.00      0.00 2123372   16788   0.21      0.00      0.00      0.00       0  isupipe

# Time        UID       PID    %usr %system  %guest   %wait    %CPU   CPU  minflt/s  majflt/s     VSZ     RSS   %MEM   kB_rd/s   kB_wr/s kB_ccwr/s iodelay  Command
1791476288    112     14307   88.00   45.00    0.00    2.00  133.00     0    186.00      0.00 2884112  943476  11.62      0.00   6936.00    732.00       0  mysqld
1791476288      0     17311    0.00    0.00    0.00    0.00    0.00     1      0.00      0.00   56800   12976   0.16      0.00      0.00      0.00       0  nginx
1791476288     33     23432    6.00   10.00    0.00   21.00   16.00     1      0.00      0.00   61400   15164   0.19      0.00    660.00    664.00       0  nginx
1791476288     33     23433    6.00    5.00    0.00   14.00   11.00     3      1.00      0.00   59344   13000   0.16      0.00     44.00      0.00       0  nginx
1791476288     33     23434    1.00    1.00    0.00    2.00    2.00     3      0.00      0.00   57700   11416   0.14      0.00     84.00      0.00       0  nginx
1791476288     33     23435    2.00    4.00    0.00    6.00    6.00     3     13.00      0.00   58232   11944   0.15      0.00    296.00    288.00       0  nginx
1791476288    113    107411   22.00   23.00    0.00    0.00   45.00     2      0.00      0.00  682592   63952   0.79      0.00      0.00      0.00       0  pdns_server
1791476288   1100    128327   40.00   24.00    0.00   28.00   64.00     1   2816.00      0.00 2123372   16508   0.20      0.00      0.00      0.00       0  isupipe

# Time        UID       PID    %usr %system  %guest   %wait    %CPU   CPU  minflt/s  majflt/s     VSZ     RSS   %MEM   kB_rd/s   kB_wr/s kB_ccwr/s iodelay  Command
1791476289    112     14307   89.00   41.00    0.00    3.00  130.00     1    173.00      0.00 2882056  943248  11.62      0.00   7680.00    944.00       0  mysqld
1791476289      0     17311    0.00    0.00    0.00    0.00    0.00     1      0.00      0.00   56800   12976   0.16      0.00      0.00      0.00       0  nginx
1791476289     33     23432    8.00    7.00    0.00   20.00   15.00     2      0.00      0.00   61400   15164   0.19      0.00    744.00    684.00       0  nginx
1791476289     33     23433    5.00    5.00    0.00   17.00   10.00     3      0.00      0.00   59344   13000   0.16      0.00    108.00     80.00       0  nginx
1791476289     33     23434    1.00    1.00    0.00    5.00    2.00     3      0.00      0.00   57700   11416   0.14      0.00      8.00     80.00       0  nginx
1791476289     33     23435    4.00    4.00    0.00    6.00    8.00     3     20.00      0.00   58368   12208   0.15      0.00    412.00    296.00       0  nginx
1791476289    113    107411   23.00   20.00    0.00    0.00   43.00     2      3.00      0.00  682592   63952   0.79      0.00      0.00      0.00       0  pdns_server
1791476289   1100    128327   40.00   26.00    0.00   33.00   66.00     2   3485.00      0.00 2123372   16932   0.21      0.00      0.00      0.00       0  isupipe

# Time        UID       PID    %usr %system  %guest   %wait    %CPU   CPU  minflt/s  majflt/s     VSZ     RSS   %MEM   kB_rd/s   kB_wr/s kB_ccwr/s iodelay  Command
1791476290    112     14307   86.00   44.00    0.00    2.00  130.00     0     21.00      0.00 2883084  943248  11.62      0.00  12992.00    876.00       0  mysqld
1791476290      0     17311    0.00    0.00    0.00    0.00    0.00     1      0.00      0.00   56800   12976   0.16      0.00      0.00      0.00       0  nginx
1791476290     33     23432    8.00    8.00    0.00   19.00   16.00     0      0.00      0.00   61400   15164   0.19      0.00    372.00    336.00       0  nginx
1791476290     33     23433    5.00    5.00    0.00   14.00   10.00     3      0.00      0.00   59344   13000   0.16      0.00    456.00    408.00       0  nginx
1791476290     33     23434    2.00    2.00    0.00    2.00    4.00     3      0.00      0.00   57700   11416   0.14      0.00    196.00    192.00       0  nginx
1791476290     33     23435    3.00    4.00    0.00    9.00    7.00     3      0.00      0.00   58368   12208   0.15      0.00    104.00    156.00       0  nginx
1791476290    113    107411   27.00   24.00    0.00    0.00   51.00     2      0.00      0.00  682592   63952   0.79      0.00      0.00      0.00       0  pdns_server
1791476290   1100    128327   31.00   35.00    0.00   14.00   66.00     2   2513.00      0.00 2123372   16496   0.20      0.00      0.00      0.00       0  isupipe

# Time        UID       PID    %usr %system  %guest   %wait    %CPU   CPU  minflt/s  majflt/s     VSZ     RSS   %MEM   kB_rd/s   kB_wr/s kB_ccwr/s iodelay  Command
1791476291    112     14307   78.00   54.00    0.00    4.00  132.00     0     18.00      0.00 2882056  943248  11.62      0.00   7320.00    668.00       0  mysqld
1791476291      0     17311    0.00    0.00    0.00    0.00    0.00     1      0.00      0.00   56800   12976   0.16      0.00      0.00      0.00       0  nginx
1791476291     33     23432    8.00    9.00    0.00   21.00   17.00     3      0.00      0.00   61400   15164   0.19      0.00    632.00    448.00       0  nginx
1791476291     33     23433    5.00    5.00    0.00   13.00   10.00     3      0.00      0.00   59344   13000   0.16      0.00    488.00    432.00       0  nginx
1791476291     33     23434    1.00    1.00    0.00    2.00    2.00     3      0.00      0.00   57700   11416   0.14      0.00      4.00      0.00       0  nginx
1791476291     33     23435    4.00    3.00    0.00    8.00    7.00     0      0.00      0.00   58368   12208   0.15      0.00      8.00      0.00       0  nginx
1791476291    113    107411   19.00   24.00    0.00    0.00   43.00     2      1.00      0.00  682592   63952   0.79      0.00      0.00      0.00       0  pdns_server
1791476291   1100    128327   35.00   32.00    0.00    4.00   67.00     1   2282.00      0.00 2123372   17400   0.21      0.00      0.00      0.00       0  isupipe

# Time        UID       PID    %usr %system  %guest   %wait    %CPU   CPU  minflt/s  majflt/s     VSZ     RSS   %MEM   kB_rd/s   kB_wr/s kB_ccwr/s iodelay  Command
1791476292    112     14307   77.00   56.00    0.00    2.00  133.00     1    115.00      0.00 2883084  943248  11.62      0.00  14168.00    708.00       0  mysqld
1791476292      0     17311    0.00    0.00    0.00    0.00    0.00     1      0.00      0.00   56800   12976   0.16      0.00      0.00      0.00       0  nginx
1791476292     33     23432    5.00    7.00    0.00   23.00   12.00     3      0.00      0.00   61400   15164   0.19      0.00    272.00    356.00       0  nginx
1791476292     33     23433    5.00    5.00    0.00   19.00   10.00     3      0.00      0.00   59344   13000   0.16      0.00    196.00    152.00       0  nginx
1791476292     33     23434    1.00    2.00    0.00    6.00    3.00     3      0.00      0.00   57700   11416   0.14      0.00    104.00     88.00       0  nginx
1791476292     33     23435    4.00    5.00    0.00    9.00    9.00     3     10.00      0.00   58368   12208   0.15      0.00    360.00    332.00       0  nginx
1791476292    113    107411   20.00   21.00    0.00    0.00   41.00     2      1.00      0.00  682592   63952   0.79      0.00      0.00      0.00       0  pdns_server
1791476292   1100    128327   28.00   35.00    0.00   26.00   63.00     0   2334.00      0.00 2123372   16036   0.20      0.00      0.00      0.00       0  isupipe

# Time        UID       PID    %usr %system  %guest   %wait    %CPU   CPU  minflt/s  majflt/s     VSZ     RSS   %MEM   kB_rd/s   kB_wr/s kB_ccwr/s iodelay  Command
1791476293    112     14307   79.00   49.00    0.00    4.00  128.00     0    103.00      0.00 2882056  943248  11.62      0.00  10440.00    576.00       0  mysqld
1791476293      0     17311    0.00    0.00    0.00    0.00    0.00     1      0.00      0.00   56800   12976   0.16      0.00      0.00      0.00       0  nginx
1791476293     33     23432    7.00    9.00    0.00   18.00   16.00     0      0.00      0.00   61400   15164   0.19      0.00    460.00    412.00       0  nginx
1791476293     33     23433    4.00    5.00    0.00   14.00    9.00     3      0.00      0.00   59344   13000   0.16      0.00    328.00    284.00       0  nginx
1791476293     33     23434    3.00    2.00    0.00    4.00    5.00     3      0.00      0.00   57700   11416   0.14      0.00     76.00     72.00       0  nginx
1791476293     33     23435    2.00    4.00    0.00   10.00    6.00     3      4.00      0.00   58368   12208   0.15      0.00     24.00      0.00       0  nginx
1791476293    113    107411   20.00   20.00    0.00    0.00   40.00     2      0.00      0.00  682592   63952   0.79      0.00      0.00      0.00       0  pdns_server
1791476293   1100    128327   29.00   29.00    0.00   16.00   58.00     0   1822.00      0.00 2123372   16888   0.21      0.00      0.00      0.00       0  isupipe

# Time        UID       PID    %usr %system  %guest   %wait    %CPU   CPU  minflt/s  majflt/s     VSZ     RSS   %MEM   kB_rd/s   kB_wr/s kB_ccwr/s iodelay  Command
1791476294    112     14307   95.00   44.00    0.00    4.00  139.00     0     27.00      0.00 2882056  943248  11.62      0.00   7680.00    944.00       0  mysqld
1791476294      0     17311    0.00    0.00    0.00    0.00    0.00     1      0.00      0.00   56800   12976   0.16      0.00      0.00      0.00       0  nginx
1791476294     33     23432    9.00    6.00    0.00   20.00   15.00     1      0.00      0.00   61400   15164   0.19      0.00    584.00    408.00       0  nginx
1791476294     33     23433    6.00    5.00    0.00   14.00   11.00     3      0.00      0.00   59344   13000   0.16      0.00    516.00    408.00       0  nginx
1791476294     33     23434    1.00    0.00    0.00    3.00    1.00     3      0.00      0.00   57700   11416   0.14      0.00      4.00      0.00       0  nginx
1791476294     33     23435    3.00    4.00    0.00    9.00    7.00     3      0.00      0.00   58368   12208   0.15      0.00    224.00    188.00       0  nginx
1791476294    113    107411   25.00   25.00    0.00    0.00   50.00     2      0.00      0.00  682592   63952   0.79      0.00      0.00      0.00       0  pdns_server
1791476294   1100    128327   33.00   28.00    0.00   33.00   61.00     1   3033.00      0.00 2123372   16796   0.21      0.00      0.00      0.00       0  isupipe

# Time        UID       PID    %usr %system  %guest   %wait    %CPU   CPU  minflt/s  majflt/s     VSZ     RSS   %MEM   kB_rd/s   kB_wr/s kB_ccwr/s iodelay  Command
1791476295    112     14307   79.00   47.00    0.00    3.00  126.00     0    275.00      0.00 2883084  943436  11.62      0.00   6844.00    728.00       0  mysqld
1791476295      0     17311    0.00    0.00    0.00    0.00    0.00     1      0.00      0.00   56800   12976   0.16      0.00      0.00      0.00       0  nginx
1791476295     33     23432    8.00    5.00    0.00   22.00   13.00     0      0.00      0.00   61400   15164   0.19      0.00    440.00    384.00       0  nginx
1791476295     33     23433    5.00    6.00    0.00   19.00   11.00     3      0.00      0.00   59344   13000   0.16      0.00    348.00    368.00       0  nginx
1791476295     33     23434    1.00    2.00    0.00    3.00    3.00     3      0.00      0.00   57700   11416   0.14      0.00     80.00      0.00       0  nginx
1791476295     33     23435    4.00    5.00    0.00   11.00    9.00     3      0.00      0.00   58368   12208   0.15      0.00    212.00    192.00       0  nginx
1791476295    113    107411   21.00   18.00    0.00    0.00   39.00     2      1.00      0.00  682592   63952   0.79      0.00      0.00      0.00       0  pdns_server
1791476295   1100    128327   29.00   32.00    0.00   22.00   61.00     3   2885.00      0.00 2123372   16608   0.20      0.00      0.00      0.00       0  isupipe

# Time        UID       PID    %usr %system  %guest   %wait    %CPU   CPU  minflt/s  majflt/s     VSZ     RSS   %MEM   kB_rd/s   kB_wr/s kB_ccwr/s iodelay  Command
1791476296    112     14307   84.00   42.00    0.00    4.00  126.00     1     96.00      0.00 2882056  943248  11.62      0.00   6768.00    680.00       0  mysqld
1791476296      0     17311    0.00    0.00    0.00    0.00    0.00     1      0.00      0.00   56800   12976   0.16      0.00      0.00      0.00       0  nginx
1791476296     33     23432    6.00    6.00    0.00   27.00   12.00     2      0.00      0.00   61400   15164   0.19      0.00    648.00    624.00       0  nginx
1791476296     33     23433    5.00    7.00    0.00   19.00   12.00     2      0.00      0.00   59344   13000   0.16      0.00    136.00     96.00       0  nginx
1791476296     33     23434    3.00    4.00    0.00    8.00    7.00     2     26.00      0.00   57700   11416   0.14      0.00    184.00    252.00       0  nginx
1791476296     33     23435    3.00    5.00    0.00   14.00    8.00     3      0.00      0.00   58368   12208   0.15      0.00     52.00      0.00       0  nginx
1791476296    113    107411   15.00   22.00    0.00    0.00   37.00     2      0.00      0.00  682592   63952   0.79      0.00      0.00      0.00       0  pdns_server
1791476296   1100    128327   32.00   33.00    0.00   28.00   65.00     2   3150.00      0.00 2123372   16412   0.20      0.00      0.00      0.00       0  isupipe

# Time        UID       PID    %usr %system  %guest   %wait    %CPU   CPU  minflt/s  majflt/s     VSZ     RSS   %MEM   kB_rd/s   kB_wr/s kB_ccwr/s iodelay  Command
1791476297    112     14307   75.00   52.00    0.00    2.00  127.00     1    208.00      0.00 2884112  943460  11.62      0.00   7136.00    852.00       0  mysqld
1791476297      0     17311    0.00    0.00    0.00    0.00    0.00     1      0.00      0.00   56800   12976   0.16      0.00      0.00      0.00       0  nginx
1791476297     33     23432    5.00    9.00    0.00   26.00   14.00     0      0.00      0.00   61400   15164   0.19      0.00    720.00    588.00       0  nginx
1791476297     33     23433    3.00    6.00    0.00   21.00    9.00     0      0.00      0.00   59344   13000   0.16      0.00     20.00      0.00       0  nginx
1791476297     33     23434    2.00    3.00    0.00    9.00    5.00     0     22.00      0.00   57844   11680   0.14      0.00    172.00    144.00       0  nginx
1791476297     33     23435    3.00    6.00    0.00   16.00    9.00     2      0.00      0.00   58368   12208   0.15      0.00    268.00    244.00       0  nginx
1791476297    113    107411   15.00   23.00    0.00    0.00   38.00     2      0.00      0.00  682592   63952   0.79      0.00      0.00      0.00       0  pdns_server
1791476297   1100    128327   35.00   31.00    0.00   27.00   66.00     0   3250.00      0.00 2123372   16820   0.21      0.00      0.00      0.00       0  isupipe

# Time        UID       PID    %usr %system  %guest   %wait    %CPU   CPU  minflt/s  majflt/s     VSZ     RSS   %MEM   kB_rd/s   kB_wr/s kB_ccwr/s iodelay  Command
1791476298    112     14307   99.00   42.00    0.00    3.00  141.00     1     78.00      0.00 2882056  943248  11.62      0.00  11740.00    924.00       0  mysqld
1791476298      0     17311    0.00    0.00    0.00    0.00    0.00     1      0.00      0.00   56800   12976   0.16      0.00      0.00      0.00       0  nginx
1791476298     33     23432    7.00    6.00    0.00   20.00   13.00     0      0.00      0.00   61400   15164   0.19      0.00    336.00    372.00       0  nginx
1791476298     33     23433    4.00    6.00    0.00   11.00   10.00     3      0.00      0.00   59344   13000   0.16      0.00    604.00    452.00       0  nginx
1791476298     33     23434    1.00    3.00    0.00    5.00    4.00     3      0.00      0.00   57844   11680   0.14      0.00    136.00    124.00       0  nginx
1791476298     33     23435    2.00    3.00    0.00    7.00    5.00     3      0.00      0.00   58368   12208   0.15      0.00    116.00     96.00       0  nginx
1791476298    113    107411   25.00   24.00    0.00    0.00   49.00     2      1.00      0.00  682592   63952   0.79      0.00      0.00      0.00       0  pdns_server
1791476298   1100    128327   33.00   24.00    0.00   21.00   57.00     0   3484.00      0.00 2123372   17776   0.22      0.00      0.00      0.00       0  isupipe

# Time        UID       PID    %usr %system  %guest   %wait    %CPU   CPU  minflt/s  majflt/s     VSZ     RSS   %MEM   kB_rd/s   kB_wr/s kB_ccwr/s iodelay  Command
1791476299    112     14307   81.00   43.00    0.00    2.00  124.00     2    110.00      0.00 2882056  943248  11.62      0.00   7532.00    916.00       0  mysqld
1791476299      0     17311    0.00    0.00    0.00    0.00    0.00     1      0.00      0.00   56800   12976   0.16      0.00      0.00      0.00       0  nginx
1791476299     33     23432    8.00    7.00    0.00   23.00   15.00     3      0.00      0.00   61400   15164   0.19      0.00    792.00    720.00       0  nginx
1791476299     33     23433    5.00    5.00    0.00   14.00   10.00     3      0.00      0.00   59344   13000   0.16      0.00    212.00    292.00       0  nginx
1791476299     33     23434    2.00    1.00    0.00    4.00    3.00     3      0.00      0.00   57844   11680   0.14      0.00    116.00    100.00       0  nginx
1791476299     33     23435    2.00    2.00    0.00    5.00    4.00     3      0.00      0.00   58368   12208   0.15      0.00    120.00    104.00       0  nginx
1791476299    113    107411   24.00   14.00    0.00    0.00   38.00     2      0.00      0.00  682592   63952   0.79      0.00      0.00      0.00       0  pdns_server
1791476299   1100    128327   39.00   27.00    0.00   22.00   66.00     0   4454.00      0.00 2123372   16728   0.21      0.00      0.00      0.00       0  isupipe

# Time        UID       PID    %usr %system  %guest   %wait    %CPU   CPU  minflt/s  majflt/s     VSZ     RSS   %MEM   kB_rd/s   kB_wr/s kB_ccwr/s iodelay  Command
1791476300    112     14307   87.00   55.00    0.00    2.00  142.00     2     15.00      0.00 2884112  943248  11.62      0.00   6396.00    744.00       0  mysqld
1791476300      0     17311    0.00    0.00    0.00    0.00    0.00     1      0.00      0.00   56800   12976   0.16      0.00      0.00      0.00       0  nginx
1791476300     33     23432    6.00    9.00    0.00   16.00   15.00     3      0.00      0.00   61400   15164   0.19      0.00    640.00    548.00       0  nginx
1791476300     33     23433    2.00    5.00    0.00    8.00    7.00     3      0.00      0.00   59344   13000   0.16      0.00    120.00    100.00       0  nginx
1791476300     33     23434    0.00    1.00    0.00    2.00    1.00     3      0.00      0.00   57844   11680   0.14      0.00      0.00      0.00       0  nginx
1791476300     33     23435    1.00    5.00    0.00    7.00    6.00     2      0.00      0.00   58368   12208   0.15      0.00    256.00    244.00       0  nginx
1791476300    113    107411   21.00   25.00    0.00    0.00   46.00     2      0.00      0.00  682592   63952   0.79      0.00      0.00      0.00       0  pdns_server
1791476300   1100    128327   32.00   30.00    0.00   26.00   62.00     1   2719.00      0.00 2123372   16628   0.20      0.00      0.00      0.00       0  isupipe

# Time        UID       PID    %usr %system  %guest   %wait    %CPU   CPU  minflt/s  majflt/s     VSZ     RSS   %MEM   kB_rd/s   kB_wr/s kB_ccwr/s iodelay  Command
1791476301    112     14307   82.00   46.00    0.00    3.00  128.00     1    110.00      0.00 2882056  943248  11.62      0.00   7740.00    788.00       0  mysqld
1791476301      0     17311    0.00    0.00    0.00    0.00    0.00     1      0.00      0.00   56800   12976   0.16      0.00      0.00      0.00       0  nginx
1791476301     33     23432    6.00    9.00    0.00   19.00   15.00     3      0.00      0.00   61400   15164   0.19      0.00    564.00    548.00       0  nginx
1791476301     33     23433    6.00    3.00    0.00   10.00    9.00     3      0.00      0.00   59344   13000   0.16      0.00    416.00    272.00       0  nginx
1791476301     33     23434    1.00    2.00    0.00    5.00    3.00     3      0.00      0.00   57844   11680   0.14      0.00    124.00    112.00       0  nginx
1791476301     33     23435    3.00    4.00    0.00    7.00    7.00     3      0.00      0.00   58368   12208   0.15      0.00     28.00      0.00       0  nginx
1791476301    113    107411   24.00   21.00    0.00    0.00   45.00     2      2.00      0.00  682592   63952   0.79      0.00      0.00      0.00       0  pdns_server
1791476301   1100    128327   34.00   29.00    0.00   33.00   63.00     1   3566.00      0.00 2123372   17240   0.21      0.00      0.00      0.00       0  isupipe

# Time        UID       PID    %usr %system  %guest   %wait    %CPU   CPU  minflt/s  majflt/s     VSZ     RSS   %MEM   kB_rd/s   kB_wr/s kB_ccwr/s iodelay  Command
1791476302    112     14307   86.00   45.00    0.00    3.00  131.00     1    110.00      0.00 2882056  943248  11.62      0.00   6884.00    616.00       0  mysqld
1791476302      0     17311    0.00    0.00    0.00    0.00    0.00     1      0.00      0.00   56800   12976   0.16      0.00      0.00      0.00       0  nginx
1791476302     33     23432    7.00    5.00    0.00   22.00   12.00     3      0.00      0.00   61400   15164   0.19      0.00    356.00    296.00       0  nginx
1791476302     33     23433    5.00    5.00    0.00   15.00   10.00     3      0.00      0.00   59344   13000   0.16      0.00    204.00    276.00       0  nginx
1791476302     33     23434    1.00    2.00    0.00    5.00    3.00     0      0.00      0.00   57844   11680   0.14      0.00     12.00      0.00       0  nginx
1791476302     33     23435    4.00    2.00    0.00    7.00    6.00     3      0.00      0.00   58368   12208   0.15      0.00    364.00    360.00       0  nginx
1791476302    113    107411   19.00   26.00    0.00    0.00   45.00     2      0.00      0.00  682592   63952   0.79      0.00      0.00      0.00       0  pdns_server
1791476302   1100    128327   30.00   31.00    0.00   18.00   61.00     0   2592.00      0.00 2123372   16464   0.20      0.00      0.00      0.00       0  isupipe

# Time        UID       PID    %usr %system  %guest   %wait    %CPU   CPU  minflt/s  majflt/s     VSZ     RSS   %MEM   kB_rd/s   kB_wr/s kB_ccwr/s iodelay  Command
1791476303    112     14307    0.00    0.97    0.00    0.00    0.97     1      0.00      0.00 2882056  943248  11.62      0.00   3297.09      0.00       0  mysqld
1791476303      0     17311    0.00    0.00    0.00    0.00    0.00     1      0.00      0.00   56800   12976   0.16      0.00      0.00      0.00       0  nginx
1791476303     33     23432    0.97    0.00    0.00    0.00    0.97     1      0.00      0.00   61400   15164   0.19      0.00      0.00      0.00       0  nginx
1791476303     33     23433    0.00    0.00    0.00    0.97    0.00     3      0.00      0.00   59344   13000   0.16      0.00      0.00      0.00       0  nginx
1791476303     33     23434    0.00    0.00    0.00    0.00    0.00     0      0.00      0.00   57844   11680   0.14      0.00      0.00      0.00       0  nginx
1791476303     33     23435    0.00    0.00    0.00    0.00    0.00     2      0.00      0.00   58368   12208   0.15      0.00      0.00      0.00       0  nginx
1791476303    113    107411    0.00    0.00    0.00    0.00    0.00     2      0.00      0.00  682592   63952   0.79      0.00      0.00      0.00       0  pdns_server
1791476303   1100    128327    0.00    0.00    0.00    0.00    0.00     0      0.00      0.00 2123372   16464   0.20      0.00      0.00      0.00       0  isupipe
