Linux 5.15.0-198-generic (isucon13-app) 	10/08/26 	_aarch64_	(4 CPU)

# Time        UID       PID    %usr %system  %guest   %wait    %CPU   CPU  minflt/s  majflt/s     VSZ     RSS   %MEM   kB_rd/s   kB_wr/s kB_ccwr/s iodelay  Command
1791474402    112     14307   14.56    3.88    0.00    0.00   18.45     3      0.00      0.00 2886964  842712  10.38      0.00    302.91      0.00       0  mysqld
1791474402    113     16413    7.77    2.91    0.00    0.00   10.68     2      0.00      0.00  682592   63948   0.79      0.00      0.00      0.00       0  pdns_server
1791474402      0     17311    0.00    0.00    0.00    0.00    0.00     1      0.00      0.00   56800   12976   0.16      0.00      0.00      0.00       0  nginx
1791474402     33     23432    5.83    2.91    0.00    0.00    8.74     0      0.00      0.00   59896   13580   0.17      0.00      0.00      0.00       0  nginx
1791474402     33     23433    0.00    0.00    0.00    0.00    0.00     3      0.00      0.00   58384   12208   0.15      0.00      0.00      0.00       0  nginx
1791474402     33     23434    0.00    0.00    0.00    0.00    0.00     2      0.00      0.00   57168   10480   0.13      0.00      0.00      0.00       0  nginx
1791474402     33     23435    0.00    0.00    0.00    0.00    0.00     2      0.00      0.00   57300   10900   0.13      0.00      0.00      0.00       0  nginx
1791474402   1100     77729    0.00    0.97    0.00    0.00    0.97     3      0.00      0.00 1753368   13956   0.17      0.00      0.00      0.00       0  isupipe

# Time        UID       PID    %usr %system  %guest   %wait    %CPU   CPU  minflt/s  majflt/s     VSZ     RSS   %MEM   kB_rd/s   kB_wr/s kB_ccwr/s iodelay  Command
1791474403    112     14307   19.39   17.35    0.00    0.00   36.73     3      0.00      0.00 2886964  842712  10.38      0.00   3338.78      0.00       0  mysqld
1791474403    113     16413    0.00    0.00    0.00    0.00    0.00     2      0.00      0.00  682592   63948   0.79      0.00      0.00      0.00       0  pdns_server
1791474403      0     17311    0.00    0.00    0.00    0.00    0.00     1      0.00      0.00   56800   12976   0.16      0.00      0.00      0.00       0  nginx
1791474403     33     23432    0.00    0.00    0.00    0.00    0.00     0      0.00      0.00   59896   13580   0.17      0.00      0.00      0.00       0  nginx
1791474403     33     23433    0.00    0.00    0.00    0.00    0.00     3      0.00      0.00   58384   12208   0.15      0.00      0.00      0.00       0  nginx
1791474403     33     23434    0.00    0.00    0.00    0.00    0.00     2      0.00      0.00   57168   10480   0.13      0.00      0.00      0.00       0  nginx
1791474403     33     23435    0.00    0.00    0.00    0.00    0.00     2      0.00      0.00   57300   10900   0.13      0.00      0.00      0.00       0  nginx
1791474403   1100     77729    0.00    0.00    0.00    0.00    0.00     3      0.00      0.00 1753368   13956   0.17      0.00      0.00      0.00       0  isupipe

# Time        UID       PID    %usr %system  %guest   %wait    %CPU   CPU  minflt/s  majflt/s     VSZ     RSS   %MEM   kB_rd/s   kB_wr/s kB_ccwr/s iodelay  Command
1791474404    112     14307   25.00   14.00    0.00    0.00   39.00     3      0.00      0.00 2886964  842712  10.38      0.00   3440.00      0.00       0  mysqld
1791474404    113     16413    0.00    0.00    0.00    0.00    0.00     2      0.00      0.00  682592   63948   0.79      0.00      0.00      0.00       0  pdns_server
1791474404      0     17311    0.00    0.00    0.00    0.00    0.00     1      0.00      0.00   56800   12976   0.16      0.00      0.00      0.00       0  nginx
1791474404     33     23432    0.00    0.00    0.00    0.00    0.00     0      0.00      0.00   59896   13580   0.17      0.00      0.00      0.00       0  nginx
1791474404     33     23433    0.00    0.00    0.00    0.00    0.00     3      0.00      0.00   58384   12208   0.15      0.00      0.00      0.00       0  nginx
1791474404     33     23434    0.00    0.00    0.00    0.00    0.00     2      0.00      0.00   57168   10480   0.13      0.00      0.00      0.00       0  nginx
1791474404     33     23435    0.00    0.00    0.00    0.00    0.00     2      0.00      0.00   57300   10900   0.13      0.00      0.00      0.00       0  nginx
1791474404   1100     77729    0.00    0.00    0.00    0.00    0.00     3      0.00      0.00 1753368   13956   0.17      0.00      0.00      0.00       0  isupipe

# Time        UID       PID    %usr %system  %guest   %wait    %CPU   CPU  minflt/s  majflt/s     VSZ     RSS   %MEM   kB_rd/s   kB_wr/s kB_ccwr/s iodelay  Command
1791474405    112     14307   15.00   11.00    0.00    0.00   26.00     3      0.00      0.00 2886964  842712  10.38      0.00   3224.00      0.00       0  mysqld
1791474405    113     16413    0.00    0.00    0.00    0.00    0.00     2      0.00      0.00  682592   63948   0.79      0.00      0.00      0.00       0  pdns_server
1791474405      0     17311    0.00    0.00    0.00    0.00    0.00     1      0.00      0.00   56800   12976   0.16      0.00      0.00      0.00       0  nginx
1791474405     33     23432    0.00    0.00    0.00    0.00    0.00     0      0.00      0.00   59896   13580   0.17      0.00      0.00      0.00       0  nginx
1791474405     33     23433    0.00    0.00    0.00    0.00    0.00     3      0.00      0.00   58384   12208   0.15      0.00      0.00      0.00       0  nginx
1791474405     33     23434    0.00    0.00    0.00    0.00    0.00     2      0.00      0.00   57168   10480   0.13      0.00      0.00      0.00       0  nginx
1791474405     33     23435    0.00    0.00    0.00    0.00    0.00     2      0.00      0.00   57300   10900   0.13      0.00      0.00      0.00       0  nginx
1791474405   1100     77729    0.00    0.00    0.00    0.00    0.00     3      0.00      0.00 1753368   13956   0.17      0.00      0.00      0.00       0  isupipe

# Time        UID       PID    %usr %system  %guest   %wait    %CPU   CPU  minflt/s  majflt/s     VSZ     RSS   %MEM   kB_rd/s   kB_wr/s kB_ccwr/s iodelay  Command
1791474406    112     14307   16.00   12.00    0.00    0.00   28.00     3      0.00      0.00 2886964  842712  10.38      0.00   3312.00      0.00       0  mysqld
1791474406    113     16413    0.00    0.00    0.00    0.00    0.00     2      0.00      0.00  682592   63948   0.79      0.00      0.00      0.00       0  pdns_server
1791474406      0     17311    0.00    0.00    0.00    0.00    0.00     1      0.00      0.00   56800   12976   0.16      0.00      0.00      0.00       0  nginx
1791474406     33     23432    0.00    0.00    0.00    0.00    0.00     0      0.00      0.00   59896   13580   0.17      0.00      0.00      0.00       0  nginx
1791474406     33     23433    0.00    0.00    0.00    0.00    0.00     3      0.00      0.00   58384   12208   0.15      0.00      0.00      0.00       0  nginx
1791474406     33     23434    0.00    0.00    0.00    0.00    0.00     2      0.00      0.00   57168   10480   0.13      0.00      0.00      0.00       0  nginx
1791474406     33     23435    0.00    0.00    0.00    0.00    0.00     2      0.00      0.00   57300   10900   0.13      0.00      0.00      0.00       0  nginx
1791474406   1100     77729    0.00    0.00    0.00    0.00    0.00     3      0.00      0.00 1753368   13956   0.17      0.00      0.00      0.00       0  isupipe

# Time        UID       PID    %usr %system  %guest   %wait    %CPU   CPU  minflt/s  majflt/s     VSZ     RSS   %MEM   kB_rd/s   kB_wr/s kB_ccwr/s iodelay  Command
1791474407    112     14307   14.00   16.00    0.00    0.00   30.00     3      0.00      0.00 2886964  842712  10.38      0.00   2976.00      0.00       0  mysqld
1791474407    113     16413    0.00    0.00    0.00    0.00    0.00     2      0.00      0.00  682592   63948   0.79      0.00      0.00      0.00       0  pdns_server
1791474407      0     17311    0.00    0.00    0.00    0.00    0.00     1      0.00      0.00   56800   12976   0.16      0.00      0.00      0.00       0  nginx
1791474407     33     23432    0.00    0.00    0.00    0.00    0.00     0      0.00      0.00   59896   13580   0.17      0.00      0.00      0.00       0  nginx
1791474407     33     23433    0.00    0.00    0.00    0.00    0.00     3      0.00      0.00   58384   12208   0.15      0.00      0.00      0.00       0  nginx
1791474407     33     23434    0.00    0.00    0.00    0.00    0.00     2      0.00      0.00   57168   10480   0.13      0.00      0.00      0.00       0  nginx
1791474407     33     23435    0.00    0.00    0.00    0.00    0.00     2      0.00      0.00   57300   10900   0.13      0.00      0.00      0.00       0  nginx
1791474407   1100     77729    0.00    0.00    0.00    0.00    0.00     3      0.00      0.00 1753368   13956   0.17      0.00      0.00      0.00       0  isupipe

# Time        UID       PID    %usr %system  %guest   %wait    %CPU   CPU  minflt/s  majflt/s     VSZ     RSS   %MEM   kB_rd/s   kB_wr/s kB_ccwr/s iodelay  Command
1791474408    112     14307   24.75   16.83    0.00    0.00   41.58     3      0.00      0.00 2886964  842712  10.38      0.00   2138.61      0.00       0  mysqld
1791474408    113     16413    0.00    0.00    0.00    0.00    0.00     2      0.00      0.00  682592   63948   0.79      0.00      0.00      0.00       0  pdns_server
1791474408      0     17311    0.00    0.00    0.00    0.00    0.00     1      0.00      0.00   56800   12976   0.16      0.00      0.00      0.00       0  nginx
1791474408     33     23432    0.00    0.00    0.00    0.00    0.00     0      0.00      0.00   59896   13580   0.17      0.00      0.00      0.00       0  nginx
1791474408     33     23433    0.00    0.00    0.00    0.00    0.00     3      0.00      0.00   58384   12208   0.15      0.00      0.00      0.00       0  nginx
1791474408     33     23434    0.00    0.00    0.00    0.00    0.00     2      0.00      0.00   57168   10480   0.13      0.00      0.00      0.00       0  nginx
1791474408     33     23435    0.00    0.00    0.00    0.00    0.00     2      0.00      0.00   57300   10900   0.13      0.00      0.00      0.00       0  nginx
1791474408   1100     77729    0.00    0.00    0.00    0.00    0.00     3      0.00      0.00 1753368   13956   0.17      0.00      0.00      0.00       0  isupipe

# Time        UID       PID    %usr %system  %guest   %wait    %CPU   CPU  minflt/s  majflt/s     VSZ     RSS   %MEM   kB_rd/s   kB_wr/s kB_ccwr/s iodelay  Command
1791474409    112     14307   22.77   18.81    0.00    0.00   41.58     3      0.00      0.00 2886964  842712  10.38      0.00   2194.06      0.00       0  mysqld
1791474409    113     16413    0.00    0.00    0.00    0.00    0.00     2      0.00      0.00  682592   63948   0.79      0.00      0.00      0.00       0  pdns_server
1791474409      0     17311    0.00    0.00    0.00    0.00    0.00     1      0.00      0.00   56800   12976   0.16      0.00      0.00      0.00       0  nginx
1791474409     33     23432    0.00    0.00    0.00    0.00    0.00     0      0.00      0.00   59896   13580   0.17      0.00      0.00      0.00       0  nginx
1791474409     33     23433    0.00    0.00    0.00    0.00    0.00     3      0.00      0.00   58384   12208   0.15      0.00      0.00      0.00       0  nginx
1791474409     33     23434    0.00    0.00    0.00    0.00    0.00     2      0.00      0.00   57168   10480   0.13      0.00      0.00      0.00       0  nginx
1791474409     33     23435    0.00    0.00    0.00    0.00    0.00     2      0.00      0.00   57300   10900   0.13      0.00      0.00      0.00       0  nginx
1791474409   1100     77729    0.00    0.00    0.00    0.00    0.00     3      0.00      0.00 1753368   13956   0.17      0.00      0.00      0.00       0  isupipe

# Time        UID       PID    %usr %system  %guest   %wait    %CPU   CPU  minflt/s  majflt/s     VSZ     RSS   %MEM   kB_rd/s   kB_wr/s kB_ccwr/s iodelay  Command
1791474410    112     14307   20.00   23.00    0.00    0.00   43.00     3      0.00      0.00 2886964  842712  10.38      0.00   2116.00      0.00       0  mysqld
1791474410    113     16413    0.00    0.00    0.00    0.00    0.00     2      0.00      0.00  682592   63948   0.79      0.00      0.00      0.00       0  pdns_server
1791474410      0     17311    0.00    0.00    0.00    0.00    0.00     1      0.00      0.00   56800   12976   0.16      0.00      0.00      0.00       0  nginx
1791474410     33     23432    0.00    0.00    0.00    0.00    0.00     0      0.00      0.00   59896   13580   0.17      0.00      0.00      0.00       0  nginx
1791474410     33     23433    0.00    0.00    0.00    0.00    0.00     3      0.00      0.00   58384   12208   0.15      0.00      0.00      0.00       0  nginx
1791474410     33     23434    0.00    0.00    0.00    0.00    0.00     2      0.00      0.00   57168   10480   0.13      0.00      0.00      0.00       0  nginx
1791474410     33     23435    0.00    0.00    0.00    0.00    0.00     2      0.00      0.00   57300   10900   0.13      0.00      0.00      0.00       0  nginx
1791474410   1100     77729    0.00    0.00    0.00    0.00    0.00     3      0.00      0.00 1753368   13956   0.17      0.00      0.00      0.00       0  isupipe

# Time        UID       PID    %usr %system  %guest   %wait    %CPU   CPU  minflt/s  majflt/s     VSZ     RSS   %MEM   kB_rd/s   kB_wr/s kB_ccwr/s iodelay  Command
1791474411    112     14307   24.00   18.00    0.00    0.00   42.00     3      0.00      0.00 2886964  842712  10.38      0.00   2156.00      0.00       0  mysqld
1791474411    113     16413    0.00    0.00    0.00    0.00    0.00     2      0.00      0.00  682592   63948   0.79      0.00      0.00      0.00       0  pdns_server
1791474411      0     17311    0.00    0.00    0.00    0.00    0.00     1      0.00      0.00   56800   12976   0.16      0.00      0.00      0.00       0  nginx
1791474411     33     23432    0.00    0.00    0.00    0.00    0.00     0      0.00      0.00   59896   13580   0.17      0.00      0.00      0.00       0  nginx
1791474411     33     23433    0.00    0.00    0.00    0.00    0.00     3      0.00      0.00   58384   12208   0.15      0.00      0.00      0.00       0  nginx
1791474411     33     23434    0.00    0.00    0.00    0.00    0.00     2      0.00      0.00   57168   10480   0.13      0.00      0.00      0.00       0  nginx
1791474411     33     23435    0.00    0.00    0.00    0.00    0.00     2      0.00      0.00   57300   10900   0.13      0.00      0.00      0.00       0  nginx
1791474411   1100     77729    0.00    0.00    0.00    0.00    0.00     3      0.00      0.00 1753368   13956   0.17      0.00      0.00      0.00       0  isupipe

# Time        UID       PID    %usr %system  %guest   %wait    %CPU   CPU  minflt/s  majflt/s     VSZ     RSS   %MEM   kB_rd/s   kB_wr/s kB_ccwr/s iodelay  Command
1791474412    112     14307   22.77   13.86    0.00    0.00   36.63     3      0.00      0.00 2886964  842712  10.38      0.00   1615.84      0.00       0  mysqld
1791474412    113     16413    0.00    0.00    0.00    0.00    0.00     2      0.00      0.00  682592   63948   0.79      0.00      0.00      0.00       0  pdns_server
1791474412      0     17311    0.00    0.00    0.00    0.00    0.00     1      0.00      0.00   56800   12976   0.16      0.00      0.00      0.00       0  nginx
1791474412     33     23432    0.00    0.00    0.00    0.00    0.00     0      0.00      0.00   59896   13580   0.17      0.00      0.00      0.00       0  nginx
1791474412     33     23433    0.00    0.00    0.00    0.00    0.00     3      0.00      0.00   58384   12208   0.15      0.00      0.00      0.00       0  nginx
1791474412     33     23434    0.00    0.00    0.00    0.00    0.00     2      0.00      0.00   57168   10480   0.13      0.00      0.00      0.00       0  nginx
1791474412     33     23435    0.00    0.00    0.00    0.00    0.00     2      0.00      0.00   57300   10900   0.13      0.00      0.00      0.00       0  nginx
1791474412   1100     77729    0.00    0.00    0.00    0.00    0.00     3      0.00      0.00 1753368   13956   0.17      0.00      0.00      0.00       0  isupipe

# Time        UID       PID    %usr %system  %guest   %wait    %CPU   CPU  minflt/s  majflt/s     VSZ     RSS   %MEM   kB_rd/s   kB_wr/s kB_ccwr/s iodelay  Command
1791474413    112     14307   17.00   14.00    0.00    0.00   31.00     3      0.00      0.00 2886964  842712  10.38      0.00   1816.00      0.00       0  mysqld
1791474413    113     16413    0.00    0.00    0.00    0.00    0.00     2      0.00      0.00  682592   63948   0.79      0.00      0.00      0.00       0  pdns_server
1791474413      0     17311    0.00    0.00    0.00    0.00    0.00     1      0.00      0.00   56800   12976   0.16      0.00      0.00      0.00       0  nginx
1791474413     33     23432    0.00    0.00    0.00    0.00    0.00     0      0.00      0.00   59896   13580   0.17      0.00      0.00      0.00       0  nginx
1791474413     33     23433    0.00    0.00    0.00    0.00    0.00     3      0.00      0.00   58384   12208   0.15      0.00      0.00      0.00       0  nginx
1791474413     33     23434    0.00    0.00    0.00    0.00    0.00     2      0.00      0.00   57168   10480   0.13      0.00      0.00      0.00       0  nginx
1791474413     33     23435    0.00    0.00    0.00    0.00    0.00     2      0.00      0.00   57300   10900   0.13      0.00      0.00      0.00       0  nginx
1791474413   1100     77729    0.00    0.00    0.00    0.00    0.00     3      0.00      0.00 1753368   13956   0.17      0.00      0.00      0.00       0  isupipe

# Time        UID       PID    %usr %system  %guest   %wait    %CPU   CPU  minflt/s  majflt/s     VSZ     RSS   %MEM   kB_rd/s   kB_wr/s kB_ccwr/s iodelay  Command
1791474414    112     14307   16.00   14.00    0.00    0.00   30.00     3      0.00      0.00 2886964  842712  10.38      0.00   2388.00      0.00       0  mysqld
1791474414    113     16413    0.00    0.00    0.00    0.00    0.00     2      0.00      0.00  682592   63948   0.79      0.00      0.00      0.00       0  pdns_server
1791474414      0     17311    0.00    0.00    0.00    0.00    0.00     1      0.00      0.00   56800   12976   0.16      0.00      0.00      0.00       0  nginx
1791474414     33     23432    0.00    0.00    0.00    0.00    0.00     0      0.00      0.00   59896   13580   0.17      0.00      0.00      0.00       0  nginx
1791474414     33     23433    0.00    0.00    0.00    0.00    0.00     3      0.00      0.00   58384   12208   0.15      0.00      0.00      0.00       0  nginx
1791474414     33     23434    0.00    0.00    0.00    0.00    0.00     2      0.00      0.00   57168   10480   0.13      0.00      0.00      0.00       0  nginx
1791474414     33     23435    0.00    0.00    0.00    0.00    0.00     2      0.00      0.00   57300   10900   0.13      0.00      0.00      0.00       0  nginx
1791474414   1100     77729    0.00    0.00    0.00    0.00    0.00     3      0.00      0.00 1753368   13956   0.17      0.00      0.00      0.00       0  isupipe

# Time        UID       PID    %usr %system  %guest   %wait    %CPU   CPU  minflt/s  majflt/s     VSZ     RSS   %MEM   kB_rd/s   kB_wr/s kB_ccwr/s iodelay  Command
1791474415    112     14307   23.00   18.00    0.00    0.00   41.00     3      0.00      0.00 2886964  842712  10.38      0.00   2064.00      0.00       0  mysqld
1791474415    113     16413    0.00    0.00    0.00    0.00    0.00     2      0.00      0.00  682592   63948   0.79      0.00      0.00      0.00       0  pdns_server
1791474415      0     17311    0.00    0.00    0.00    0.00    0.00     1      0.00      0.00   56800   12976   0.16      0.00      0.00      0.00       0  nginx
1791474415     33     23432    0.00    0.00    0.00    0.00    0.00     0      0.00      0.00   59896   13580   0.17      0.00      0.00      0.00       0  nginx
1791474415     33     23433    0.00    0.00    0.00    0.00    0.00     3      0.00      0.00   58384   12208   0.15      0.00      0.00      0.00       0  nginx
1791474415     33     23434    0.00    0.00    0.00    0.00    0.00     2      0.00      0.00   57168   10480   0.13      0.00      0.00      0.00       0  nginx
1791474415     33     23435    0.00    0.00    0.00    0.00    0.00     2      0.00      0.00   57300   10900   0.13      0.00      0.00      0.00       0  nginx
1791474415   1100     77729    0.00    0.00    0.00    0.00    0.00     3      0.00      0.00 1753368   13956   0.17      0.00      0.00      0.00       0  isupipe

# Time        UID       PID    %usr %system  %guest   %wait    %CPU   CPU  minflt/s  majflt/s     VSZ     RSS   %MEM   kB_rd/s   kB_wr/s kB_ccwr/s iodelay  Command
1791474416    112     14307   22.33   16.50    0.00    0.00   38.83     3      0.00      0.00 2886964  842712  10.38      0.00   1708.74      0.00       0  mysqld
1791474416    113     16413    0.00    0.00    0.00    0.00    0.00     2      0.00      0.00  682592   63948   0.79      0.00      0.00      0.00       0  pdns_server
1791474416      0     17311    0.00    0.00    0.00    0.00    0.00     1      0.00      0.00   56800   12976   0.16      0.00      0.00      0.00       0  nginx
1791474416     33     23432    0.00    0.00    0.00    0.00    0.00     0      0.00      0.00   59896   13580   0.17      0.00      0.00      0.00       0  nginx
1791474416     33     23433    0.00    0.00    0.00    0.00    0.00     3      0.00      0.00   58384   12208   0.15      0.00      0.00      0.00       0  nginx
1791474416     33     23434    0.00    0.00    0.00    0.00    0.00     2      0.00      0.00   57168   10480   0.13      0.00      0.00      0.00       0  nginx
1791474416     33     23435    0.00    0.00    0.00    0.00    0.00     2      0.00      0.00   57300   10900   0.13      0.00      0.00      0.00       0  nginx
1791474416   1100     77729    0.00    0.00    0.00    0.00    0.00     3      0.00      0.00 1753368   13956   0.17      0.00      0.00      0.00       0  isupipe

# Time        UID       PID    %usr %system  %guest   %wait    %CPU   CPU  minflt/s  majflt/s     VSZ     RSS   %MEM   kB_rd/s   kB_wr/s kB_ccwr/s iodelay  Command
1791474417    112     14307   15.00   15.00    0.00    0.00   30.00     3      0.00      0.00 2886964  842712  10.38      0.00   1860.00      0.00       0  mysqld
1791474417    113     16413    0.00    0.00    0.00    0.00    0.00     2      0.00      0.00  682592   63948   0.79      0.00      0.00      0.00       0  pdns_server
1791474417      0     17311    0.00    0.00    0.00    0.00    0.00     1      0.00      0.00   56800   12976   0.16      0.00      0.00      0.00       0  nginx
1791474417     33     23432    0.00    0.00    0.00    0.00    0.00     0      0.00      0.00   59896   13580   0.17      0.00      0.00      0.00       0  nginx
1791474417     33     23433    0.00    0.00    0.00    0.00    0.00     3      0.00      0.00   58384   12208   0.15      0.00      0.00      0.00       0  nginx
1791474417     33     23434    0.00    0.00    0.00    0.00    0.00     2      0.00      0.00   57168   10480   0.13      0.00      0.00      0.00       0  nginx
1791474417     33     23435    0.00    0.00    0.00    0.00    0.00     2      0.00      0.00   57300   10900   0.13      0.00      0.00      0.00       0  nginx
1791474417   1100     77729    0.00    0.00    0.00    0.00    0.00     3      0.00      0.00 1753368   13956   0.17      0.00      0.00      0.00       0  isupipe

# Time        UID       PID    %usr %system  %guest   %wait    %CPU   CPU  minflt/s  majflt/s     VSZ     RSS   %MEM   kB_rd/s   kB_wr/s kB_ccwr/s iodelay  Command
1791474418    112     14307   13.86    9.90    0.00    0.00   23.76     3      0.00      0.00 2886964  842712  10.38      0.00   1782.18      0.00       0  mysqld
1791474418    113     16413    0.00    0.00    0.00    0.00    0.00     2      0.00      0.00  682592   63948   0.79      0.00      0.00      0.00       0  pdns_server
1791474418      0     17311    0.00    0.00    0.00    0.00    0.00     1      0.00      0.00   56800   12976   0.16      0.00      0.00      0.00       0  nginx
1791474418     33     23432    0.00    0.00    0.00    0.00    0.00     0      0.00      0.00   59896   13580   0.17      0.00      0.00      0.00       0  nginx
1791474418     33     23433    0.00    0.00    0.00    0.00    0.00     3      0.00      0.00   58384   12208   0.15      0.00      0.00      0.00       0  nginx
1791474418     33     23434    0.00    0.00    0.00    0.00    0.00     2      0.00      0.00   57168   10480   0.13      0.00      0.00      0.00       0  nginx
1791474418     33     23435    0.00    0.00    0.00    0.00    0.00     2      0.00      0.00   57300   10900   0.13      0.00      0.00      0.00       0  nginx
1791474418   1100     77729    0.00    0.00    0.00    0.00    0.00     3      0.00      0.00 1753368   13956   0.17      0.00      0.00      0.00       0  isupipe

# Time        UID       PID    %usr %system  %guest   %wait    %CPU   CPU  minflt/s  majflt/s     VSZ     RSS   %MEM   kB_rd/s   kB_wr/s kB_ccwr/s iodelay  Command
1791474419    112     14307   16.83   12.87    0.00    0.00   29.70     3      0.00      0.00 2886964  842712  10.38      0.00   2514.85      0.00       0  mysqld
1791474419    113     16413    0.00    0.00    0.00    0.00    0.00     2      0.00      0.00  682592   63948   0.79      0.00      0.00      0.00       0  pdns_server
1791474419      0     17311    0.00    0.00    0.00    0.00    0.00     1      0.00      0.00   56800   12976   0.16      0.00      0.00      0.00       0  nginx
1791474419     33     23432    0.00    0.00    0.00    0.00    0.00     0      0.00      0.00   59896   13580   0.17      0.00      0.00      0.00       0  nginx
1791474419     33     23433    0.00    0.00    0.00    0.00    0.00     3      0.00      0.00   58384   12208   0.15      0.00      0.00      0.00       0  nginx
1791474419     33     23434    0.00    0.00    0.00    0.00    0.00     2      0.00      0.00   57168   10480   0.13      0.00      0.00      0.00       0  nginx
1791474419     33     23435    0.00    0.00    0.00    0.00    0.00     2      0.00      0.00   57300   10900   0.13      0.00      0.00      0.00       0  nginx
1791474419   1100     77729    0.00    0.00    0.00    0.00    0.00     3      0.00      0.00 1753368   13956   0.17      0.00      0.00      0.00       0  isupipe

# Time        UID       PID    %usr %system  %guest   %wait    %CPU   CPU  minflt/s  majflt/s     VSZ     RSS   %MEM   kB_rd/s   kB_wr/s kB_ccwr/s iodelay  Command
1791474420    112     14307   17.17   11.11    0.00    0.00   28.28     3      0.00      0.00 2886964  842712  10.38      0.00   2282.83      0.00       0  mysqld
1791474420    113     16413    0.00    0.00    0.00    0.00    0.00     2      0.00      0.00  682592   63948   0.79      0.00      0.00      0.00       0  pdns_server
1791474420      0     17311    0.00    0.00    0.00    0.00    0.00     1      0.00      0.00   56800   12976   0.16      0.00      0.00      0.00       0  nginx
1791474420     33     23432    0.00    0.00    0.00    0.00    0.00     0      0.00      0.00   59896   13580   0.17      0.00      0.00      0.00       0  nginx
1791474420     33     23433    0.00    0.00    0.00    0.00    0.00     3      0.00      0.00   58384   12208   0.15      0.00      0.00      0.00       0  nginx
1791474420     33     23434    0.00    0.00    0.00    0.00    0.00     2      0.00      0.00   57168   10480   0.13      0.00      0.00      0.00       0  nginx
1791474420     33     23435    0.00    0.00    0.00    0.00    0.00     2      0.00      0.00   57300   10900   0.13      0.00      0.00      0.00       0  nginx
1791474420   1100     77729    0.00    0.00    0.00    0.00    0.00     3      0.00      0.00 1753368   13956   0.17      0.00      0.00      0.00       0  isupipe

# Time        UID       PID    %usr %system  %guest   %wait    %CPU   CPU  minflt/s  majflt/s     VSZ     RSS   %MEM   kB_rd/s   kB_wr/s kB_ccwr/s iodelay  Command
1791474421    112     14307   15.00   13.00    0.00    0.00   28.00     3      0.00      0.00 2886964  842712  10.38      0.00   3804.00      0.00       0  mysqld
1791474421    113     16413    0.00    0.00    0.00    0.00    0.00     2      0.00      0.00  682592   63948   0.79      0.00      0.00      0.00       0  pdns_server
1791474421      0     17311    0.00    0.00    0.00    0.00    0.00     1      0.00      0.00   56800   12976   0.16      0.00      0.00      0.00       0  nginx
1791474421     33     23432    0.00    0.00    0.00    0.00    0.00     0      0.00      0.00   59896   13580   0.17      0.00      0.00      0.00       0  nginx
1791474421     33     23433    0.00    0.00    0.00    0.00    0.00     3      0.00      0.00   58384   12208   0.15      0.00      0.00      0.00       0  nginx
1791474421     33     23434    0.00    0.00    0.00    0.00    0.00     2      0.00      0.00   57168   10480   0.13      0.00      0.00      0.00       0  nginx
1791474421     33     23435    0.00    0.00    0.00    0.00    0.00     2      0.00      0.00   57300   10900   0.13      0.00      0.00      0.00       0  nginx
1791474421   1100     77729    0.00    0.00    0.00    0.00    0.00     3      0.00      0.00 1753368   13956   0.17      0.00      0.00      0.00       0  isupipe

# Time        UID       PID    %usr %system  %guest   %wait    %CPU   CPU  minflt/s  majflt/s     VSZ     RSS   %MEM   kB_rd/s   kB_wr/s kB_ccwr/s iodelay  Command
1791474422    112     14307   15.00   10.00    0.00    0.00   25.00     3      0.00      0.00 2886964  842712  10.38      0.00   4068.00      0.00       0  mysqld
1791474422    113     16413    0.00    0.00    0.00    0.00    0.00     2      0.00      0.00  682592   63948   0.79      0.00      0.00      0.00       0  pdns_server
1791474422      0     17311    0.00    0.00    0.00    0.00    0.00     1      0.00      0.00   56800   12976   0.16      0.00      0.00      0.00       0  nginx
1791474422     33     23432    0.00    0.00    0.00    0.00    0.00     0      0.00      0.00   59896   13580   0.17      0.00      0.00      0.00       0  nginx
1791474422     33     23433    0.00    0.00    0.00    0.00    0.00     3      0.00      0.00   58384   12208   0.15      0.00      0.00      0.00       0  nginx
1791474422     33     23434    0.00    0.00    0.00    0.00    0.00     2      0.00      0.00   57168   10480   0.13      0.00      0.00      0.00       0  nginx
1791474422     33     23435    0.00    0.00    0.00    0.00    0.00     2      0.00      0.00   57300   10900   0.13      0.00      0.00      0.00       0  nginx
1791474422   1100     77729    0.00    0.00    0.00    0.00    0.00     3      0.00      0.00 1753368   13956   0.17      0.00      0.00      0.00       0  isupipe

# Time        UID       PID    %usr %system  %guest   %wait    %CPU   CPU  minflt/s  majflt/s     VSZ     RSS   %MEM   kB_rd/s   kB_wr/s kB_ccwr/s iodelay  Command
1791474423    112     14307   26.00   18.00    0.00    0.00   44.00     3   4550.00      0.00 2886964  829676  10.22      0.00  19260.00   1948.00       0  mysqld
1791474423    113     16413    0.00    0.00    0.00    0.00    0.00     2      0.00      0.00  682592   63948   0.79      0.00      0.00      0.00       0  pdns_server
1791474423      0     17311    0.00    0.00    0.00    0.00    0.00     1      0.00      0.00   56800   12976   0.16      0.00      0.00      0.00       0  nginx
1791474423     33     23432    0.00    0.00    0.00    0.00    0.00     0      0.00      0.00   59896   13580   0.17      0.00      0.00      0.00       0  nginx
1791474423     33     23433    0.00    0.00    0.00    0.00    0.00     3      0.00      0.00   58384   12208   0.15      0.00      0.00      0.00       0  nginx
1791474423     33     23434    0.00    0.00    0.00    0.00    0.00     2      0.00      0.00   57168   10480   0.13      0.00      0.00      0.00       0  nginx
1791474423     33     23435    0.00    0.00    0.00    0.00    0.00     2      0.00      0.00   57300   10900   0.13      0.00      0.00      0.00       0  nginx
1791474423   1100     77729    0.00    0.00    0.00    0.00    0.00     3      0.00      0.00 1753368   13956   0.17      0.00      0.00      0.00       0  isupipe

# Time        UID       PID    %usr %system  %guest   %wait    %CPU   CPU  minflt/s  majflt/s     VSZ     RSS   %MEM   kB_rd/s   kB_wr/s kB_ccwr/s iodelay  Command
1791474424    112     14307   24.00   19.00    0.00    0.00   43.00     0  10554.00      0.00 2886964  871628  10.74      0.00  18516.00    332.00       0  mysqld
1791474424    113     16413    0.00    0.00    0.00    0.00    0.00     2      0.00      0.00  682592   63948   0.79      0.00      0.00      0.00       0  pdns_server
1791474424      0     17311    0.00    0.00    0.00    0.00    0.00     1      0.00      0.00   56800   12976   0.16      0.00      0.00      0.00       0  nginx
1791474424     33     23432    0.00    0.00    0.00    0.00    0.00     0      0.00      0.00   59896   13580   0.17      0.00      0.00      0.00       0  nginx
1791474424     33     23433    0.00    0.00    0.00    0.00    0.00     3      0.00      0.00   58384   12208   0.15      0.00      0.00      0.00       0  nginx
1791474424     33     23434    0.00    0.00    0.00    0.00    0.00     2      0.00      0.00   57168   10480   0.13      0.00      0.00      0.00       0  nginx
1791474424     33     23435    0.00    0.00    0.00    0.00    0.00     2      0.00      0.00   57300   10900   0.13      0.00      0.00      0.00       0  nginx
1791474424   1100     77729    0.00    0.00    0.00    0.00    0.00     3      0.00      0.00 1753368   13956   0.17      0.00      0.00      0.00       0  isupipe

# Time        UID       PID    %usr %system  %guest   %wait    %CPU   CPU  minflt/s  majflt/s     VSZ     RSS   %MEM   kB_rd/s   kB_wr/s kB_ccwr/s iodelay  Command
1791474425    112     14307   38.00   22.00    0.00    0.00   60.00     0    693.00      0.00 2887992  873056  10.75      0.00  19172.00   1184.00       0  mysqld
1791474425    113     16413    1.00    2.00    0.00    0.00    3.00     2      0.00      0.00  682592   63948   0.79      0.00      0.00      0.00       0  pdns_server
1791474425      0     17311    0.00    0.00    0.00    0.00    0.00     1      0.00      0.00   56800   12976   0.16      0.00      0.00      0.00       0  nginx
1791474425     33     23432    2.00    0.00    0.00    0.00    2.00     2      0.00      0.00   59896   13580   0.17      0.00      4.00      0.00       0  nginx
1791474425     33     23433    0.00    0.00    0.00    0.00    0.00     3      0.00      0.00   58384   12208   0.15      0.00      0.00      0.00       0  nginx
1791474425     33     23434    0.00    0.00    0.00    0.00    0.00     2      0.00      0.00   57168   10480   0.13      0.00      0.00      0.00       0  nginx
1791474425     33     23435    0.00    0.00    0.00    0.00    0.00     2      0.00      0.00   57300   10900   0.13      0.00      0.00      0.00       0  nginx
1791474425   1100     77729    6.00    2.00    0.00    0.00    8.00     3     86.00      0.00 1753368   14196   0.17      0.00     52.00     52.00       0  isupipe

# Time        UID       PID    %usr %system  %guest   %wait    %CPU   CPU  minflt/s  majflt/s     VSZ     RSS   %MEM   kB_rd/s   kB_wr/s kB_ccwr/s iodelay  Command
1791474426    112     14307   37.00   13.00    0.00    0.00   50.00     0      0.00      0.00 2887992  873056  10.75      0.00   3004.00      0.00       0  mysqld
1791474426    113     16413    0.00    0.00    0.00    0.00    0.00     2      0.00      0.00  682592   63948   0.79      0.00      0.00      0.00       0  pdns_server
1791474426      0     17311    0.00    0.00    0.00    0.00    0.00     1      0.00      0.00   56800   12976   0.16      0.00      0.00      0.00       0  nginx
1791474426     33     23432    1.00    1.00    0.00    0.00    2.00     1      0.00      0.00   59896   13580   0.17      0.00      4.00      0.00       0  nginx
1791474426     33     23433    0.00    0.00    0.00    0.00    0.00     3      0.00      0.00   58384   12208   0.15      0.00      0.00      0.00       0  nginx
1791474426     33     23434    0.00    0.00    0.00    0.00    0.00     2      0.00      0.00   57168   10480   0.13      0.00      0.00      0.00       0  nginx
1791474426     33     23435    0.00    0.00    0.00    0.00    0.00     2      0.00      0.00   57300   10900   0.13      0.00      0.00      0.00       0  nginx
1791474426   1100     77729   12.00   32.00    0.00    0.00   44.00     1    183.00      0.00 1753368   14120   0.17      0.00      0.00      0.00       0  isupipe

# Time        UID       PID    %usr %system  %guest   %wait    %CPU   CPU  minflt/s  majflt/s     VSZ     RSS   %MEM   kB_rd/s   kB_wr/s kB_ccwr/s iodelay  Command
1791474427    112     14307   29.00   17.00    0.00    0.00   46.00     0      0.00      0.00 2887992  873056  10.75      0.00   2240.00      0.00       0  mysqld
1791474427    113     16413    0.00    0.00    0.00    0.00    0.00     2      0.00      0.00  682592   63948   0.79      0.00      0.00      0.00       0  pdns_server
1791474427      0     17311    0.00    0.00    0.00    0.00    0.00     1      0.00      0.00   56800   12976   0.16      0.00      0.00      0.00       0  nginx
1791474427     33     23432    0.00    0.00    0.00    0.00    0.00     1      0.00      0.00   59896   13580   0.17      0.00      4.00      0.00       0  nginx
1791474427     33     23433    0.00    0.00    0.00    0.00    0.00     3      0.00      0.00   58384   12208   0.15      0.00      0.00      0.00       0  nginx
1791474427     33     23434    0.00    0.00    0.00    0.00    0.00     2      0.00      0.00   57168   10480   0.13      0.00      0.00      0.00       0  nginx
1791474427     33     23435    0.00    0.00    0.00    0.00    0.00     2      0.00      0.00   57300   10900   0.13      0.00      0.00      0.00       0  nginx
1791474427   1100     77729   22.00   32.00    0.00    0.00   54.00     3    195.00      0.00 1753624   13780   0.17      0.00      0.00      0.00       0  isupipe

# Time        UID       PID    %usr %system  %guest   %wait    %CPU   CPU  minflt/s  majflt/s     VSZ     RSS   %MEM   kB_rd/s   kB_wr/s kB_ccwr/s iodelay  Command
1791474428    112     14307   15.00   13.00    0.00    0.00   28.00     0      0.00      0.00 2887992  873056  10.75      0.00   2804.00     64.00       0  mysqld
1791474428    113     16413    0.00    0.00    0.00    0.00    0.00     2      0.00      0.00  682592   63948   0.79      0.00      0.00      0.00       0  pdns_server
1791474428      0     17311    0.00    0.00    0.00    0.00    0.00     1      0.00      0.00   56800   12976   0.16      0.00      0.00      0.00       0  nginx
1791474428     33     23432    1.00    1.00    0.00    0.00    2.00     1      0.00      0.00   59896   13580   0.17      0.00     88.00     84.00       0  nginx
1791474428     33     23433    0.00    0.00    0.00    0.00    0.00     3      0.00      0.00   58384   12208   0.15      0.00      0.00      0.00       0  nginx
1791474428     33     23434    0.00    0.00    0.00    0.00    0.00     2      0.00      0.00   57168   10480   0.13      0.00      0.00      0.00       0  nginx
1791474428     33     23435    0.00    0.00    0.00    0.00    0.00     2      0.00      0.00   57300   10900   0.13      0.00      0.00      0.00       0  nginx
1791474428   1100     77729   11.00   20.00    0.00    0.00   31.00     1    225.00      0.00 1753624   14076   0.17      0.00      0.00      0.00       0  isupipe

# Time        UID       PID    %usr %system  %guest   %wait    %CPU   CPU  minflt/s  majflt/s     VSZ     RSS   %MEM   kB_rd/s   kB_wr/s kB_ccwr/s iodelay  Command
1791474429    112     14307    4.00    5.00    0.00    0.00    9.00     0      0.00      0.00 2887992  873056  10.75      0.00   5352.00      0.00       0  mysqld
1791474429    113     16413    0.00    0.00    0.00    0.00    0.00     2      0.00      0.00  682592   63948   0.79      0.00      0.00      0.00       0  pdns_server
1791474429      0     17311    0.00    0.00    0.00    0.00    0.00     1      0.00      0.00   56800   12976   0.16      0.00      0.00      0.00       0  nginx
1791474429     33     23432    0.00    0.00    0.00    0.00    0.00     1      0.00      0.00   59896   13580   0.17      0.00      0.00      0.00       0  nginx
1791474429     33     23433    0.00    0.00    0.00    0.00    0.00     3      0.00      0.00   58384   12208   0.15      0.00      0.00      0.00       0  nginx
1791474429     33     23434    0.00    0.00    0.00    0.00    0.00     2      0.00      0.00   57168   10480   0.13      0.00      0.00      0.00       0  nginx
1791474429     33     23435    0.00    0.00    0.00    0.00    0.00     2      0.00      0.00   57300   10900   0.13      0.00      0.00      0.00       0  nginx
1791474429   1100     77729    0.00    0.00    0.00    0.00    0.00     1      0.00      0.00 1753624   14076   0.17      0.00      0.00      0.00       0  isupipe

# Time        UID       PID    %usr %system  %guest   %wait    %CPU   CPU  minflt/s  majflt/s     VSZ     RSS   %MEM   kB_rd/s   kB_wr/s kB_ccwr/s iodelay  Command
1791474430    112     14307    6.00    4.00    0.00    0.00   10.00     0      0.00      0.00 2887992  873056  10.75      0.00    748.00      0.00       0  mysqld
1791474430    113     16413    0.00    0.00    0.00    0.00    0.00     2      0.00      0.00  682592   63948   0.79      0.00      0.00      0.00       0  pdns_server
1791474430      0     17311    0.00    0.00    0.00    0.00    0.00     1      0.00      0.00   56800   12976   0.16      0.00      0.00      0.00       0  nginx
1791474430     33     23432    0.00    1.00    0.00    0.00    1.00     2      0.00      0.00   59896   13580   0.17      0.00      4.00      0.00       0  nginx
1791474430     33     23433    0.00    0.00    0.00    0.00    0.00     3      0.00      0.00   58384   12208   0.15      0.00      0.00      0.00       0  nginx
1791474430     33     23434    0.00    0.00    0.00    0.00    0.00     2      0.00      0.00   57168   10480   0.13      0.00      0.00      0.00       0  nginx
1791474430     33     23435    0.00    0.00    0.00    0.00    0.00     2      0.00      0.00   57300   10900   0.13      0.00      0.00      0.00       0  nginx
1791474430   1100     77729    0.00   12.00    0.00    0.00   12.00     3     28.00      0.00 1753624   13712   0.17      0.00      0.00      0.00       0  isupipe

# Time        UID       PID    %usr %system  %guest   %wait    %CPU   CPU  minflt/s  majflt/s     VSZ     RSS   %MEM   kB_rd/s   kB_wr/s kB_ccwr/s iodelay  Command
1791474431    112     14307   16.83   11.88    0.00    0.00   28.71     0      0.00      0.00 2887992  873056  10.75      0.00   6316.83     51.49       0  mysqld
1791474431    113     16413    0.00    0.00    0.00    0.00    0.00     2      0.00      0.00  682592   63948   0.79      0.00      0.00      0.00       0  pdns_server
1791474431      0     17311    0.00    0.00    0.00    0.00    0.00     1      0.00      0.00   56800   12976   0.16      0.00      0.00      0.00       0  nginx
1791474431     33     23432    1.98    1.98    0.00    0.00    3.96     1      0.00      0.00   59896   13580   0.17      0.00     71.29     63.37       0  nginx
1791474431     33     23433    0.00    0.00    0.00    0.00    0.00     3      0.00      0.00   58384   12208   0.15      0.00      0.00      0.00       0  nginx
1791474431     33     23434    0.00    0.00    0.00    0.00    0.00     2      0.00      0.00   57168   10480   0.13      0.00      0.00      0.00       0  nginx
1791474431     33     23435    0.00    0.00    0.00    0.00    0.00     2      0.00      0.00   57300   10900   0.13      0.00      0.00      0.00       0  nginx
1791474431   1100     77729    7.92    8.91    0.00    0.99   16.83     0     56.44      0.00 1753624   13564   0.17      0.00      0.00      0.00       0  isupipe

# Time        UID       PID    %usr %system  %guest   %wait    %CPU   CPU  minflt/s  majflt/s     VSZ     RSS   %MEM   kB_rd/s   kB_wr/s kB_ccwr/s iodelay  Command
1791474432    112     14307    1.98    0.00    0.00    0.00    1.98     0      0.00      0.00 2887992  873056  10.75      0.00    324.75      0.00       0  mysqld
1791474432    113     16413    0.00    0.00    0.00    0.00    0.00     2      0.00      0.00  682592   63948   0.79      0.00      0.00      0.00       0  pdns_server
1791474432      0     17311    0.00    0.00    0.00    0.00    0.00     1      0.00      0.00   56800   12976   0.16      0.00      0.00      0.00       0  nginx
1791474432     33     23432    0.00    0.00    0.00    0.00    0.00     1      0.00      0.00   59896   13580   0.17      0.00      0.00      0.00       0  nginx
1791474432     33     23433    0.00    0.00    0.00    0.00    0.00     3      0.00      0.00   58384   12208   0.15      0.00      0.00      0.00       0  nginx
1791474432     33     23434    0.00    0.00    0.00    0.00    0.00     2      0.00      0.00   57168   10480   0.13      0.00      0.00      0.00       0  nginx
1791474432     33     23435    0.00    0.00    0.00    0.00    0.00     2      0.00      0.00   57300   10900   0.13      0.00      0.00      0.00       0  nginx
1791474432   1100     77729    0.00    0.00    0.00    0.00    0.00     0      0.00      0.00 1753624   13564   0.17      0.00      0.00      0.00       0  isupipe

# Time        UID       PID    %usr %system  %guest   %wait    %CPU   CPU  minflt/s  majflt/s     VSZ     RSS   %MEM   kB_rd/s   kB_wr/s kB_ccwr/s iodelay  Command
1791474433    112     14307    5.00    3.00    0.00    0.00    8.00     1      0.00      0.00 2887992  873056  10.75      0.00    216.00      0.00       0  mysqld
1791474433    113     16413    1.00    0.00    0.00    0.00    1.00     2      0.00      0.00  682592   63948   0.79      0.00      0.00      0.00       0  pdns_server
1791474433      0     17311    0.00    0.00    0.00    0.00    0.00     1      0.00      0.00   56800   12976   0.16      0.00      0.00      0.00       0  nginx
1791474433     33     23432    1.00    0.00    0.00    0.00    1.00     0      0.00      0.00   59896   13580   0.17      0.00      4.00      0.00       0  nginx
1791474433     33     23433    0.00    0.00    0.00    0.00    0.00     3      0.00      0.00   58384   12208   0.15      0.00      0.00      0.00       0  nginx
1791474433     33     23434    0.00    0.00    0.00    0.00    0.00     2      0.00      0.00   57168   10480   0.13      0.00      0.00      0.00       0  nginx
1791474433     33     23435    0.00    0.00    0.00    0.00    0.00     2      0.00      0.00   57300   10900   0.13      0.00      0.00      0.00       0  nginx
1791474433   1100     77729    3.00    5.00    0.00    0.00    8.00     3     14.00      0.00 1753624   13824   0.17      0.00      0.00      0.00       0  isupipe

# Time        UID       PID    %usr %system  %guest   %wait    %CPU   CPU  minflt/s  majflt/s     VSZ     RSS   %MEM   kB_rd/s   kB_wr/s kB_ccwr/s iodelay  Command
1791474434    112     14307   33.00   18.00    0.00    0.00   51.00     1      0.00      0.00 2887992  873056  10.75      0.00   7348.00    112.00       0  mysqld
1791474434    113     16413    5.00    5.00    0.00    0.00   10.00     2      0.00      0.00  682592   63948   0.79      0.00      0.00      0.00       0  pdns_server
1791474434      0     17311    0.00    0.00    0.00    0.00    0.00     1      0.00      0.00   56800   12976   0.16      0.00      0.00      0.00       0  nginx
1791474434     33     23432    2.00    4.00    0.00    0.00    6.00     2      0.00      0.00   59896   13580   0.17      0.00    156.00    148.00       0  nginx
1791474434     33     23433    1.00    0.00    0.00    1.00    1.00     3      0.00      0.00   58384   12208   0.15      0.00      0.00      0.00       0  nginx
1791474434     33     23434    0.00    0.00    0.00    0.00    0.00     2      0.00      0.00   57168   10480   0.13      0.00      0.00      0.00       0  nginx
1791474434     33     23435    0.00    0.00    0.00    0.00    0.00     2      0.00      0.00   57300   10900   0.13      0.00      0.00      0.00       0  nginx
1791474434   1100     77729   11.00    9.00    0.00    3.00   20.00     3     64.00      0.00 1753624   14064   0.17      0.00      0.00      0.00       0  isupipe

# Time        UID       PID    %usr %system  %guest   %wait    %CPU   CPU  minflt/s  majflt/s     VSZ     RSS   %MEM   kB_rd/s   kB_wr/s kB_ccwr/s iodelay  Command
1791474435    112     14307  100.00   39.00    0.00    1.00  139.00     0     11.00      0.00 2886964  872848  10.75      0.00   9252.00   1200.00       0  mysqld
1791474435    113     16413   14.00   14.00    0.00    0.00   28.00     2      1.00      0.00  682592   63948   0.79      0.00      0.00      0.00       0  pdns_server
1791474435      0     17311    0.00    0.00    0.00    0.00    0.00     1      0.00      0.00   56800   12976   0.16      0.00      0.00      0.00       0  nginx
1791474435     33     23432    7.00    6.00    0.00    8.00   13.00     3      0.00      0.00   59896   13580   0.17      0.00   1068.00   1036.00       0  nginx
1791474435     33     23433    1.00    1.00    0.00    1.00    2.00     2      0.00      0.00   58384   12208   0.15      0.00     96.00     96.00       0  nginx
1791474435     33     23434    0.00    0.00    0.00    0.00    0.00     2      0.00      0.00   57168   10480   0.13      0.00      0.00      0.00       0  nginx
1791474435     33     23435    2.00    2.00    0.00    3.00    4.00     2      0.00      0.00   57300   10900   0.13      0.00    204.00    200.00       0  nginx
1791474435   1100     77729   25.00   32.00    0.00   16.00   57.00     1    603.00      0.00 1827416   14892   0.18      0.00      0.00      0.00       0  isupipe

# Time        UID       PID    %usr %system  %guest   %wait    %CPU   CPU  minflt/s  majflt/s     VSZ     RSS   %MEM   kB_rd/s   kB_wr/s kB_ccwr/s iodelay  Command
1791474436    112     14307   91.51   47.17    0.00    0.00  138.68     0    211.32      0.00 2886964  873636  10.76      0.00   4396.23    456.60       0  mysqld
1791474436    113     16413   16.98   10.38    0.00    0.00   27.36     2      0.00      0.00  682592   63948   0.79      0.00      0.00      0.00       0  pdns_server
1791474436      0     17311    0.00    0.00    0.00    0.00    0.00     1      0.00      0.00   56800   12976   0.16      0.00      0.00      0.00       0  nginx
1791474436     33     23432    4.72    6.60    0.00    8.49   11.32     2      0.00      0.00   59896   13580   0.17      0.00    626.42    494.34       0  nginx
1791474436     33     23433    1.89    0.94    0.00    1.89    2.83     2      0.00      0.00   58384   12208   0.15      0.00    109.43    105.66       0  nginx
1791474436     33     23434    0.00    0.00    0.00    0.00    0.00     2      0.00      0.00   57168   10480   0.13      0.00      0.00      0.00       0  nginx
1791474436     33     23435    0.94    0.00    0.00    1.89    0.94     2      0.00      0.00   57300   10900   0.13      0.00      3.77      0.00       0  nginx
1791474436   1100     77729   22.64   47.17    0.00   23.58   69.81     3    485.85      0.00 1901208   15016   0.18      0.00      0.00      0.00       0  isupipe

# Time        UID       PID    %usr %system  %guest   %wait    %CPU   CPU  minflt/s  majflt/s     VSZ     RSS   %MEM   kB_rd/s   kB_wr/s kB_ccwr/s iodelay  Command
1791474437    112     14307   69.00   62.00    0.00    1.00  131.00     0      3.00      0.00 2886964  873636  10.76      0.00   2016.00    256.00       0  mysqld
1791474437    113     16413   12.00   13.00    0.00    0.00   25.00     2      0.00      0.00  682592   63948   0.79      0.00      0.00      0.00       0  pdns_server
1791474437      0     17311    0.00    0.00    0.00    0.00    0.00     1      0.00      0.00   56800   12976   0.16      0.00      0.00      0.00       0  nginx
1791474437     33     23432    5.00    6.00    0.00   14.00   11.00     2      0.00      0.00   59896   13580   0.17      0.00    148.00    184.00       0  nginx
1791474437     33     23433    1.00    1.00    0.00    5.00    2.00     3      0.00      0.00   58384   12208   0.15      0.00     88.00     88.00       0  nginx
1791474437     33     23434    0.00    0.00    0.00    0.00    0.00     2      0.00      0.00   57168   10480   0.13      0.00      0.00      0.00       0  nginx
1791474437     33     23435    0.00    3.00    0.00    9.00    3.00     2      0.00      0.00   57300   10900   0.13      0.00      4.00      0.00       0  nginx
1791474437   1100     77729   22.00   42.00    0.00    4.00   64.00     0    269.00      0.00 1901208   15172   0.19      0.00      0.00      0.00       0  isupipe

# Time        UID       PID    %usr %system  %guest   %wait    %CPU   CPU  minflt/s  majflt/s     VSZ     RSS   %MEM   kB_rd/s   kB_wr/s kB_ccwr/s iodelay  Command
1791474438    112     14307   92.00   58.00    0.00    1.00  150.00     1      3.00      0.00 2887992  873636  10.76      0.00   4628.00    572.00       0  mysqld
1791474438    113     16413   12.00   15.00    0.00    0.00   27.00     2      0.00      0.00  682592   63948   0.79      0.00      0.00      0.00       0  pdns_server
1791474438      0     17311    0.00    0.00    0.00    0.00    0.00     1      0.00      0.00   56800   12976   0.16      0.00      0.00      0.00       0  nginx
1791474438     33     23432    5.00    6.00    0.00    9.00   11.00     2      0.00      0.00   59896   13580   0.17      0.00    588.00    532.00       0  nginx
1791474438     33     23433    2.00    1.00    0.00    2.00    3.00     1      0.00      0.00   58384   12208   0.15      0.00    196.00     80.00       0  nginx
1791474438     33     23434    0.00    0.00    0.00    0.00    0.00     2      0.00      0.00   57168   10480   0.13      0.00      0.00      0.00       0  nginx
1791474438     33     23435    1.00    3.00    0.00    5.00    4.00     3      0.00      0.00   57300   10900   0.13      0.00     12.00      0.00       0  nginx
1791474438   1100     77729   29.00   43.00    0.00   16.00   72.00     0    578.00      0.00 1901208   15540   0.19      0.00      0.00      0.00       0  isupipe

# Time        UID       PID    %usr %system  %guest   %wait    %CPU   CPU  minflt/s  majflt/s     VSZ     RSS   %MEM   kB_rd/s   kB_wr/s kB_ccwr/s iodelay  Command
1791474439    112     14307   91.09   60.40    0.00    0.00  151.49     1     13.86      0.00 2892104  873636  10.76      0.00   3136.63    526.73       0  mysqld
1791474439    113     16413   16.83   12.87    0.00    0.00   29.70     2      0.00      0.00  682592   63948   0.79      0.00      0.00      0.00       0  pdns_server
1791474439      0     17311    0.00    0.00    0.00    0.00    0.00     1      0.00      0.00   56800   12976   0.16      0.00      0.00      0.00       0  nginx
1791474439     33     23432    4.95    6.93    0.00   10.89   11.88     2      0.00      0.00   59896   13580   0.17      0.00    411.88    380.20       0  nginx
1791474439     33     23433    1.98    3.96    0.00    2.97    5.94     2      0.00      0.00   58384   12208   0.15      0.00    201.98    316.83       0  nginx
1791474439     33     23434    0.00    0.00    0.00    0.00    0.00     2      0.00      0.00   57168   10480   0.13      0.00      0.00      0.00       0  nginx
1791474439     33     23435    1.98    0.00    0.00    0.99    1.98     2      0.00      0.00   57300   10900   0.13      0.00      3.96      0.00       0  nginx
1791474439   1100     77729   28.71   41.58    0.00   31.68   70.30     3    526.73      0.00 1901208   15104   0.19      0.00      0.00      0.00       0  isupipe

# Time        UID       PID    %usr %system  %guest   %wait    %CPU   CPU  minflt/s  majflt/s     VSZ     RSS   %MEM   kB_rd/s   kB_wr/s kB_ccwr/s iodelay  Command
1791474440    112     14307   92.00   58.00    0.00    1.00  150.00     1      0.00      0.00 2889020  873636  10.76      0.00   5972.00    572.00       0  mysqld
1791474440    113     16413   17.00    9.00    0.00    0.00   26.00     2      0.00      0.00  682592   63948   0.79      0.00      0.00      0.00       0  pdns_server
1791474440      0     17311    0.00    0.00    0.00    0.00    0.00     1      0.00      0.00   56800   12976   0.16      0.00      0.00      0.00       0  nginx
1791474440     33     23432    4.00    7.00    0.00   15.00   11.00     2      0.00      0.00   59896   13580   0.17      0.00    284.00    248.00       0  nginx
1791474440     33     23433    2.00    4.00    0.00    7.00    6.00     2      0.00      0.00   58384   12208   0.15      0.00    400.00    392.00       0  nginx
1791474440     33     23434    0.00    0.00    0.00    0.00    0.00     2      0.00      0.00   57168   10480   0.13      0.00      0.00      0.00       0  nginx
1791474440     33     23435    0.00    0.00    0.00    2.00    0.00     2      0.00      0.00   57300   10900   0.13      0.00    124.00    120.00       0  nginx
1791474440   1100     77729   30.00   40.00    0.00   12.00   70.00     1    689.00      0.00 1901208   15564   0.19      0.00      0.00      0.00       0  isupipe

# Time        UID       PID    %usr %system  %guest   %wait    %CPU   CPU  minflt/s  majflt/s     VSZ     RSS   %MEM   kB_rd/s   kB_wr/s kB_ccwr/s iodelay  Command
1791474441    112     14307   88.00   59.00    0.00    0.00  147.00     3    160.00      0.00 2889020  874060  10.77      0.00   2568.00    532.00       0  mysqld
1791474441    113     16413   22.00    9.00    0.00    0.00   31.00     2      0.00      0.00  682592   63948   0.79      0.00      0.00      0.00       0  pdns_server
1791474441      0     17311    0.00    0.00    0.00    0.00    0.00     1      0.00      0.00   56800   12976   0.16      0.00      0.00      0.00       0  nginx
1791474441     33     23432    1.00    8.00    0.00   11.00    9.00     2      0.00      0.00   59896   13580   0.17      0.00    392.00    372.00       0  nginx
1791474441     33     23433    3.00    2.00    0.00    5.00    5.00     2      0.00      0.00   58384   12208   0.15      0.00    132.00    120.00       0  nginx
1791474441     33     23434    0.00    0.00    0.00    0.00    0.00     2      0.00      0.00   57168   10480   0.13      0.00      0.00      0.00       0  nginx
1791474441     33     23435    0.00    3.00    0.00    1.00    3.00     2      0.00      0.00   57300   10900   0.13      0.00    264.00    136.00       0  nginx
1791474441   1100     77729   30.00   41.00    0.00   26.00   71.00     0    434.00      0.00 1901208   15112   0.19      0.00      0.00      0.00       0  isupipe

# Time        UID       PID    %usr %system  %guest   %wait    %CPU   CPU  minflt/s  majflt/s     VSZ     RSS   %MEM   kB_rd/s   kB_wr/s kB_ccwr/s iodelay  Command
1791474442    112     14307   83.00   66.00    0.00    0.00  149.00     1      3.00      0.00 2890048  874060  10.77      0.00   2764.00    332.00       0  mysqld
1791474442    113     16413   15.00   14.00    0.00    0.00   29.00     2      0.00      0.00  682592   63948   0.79      0.00      0.00      0.00       0  pdns_server
1791474442      0     17311    0.00    0.00    0.00    0.00    0.00     1      0.00      0.00   56800   12976   0.16      0.00      0.00      0.00       0  nginx
1791474442     33     23432    5.00    2.00    0.00    7.00    7.00     2      0.00      0.00   59896   13580   0.17      0.00     72.00     60.00       0  nginx
1791474442     33     23433    1.00    1.00    0.00    4.00    2.00     2      0.00      0.00   58384   12208   0.15      0.00    272.00    260.00       0  nginx
1791474442     33     23434    0.00    0.00    0.00    0.00    0.00     2      0.00      0.00   57168   10480   0.13      0.00      0.00      0.00       0  nginx
1791474442     33     23435    0.00    0.00    0.00    1.00    0.00     2      0.00      0.00   57300   10900   0.13      0.00      0.00    120.00       0  nginx
1791474442   1100     77729   26.00   46.00    0.00   36.00   72.00     3    419.00      0.00 1901208   15636   0.19      0.00      0.00      0.00       0  isupipe

# Time        UID       PID    %usr %system  %guest   %wait    %CPU   CPU  minflt/s  majflt/s     VSZ     RSS   %MEM   kB_rd/s   kB_wr/s kB_ccwr/s iodelay  Command
1791474443    112     14307  107.00   59.00    0.00    0.00  166.00     1     78.00      0.00 2891076  874284  10.77      0.00   3820.00    544.00       0  mysqld
1791474443    113     16413   23.00   19.00    0.00    0.00   42.00     2      1.00      0.00  682592   63948   0.79      0.00      0.00      0.00       0  pdns_server
1791474443      0     17311    0.00    0.00    0.00    0.00    0.00     1      0.00      0.00   56800   12976   0.16      0.00      0.00      0.00       0  nginx
1791474443     33     23432    5.00    3.00    0.00    8.00    8.00     2      0.00      0.00   59896   13580   0.17      0.00    540.00    520.00       0  nginx
1791474443     33     23433    3.00    2.00    0.00    3.00    5.00     2      0.00      0.00   58384   12208   0.15      0.00    216.00    200.00       0  nginx
1791474443     33     23434    0.00    0.00    0.00    0.00    0.00     2      0.00      0.00   57168   10480   0.13      0.00      0.00      0.00       0  nginx
1791474443     33     23435    1.00    0.00    0.00    1.00    1.00     2      0.00      0.00   57300   10900   0.13      0.00      0.00      0.00       0  nginx
1791474443   1100     77729   35.00   34.00    0.00   31.00   69.00     1    670.00      0.00 1901208   15724   0.19      0.00      0.00      0.00       0  isupipe

# Time        UID       PID    %usr %system  %guest   %wait    %CPU   CPU  minflt/s  majflt/s     VSZ     RSS   %MEM   kB_rd/s   kB_wr/s kB_ccwr/s iodelay  Command
1791474444    112     14307   92.00   63.00    0.00    1.00  155.00     1      4.00      0.00 2892104  874284  10.77      0.00   3360.00    624.00       0  mysqld
1791474444    113     16413   17.00   18.00    0.00    0.00   35.00     2      0.00      0.00  682592   63948   0.79      0.00      0.00      0.00       0  pdns_server
1791474444      0     17311    0.00    0.00    0.00    0.00    0.00     1      0.00      0.00   56800   12976   0.16      0.00      0.00      0.00       0  nginx
1791474444     33     23432    7.00    5.00    0.00   10.00   12.00     2      0.00      0.00   59896   13580   0.17      0.00    632.00    508.00       0  nginx
1791474444     33     23433    0.00    3.00    0.00    3.00    3.00     2      0.00      0.00   58384   12208   0.15      0.00     96.00     80.00       0  nginx
1791474444     33     23434    0.00    0.00    0.00    0.00    0.00     2      0.00      0.00   57168   10480   0.13      0.00      0.00      0.00       0  nginx
1791474444     33     23435    0.00    0.00    0.00    0.00    0.00     2      0.00      0.00   57300   10900   0.13      0.00      0.00      0.00       0  nginx
1791474444   1100     77729   26.00   40.00    0.00   24.00   66.00     0    557.00      0.00 1975000   15380   0.19      0.00      0.00      0.00       0  isupipe

# Time        UID       PID    %usr %system  %guest   %wait    %CPU   CPU  minflt/s  majflt/s     VSZ     RSS   %MEM   kB_rd/s   kB_wr/s kB_ccwr/s iodelay  Command
1791474445    112     14307  104.00   70.00    0.00    0.00  174.00     1      3.00      0.00 2892104  874072  10.77      0.00   3768.00    408.00       0  mysqld
1791474445    113     16413   21.00   16.00    0.00    0.00   37.00     2      1.00      0.00  682592   63948   0.79      0.00      0.00      0.00       0  pdns_server
1791474445      0     17311    0.00    0.00    0.00    0.00    0.00     1      0.00      0.00   56800   12976   0.16      0.00      0.00      0.00       0  nginx
1791474445     33     23432    4.00    8.00    0.00   10.00   12.00     2      0.00      0.00   59896   13580   0.17      0.00    276.00    356.00       0  nginx
1791474445     33     23433    1.00    3.00    0.00    3.00    4.00     2      0.00      0.00   58384   12208   0.15      0.00    192.00    188.00       0  nginx
1791474445     33     23434    0.00    0.00    0.00    0.00    0.00     2      0.00      0.00   57168   10480   0.13      0.00      0.00      0.00       0  nginx
1791474445     33     23435    1.00    1.00    0.00    2.00    2.00     2      0.00      0.00   57300   10900   0.13      0.00    104.00    100.00       0  nginx
1791474445   1100     77729   36.00   38.00    0.00   25.00   74.00     3    314.00      0.00 1975000   15596   0.19      0.00      0.00      0.00       0  isupipe

# Time        UID       PID    %usr %system  %guest   %wait    %CPU   CPU  minflt/s  majflt/s     VSZ     RSS   %MEM   kB_rd/s   kB_wr/s kB_ccwr/s iodelay  Command
1791474446    112     14307   89.00   75.00    0.00    1.00  164.00     1      0.00      0.00 2892104  874072  10.77      0.00   2420.00    372.00       0  mysqld
1791474446    113     16413   22.00   22.00    0.00    0.00   44.00     2      0.00      0.00  682592   63948   0.79      0.00      0.00      0.00       0  pdns_server
1791474446      0     17311    0.00    0.00    0.00    0.00    0.00     1      0.00      0.00   56800   12976   0.16      0.00      0.00      0.00       0  nginx
1791474446     33     23432    4.00    5.00    0.00   11.00    9.00     2      0.00      0.00   59896   13580   0.17      0.00    248.00    232.00       0  nginx
1791474446     33     23433    4.00    2.00    0.00    5.00    6.00     2      0.00      0.00   58384   12208   0.15      0.00    148.00    136.00       0  nginx
1791474446     33     23434    0.00    0.00    0.00    0.00    0.00     2      0.00      0.00   57168   10480   0.13      0.00      0.00      0.00       0  nginx
1791474446     33     23435    0.00    0.00    0.00    0.00    0.00     2      0.00      0.00   57300   10900   0.13      0.00    124.00    124.00       0  nginx
1791474446   1100     77729   30.00   39.00    0.00   33.00   69.00     0    542.00      0.00 1975000   15696   0.19      0.00      0.00      0.00       0  isupipe

# Time        UID       PID    %usr %system  %guest   %wait    %CPU   CPU  minflt/s  majflt/s     VSZ     RSS   %MEM   kB_rd/s   kB_wr/s kB_ccwr/s iodelay  Command
1791474447    112     14307   97.00   67.00    0.00    1.00  164.00     1      0.00      0.00 2892104  874072  10.77      0.00   6020.00    532.00       0  mysqld
1791474447    113     16413   17.00   23.00    0.00    0.00   40.00     2      0.00      0.00  682592   63948   0.79      0.00      0.00      0.00       0  pdns_server
1791474447      0     17311    0.00    0.00    0.00    0.00    0.00     1      0.00      0.00   56800   12976   0.16      0.00      0.00      0.00       0  nginx
1791474447     33     23432    4.00    5.00    0.00   11.00    9.00     2      0.00      0.00   59896   13580   0.17      0.00    540.00    520.00       0  nginx
1791474447     33     23433    1.00    0.00    0.00    3.00    1.00     2      0.00      0.00   58384   12208   0.15      0.00    108.00    100.00       0  nginx
1791474447     33     23434    0.00    0.00    0.00    0.00    0.00     2      0.00      0.00   57168   10480   0.13      0.00      0.00      0.00       0  nginx
1791474447     33     23435    0.00    0.00    0.00    2.00    0.00     2      0.00      0.00   57300   10900   0.13      0.00      4.00      0.00       0  nginx
1791474447   1100     77729   31.00   38.00    0.00   18.00   69.00     1    548.00      0.00 1975000   15796   0.19      0.00      0.00      0.00       0  isupipe

# Time        UID       PID    %usr %system  %guest   %wait    %CPU   CPU  minflt/s  majflt/s     VSZ     RSS   %MEM   kB_rd/s   kB_wr/s kB_ccwr/s iodelay  Command
1791474448    112     14307  113.00   61.00    0.00    0.00  174.00     1      3.00      0.00 2893132  874072  10.77      0.00   3284.00    476.00       0  mysqld
1791474448    113     16413   28.00   21.00    0.00    0.00   49.00     2      1.00      0.00  682592   63948   0.79      0.00      0.00      0.00       0  pdns_server
1791474448      0     17311    0.00    0.00    0.00    0.00    0.00     1      0.00      0.00   56800   12976   0.16      0.00      0.00      0.00       0  nginx
1791474448     33     23432    5.00    6.00    0.00   12.00   11.00     2      0.00      0.00   59896   13580   0.17      0.00    384.00    264.00       0  nginx
1791474448     33     23433    2.00    5.00    0.00    7.00    7.00     2      0.00      0.00   58384   12208   0.15      0.00    368.00    360.00       0  nginx
1791474448     33     23434    0.00    0.00    0.00    0.00    0.00     2      0.00      0.00   57168   10480   0.13      0.00      0.00      0.00       0  nginx
1791474448     33     23435    0.00    1.00    0.00    0.00    1.00     2      0.00      0.00   57300   10900   0.13      0.00      0.00      0.00       0  nginx
1791474448   1100     77729   29.00   38.00    0.00   20.00   67.00     1    632.00      0.00 1975000   15524   0.19      0.00      0.00      0.00       0  isupipe

# Time        UID       PID    %usr %system  %guest   %wait    %CPU   CPU  minflt/s  majflt/s     VSZ     RSS   %MEM   kB_rd/s   kB_wr/s kB_ccwr/s iodelay  Command
1791474449    112     14307  105.00   65.00    0.00    1.00  170.00     1      0.00      0.00 2893132  874072  10.77      0.00   5556.00    536.00       0  mysqld
1791474449    113     16413   25.00   20.00    0.00    0.00   45.00     2      0.00      0.00  682592   63948   0.79      0.00      0.00      0.00       0  pdns_server
1791474449      0     17311    0.00    0.00    0.00    0.00    0.00     1      0.00      0.00   56800   12976   0.16      0.00      0.00      0.00       0  nginx
1791474449     33     23432    5.00    6.00    0.00    8.00   11.00     2      0.00      0.00   59896   13580   0.17      0.00    648.00    704.00       0  nginx
1791474449     33     23433    0.00    2.00    0.00    3.00    2.00     2      0.00      0.00   58384   12208   0.15      0.00      8.00      0.00       0  nginx
1791474449     33     23434    0.00    0.00    0.00    0.00    0.00     2      0.00      0.00   57168   10480   0.13      0.00      0.00      0.00       0  nginx
1791474449     33     23435    0.00    0.00    0.00    1.00    0.00     2      0.00      0.00   57300   10900   0.13      0.00      4.00      0.00       0  nginx
1791474449   1100     77729   35.00   43.00    0.00   25.00   78.00     0    423.00      0.00 1975000   15856   0.20      0.00      0.00      0.00       0  isupipe

# Time        UID       PID    %usr %system  %guest   %wait    %CPU   CPU  minflt/s  majflt/s     VSZ     RSS   %MEM   kB_rd/s   kB_wr/s kB_ccwr/s iodelay  Command
1791474450    112     14307  108.00   65.00    0.00    0.00  173.00     1      2.00      0.00 2893132  874072  10.77      0.00   3632.00    532.00       0  mysqld
1791474450    113     16413   28.00   20.00    0.00    0.00   48.00     2      1.00      0.00  682592   63948   0.79      0.00      0.00      0.00       0  pdns_server
1791474450      0     17311    0.00    0.00    0.00    0.00    0.00     1      0.00      0.00   56800   12976   0.16      0.00      0.00      0.00       0  nginx
1791474450     33     23432    3.00    7.00    0.00    8.00   10.00     3      0.00      0.00   59896   13580   0.17      0.00    700.00    616.00       0  nginx
1791474450     33     23433    2.00    2.00    0.00    3.00    4.00     2      0.00      0.00   58384   12208   0.15      0.00     16.00      0.00       0  nginx
1791474450     33     23434    0.00    0.00    0.00    0.00    0.00     2      0.00      0.00   57168   10480   0.13      0.00      0.00      0.00       0  nginx
1791474450     33     23435    1.00    0.00    0.00    0.00    1.00     2      0.00      0.00   57300   10900   0.13      0.00     88.00     84.00       0  nginx
1791474450   1100     77729   37.00   39.00    0.00   18.00   76.00     0   1092.00      0.00 2048792   16120   0.20      0.00      0.00      0.00       0  isupipe

# Time        UID       PID    %usr %system  %guest   %wait    %CPU   CPU  minflt/s  majflt/s     VSZ     RSS   %MEM   kB_rd/s   kB_wr/s kB_ccwr/s iodelay  Command
1791474451    112     14307  109.00   65.00    0.00    0.00  174.00     1      0.00      0.00 2892104  873848  10.76      0.00   3660.00    508.00       0  mysqld
1791474451    113     16413   22.00   24.00    0.00    0.00   46.00     2      0.00      0.00  682592   63948   0.79      0.00      0.00      0.00       0  pdns_server
1791474451      0     17311    0.00    0.00    0.00    0.00    0.00     1      0.00      0.00   56800   12976   0.16      0.00      0.00      0.00       0  nginx
1791474451     33     23432    4.00    6.00    0.00    8.00   10.00     2      0.00      0.00   59896   13580   0.17      0.00    440.00    480.00       0  nginx
1791474451     33     23433    1.00    3.00    0.00    3.00    4.00     2      0.00      0.00   58384   12208   0.15      0.00    196.00    188.00       0  nginx
1791474451     33     23434    0.00    0.00    0.00    0.00    0.00     2      0.00      0.00   57168   10480   0.13      0.00      0.00      0.00       0  nginx
1791474451     33     23435    0.00    0.00    0.00    0.00    0.00     2      0.00      0.00   57300   10900   0.13      0.00      0.00      0.00       0  nginx
1791474451   1100     77729   31.00   39.00    0.00    9.00   70.00     1    598.00      0.00 2048792   16628   0.20      0.00      0.00      0.00       0  isupipe

# Time        UID       PID    %usr %system  %guest   %wait    %CPU   CPU  minflt/s  majflt/s     VSZ     RSS   %MEM   kB_rd/s   kB_wr/s kB_ccwr/s iodelay  Command
1791474452    112     14307   91.00   70.00    0.00    0.00  161.00     1      4.00      0.00 2892104  873848  10.76      0.00   8736.00    280.00       0  mysqld
1791474452    113     16413   18.00   23.00    0.00    0.00   41.00     2      0.00      0.00  682592   63948   0.79      0.00      0.00      0.00       0  pdns_server
1791474452      0     17311    0.00    0.00    0.00    0.00    0.00     1      0.00      0.00   56800   12976   0.16      0.00      0.00      0.00       0  nginx
1791474452     33     23432    4.00    6.00    0.00    7.00   10.00     2      0.00      0.00   59896   13580   0.17      0.00    384.00    272.00       0  nginx
1791474452     33     23433    1.00    3.00    0.00    4.00    4.00     2      0.00      0.00   58384   12208   0.15      0.00    100.00     96.00       0  nginx
1791474452     33     23434    0.00    0.00    0.00    0.00    0.00     2      0.00      0.00   57168   10480   0.13      0.00      0.00      0.00       0  nginx
1791474452     33     23435    0.00    0.00    0.00    0.00    0.00     2      0.00      0.00   57300   10900   0.13      0.00      0.00      0.00       0  nginx
1791474452   1100     77729   30.00   36.00    0.00   33.00   66.00     1    467.00      0.00 2048792   16112   0.20      0.00      0.00      0.00       0  isupipe

# Time        UID       PID    %usr %system  %guest   %wait    %CPU   CPU  minflt/s  majflt/s     VSZ     RSS   %MEM   kB_rd/s   kB_wr/s kB_ccwr/s iodelay  Command
1791474453    112     14307  103.00   61.00    0.00    1.00  164.00     1      1.00      0.00 2890048  873780  10.76      0.00   1352.00    172.00       0  mysqld
1791474453    113     16413   24.00   19.00    0.00    0.00   43.00     2      0.00      0.00  682592   63948   0.79      0.00      0.00      0.00       0  pdns_server
1791474453      0     17311    0.00    0.00    0.00    0.00    0.00     1      0.00      0.00   56800   12976   0.16      0.00      0.00      0.00       0  nginx
1791474453     33     23432    2.00    7.00    0.00   25.00    9.00     0      0.00      0.00   59896   13580   0.17      0.00     80.00    156.00       0  nginx
1791474453     33     23433    3.00    3.00    0.00   14.00    6.00     0      0.00      0.00   58384   12208   0.15      0.00      0.00      0.00       0  nginx
1791474453     33     23434    0.00    0.00    0.00    0.00    0.00     2      0.00      0.00   57168   10480   0.13      0.00      0.00      0.00       0  nginx
1791474453     33     23435    1.00    1.00    0.00    2.00    2.00     2      0.00      0.00   57300   10900   0.13      0.00     68.00     68.00       0  nginx
1791474453   1100     77729   26.00   40.00    0.00    5.00   66.00     2     84.00      0.00 2048792   16488   0.20      0.00      0.00      0.00       0  isupipe

# Time        UID       PID    %usr %system  %guest   %wait    %CPU   CPU  minflt/s  majflt/s     VSZ     RSS   %MEM   kB_rd/s   kB_wr/s kB_ccwr/s iodelay  Command
1791474454    112     14307   81.51   33.61    0.00    0.84  115.13     1      0.00      0.00 2890048  873780  10.76      0.00    205.04      0.00       0  mysqld
1791474454    113     16413   24.37   21.85    0.00    0.00   46.22     2      0.00      0.00  682592   63948   0.79      0.00      0.00      0.00       0  pdns_server
1791474454      0     17311    0.00    0.00    0.00    0.00    0.00     1      0.00      0.00   56800   12976   0.16      0.00      0.00      0.00       0  nginx
1791474454     33     23432    0.84    0.84    0.00    8.40    1.68     2      0.00      0.00   59896   13580   0.17      0.00      0.00      0.00       0  nginx
1791474454     33     23433    0.00    0.00    0.00    8.40    0.00     2      0.00      0.00   58384   12208   0.15      0.00      0.00      0.00       0  nginx
1791474454     33     23434    0.00    0.00    0.00    0.00    0.00     2      0.00      0.00   57168   10480   0.13      0.00      0.00      0.00       0  nginx
1791474454     33     23435    0.00    0.00    0.00    0.00    0.00     2      0.00      0.00   57300   10900   0.13      0.00      0.00      0.00       0  nginx
1791474454   1100     77729   23.53   42.86    0.00    0.00   66.39     2      0.84      0.00 2048792   16112   0.20      0.00      0.00      0.00       0  isupipe

# Time        UID       PID    %usr %system  %guest   %wait    %CPU   CPU  minflt/s  majflt/s     VSZ     RSS   %MEM   kB_rd/s   kB_wr/s kB_ccwr/s iodelay  Command
1791474455    112     14307   75.49   23.53    0.00    0.00   99.02     1      0.00      0.00 2890048  873780  10.76      0.00    125.49      0.00       0  mysqld
1791474455    113     16413   27.45   28.43    0.00    0.00   55.88     2      1.96      0.00  682592   63948   0.79      0.00      0.00      0.00       0  pdns_server
1791474455      0     17311    0.00    0.00    0.00    0.00    0.00     1      0.00      0.00   56800   12976   0.16      0.00      0.00      0.00       0  nginx
1791474455     33     23432    0.98    1.96    0.00   60.78    2.94     1      0.00      0.00   59896   13580   0.17      0.00      0.00      0.00       0  nginx
1791474455     33     23433    1.96    2.94    0.00   57.84    4.90     2      0.00      0.00   58384   12208   0.15      0.00      0.00      0.00       0  nginx
1791474455     33     23434    0.00    0.00    0.00    0.00    0.00     2      0.00      0.00   57168   10480   0.13      0.00      0.00      0.00       0  nginx
1791474455     33     23435   20.59   25.49    0.00    8.82   46.08     0      0.00      0.00   57300   10900   0.13      0.00      0.00      0.00       0  nginx
1791474455   1100     77729   31.37   47.06    0.00    0.00   78.43     2      0.00      0.00 2048792   16112   0.20      0.00      0.00      0.00       0  isupipe

# Time        UID       PID    %usr %system  %guest   %wait    %CPU   CPU  minflt/s  majflt/s     VSZ     RSS   %MEM   kB_rd/s   kB_wr/s kB_ccwr/s iodelay  Command
1791474457    112     14307  106.83   35.40    0.00    0.00  142.24     1      0.00      0.00 2890048  873780  10.76      0.00    255.90      0.00       0  mysqld
1791474457    113     16413   16.15   14.91    0.00    0.00   31.06     2      0.00      0.00  682592   63948   0.79      0.00      0.00      0.00       0  pdns_server
1791474457      0     17311    0.00    0.00    0.00    0.00    0.00     1      0.00      0.00   56800   12976   0.16      0.00      0.00      0.00       0  nginx
1791474457     33     23432    1.24    3.73    0.00   10.56    4.97     2      0.00      0.00   59896   13580   0.17      0.00      0.00      0.00       0  nginx
1791474457     33     23433    3.73    4.97    0.00   18.63    8.70     0      0.00      0.00   58384   12208   0.15      0.00      0.00      0.00       0  nginx
1791474457     33     23434    0.00    0.00    0.00    0.00    0.00     2      0.00      0.00   57168   10480   0.13      0.00      0.00      0.00       0  nginx
1791474457     33     23435    0.00    0.62    0.00    2.48    0.62     3      0.00      0.00   57300   10900   0.13      0.00      0.00      0.00       0  nginx
1791474457   1100     77729   11.18   22.36    0.00    0.00   33.54     2      0.62      0.00 2048792   16112   0.20      0.00      0.00      0.00       0  isupipe

# Time        UID       PID    %usr %system  %guest   %wait    %CPU   CPU  minflt/s  majflt/s     VSZ     RSS   %MEM   kB_rd/s   kB_wr/s kB_ccwr/s iodelay  Command
1791474457    112     14307   61.90   38.10    0.00    0.00  100.00     1      0.00      0.00 2890048  873780  10.76      0.00    139.68      0.00       0  mysqld
1791474457    113     16413   22.22   19.05    0.00    0.00   41.27     2      0.00      0.00  682592   63948   0.79      0.00      0.00      0.00       0  pdns_server
1791474457      0     17311    0.00    0.00    0.00    0.00    0.00     1      0.00      0.00   56800   12976   0.16      0.00      0.00      0.00       0  nginx
1791474457     33     23432    3.17    1.59    0.00    4.76    4.76     2      0.00      0.00   59896   13580   0.17      0.00     12.70      0.00       0  nginx
1791474457     33     23433    1.59    0.00    0.00    3.17    1.59     2      0.00      0.00   58384   12208   0.15      0.00      0.00      0.00       0  nginx
1791474457     33     23434    0.00    0.00    0.00    0.00    0.00     2      0.00      0.00   57168   10480   0.13      0.00      0.00      0.00       0  nginx
1791474457     33     23435    1.59    0.00    0.00    0.00    1.59     3      0.00      0.00   57300   10900   0.13      0.00      0.00      0.00       0  nginx
1791474457   1100     77729   17.46   11.11    0.00    0.00   28.57     2    190.48      0.00 2048792   16376   0.20      0.00      0.00      0.00       0  isupipe

# Time        UID       PID    %usr %system  %guest   %wait    %CPU   CPU  minflt/s  majflt/s     VSZ     RSS   %MEM   kB_rd/s   kB_wr/s kB_ccwr/s iodelay  Command
1791474458    112     14307   54.46   31.68    0.00    0.00   86.14     1      0.00      0.00 2890048  873780  10.76      0.00   1061.39     39.60       0  mysqld
1791474458    113     16413   19.80   22.77    0.00    0.00   42.57     2      0.00      0.00  682592   63948   0.79      0.00      0.00      0.00       0  pdns_server
1791474458      0     17311    0.00    0.00    0.00    0.00    0.00     1      0.00      0.00   56800   12976   0.16      0.00      0.00      0.00       0  nginx
1791474458     33     23432    2.97    0.99    0.00    1.98    3.96     2      0.00      0.00   59896   13580   0.17      0.00     55.45      0.00       0  nginx
1791474458     33     23433    0.99    0.99    0.00    2.97    1.98     3      0.00      0.00   58384   12208   0.15      0.00     75.25      0.00       0  nginx
1791474458     33     23434    0.00    0.00    0.00    0.00    0.00     2      0.00      0.00   57168   10480   0.13      0.00      0.00      0.00       0  nginx
1791474458     33     23435    0.00    0.00    0.00    0.00    0.00     3      0.00      0.00   57300   10900   0.13      0.00      0.00      0.00       0  nginx
1791474458   1100     77729   23.76   23.76    0.00    0.00   47.52     2     47.52      0.00 2048792   15748   0.19      0.00      0.00      0.00       0  isupipe

# Time        UID       PID    %usr %system  %guest   %wait    %CPU   CPU  minflt/s  majflt/s     VSZ     RSS   %MEM   kB_rd/s   kB_wr/s kB_ccwr/s iodelay  Command
1791474460    112     14307   98.43   44.09    0.00    0.00  142.52     1      0.00      0.00 2890048  873780  10.76      0.00    390.55      0.00       0  mysqld
1791474460    113     16413    7.87   10.24    0.00    0.00   18.11     2      0.00      0.00  682592   63948   0.79      0.00      0.00      0.00       0  pdns_server
1791474460      0     17311    0.00    0.00    0.00    0.00    0.00     1      0.00      0.00   56800   12976   0.16      0.00      0.00      0.00       0  nginx
1791474460     33     23432    1.57    0.79    0.00   12.60    2.36     1      0.00      0.00   59896   13580   0.17      0.00      0.00     40.94       0  nginx
1791474460     33     23433    0.00    0.00    0.00    0.00    0.00     3      0.00      0.00   58384   12208   0.15      0.00      0.00      0.00       0  nginx
1791474460     33     23434    0.00    0.00    0.00    0.00    0.00     2      0.00      0.00   57168   10480   0.13      0.00      0.00      0.00       0  nginx
1791474460     33     23435    0.00    0.00    0.00    0.00    0.00     3      0.00      0.00   57300   10900   0.13      0.00      0.00      0.00       0  nginx
1791474460   1100     77729   33.07   52.76    0.00    0.00   85.83     2      2.36      0.00 2048792   15748   0.19      0.00      0.00      0.00       0  isupipe

# Time        UID       PID    %usr %system  %guest   %wait    %CPU   CPU  minflt/s  majflt/s     VSZ     RSS   %MEM   kB_rd/s   kB_wr/s kB_ccwr/s iodelay  Command
1791474461    112     14307   81.05   36.84    0.00    0.00  117.89     0      0.00      0.00 2890048  873780  10.76      0.00    816.84     58.95       0  mysqld
1791474461    113     16413   17.89   15.79    0.00    0.00   33.68     2      0.00      0.00  682592   63948   0.79      0.00      0.00      0.00       0  pdns_server
1791474461      0     17311    0.00    0.00    0.00    0.00    0.00     1      0.00      0.00   56800   12976   0.16      0.00      0.00      0.00       0  nginx
1791474461     33     23432    2.11    1.05    0.00    6.32    3.16     3      0.00      0.00   59896   13580   0.17      0.00      0.00      0.00       0  nginx
1791474461     33     23433    0.00    0.00    0.00    2.11    0.00     3      0.00      0.00   58384   12208   0.15      0.00      0.00      0.00       0  nginx
1791474461     33     23434    0.00    0.00    0.00    1.05    0.00     3      0.00      0.00   57168   10480   0.13      0.00      0.00      0.00       0  nginx
1791474461     33     23435    0.00    0.00    0.00    0.00    0.00     3      0.00      0.00   57300   10900   0.13      0.00      0.00      0.00       0  nginx
1791474461   1100     77729   17.89   34.74    0.00    0.00   52.63     2     11.58      0.00 2048792   15632   0.19      0.00      0.00      0.00       0  isupipe

# Time        UID       PID    %usr %system  %guest   %wait    %CPU   CPU  minflt/s  majflt/s     VSZ     RSS   %MEM   kB_rd/s   kB_wr/s kB_ccwr/s iodelay  Command
1791474462    112     14307  121.90   49.52    0.00    0.00  171.43     0      0.00      0.00 2890048  873780  10.76      0.00    761.90      0.00       0  mysqld
1791474462    113     16413   34.29   38.10    0.00    0.00   72.38     2      0.00      0.00  682592   63948   0.79      0.00      0.00      0.00       0  pdns_server
1791474462      0     17311    0.00    0.00    0.00    0.00    0.00     1      0.00      0.00   56800   12976   0.16      0.00      0.00      0.00       0  nginx
1791474462     33     23432    6.67    6.67    0.00   22.86   13.33     1      0.00      0.00   59896   13580   0.17      0.00      0.00      0.00       0  nginx
1791474462     33     23433    0.95    0.00    0.00   11.43    0.95     3      0.00      0.00   58384   12208   0.15      0.00      3.81     72.38       0  nginx
1791474462     33     23434    0.95    0.00    0.00    5.71    0.95     2      0.95      0.00   57168   10480   0.13      0.00      0.00      0.00       0  nginx
1791474462     33     23435    0.00    0.00    0.00   10.48    0.00     3      0.00      0.00   57300   10900   0.13      0.00      0.00      0.00       0  nginx
1791474462   1100     77729   25.71   48.57    0.00    0.00   74.29     2      1.90      0.00 2048792   15632   0.19      0.00      0.00      0.00       0  isupipe

# Time        UID       PID    %usr %system  %guest   %wait    %CPU   CPU  minflt/s  majflt/s     VSZ     RSS   %MEM   kB_rd/s   kB_wr/s kB_ccwr/s iodelay  Command
1791474463    112     14307   81.00   53.00    0.00    2.00  134.00     0      0.00      0.00 2890048  873780  10.76      0.00   1496.00     76.00       0  mysqld
1791474463    113     16413   11.00   10.00    0.00    0.00   21.00     2      0.00      0.00  682592   63948   0.79      0.00      0.00      0.00       0  pdns_server
1791474463      0     17311    0.00    0.00    0.00    0.00    0.00     1      0.00      0.00   56800   12976   0.16      0.00      0.00      0.00       0  nginx
1791474463     33     23432    5.00    1.00    0.00   13.00    6.00     2      0.00      0.00   59896   13580   0.17      0.00    100.00      0.00       0  nginx
1791474463     33     23433    2.00    1.00    0.00    7.00    3.00     2      0.00      0.00   58384   12208   0.15      0.00      0.00      0.00       0  nginx
1791474463     33     23434    0.00    0.00    0.00    5.00    0.00     2      0.00      0.00   57168   10480   0.13      0.00      4.00      0.00       0  nginx
1791474463     33     23435    0.00    0.00    0.00    0.00    0.00     0      0.00      0.00   57300   10900   0.13      0.00      0.00      0.00       0  nginx
1791474463   1100     77729   19.00   23.00    0.00    0.00   42.00     2     99.00      0.00 2048792   15884   0.20      0.00      0.00      0.00       0  isupipe

# Time        UID       PID    %usr %system  %guest   %wait    %CPU   CPU  minflt/s  majflt/s     VSZ     RSS   %MEM   kB_rd/s   kB_wr/s kB_ccwr/s iodelay  Command
1791474464    112     14307  115.00   51.00    0.00    3.00  166.00     0      0.00      0.00 2887992  873780  10.76      0.00    968.00      0.00       0  mysqld
1791474464    113     16413   12.00    8.00    0.00    0.00   20.00     2      0.00      0.00  682592   63948   0.79      0.00      0.00      0.00       0  pdns_server
1791474464      0     17311    0.00    0.00    0.00    0.00    0.00     1      0.00      0.00   56800   12976   0.16      0.00      0.00      0.00       0  nginx
1791474464     33     23432    2.00    6.00    0.00    7.00    8.00     0      0.00      0.00   59896   13580   0.17      0.00    192.00    100.00       0  nginx
1791474464     33     23433    1.00    3.00    0.00   12.00    4.00     2      0.00      0.00   58384   12208   0.15      0.00      0.00      0.00       0  nginx
1791474464     33     23434    0.00    1.00    0.00    1.00    1.00     2      0.00      0.00   57168   10480   0.13      0.00      0.00      0.00       0  nginx
1791474464     33     23435    1.00    0.00    0.00    0.00    1.00     0      0.00      0.00   57300   10900   0.13      0.00      0.00      0.00       0  nginx
1791474464   1100     77729   21.00   31.00    0.00    0.00   52.00     2    134.00      0.00 2048792   15992   0.20      0.00      0.00      0.00       0  isupipe

# Time        UID       PID    %usr %system  %guest   %wait    %CPU   CPU  minflt/s  majflt/s     VSZ     RSS   %MEM   kB_rd/s   kB_wr/s kB_ccwr/s iodelay  Command
1791474465    112     14307  140.00   52.00    0.00    0.00  192.00     0      0.00      0.00 2887992  873780  10.76      0.00   1220.00    136.00       0  mysqld
1791474465    113     16413   25.00   26.00    0.00    0.00   51.00     2      0.00      0.00  682592   63948   0.79      0.00      0.00      0.00       0  pdns_server
1791474465      0     17311    0.00    0.00    0.00    0.00    0.00     1      0.00      0.00   56800   12976   0.16      0.00      0.00      0.00       0  nginx
1791474465     33     23432    2.00    1.00    0.00   12.00    3.00     2      0.00      0.00   59896   13580   0.17      0.00      4.00    180.00       0  nginx
1791474465     33     23433    3.00    5.00    0.00    3.00    8.00     2      0.00      0.00   58384   12208   0.15      0.00      0.00      0.00       0  nginx
1791474465     33     23434    0.00    0.00    0.00    0.00    0.00     2      0.00      0.00   57168   10480   0.13      0.00      0.00      0.00       0  nginx
1791474465     33     23435    0.00    0.00    0.00    0.00    0.00     0      0.00      0.00   57300   10900   0.13      0.00      0.00      0.00       0  nginx
1791474465   1100     77729   15.00   31.00    0.00    0.00   46.00     2     11.00      0.00 2048792   15884   0.20      0.00      0.00      0.00       0  isupipe

# Time        UID       PID    %usr %system  %guest   %wait    %CPU   CPU  minflt/s  majflt/s     VSZ     RSS   %MEM   kB_rd/s   kB_wr/s kB_ccwr/s iodelay  Command
1791474466    112     14307  101.00   61.00    0.00    1.00  162.00     0     80.00      0.00 2887992  873992  10.77      0.00   1476.00    116.00       0  mysqld
1791474466    113     16413   25.00   24.00    0.00    0.00   49.00     2      0.00      0.00  682592   63948   0.79      0.00      0.00      0.00       0  pdns_server
1791474466      0     17311    0.00    0.00    0.00    0.00    0.00     1      0.00      0.00   56800   12976   0.16      0.00      0.00      0.00       0  nginx
1791474466     33     23432    7.00    9.00    0.00   13.00   16.00     2      0.00      0.00   59896   13580   0.17      0.00    244.00    156.00       0  nginx
1791474466     33     23433    1.00    3.00    0.00    8.00    4.00     2      0.00      0.00   58384   12208   0.15      0.00      4.00      0.00       0  nginx
1791474466     33     23434    1.00    2.00    0.00    6.00    3.00     2      0.00      0.00   57168   10480   0.13      0.00      0.00      0.00       0  nginx
1791474466     33     23435    1.00    2.00    0.00    2.00    3.00     0      0.00      0.00   57300   10900   0.13      0.00      0.00      0.00       0  nginx
1791474466   1100     77729   21.00   44.00    0.00    0.00   65.00     2     46.00      0.00 2048792   16048   0.20      0.00      0.00      0.00       0  isupipe

# Time        UID       PID    %usr %system  %guest   %wait    %CPU   CPU  minflt/s  majflt/s     VSZ     RSS   %MEM   kB_rd/s   kB_wr/s kB_ccwr/s iodelay  Command
1791474467    112     14307   84.00   69.00    0.00    0.00  153.00     1      0.00      0.00 2886964  873780  10.76      0.00   2772.00    404.00       0  mysqld
1791474467    113     16413   16.00   17.00    0.00    0.00   33.00     2      0.00      0.00  682592   63948   0.79      0.00      0.00      0.00       0  pdns_server
1791474467      0     17311    0.00    0.00    0.00    0.00    0.00     1      0.00      0.00   56800   12976   0.16      0.00      0.00      0.00       0  nginx
1791474467     33     23432    3.00    6.00    0.00   15.00    9.00     3      0.00      0.00   59896   13580   0.17      0.00    252.00    312.00       0  nginx
1791474467     33     23433    2.00    3.00    0.00    4.00    5.00     2      0.00      0.00   58384   12208   0.15      0.00    232.00    112.00       0  nginx
1791474467     33     23434    0.00    1.00    0.00    1.00    1.00     2      0.00      0.00   57168   10480   0.13      0.00      4.00      0.00       0  nginx
1791474467     33     23435    1.00    0.00    0.00    2.00    1.00     2      0.00      0.00   57300   10900   0.13      0.00      0.00      0.00       0  nginx
1791474467   1100     77729   19.00   41.00    0.00    0.00   60.00     2    282.00      0.00 2048792   16248   0.20      0.00      0.00      0.00       0  isupipe

# Time        UID       PID    %usr %system  %guest   %wait    %CPU   CPU  minflt/s  majflt/s     VSZ     RSS   %MEM   kB_rd/s   kB_wr/s kB_ccwr/s iodelay  Command
1791474468    112     14307   93.07   60.40    0.00    0.99  153.47     1      5.94      0.00 2889020  873780  10.76      0.00   2261.39    249.50       0  mysqld
1791474468    113     16413   17.82   14.85    0.00    0.00   32.67     2      0.00      0.00  682592   63948   0.79      0.00      0.00      0.00       0  pdns_server
1791474468      0     17311    0.00    0.00    0.00    0.00    0.00     1      0.00      0.00   56800   12976   0.16      0.00      0.00      0.00       0  nginx
1791474468     33     23432    3.96    6.93    0.00    8.91   10.89     2      0.00      0.00   59896   13580   0.17      0.00    146.53    130.69       0  nginx
1791474468     33     23433    0.99    1.98    0.00    2.97    2.97     2      0.00      0.00   58384   12208   0.15      0.00    106.93    114.85       0  nginx
1791474468     33     23434    0.00    0.00    0.00    1.98    0.00     2      0.00      0.00   57168   10480   0.13      0.00      0.00      0.00       0  nginx
1791474468     33     23435    0.99    0.99    0.00    2.97    1.98     2      0.00      0.00   57300   10900   0.13      0.00    102.97     99.01       0  nginx
1791474468   1100     77729   22.77   44.55    0.00    2.97   67.33     3    147.52      0.00 2048792   16432   0.20      0.00      0.00      0.00       0  isupipe

# Time        UID       PID    %usr %system  %guest   %wait    %CPU   CPU  minflt/s  majflt/s     VSZ     RSS   %MEM   kB_rd/s   kB_wr/s kB_ccwr/s iodelay  Command
1791474469    112     14307  103.00   73.00    0.00    0.00  176.00     1      3.00      0.00 2890048  873780  10.76      0.00   2912.00    468.00       0  mysqld
1791474469    113     16413   24.00   18.00    0.00    0.00   42.00     2      1.00      0.00  682592   63948   0.79      0.00      0.00      0.00       0  pdns_server
1791474469      0     17311    0.00    0.00    0.00    0.00    0.00     1      0.00      0.00   56800   12976   0.16      0.00      0.00      0.00       0  nginx
1791474469     33     23432    4.00    5.00    0.00    9.00    9.00     2      0.00      0.00   59896   13580   0.17      0.00    364.00    276.00       0  nginx
1791474469     33     23433    4.00    1.00    0.00    5.00    5.00     2      0.00      0.00   58384   12208   0.15      0.00    204.00    300.00       0  nginx
1791474469     33     23434    1.00    0.00    0.00    2.00    1.00     2      0.00      0.00   57168   10480   0.13      0.00      0.00      0.00       0  nginx
1791474469     33     23435    0.00    0.00    0.00    0.00    0.00     2      0.00      0.00   57300   10900   0.13      0.00      4.00      0.00       0  nginx
1791474469   1100     77729   29.00   41.00    0.00   32.00   70.00     3    337.00      0.00 2048792   15792   0.19      0.00      0.00      0.00       0  isupipe

# Time        UID       PID    %usr %system  %guest   %wait    %CPU   CPU  minflt/s  majflt/s     VSZ     RSS   %MEM   kB_rd/s   kB_wr/s kB_ccwr/s iodelay  Command
1791474470    112     14307  101.00   69.00    0.00    0.00  170.00     1      0.00      0.00 2890048  873780  10.76      0.00   2852.00    412.00       0  mysqld
1791474470    113     16413   19.00   15.00    0.00    0.00   34.00     2      1.00      0.00  682592   63948   0.79      0.00      0.00      0.00       0  pdns_server
1791474470      0     17311    0.00    0.00    0.00    0.00    0.00     1      0.00      0.00   56800   12976   0.16      0.00      0.00      0.00       0  nginx
1791474470     33     23432    6.00    5.00    0.00    9.00   11.00     1      0.00      0.00   59896   13580   0.17      0.00    576.00    620.00       0  nginx
1791474470     33     23433    1.00    2.00    0.00    2.00    3.00     2      0.00      0.00   58384   12208   0.15      0.00      4.00      0.00       0  nginx
1791474470     33     23434    0.00    0.00    0.00    0.00    0.00     2      0.00      0.00   57168   10480   0.13      0.00      0.00      0.00       0  nginx
1791474470     33     23435    0.00    0.00    0.00    0.00    0.00     2      0.00      0.00   57300   10900   0.13      0.00      0.00      0.00       0  nginx
1791474470   1100     77729   25.00   47.00    0.00   25.00   72.00     3    404.00      0.00 2048792   16100   0.20      0.00      0.00      0.00       0  isupipe

# Time        UID       PID    %usr %system  %guest   %wait    %CPU   CPU  minflt/s  majflt/s     VSZ     RSS   %MEM   kB_rd/s   kB_wr/s kB_ccwr/s iodelay  Command
1791474471    112     14307   99.00   55.00    0.00    1.00  154.00     1      3.00      0.00 2891076  873780  10.76      0.00   3168.00    544.00       0  mysqld
1791474471    113     16413   21.00   18.00    0.00    0.00   39.00     2      0.00      0.00  682592   63948   0.79      0.00      0.00      0.00       0  pdns_server
1791474471      0     17311    0.00    0.00    0.00    0.00    0.00     1      0.00      0.00   56800   12976   0.16      0.00      0.00      0.00       0  nginx
1791474471     33     23432    6.00    4.00    0.00   11.00   10.00     2      0.00      0.00   59896   13580   0.17      0.00    380.00    356.00       0  nginx
1791474471     33     23433    2.00    1.00    0.00    2.00    3.00     2      0.00      0.00   58384   12208   0.15      0.00    308.00    304.00       0  nginx
1791474471     33     23434    0.00    0.00    0.00    0.00    0.00     2      0.00      0.00   57168   10480   0.13      0.00      0.00      0.00       0  nginx
1791474471     33     23435    0.00    1.00    0.00    1.00    1.00     2      0.00      0.00   57300   10900   0.13      0.00      0.00      0.00       0  nginx
1791474471   1100     77729   31.00   40.00    0.00   23.00   71.00     1    316.00      0.00 2048792   16304   0.20      0.00      0.00      0.00       0  isupipe

# Time        UID       PID    %usr %system  %guest   %wait    %CPU   CPU  minflt/s  majflt/s     VSZ     RSS   %MEM   kB_rd/s   kB_wr/s kB_ccwr/s iodelay  Command
1791474472    112     14307  108.00   56.00    0.00    0.00  164.00     1      0.00      0.00 2890048  873884  10.76      0.00   3384.00    532.00       0  mysqld
1791474472    113     16413   21.00   22.00    0.00    0.00   43.00     2      0.00      0.00  682592   63948   0.79      0.00      0.00      0.00       0  pdns_server
1791474472      0     17311    0.00    0.00    0.00    0.00    0.00     1      0.00      0.00   56800   12976   0.16      0.00      0.00      0.00       0  nginx
1791474472     33     23432    5.00    7.00    0.00   11.00   12.00     3      0.00      0.00   59896   13580   0.17      0.00    664.00    524.00       0  nginx
1791474472     33     23433    2.00    2.00    0.00    3.00    4.00     3      0.00      0.00   58384   12208   0.15      0.00     60.00     60.00       0  nginx
1791474472     33     23434    0.00    0.00    0.00    0.00    0.00     2      0.00      0.00   57168   10480   0.13      0.00      0.00      0.00       0  nginx
1791474472     33     23435    0.00    0.00    0.00    0.00    0.00     2      0.00      0.00   57300   10900   0.13      0.00      0.00      0.00       0  nginx
1791474472   1100     77729   29.00   39.00    0.00   23.00   68.00     0    458.00      0.00 2048792   16496   0.20      0.00      0.00      0.00       0  isupipe

# Time        UID       PID    %usr %system  %guest   %wait    %CPU   CPU  minflt/s  majflt/s     VSZ     RSS   %MEM   kB_rd/s   kB_wr/s kB_ccwr/s iodelay  Command
1791474473    112     14307  101.00   61.00    0.00    0.00  162.00     1      3.00      0.00 2890048  873884  10.76      0.00   3428.00    460.00       0  mysqld
1791474473    113     16413   18.00   21.00    0.00    0.00   39.00     2      1.00      0.00  682592   63948   0.79      0.00      0.00      0.00       0  pdns_server
1791474473      0     17311    0.00    0.00    0.00    0.00    0.00     1      0.00      0.00   56800   12976   0.16      0.00      0.00      0.00       0  nginx
1791474473     33     23432    5.00    6.00    0.00   10.00   11.00     2      0.00      0.00   59896   13580   0.17      0.00    520.00    608.00       0  nginx
1791474473     33     23433    3.00    2.00    0.00    5.00    5.00     2      0.00      0.00   58384   12208   0.15      0.00     16.00      0.00       0  nginx
1791474473     33     23434    0.00    0.00    0.00    0.00    0.00     2      0.00      0.00   57168   10480   0.13      0.00      0.00      0.00       0  nginx
1791474473     33     23435    0.00    0.00    0.00    1.00    0.00     2      0.00      0.00   57300   10900   0.13      0.00      0.00      0.00       0  nginx
1791474473   1100     77729   36.00   33.00    0.00   19.00   69.00     2    613.00      0.00 2048792   16516   0.20      0.00      0.00      0.00       0  isupipe

# Time        UID       PID    %usr %system  %guest   %wait    %CPU   CPU  minflt/s  majflt/s     VSZ     RSS   %MEM   kB_rd/s   kB_wr/s kB_ccwr/s iodelay  Command
1791474474    112     14307  108.00   55.00    0.00    0.00  163.00     1      0.00      0.00 2889020  873884  10.76      0.00   4524.00    616.00       0  mysqld
1791474474    113     16413   24.00   14.00    0.00    0.00   38.00     2      0.00      0.00  682592   63948   0.79      0.00      0.00      0.00       0  pdns_server
1791474474      0     17311    0.00    0.00    0.00    0.00    0.00     1      0.00      0.00   56800   12976   0.16      0.00      0.00      0.00       0  nginx
1791474474     33     23432    4.00    7.00    0.00   13.00   11.00     1      0.00      0.00   59896   13580   0.17      0.00    544.00    504.00       0  nginx
1791474474     33     23433    3.00    4.00    0.00    8.00    7.00     2      0.00      0.00   58384   12208   0.15      0.00    200.00    192.00       0  nginx
1791474474     33     23434    0.00    0.00    0.00    0.00    0.00     2      0.00      0.00   57168   10480   0.13      0.00      0.00      0.00       0  nginx
1791474474     33     23435    2.00    0.00    0.00    2.00    2.00     3      0.00      0.00   57300   10900   0.13      0.00      0.00      0.00       0  nginx
1791474474   1100     77729   37.00   34.00    0.00   20.00   71.00     0    754.00      0.00 2048792   15852   0.20      0.00      0.00      0.00       0  isupipe

# Time        UID       PID    %usr %system  %guest   %wait    %CPU   CPU  minflt/s  majflt/s     VSZ     RSS   %MEM   kB_rd/s   kB_wr/s kB_ccwr/s iodelay  Command
1791474475    112     14307   96.00   65.00    0.00    2.00  161.00     1      6.00      0.00 2889020  873884  10.76      0.00  11696.00    908.00       0  mysqld
1791474475    113     16413   25.00   17.00    0.00    0.00   42.00     2      0.00      0.00  682592   63948   0.79      0.00      0.00      0.00       0  pdns_server
1791474475      0     17311    0.00    0.00    0.00    0.00    0.00     1      0.00      0.00   56800   12976   0.16      0.00      0.00      0.00       0  nginx
1791474475     33     23432    7.00    5.00    0.00   11.00   12.00     2      0.00      0.00   59896   13580   0.17      0.00    948.00    844.00       0  nginx
1791474475     33     23433    3.00    3.00    0.00    5.00    6.00     2      0.00      0.00   58384   12208   0.15      0.00     88.00     72.00       0  nginx
1791474475     33     23434    0.00    0.00    0.00    0.00    0.00     2      0.00      0.00   57168   10480   0.13      0.00      0.00      0.00       0  nginx
1791474475     33     23435    0.00    0.00    0.00    0.00    0.00     3      0.00      0.00   57300   10900   0.13      0.00     92.00     92.00       0  nginx
1791474475   1100     77729   31.00   38.00    0.00   24.00   69.00     1    763.00      0.00 2048792   16376   0.20      0.00      0.00      0.00       0  isupipe

# Time        UID       PID    %usr %system  %guest   %wait    %CPU   CPU  minflt/s  majflt/s     VSZ     RSS   %MEM   kB_rd/s   kB_wr/s kB_ccwr/s iodelay  Command
1791474476    112     14307  100.00   74.00    0.00    1.00  174.00     1     84.00      0.00 2890048  874100  10.77      0.00   4160.00    476.00       0  mysqld
1791474476    113     16413   25.00   20.00    0.00    0.00   45.00     2      0.00      0.00  682592   63948   0.79      0.00      0.00      0.00       0  pdns_server
1791474476      0     17311    0.00    0.00    0.00    0.00    0.00     1      0.00      0.00   56800   12976   0.16      0.00      0.00      0.00       0  nginx
1791474476     33     23432    5.00    7.00    0.00   11.00   12.00     2      0.00      0.00   59896   13580   0.17      0.00    332.00    380.00       0  nginx
1791474476     33     23433    2.00    4.00    0.00    3.00    6.00     2      0.00      0.00   58384   12208   0.15      0.00    256.00    240.00       0  nginx
1791474476     33     23434    0.00    0.00    0.00    0.00    0.00     2      0.00      0.00   57168   10480   0.13      0.00      0.00      0.00       0  nginx
1791474476     33     23435    0.00    1.00    0.00    0.00    1.00     3      0.00      0.00   57300   10900   0.13      0.00     92.00     92.00       0  nginx
1791474476   1100     77729   30.00   35.00    0.00   28.00   65.00     3    401.00      0.00 2048792   15992   0.20      0.00      0.00      0.00       0  isupipe

# Time        UID       PID    %usr %system  %guest   %wait    %CPU   CPU  minflt/s  majflt/s     VSZ     RSS   %MEM   kB_rd/s   kB_wr/s kB_ccwr/s iodelay  Command
1791474477    112     14307   92.00   73.00    0.00    0.00  165.00     1      6.00      0.00 2890048  874100  10.77      0.00   4308.00    540.00       0  mysqld
1791474477    113     16413   20.00   20.00    0.00    0.00   40.00     2      0.00      0.00  682592   63948   0.79      0.00      0.00      0.00       0  pdns_server
1791474477      0     17311    0.00    0.00    0.00    0.00    0.00     1      0.00      0.00   56800   12976   0.16      0.00      0.00      0.00       0  nginx
1791474477     33     23432    6.00    5.00    0.00    7.00   11.00     2      0.00      0.00   59896   13580   0.17      0.00    392.00    364.00       0  nginx
1791474477     33     23433    1.00    6.00    0.00    7.00    7.00     2      0.00      0.00   58384   12208   0.15      0.00    372.00    356.00       0  nginx
1791474477     33     23434    0.00    0.00    0.00    0.00    0.00     2      0.00      0.00   57168   10480   0.13      0.00      0.00      0.00       0  nginx
1791474477     33     23435    0.00    1.00    0.00    0.00    1.00     3      0.00      0.00   57300   10900   0.13      0.00      0.00      0.00       0  nginx
1791474477   1100     77729   27.00   41.00    0.00   30.00   68.00     0    549.00      0.00 2048792   16232   0.20      0.00      0.00      0.00       0  isupipe

# Time        UID       PID    %usr %system  %guest   %wait    %CPU   CPU  minflt/s  majflt/s     VSZ     RSS   %MEM   kB_rd/s   kB_wr/s kB_ccwr/s iodelay  Command
1791474478    112     14307  107.00   53.00    0.00    0.00  160.00     1     84.00      0.00 2890048  874312  10.77      0.00   3812.00    304.00       0  mysqld
1791474478    113     16413   20.00   22.00    0.00    0.00   42.00     2      1.00      0.00  682592   63948   0.79      0.00      0.00      0.00       0  pdns_server
1791474478      0     17311    0.00    0.00    0.00    0.00    0.00     1      0.00      0.00   56800   12976   0.16      0.00      0.00      0.00       0  nginx
1791474478     33     23432    4.00    6.00    0.00    9.00   10.00     2      0.00      0.00   59896   13580   0.17      0.00    264.00    140.00       0  nginx
1791474478     33     23433    5.00    3.00    0.00    5.00    8.00     2      0.00      0.00   58384   12208   0.15      0.00    288.00    260.00       0  nginx
1791474478     33     23434    0.00    0.00    0.00    0.00    0.00     2      0.00      0.00   57168   10480   0.13      0.00      0.00      0.00       0  nginx
1791474478     33     23435    1.00    0.00    0.00    0.00    1.00     3      0.00      0.00   57300   10900   0.13      0.00      0.00      0.00       0  nginx
1791474478   1100     77729   32.00   38.00    0.00   33.00   70.00     2    281.00      0.00 2048792   16300   0.20      0.00      0.00      0.00       0  isupipe

# Time        UID       PID    %usr %system  %guest   %wait    %CPU   CPU  minflt/s  majflt/s     VSZ     RSS   %MEM   kB_rd/s   kB_wr/s kB_ccwr/s iodelay  Command
1791474479    112     14307   93.00   71.00    0.00    1.00  164.00     1     76.00      0.00 2889020  874096  10.77      0.00   4964.00    656.00       0  mysqld
1791474479    113     16413   23.00   19.00    0.00    0.00   42.00     2      0.00      0.00  682592   63948   0.79      0.00      0.00      0.00       0  pdns_server
1791474479      0     17311    0.00    0.00    0.00    0.00    0.00     1      0.00      0.00   56800   12976   0.16      0.00      0.00      0.00       0  nginx
1791474479     33     23432    4.00    7.00    0.00   13.00   11.00     0      0.00      0.00   59896   13580   0.17      0.00    636.00    544.00       0  nginx
1791474479     33     23433    4.00    2.00    0.00    7.00    6.00     2      0.00      0.00   58384   12208   0.15      0.00    108.00     96.00       0  nginx
1791474479     33     23434    0.00    1.00    0.00    3.00    1.00     2      0.00      0.00   57168   10480   0.13      0.00      0.00      0.00       0  nginx
1791474479     33     23435    1.00    1.00    0.00    4.00    2.00     2      0.00      0.00   57300   10900   0.13      0.00      0.00      0.00       0  nginx
1791474479   1100     77729   24.00   43.00    0.00   21.00   67.00     1    417.00      0.00 2048792   16316   0.20      0.00      0.00      0.00       0  isupipe

# Time        UID       PID    %usr %system  %guest   %wait    %CPU   CPU  minflt/s  majflt/s     VSZ     RSS   %MEM   kB_rd/s   kB_wr/s kB_ccwr/s iodelay  Command
1791474480    112     14307   86.14   76.24    0.00    0.99  162.38     1      0.00      0.00 2889020  874096  10.77      0.00   4530.69    562.38       0  mysqld
1791474480    113     16413   25.74    7.92    0.00    0.00   33.66     2      0.00      0.00  682592   63948   0.79      0.00      0.00      0.00       0  pdns_server
1791474480      0     17311    0.00    0.00    0.00    0.00    0.00     1      0.00      0.00   56800   12976   0.16      0.00      0.00      0.00       0  nginx
1791474480     33     23432    6.93    3.96    0.00    8.91   10.89     2      0.00      0.00   59896   13580   0.17      0.00    609.90    776.24       0  nginx
1791474480     33     23433    2.97    4.95    0.00    5.94    7.92     2      0.00      0.00   58384   12208   0.15      0.00     31.68      0.00       0  nginx
1791474480     33     23434    0.99    0.00    0.00    0.99    0.99     2      0.00      0.00   57168   10480   0.13      0.00      3.96      0.00       0  nginx
1791474480     33     23435    0.00    1.98    0.00    2.97    1.98     2      0.00      0.00   57300   10900   0.13      0.00      0.00      0.00       0  nginx
1791474480   1100     77729   28.71   39.60    0.00   22.77   68.32     3    553.47      0.00 2048792   16704   0.21      0.00      0.00      0.00       0  isupipe

# Time        UID       PID    %usr %system  %guest   %wait    %CPU   CPU  minflt/s  majflt/s     VSZ     RSS   %MEM   kB_rd/s   kB_wr/s kB_ccwr/s iodelay  Command
1791474481    112     14307   94.00   66.00    0.00    0.00  160.00     1     82.00      0.00 2890048  874312  10.77      0.00   4148.00    356.00       0  mysqld
1791474481    113     16413   20.00   14.00    0.00    0.00   34.00     2      0.00      0.00  682592   63948   0.79      0.00      0.00      0.00       0  pdns_server
1791474481      0     17311    0.00    0.00    0.00    0.00    0.00     1      0.00      0.00   56800   12976   0.16      0.00      0.00      0.00       0  nginx
1791474481     33     23432    7.00    2.00    0.00    9.00    9.00     1      0.00      0.00   59896   13580   0.17      0.00    244.00    228.00       0  nginx
1791474481     33     23433    4.00    2.00    0.00    7.00    6.00     2      0.00      0.00   58384   12208   0.15      0.00    484.00    244.00       0  nginx
1791474481     33     23434    0.00    1.00    0.00    0.00    1.00     2      0.00      0.00   57168   10480   0.13      0.00      0.00      0.00       0  nginx
1791474481     33     23435    0.00    2.00    0.00    1.00    2.00     2      0.00      0.00   57300   10900   0.13      0.00      4.00      0.00       0  nginx
1791474481   1100     77729   31.00   38.00    0.00   16.00   69.00     0    440.00      0.00 2048792   16376   0.20      0.00      0.00      0.00       0  isupipe

# Time        UID       PID    %usr %system  %guest   %wait    %CPU   CPU  minflt/s  majflt/s     VSZ     RSS   %MEM   kB_rd/s   kB_wr/s kB_ccwr/s iodelay  Command
1791474482    112     14307   95.00   76.00    0.00    0.00  171.00     1      0.00      0.00 2889020  874096  10.77      0.00   5484.00    556.00       0  mysqld
1791474482    113     16413   17.00   20.00    0.00    0.00   37.00     2      0.00      0.00  682592   63948   0.79      0.00      0.00      0.00       0  pdns_server
1791474482      0     17311    0.00    0.00    0.00    0.00    0.00     1      0.00      0.00   56800   12976   0.16      0.00      0.00      0.00       0  nginx
1791474482     33     23432    4.00    5.00    0.00   11.00    9.00     2      0.00      0.00   59896   13580   0.17      0.00    236.00    224.00       0  nginx
1791474482     33     23433    2.00    1.00    0.00    5.00    3.00     3      0.00      0.00   58384   12208   0.15      0.00    200.00    408.00       0  nginx
1791474482     33     23434    0.00    1.00    0.00    2.00    1.00     2      0.00      0.00   57168   10480   0.13      0.00    108.00    108.00       0  nginx
1791474482     33     23435    0.00    2.00    0.00    2.00    2.00     0      0.00      0.00   57300   10900   0.13      0.00     12.00      0.00       0  nginx
1791474482   1100     77729   22.00   45.00    0.00   26.00   67.00     0    476.00      0.00 2048792   16124   0.20      0.00      0.00      0.00       0  isupipe

# Time        UID       PID    %usr %system  %guest   %wait    %CPU   CPU  minflt/s  majflt/s     VSZ     RSS   %MEM   kB_rd/s   kB_wr/s kB_ccwr/s iodelay  Command
1791474483    112     14307  103.00   59.00    0.00    0.00  162.00     1      3.00      0.00 2890048  874096  10.77      0.00   4236.00    444.00       0  mysqld
1791474483    113     16413   25.00   15.00    0.00    0.00   40.00     2      1.00      0.00  682592   63948   0.79      0.00      0.00      0.00       0  pdns_server
1791474483      0     17311    0.00    0.00    0.00    0.00    0.00     1      0.00      0.00   56800   12976   0.16      0.00      0.00      0.00       0  nginx
1791474483     33     23432    4.00    7.00    0.00   13.00   11.00     2      0.00      0.00   59896   13580   0.17      0.00    532.00    508.00       0  nginx
1791474483     33     23433    3.00    2.00    0.00    4.00    5.00     2      0.00      0.00   58384   12208   0.15      0.00    188.00     76.00       0  nginx
1791474483     33     23434    1.00    0.00    0.00    1.00    1.00     2      0.00      0.00   57168   10480   0.13      0.00      4.00      0.00       0  nginx
1791474483     33     23435    0.00    2.00    0.00    2.00    2.00     2      0.00      0.00   57300   10900   0.13      0.00      8.00      0.00       0  nginx
1791474483   1100     77729   33.00   38.00    0.00   29.00   71.00     3    529.00      0.00 2048792   16328   0.20      0.00      0.00      0.00       0  isupipe

# Time        UID       PID    %usr %system  %guest   %wait    %CPU   CPU  minflt/s  majflt/s     VSZ     RSS   %MEM   kB_rd/s   kB_wr/s kB_ccwr/s iodelay  Command
1791474484    112     14307  106.00   56.00    0.00    1.00  162.00     1      0.00      0.00 2890048  874096  10.77      0.00   5404.00    780.00       0  mysqld
1791474484    113     16413   18.00   19.00    0.00    0.00   37.00     2      0.00      0.00  682592   63948   0.79      0.00      0.00      0.00       0  pdns_server
1791474484      0     17311    0.00    0.00    0.00    0.00    0.00     1      0.00      0.00   56800   12976   0.16      0.00      0.00      0.00       0  nginx
1791474484     33     23432    5.00    7.00    0.00   10.00   12.00     2      0.00      0.00   59896   13580   0.17      0.00    500.00    380.00       0  nginx
1791474484     33     23433    3.00    2.00    0.00    3.00    5.00     2      0.00      0.00   58384   12208   0.15      0.00    348.00    440.00       0  nginx
1791474484     33     23434    0.00    0.00    0.00    0.00    0.00     2      0.00      0.00   57168   10480   0.13      0.00      4.00      0.00       0  nginx
1791474484     33     23435    0.00    2.00    0.00    2.00    2.00     2      0.00      0.00   57300   10900   0.13      0.00      0.00      0.00       0  nginx
1791474484   1100     77729   28.00   44.00    0.00   22.00   72.00     3    701.00      0.00 2048792   16676   0.21      0.00      0.00      0.00       0  isupipe

# Time        UID       PID    %usr %system  %guest   %wait    %CPU   CPU  minflt/s  majflt/s     VSZ     RSS   %MEM   kB_rd/s   kB_wr/s kB_ccwr/s iodelay  Command
1791474485    112     14307   96.00   69.00    0.00    0.00  165.00     1      6.00      0.00 2891076  874096  10.77      0.00   5516.00    684.00       0  mysqld
1791474485    113     16413   21.00   19.00    0.00    0.00   40.00     2      0.00      0.00  682592   63948   0.79      0.00      0.00      0.00       0  pdns_server
1791474485      0     17311    0.00    0.00    0.00    0.00    0.00     1      0.00      0.00   56800   12976   0.16      0.00      0.00      0.00       0  nginx
1791474485     33     23432    5.00    4.00    0.00    8.00    9.00     2      0.00      0.00   59896   13580   0.17      0.00    552.00    632.00       0  nginx
1791474485     33     23433    4.00    3.00    0.00    4.00    7.00     2      0.00      0.00   58384   12208   0.15      0.00    112.00    100.00       0  nginx
1791474485     33     23434    1.00    0.00    0.00    1.00    1.00     3      0.00      0.00   57168   10480   0.13      0.00    108.00    100.00       0  nginx
1791474485     33     23435    0.00    0.00    0.00    1.00    0.00     2      0.00      0.00   57300   10900   0.13      0.00    176.00    176.00       0  nginx
1791474485   1100     77729   29.00   41.00    0.00   36.00   70.00     1    962.00      0.00 2048792   16484   0.20      0.00      0.00      0.00       0  isupipe

# Time        UID       PID    %usr %system  %guest   %wait    %CPU   CPU  minflt/s  majflt/s     VSZ     RSS   %MEM   kB_rd/s   kB_wr/s kB_ccwr/s iodelay  Command
1791474486    112     14307  102.00   70.00    0.00    1.00  172.00     1      3.00      0.00 2891076  874096  10.77      0.00   4964.00    556.00       0  mysqld
1791474486    113     16413   26.00   19.00    0.00    0.00   45.00     2      0.00      0.00  682592   63948   0.79      0.00      0.00      0.00       0  pdns_server
1791474486      0     17311    0.00    0.00    0.00    0.00    0.00     1      0.00      0.00   56800   12976   0.16      0.00      0.00      0.00       0  nginx
1791474486     33     23432    6.00    4.00    0.00   10.00   10.00     2      0.00      0.00   59896   13580   0.17      0.00    508.00    464.00       0  nginx
1791474486     33     23433    3.00    2.00    0.00    3.00    5.00     2      0.00      0.00   58384   12208   0.15      0.00    196.00    172.00       0  nginx
1791474486     33     23434    0.00    1.00    0.00    1.00    1.00     2      0.00      0.00   57168   10480   0.13      0.00      0.00      0.00       0  nginx
1791474486     33     23435    0.00    1.00    0.00    0.00    1.00     2      0.00      0.00   57300   10900   0.13      0.00     92.00     92.00       0  nginx
1791474486   1100     77729   32.00   38.00    0.00   19.00   70.00     2    266.00      0.00 2048792   16056   0.20      0.00      0.00      0.00       0  isupipe

# Time        UID       PID    %usr %system  %guest   %wait    %CPU   CPU  minflt/s  majflt/s     VSZ     RSS   %MEM   kB_rd/s   kB_wr/s kB_ccwr/s iodelay  Command
1791474487    112     14307  100.00   67.00    0.00    0.00  167.00     1      0.00      0.00 2891076  874096  10.77      0.00   4580.00    504.00       0  mysqld
1791474487    113     16413   26.00   19.00    0.00    0.00   45.00     2      1.00      0.00  682592   63948   0.79      0.00      0.00      0.00       0  pdns_server
1791474487      0     17311    0.00    0.00    0.00    0.00    0.00     1      0.00      0.00   56800   12976   0.16      0.00      0.00      0.00       0  nginx
1791474487     33     23432    4.00    3.00    0.00    7.00    7.00     2      0.00      0.00   59896   13580   0.17      0.00    468.00    476.00       0  nginx
1791474487     33     23433    2.00    2.00    0.00    5.00    4.00     2      0.00      0.00   58384   12208   0.15      0.00     96.00     84.00       0  nginx
1791474487     33     23434    0.00    0.00    0.00    0.00    0.00     2      0.00      0.00   57168   10480   0.13      0.00      0.00      0.00       0  nginx
1791474487     33     23435    0.00    1.00    0.00    1.00    1.00     3      0.00      0.00   57300   10900   0.13      0.00    104.00    104.00       0  nginx
1791474487   1100     77729   25.00   51.00    0.00    2.00   76.00     0    632.00      0.00 2048792   16076   0.20      0.00      0.00      0.00       0  isupipe

# Time        UID       PID    %usr %system  %guest   %wait    %CPU   CPU  minflt/s  majflt/s     VSZ     RSS   %MEM   kB_rd/s   kB_wr/s kB_ccwr/s iodelay  Command
1791474488    112     14307   99.00   68.00    0.00    0.00  167.00     1      0.00      0.00 2891076  874096  10.77      0.00  11292.00    692.00       0  mysqld
1791474488    113     16413   23.00   23.00    0.00    0.00   46.00     2      1.00      0.00  682592   63948   0.79      0.00      0.00      0.00       0  pdns_server
1791474488      0     17311    0.00    0.00    0.00    0.00    0.00     1      0.00      0.00   56800   12976   0.16      0.00      0.00      0.00       0  nginx
1791474488     33     23432    4.00    5.00    0.00    9.00    9.00     2      0.00      0.00   59896   13580   0.17      0.00    672.00    648.00       0  nginx
1791474488     33     23433    3.00    1.00    0.00    2.00    4.00     2      0.00      0.00   58384   12208   0.15      0.00    276.00    168.00       0  nginx
1791474488     33     23434    0.00    1.00    0.00    1.00    1.00     1      0.00      0.00   57168   10480   0.13      0.00      0.00      0.00       0  nginx
1791474488     33     23435    0.00    0.00    0.00    0.00    0.00     3      0.00      0.00   57300   10900   0.13      0.00      4.00      0.00       0  nginx
1791474488   1100     77729   34.00   40.00    0.00    2.00   74.00     0    872.00      0.00 2048792   15980   0.20      0.00      0.00      0.00       0  isupipe

# Time        UID       PID    %usr %system  %guest   %wait    %CPU   CPU  minflt/s  majflt/s     VSZ     RSS   %MEM   kB_rd/s   kB_wr/s kB_ccwr/s iodelay  Command
1791474489    112     14307  101.00   66.00    0.00    1.00  167.00     1      3.00      0.00 2891076  874096  10.77      0.00   4744.00    632.00       0  mysqld
1791474489    113     16413   23.00   18.00    0.00    0.00   41.00     2      1.00      0.00  682592   63948   0.79      0.00      0.00      0.00       0  pdns_server
1791474489      0     17311    0.00    0.00    0.00    0.00    0.00     1      0.00      0.00   56800   12976   0.16      0.00      0.00      0.00       0  nginx
1791474489     33     23432    4.00    7.00    0.00    9.00   11.00     2      0.00      0.00   59896   13580   0.17      0.00    360.00    276.00       0  nginx
1791474489     33     23433    2.00    3.00    0.00    5.00    5.00     2      0.00      0.00   58384   12208   0.15      0.00    172.00    252.00       0  nginx
1791474489     33     23434    0.00    0.00    0.00    0.00    0.00     1      0.00      0.00   57168   10480   0.13      0.00      0.00      0.00       0  nginx
1791474489     33     23435    0.00    1.00    0.00    0.00    1.00     0      0.00      0.00   57300   10900   0.13      0.00    132.00    132.00       0  nginx
1791474489   1100     77729   27.00   36.00    0.00    0.00   63.00     0    522.00      0.00 2048792   16096   0.20      0.00      0.00      0.00       0  isupipe

# Time        UID       PID    %usr %system  %guest   %wait    %CPU   CPU  minflt/s  majflt/s     VSZ     RSS   %MEM   kB_rd/s   kB_wr/s kB_ccwr/s iodelay  Command
1791474490    112     14307  100.00   77.00    0.00    0.00  177.00     1      3.00      0.00 2891076  873884  10.76      0.00   6112.00    672.00       0  mysqld
1791474490    113     16413   18.00   16.00    0.00    0.00   34.00     2      0.00      0.00  682592   63948   0.79      0.00      0.00      0.00       0  pdns_server
1791474490      0     17311    0.00    0.00    0.00    0.00    0.00     1      0.00      0.00   56800   12976   0.16      0.00      0.00      0.00       0  nginx
1791474490     33     23432    4.00    4.00    0.00    8.00    8.00     2      0.00      0.00   59896   13580   0.17      0.00    508.00    464.00       0  nginx
1791474490     33     23433    3.00    3.00    0.00    6.00    6.00     2      0.00      0.00   58384   12208   0.15      0.00    320.00    308.00       0  nginx
1791474490     33     23434    0.00    1.00    0.00    0.00    1.00     1      0.00      0.00   57168   10480   0.13      0.00      4.00      0.00       0  nginx
1791474490     33     23435    1.00    0.00    0.00    1.00    1.00     2      0.00      0.00   57300   10900   0.13      0.00    104.00    104.00       0  nginx
1791474490   1100     77729   29.00   42.00    0.00    0.00   71.00     0    554.00      0.00 2048792   16168   0.20      0.00      0.00      0.00       0  isupipe

# Time        UID       PID    %usr %system  %guest   %wait    %CPU   CPU  minflt/s  majflt/s     VSZ     RSS   %MEM   kB_rd/s   kB_wr/s kB_ccwr/s iodelay  Command
1791474491    112     14307  102.00   68.00    0.00    1.00  170.00     1    152.00      0.00 2892104  874300  10.77      0.00   4928.00    580.00       0  mysqld
1791474491    113     16413   25.00   20.00    0.00    0.00   45.00     2      0.00      0.00  682592   63948   0.79      0.00      0.00      0.00       0  pdns_server
1791474491      0     17311    0.00    0.00    0.00    0.00    0.00     1      0.00      0.00   56800   12976   0.16      0.00      0.00      0.00       0  nginx
1791474491     33     23432    6.00    5.00    0.00   10.00   11.00     2      0.00      0.00   59896   13580   0.17      0.00    592.00    644.00       0  nginx
1791474491     33     23433    4.00    3.00    0.00    6.00    7.00     2      0.00      0.00   58384   12208   0.15      0.00    140.00    124.00       0  nginx
1791474491     33     23434    0.00    0.00    0.00    0.00    0.00     1      0.00      0.00   57168   10480   0.13      0.00      0.00      0.00       0  nginx
1791474491     33     23435    1.00    1.00    0.00    1.00    2.00     2      0.00      0.00   57300   10900   0.13      0.00      0.00      0.00       0  nginx
1791474491   1100     77729   36.00   35.00    0.00    0.00   71.00     1    629.00      0.00 2048792   16348   0.20      0.00      0.00      0.00       0  isupipe

# Time        UID       PID    %usr %system  %guest   %wait    %CPU   CPU  minflt/s  majflt/s     VSZ     RSS   %MEM   kB_rd/s   kB_wr/s kB_ccwr/s iodelay  Command
1791474492    112     14307   77.00   54.00    0.00    1.00  131.00     1      3.00      0.00 2893132  874300  10.77      0.00   4032.00    448.00       0  mysqld
1791474492    113     16413   12.00   20.00    0.00    0.00   32.00     2      0.00      0.00  682592   63948   0.79      0.00      0.00      0.00       0  pdns_server
1791474492      0     17311    0.00    0.00    0.00    0.00    0.00     1      0.00      0.00   56800   12976   0.16      0.00      0.00      0.00       0  nginx
1791474492     33     23432    4.00    4.00    0.00    7.00    8.00     1      0.00      0.00   59896   13580   0.17      0.00    304.00    280.00       0  nginx
1791474492     33     23433    2.00    2.00    0.00    4.00    4.00     3      0.00      0.00   58384   12208   0.15      0.00     36.00      0.00       0  nginx
1791474492     33     23434    0.00    0.00    0.00    0.00    0.00     1      0.00      0.00   57168   10480   0.13      0.00      0.00      0.00       0  nginx
1791474492     33     23435    0.00    2.00    0.00    0.00    2.00     0      0.00      0.00   57300   10900   0.13      0.00    244.00    244.00       0  nginx
1791474492   1100     77729   22.00   34.00    0.00    0.00   56.00     1    344.00      0.00 2048792   15884   0.20      0.00      0.00      0.00       0  isupipe

# Time        UID       PID    %usr %system  %guest   %wait    %CPU   CPU  minflt/s  majflt/s     VSZ     RSS   %MEM   kB_rd/s   kB_wr/s kB_ccwr/s iodelay  Command
1791474493    112     14307   82.00   67.00    0.00    0.00  149.00     1      3.00      0.00 2893132  874072  10.77      0.00   6104.00    836.00       0  mysqld
1791474493    113     16413   25.00   20.00    0.00    0.00   45.00     2      1.00      0.00  682592   63948   0.79      0.00      0.00      0.00       0  pdns_server
1791474493      0     17311    0.00    0.00    0.00    0.00    0.00     1      0.00      0.00   56800   12976   0.16      0.00      0.00      0.00       0  nginx
1791474493     33     23432    2.00    9.00    0.00   10.00   11.00     2      0.00      0.00   59896   13580   0.17      0.00    528.00    508.00       0  nginx
1791474493     33     23433    2.00    2.00    0.00    5.00    4.00     2      0.00      0.00   58384   12208   0.15      0.00    172.00    200.00       0  nginx
1791474493     33     23434    0.00    1.00    0.00    0.00    1.00     1      0.00      0.00   57168   10480   0.13      0.00      0.00      0.00       0  nginx
1791474493     33     23435    0.00    1.00    0.00    2.00    1.00     2      0.00      0.00   57300   10900   0.13      0.00     96.00      0.00       0  nginx
1791474493   1100     77729   23.00   42.00    0.00    0.00   65.00     1    495.00      0.00 2048792   16612   0.20      0.00      0.00      0.00       0  isupipe

# Time        UID       PID    %usr %system  %guest   %wait    %CPU   CPU  minflt/s  majflt/s     VSZ     RSS   %MEM   kB_rd/s   kB_wr/s kB_ccwr/s iodelay  Command
1791474494    112     14307   92.00   64.00    0.00    2.00  156.00     2    149.00      0.00 2889020  874292  10.77      0.00   4504.00    440.00       0  mysqld
1791474494    113     16413   23.00   13.00    0.00    0.00   36.00     2      0.00      0.00  682592   63948   0.79      0.00      0.00      0.00       0  pdns_server
1791474494      0     17311    0.00    0.00    0.00    0.00    0.00     1      0.00      0.00   56800   12976   0.16      0.00      0.00      0.00       0  nginx
1791474494     33     23432    5.00    8.00    0.00   11.00   13.00     0      0.00      0.00   59896   13580   0.17      0.00    328.00    296.00       0  nginx
1791474494     33     23433    4.00    3.00    0.00    6.00    7.00     3      0.00      0.00   58384   12208   0.15      0.00    200.00    192.00       0  nginx
1791474494     33     23434    0.00    0.00    0.00    0.00    0.00     1      0.00      0.00   57168   10480   0.13      0.00      0.00      0.00       0  nginx
1791474494     33     23435    0.00    1.00    0.00    0.00    1.00     3      0.00      0.00   57300   10900   0.13      0.00     96.00    188.00       0  nginx
1791474494   1100     77729   38.00   28.00    0.00    5.00   66.00     0    539.00      0.00 2122584   16472   0.20      0.00      0.00      0.00       0  isupipe

# Time        UID       PID    %usr %system  %guest   %wait    %CPU   CPU  minflt/s  majflt/s     VSZ     RSS   %MEM   kB_rd/s   kB_wr/s kB_ccwr/s iodelay  Command
1791474495    112     14307    0.00    0.98    0.00    0.00    0.98     2      0.00      0.00 2889020  874292  10.77      0.00   2447.06      0.00       0  mysqld
1791474495    113     16413    0.00    0.00    0.00    0.00    0.00     2      0.00      0.00  682592   63948   0.79      0.00      0.00      0.00       0  pdns_server
1791474495      0     17311    0.00    0.00    0.00    0.00    0.00     1      0.00      0.00   56800   12976   0.16      0.00      0.00      0.00       0  nginx
1791474495     33     23432    0.00    0.00    0.00    0.00    0.00     0      0.00      0.00   59896   13580   0.17      0.00      0.00      0.00       0  nginx
1791474495     33     23433    0.00    0.00    0.00    0.00    0.00     1      0.00      0.00   58384   12208   0.15      0.00      0.00      0.00       0  nginx
1791474495     33     23434    0.00    0.00    0.00    0.00    0.00     1      0.00      0.00   57168   10480   0.13      0.00      0.00      0.00       0  nginx
1791474495     33     23435    0.00    0.00    0.00    0.00    0.00     3      0.00      0.00   57300   10900   0.13      0.00      0.00      0.00       0  nginx
1791474495   1100     77729    0.00    0.00    0.00    0.00    0.00     0      0.00      0.00 2122584   16472   0.20      0.00      0.00      0.00       0  isupipe
