Linux 5.15.0-198-generic (isucon13-app) 	10/08/26 	_aarch64_	(4 CPU)

# Time        UID       PID    %usr %system  %guest   %wait    %CPU   CPU  minflt/s  majflt/s     VSZ     RSS   %MEM   kB_rd/s   kB_wr/s kB_ccwr/s iodelay  Command
1791476743    112     14307    8.91   10.89    0.00    0.00   19.80     1      4.95      0.00 2892016 1014564  12.50      0.00  14229.70      0.00       0  mysqld
1791476743      0     17311    0.00    0.00    0.00    0.00    0.00     1      0.00      0.00   56800   12976   0.16      0.00      0.00      0.00       0  nginx
1791476743     33     23432    0.00    0.00    0.00    0.00    0.00     2      0.00      0.00   61524   15520   0.19      0.00      0.00      0.00       0  nginx
1791476743     33     23433    0.00    0.00    0.00    0.00    0.00     3      0.00      0.00   59612   13264   0.16      0.00      0.00      0.00       0  nginx
1791476743     33     23434    0.00    0.00    0.00    0.00    0.00     0      0.00      0.00   57844   11680   0.14      0.00      0.00      0.00       0  nginx
1791476743     33     23435    0.00    0.00    0.00    0.00    0.00     1      0.00      0.00   58640   12472   0.15      0.00      0.00      0.00       0  nginx
1791476743    113    151301    0.00    0.00    0.00    0.00    0.00     0      5.94      0.00  682064   58044   0.71      0.00      0.00      0.00       0  pdns_server
1791476743   1100    151511    0.00    0.00    0.00    0.00    0.00     3     53.47      0.00 1677932    7060   0.09      0.00      0.00      0.00       0  isupipe

# Time        UID       PID    %usr %system  %guest   %wait    %CPU   CPU  minflt/s  majflt/s     VSZ     RSS   %MEM   kB_rd/s   kB_wr/s kB_ccwr/s iodelay  Command
1791476744    112     14307    5.00   11.00    0.00    0.00   16.00     1      0.00      0.00 2892016 1014564  12.50      0.00   7220.00      0.00       0  mysqld
1791476744      0     17311    0.00    0.00    0.00    0.00    0.00     1      0.00      0.00   56800   12976   0.16      0.00      0.00      0.00       0  nginx
1791476744     33     23432    0.00    0.00    0.00    0.00    0.00     2      0.00      0.00   61524   15520   0.19      0.00      0.00      0.00       0  nginx
1791476744     33     23433    0.00    0.00    0.00    0.00    0.00     3      0.00      0.00   59612   13264   0.16      0.00      0.00      0.00       0  nginx
1791476744     33     23434    0.00    0.00    0.00    0.00    0.00     0      0.00      0.00   57844   11680   0.14      0.00      0.00      0.00       0  nginx
1791476744     33     23435    0.00    0.00    0.00    0.00    0.00     1      0.00      0.00   58640   12472   0.15      0.00      0.00      0.00       0  nginx
1791476744    113    151301    0.00    0.00    0.00    0.00    0.00     0      0.00      0.00  682064   58044   0.71      0.00      0.00      0.00       0  pdns_server
1791476744   1100    151511    0.00    0.00    0.00    0.00    0.00     3      0.00      0.00 1677932    7060   0.09      0.00      0.00      0.00       0  isupipe

# Time        UID       PID    %usr %system  %guest   %wait    %CPU   CPU  minflt/s  majflt/s     VSZ     RSS   %MEM   kB_rd/s   kB_wr/s kB_ccwr/s iodelay  Command
1791476745    112     14307    7.00    9.00    0.00    0.00   16.00     1      0.00      0.00 2892016 1014564  12.50      0.00   7528.00      0.00       0  mysqld
1791476745      0     17311    0.00    0.00    0.00    0.00    0.00     1      0.00      0.00   56800   12976   0.16      0.00      0.00      0.00       0  nginx
1791476745     33     23432    0.00    0.00    0.00    0.00    0.00     2      0.00      0.00   61524   15520   0.19      0.00      0.00      0.00       0  nginx
1791476745     33     23433    0.00    0.00    0.00    0.00    0.00     3      0.00      0.00   59612   13264   0.16      0.00      0.00      0.00       0  nginx
1791476745     33     23434    0.00    0.00    0.00    0.00    0.00     0      0.00      0.00   57844   11680   0.14      0.00      0.00      0.00       0  nginx
1791476745     33     23435    0.00    0.00    0.00    0.00    0.00     1      0.00      0.00   58640   12472   0.15      0.00      0.00      0.00       0  nginx
1791476745    113    151301    0.00    0.00    0.00    0.00    0.00     0      0.00      0.00  682064   58044   0.71      0.00      0.00      0.00       0  pdns_server
1791476745   1100    151511    0.00    0.00    0.00    0.00    0.00     3      0.00      0.00 1677932    7060   0.09      0.00      0.00      0.00       0  isupipe

# Time        UID       PID    %usr %system  %guest   %wait    %CPU   CPU  minflt/s  majflt/s     VSZ     RSS   %MEM   kB_rd/s   kB_wr/s kB_ccwr/s iodelay  Command
1791476746    112     14307    8.00   10.00    0.00    0.00   18.00     1   4024.00      0.00 2892016 1030068  12.69      0.00  20424.00      0.00       0  mysqld
1791476746      0     17311    0.00    0.00    0.00    0.00    0.00     1      0.00      0.00   56800   12976   0.16      0.00      0.00      0.00       0  nginx
1791476746     33     23432    0.00    0.00    0.00    0.00    0.00     2      0.00      0.00   61524   15520   0.19      0.00      0.00      0.00       0  nginx
1791476746     33     23433    0.00    0.00    0.00    0.00    0.00     3      0.00      0.00   59612   13264   0.16      0.00      0.00      0.00       0  nginx
1791476746     33     23434    0.00    0.00    0.00    0.00    0.00     0      0.00      0.00   57844   11680   0.14      0.00      0.00      0.00       0  nginx
1791476746     33     23435    0.00    0.00    0.00    0.00    0.00     1      0.00      0.00   58640   12472   0.15      0.00      0.00      0.00       0  nginx
1791476746    113    151301    0.00    0.00    0.00    0.00    0.00     0      0.00      0.00  682064   58044   0.71      0.00      0.00      0.00       0  pdns_server
1791476746   1100    151511    0.00    0.00    0.00    0.00    0.00     3      0.00      0.00 1677932    7060   0.09      0.00      0.00      0.00       0  isupipe

# Time        UID       PID    %usr %system  %guest   %wait    %CPU   CPU  minflt/s  majflt/s     VSZ     RSS   %MEM   kB_rd/s   kB_wr/s kB_ccwr/s iodelay  Command
1791476747    112     14307   30.00   11.00    0.00    0.00   41.00     2   3280.00      0.00 2893044 1012272  12.47      0.00  39892.00   3476.00       0  mysqld
1791476747      0     17311    0.00    0.00    0.00    0.00    0.00     1      0.00      0.00   56800   12976   0.16      0.00      0.00      0.00       0  nginx
1791476747     33     23432    0.00    0.00    0.00    0.00    0.00     3      0.00      0.00   61524   15520   0.19      0.00      4.00      0.00       0  nginx
1791476747     33     23433    0.00    0.00    0.00    0.00    0.00     3      0.00      0.00   59612   13264   0.16      0.00      0.00      0.00       0  nginx
1791476747     33     23434    0.00    0.00    0.00    0.00    0.00     0      0.00      0.00   57844   11680   0.14      0.00      0.00      0.00       0  nginx
1791476747     33     23435    0.00    0.00    0.00    0.00    0.00     1      0.00      0.00   58640   12472   0.15      0.00      0.00      0.00       0  nginx
1791476747    113    151301    0.00    1.00    0.00    0.00    1.00     0     12.00      0.00  682592   58044   0.71      0.00      0.00      0.00       0  pdns_server
1791476747   1100    151511    0.00    0.00    0.00    0.00    0.00     2    252.00      0.00 1678188    8620   0.11      0.00     52.00     52.00       0  isupipe

# Time        UID       PID    %usr %system  %guest   %wait    %CPU   CPU  minflt/s  majflt/s     VSZ     RSS   %MEM   kB_rd/s   kB_wr/s kB_ccwr/s iodelay  Command
1791476748    112     14307   20.00    2.00    0.00    0.00   22.00     1      0.00      0.00 2893044 1012272  12.47      0.00   3796.00     68.00       0  mysqld
1791476748      0     17311    0.00    0.00    0.00    0.00    0.00     1      0.00      0.00   56800   12976   0.16      0.00      0.00      0.00       0  nginx
1791476748     33     23432    1.00    1.00    0.00    0.00    2.00     1      0.00      0.00   61524   15520   0.19      0.00     96.00     88.00       0  nginx
1791476748     33     23433    0.00    0.00    0.00    0.00    0.00     3      0.00      0.00   59612   13264   0.16      0.00      0.00      0.00       0  nginx
1791476748     33     23434    0.00    0.00    0.00    0.00    0.00     0      0.00      0.00   57844   11680   0.14      0.00      0.00      0.00       0  nginx
1791476748     33     23435    0.00    0.00    0.00    0.00    0.00     1      0.00      0.00   58640   12472   0.15      0.00      0.00      0.00       0  nginx
1791476748    113    151301    0.00    0.00    0.00    0.00    0.00     0      0.00      0.00  682592   58044   0.71      0.00      0.00      0.00       0  pdns_server
1791476748   1100    151511    7.00    7.00    0.00    0.00   14.00     1   1674.00      0.00 1679596   13092   0.16      0.00      0.00      0.00       0  isupipe

# Time        UID       PID    %usr %system  %guest   %wait    %CPU   CPU  minflt/s  majflt/s     VSZ     RSS   %MEM   kB_rd/s   kB_wr/s kB_ccwr/s iodelay  Command
1791476749    112     14307    0.99    0.99    0.00    0.00    1.98     1      0.00      0.00 2893044 1012272  12.47      0.00   2598.02      0.00       0  mysqld
1791476749      0     17311    0.00    0.00    0.00    0.00    0.00     1      0.00      0.00   56800   12976   0.16      0.00      0.00      0.00       0  nginx
1791476749     33     23432    0.00    0.00    0.00    0.00    0.00     1      0.00      0.00   61524   15520   0.19      0.00      0.00      0.00       0  nginx
1791476749     33     23433    0.00    0.00    0.00    0.00    0.00     3      0.00      0.00   59612   13264   0.16      0.00      0.00      0.00       0  nginx
1791476749     33     23434    0.00    0.00    0.00    0.00    0.00     0      0.00      0.00   57844   11680   0.14      0.00      0.00      0.00       0  nginx
1791476749     33     23435    0.00    0.00    0.00    0.00    0.00     1      0.00      0.00   58640   12472   0.15      0.00      0.00      0.00       0  nginx
1791476749    113    151301    0.00    0.00    0.00    0.00    0.00     0      0.00      0.00  682592   58044   0.71      0.00      0.00      0.00       0  pdns_server
1791476749   1100    151511    0.00    0.00    0.00    0.00    0.00     0      0.00      0.00 1679596   13092   0.16      0.00      0.00      0.00       0  isupipe

# Time        UID       PID    %usr %system  %guest   %wait    %CPU   CPU  minflt/s  majflt/s     VSZ     RSS   %MEM   kB_rd/s   kB_wr/s kB_ccwr/s iodelay  Command
1791476750    112     14307    2.00    3.00    0.00    0.00    5.00     1      0.00      0.00 2893044 1012272  12.47      0.00   2920.00     56.00       0  mysqld
1791476750      0     17311    0.00    0.00    0.00    0.00    0.00     1      0.00      0.00   56800   12976   0.16      0.00      0.00      0.00       0  nginx
1791476750     33     23432    0.00    1.00    0.00    0.00    1.00     2      0.00      0.00   61524   15520   0.19      0.00     84.00     72.00       0  nginx
1791476750     33     23433    0.00    0.00    0.00    0.00    0.00     3      0.00      0.00   59612   13264   0.16      0.00      0.00      0.00       0  nginx
1791476750     33     23434    0.00    0.00    0.00    0.00    0.00     0      0.00      0.00   57844   11680   0.14      0.00      0.00      0.00       0  nginx
1791476750     33     23435    0.00    0.00    0.00    0.00    0.00     1      0.00      0.00   58640   12472   0.15      0.00      0.00      0.00       0  nginx
1791476750    113    151301    0.00    0.00    0.00    0.00    0.00     0      0.00      0.00  682592   58044   0.71      0.00      0.00      0.00       0  pdns_server
1791476750   1100    151511    3.00    2.00    0.00    0.00    5.00     3    164.00      0.00 1679596   12932   0.16      0.00      0.00      0.00       0  isupipe

# Time        UID       PID    %usr %system  %guest   %wait    %CPU   CPU  minflt/s  majflt/s     VSZ     RSS   %MEM   kB_rd/s   kB_wr/s kB_ccwr/s iodelay  Command
1791476751    112     14307    0.94    1.89    0.00    0.00    2.83     1      0.00      0.00 2893044 1012272  12.47      0.00   6041.51      0.00       0  mysqld
1791476751      0     17311    0.00    0.00    0.00    0.00    0.00     1      0.00      0.00   56800   12976   0.16      0.00      0.00      0.00       0  nginx
1791476751     33     23432    0.00    0.00    0.00    0.00    0.00     2      0.00      0.00   61524   15520   0.19      0.00      0.00      0.00       0  nginx
1791476751     33     23433    0.00    0.00    0.00    0.00    0.00     3      0.00      0.00   59612   13264   0.16      0.00      0.00      0.00       0  nginx
1791476751     33     23434    0.00    0.00    0.00    0.00    0.00     0      0.00      0.00   57844   11680   0.14      0.00      0.00      0.00       0  nginx
1791476751     33     23435    0.00    0.00    0.00    0.00    0.00     1      0.00      0.00   58640   12472   0.15      0.00      0.00      0.00       0  nginx
1791476751    113    151301    0.00    0.00    0.00    0.00    0.00     0      0.00      0.00  682592   58044   0.71      0.00      0.00      0.00       0  pdns_server
1791476751   1100    151511    0.00    0.00    0.00    0.00    0.00     3      0.00      0.00 1679596   12992   0.16      0.00      0.00      0.00       0  isupipe

# Time        UID       PID    %usr %system  %guest   %wait    %CPU   CPU  minflt/s  majflt/s     VSZ     RSS   %MEM   kB_rd/s   kB_wr/s kB_ccwr/s iodelay  Command
1791476752    112     14307    6.00    2.00    0.00    0.00    8.00     2      0.00      0.00 2893044 1012272  12.47      0.00    676.00      0.00       0  mysqld
1791476752      0     17311    0.00    0.00    0.00    0.00    0.00     1      0.00      0.00   56800   12976   0.16      0.00      0.00      0.00       0  nginx
1791476752     33     23432    1.00    0.00    0.00    0.00    1.00     3      0.00      0.00   61524   15520   0.19      0.00      4.00      0.00       0  nginx
1791476752     33     23433    0.00    0.00    0.00    0.00    0.00     3      0.00      0.00   59612   13264   0.16      0.00      0.00      0.00       0  nginx
1791476752     33     23434    0.00    0.00    0.00    0.00    0.00     0      0.00      0.00   57844   11680   0.14      0.00      0.00      0.00       0  nginx
1791476752     33     23435    0.00    0.00    0.00    0.00    0.00     1      0.00      0.00   58640   12472   0.15      0.00      0.00      0.00       0  nginx
1791476752    113    151301    0.00    0.00    0.00    0.00    0.00     0      1.00      0.00  682592   58044   0.71      0.00      0.00      0.00       0  pdns_server
1791476752   1100    151511    4.00    0.00    0.00    0.00    4.00     1     48.00      0.00 1679596   13240   0.16      0.00      0.00      0.00       0  isupipe

# Time        UID       PID    %usr %system  %guest   %wait    %CPU   CPU  minflt/s  majflt/s     VSZ     RSS   %MEM   kB_rd/s   kB_wr/s kB_ccwr/s iodelay  Command
1791476753    112     14307   68.00   35.00    0.00    2.00  103.00     2      0.00      0.00 2893044 1012272  12.47      0.00  18400.00   1532.00       0  mysqld
1791476753      0     17311    0.00    0.00    0.00    0.00    0.00     1      0.00      0.00   56800   12976   0.16      0.00      0.00      0.00       0  nginx
1791476753     33     23432    6.00    9.00    0.00    9.00   15.00     3      0.00      0.00   61524   15520   0.19      0.00   1428.00   1252.00       0  nginx
1791476753     33     23433    3.00    3.00    0.00    5.00    6.00     3      0.00      0.00   59612   13264   0.16      0.00    516.00    500.00       0  nginx
1791476753     33     23434    0.00    0.00    0.00    0.00    0.00     0      0.00      0.00   57844   11680   0.14      0.00      0.00      0.00       0  nginx
1791476753     33     23435    0.00    0.00    0.00    0.00    0.00     1      0.00      0.00   58640   12472   0.15      0.00      0.00      0.00       0  nginx
1791476753    113    151301   12.00   17.00    0.00    0.00   29.00     0     50.00      0.00  682592   58044   0.71      0.00      0.00      0.00       0  pdns_server
1791476753   1100    151511   27.00   26.00    0.00   14.00   53.00     1   2120.00      0.00 1900972   15544   0.19      0.00      0.00      0.00       0  isupipe

# Time        UID       PID    %usr %system  %guest   %wait    %CPU   CPU  minflt/s  majflt/s     VSZ     RSS   %MEM   kB_rd/s   kB_wr/s kB_ccwr/s iodelay  Command
1791476754    112     14307   76.00   46.00    0.00    1.00  122.00     3    271.00      0.00 2903324 1012904  12.48      0.00   6776.00   1344.00       0  mysqld
1791476754      0     17311    0.00    0.00    0.00    0.00    0.00     1      0.00      0.00   56800   12976   0.16      0.00      0.00      0.00       0  nginx
1791476754     33     23432    5.00   10.00    0.00   20.00   15.00     3      0.00      0.00   61524   15520   0.19      0.00    924.00    936.00       0  nginx
1791476754     33     23433    6.00    5.00    0.00   14.00   11.00     3      0.00      0.00   59612   13264   0.16      0.00    340.00    276.00       0  nginx
1791476754     33     23434    1.00    2.00    0.00    3.00    3.00     3      0.00      0.00   57844   11680   0.14      0.00    188.00    172.00       0  nginx
1791476754     33     23435    2.00    3.00    0.00    7.00    5.00     3      0.00      0.00   58640   12472   0.15      0.00    332.00    296.00       0  nginx
1791476754    113    151301   12.00   12.00    0.00    0.00   24.00     0     51.00      0.00  682592   58672   0.72      0.00      0.00      0.00       0  pdns_server
1791476754   1100    151511   33.00   35.00    0.00   26.00   68.00     3   3427.00      0.00 1901484   15480   0.19      0.00      0.00      0.00       0  isupipe

# Time        UID       PID    %usr %system  %guest   %wait    %CPU   CPU  minflt/s  majflt/s     VSZ     RSS   %MEM   kB_rd/s   kB_wr/s kB_ccwr/s iodelay  Command
1791476755    112     14307   83.00   39.00    0.00    2.00  122.00     3     15.00      0.00 2908464 1012904  12.48      0.00   7612.00   1004.00       0  mysqld
1791476755      0     17311    0.00    0.00    0.00    0.00    0.00     1      0.00      0.00   56800   12976   0.16      0.00      0.00      0.00       0  nginx
1791476755     33     23432    5.00   11.00    0.00   21.00   16.00     3      0.00      0.00   61524   15520   0.19      0.00    836.00    612.00       0  nginx
1791476755     33     23433    6.00    5.00    0.00   11.00   11.00     3      0.00      0.00   59612   13264   0.16      0.00    364.00    344.00       0  nginx
1791476755     33     23434    0.00    1.00    0.00    3.00    1.00     2      0.00      0.00   57844   11680   0.14      0.00      4.00      0.00       0  nginx
1791476755     33     23435    2.00    3.00    0.00    6.00    5.00     1      0.00      0.00   58640   12472   0.15      0.00    312.00    284.00       0  nginx
1791476755    113    151301    9.00   18.00    0.00    0.00   27.00     0     48.00      0.00  682592   58936   0.73      0.00      0.00      0.00       0  pdns_server
1791476755   1100    151511   38.00   34.00    0.00   36.00   72.00     2   4477.00      0.00 2049068   15720   0.19      0.00      0.00      0.00       0  isupipe

# Time        UID       PID    %usr %system  %guest   %wait    %CPU   CPU  minflt/s  majflt/s     VSZ     RSS   %MEM   kB_rd/s   kB_wr/s kB_ccwr/s iodelay  Command
1791476756    112     14307   78.00   45.00    0.00    2.00  123.00     2     87.00      0.00 2910520 1013112  12.48      0.00   7844.00   1104.00       0  mysqld
1791476756      0     17311    0.00    0.00    0.00    0.00    0.00     1      0.00      0.00   56800   12976   0.16      0.00      0.00      0.00       0  nginx
1791476756     33     23432    7.00    9.00    0.00   21.00   16.00     1      0.00      0.00   61524   15520   0.19      0.00    948.00    928.00       0  nginx
1791476756     33     23433    4.00    6.00    0.00   11.00   10.00     3      0.00      0.00   59612   13264   0.16      0.00    228.00    164.00       0  nginx
1791476756     33     23434    0.00    2.00    0.00    2.00    2.00     3      0.00      0.00   57844   11680   0.14      0.00      4.00      0.00       0  nginx
1791476756     33     23435    1.00    3.00    0.00    4.00    4.00     3      0.00      0.00   58640   12472   0.15      0.00    264.00    252.00       0  nginx
1791476756    113    151301   15.00   15.00    0.00    0.00   30.00     0     61.00      0.00  682592   59196   0.73      0.00      0.00      0.00       0  pdns_server
1791476756   1100    151511   38.00   30.00    0.00   15.00   68.00     0   4032.00      0.00 2122860   15988   0.20      0.00      0.00      0.00       0  isupipe

# Time        UID       PID    %usr %system  %guest   %wait    %CPU   CPU  minflt/s  majflt/s     VSZ     RSS   %MEM   kB_rd/s   kB_wr/s kB_ccwr/s iodelay  Command
1791476757    112     14307   77.00   43.00    0.00    1.00  120.00     2     77.00      0.00 2910520 1013324  12.48      0.00   5808.00    824.00       0  mysqld
1791476757      0     17311    0.00    0.00    0.00    0.00    0.00     1      0.00      0.00   56800   12976   0.16      0.00      0.00      0.00       0  nginx
1791476757     33     23432    4.00   11.00    0.00   16.00   15.00     3      0.00      0.00   61524   15520   0.19      0.00    484.00    420.00       0  nginx
1791476757     33     23433    2.00    7.00    0.00    9.00    9.00     3      0.00      0.00   59612   13264   0.16      0.00    156.00    104.00       0  nginx
1791476757     33     23434    1.00    1.00    0.00    1.00    2.00     3      0.00      0.00   57844   11680   0.14      0.00    288.00    284.00       0  nginx
1791476757     33     23435    3.00    3.00    0.00    6.00    6.00     3      0.00      0.00   58640   12472   0.15      0.00    312.00    280.00       0  nginx
1791476757    113    151301   11.00   20.00    0.00    0.00   31.00     0     62.00      0.00  682592   59720   0.74      0.00      0.00      0.00       0  pdns_server
1791476757   1100    151511   33.00   32.00    0.00   32.00   65.00     2   3714.00      0.00 2122860   16136   0.20      0.00      0.00      0.00       0  isupipe

# Time        UID       PID    %usr %system  %guest   %wait    %CPU   CPU  minflt/s  majflt/s     VSZ     RSS   %MEM   kB_rd/s   kB_wr/s kB_ccwr/s iodelay  Command
1791476758    112     14307   71.00   45.00    0.00    1.00  116.00     3      0.00      0.00 2910520 1013324  12.48      0.00   6180.00   1068.00       0  mysqld
1791476758      0     17311    0.00    0.00    0.00    0.00    0.00     1      0.00      0.00   56800   12976   0.16      0.00      0.00      0.00       0  nginx
1791476758     33     23432    5.00    8.00    0.00   16.00   13.00     3      0.00      0.00   61524   15520   0.19      0.00    620.00    532.00       0  nginx
1791476758     33     23433    2.00    6.00    0.00   11.00    8.00     0      0.00      0.00   59612   13264   0.16      0.00    380.00    348.00       0  nginx
1791476758     33     23434    0.00    1.00    0.00    1.00    1.00     3      0.00      0.00   57844   11680   0.14      0.00     84.00      0.00       0  nginx
1791476758     33     23435    2.00    4.00    0.00    8.00    6.00     0      0.00      0.00   58640   12472   0.15      0.00    320.00    296.00       0  nginx
1791476758    113    151301   11.00   19.00    0.00    0.00   30.00     0     66.00      0.00  682592   59984   0.74      0.00      0.00      0.00       0  pdns_server
1791476758   1100    151511   35.00   30.00    0.00   33.00   65.00     0   4037.00      0.00 2122860   16636   0.20      0.00      0.00      0.00       0  isupipe

# Time        UID       PID    %usr %system  %guest   %wait    %CPU   CPU  minflt/s  majflt/s     VSZ     RSS   %MEM   kB_rd/s   kB_wr/s kB_ccwr/s iodelay  Command
1791476759    112     14307   78.00   50.00    0.00    1.00  128.00     3     77.00      0.00 2910520 1013588  12.48      0.00   8912.00    712.00       0  mysqld
1791476759      0     17311    0.00    0.00    0.00    0.00    0.00     1      0.00      0.00   56800   12976   0.16      0.00      0.00      0.00       0  nginx
1791476759     33     23432    5.00    8.00    0.00   19.00   13.00     3      0.00      0.00   61524   15520   0.19      0.00    488.00    420.00       0  nginx
1791476759     33     23433    4.00    5.00    0.00   15.00    9.00     3      0.00      0.00   59612   13264   0.16      0.00    304.00    252.00       0  nginx
1791476759     33     23434    1.00    1.00    0.00    2.00    2.00     3      0.00      0.00   57844   11680   0.14      0.00     80.00     80.00       0  nginx
1791476759     33     23435    1.00    7.00    0.00    7.00    8.00     3      0.00      0.00   58640   12472   0.15      0.00    300.00    264.00       0  nginx
1791476759    113    151301   13.00   21.00    0.00    0.00   34.00     0     79.00      0.00  682592   60248   0.74      0.00      0.00      0.00       0  pdns_server
1791476759   1100    151511   37.00   34.00    0.00   36.00   71.00     0   3121.00      0.00 2122860   16828   0.21      0.00      0.00      0.00       0  isupipe

# Time        UID       PID    %usr %system  %guest   %wait    %CPU   CPU  minflt/s  majflt/s     VSZ     RSS   %MEM   kB_rd/s   kB_wr/s kB_ccwr/s iodelay  Command
1791476760    112     14307   93.00   42.00    0.00    1.00  135.00     3    151.00      0.00 2910520 1014024  12.49      0.00   7168.00    820.00       0  mysqld
1791476760      0     17311    0.00    0.00    0.00    0.00    0.00     1      0.00      0.00   56800   12976   0.16      0.00      0.00      0.00       0  nginx
1791476760     33     23432    4.00   13.00    0.00   19.00   17.00     0      0.00      0.00   61524   15520   0.19      0.00    868.00    768.00       0  nginx
1791476760     33     23433    5.00    7.00    0.00    8.00   12.00     0      0.00      0.00   59612   13264   0.16      0.00    188.00    140.00       0  nginx
1791476760     33     23434    0.00    0.00    0.00    0.00    0.00     3      0.00      0.00   57844   11680   0.14      0.00     88.00    160.00       0  nginx
1791476760     33     23435    1.00    4.00    0.00    3.00    5.00     3      0.00      0.00   58640   12472   0.15      0.00     16.00      0.00       0  nginx
1791476760    113    151301   18.00   18.00    0.00    0.00   36.00     0     79.00      0.00  682592   60512   0.75      0.00      0.00      0.00       0  pdns_server
1791476760   1100    151511   34.00   28.00    0.00    5.00   62.00     0   3635.00      0.00 2122860   16764   0.21      0.00      0.00      0.00       0  isupipe

# Time        UID       PID    %usr %system  %guest   %wait    %CPU   CPU  minflt/s  majflt/s     VSZ     RSS   %MEM   kB_rd/s   kB_wr/s kB_ccwr/s iodelay  Command
1791476761    112     14307   82.00   48.00    0.00    1.00  130.00     0     78.00      0.00 2910520 1014240  12.49      0.00   5852.00    780.00       0  mysqld
1791476761      0     17311    0.00    0.00    0.00    0.00    0.00     1      0.00      0.00   56800   12976   0.16      0.00      0.00      0.00       0  nginx
1791476761     33     23432    5.00   10.00    0.00   14.00   15.00     3      0.00      0.00   61524   15520   0.19      0.00    648.00    452.00       0  nginx
1791476761     33     23433    3.00    4.00    0.00    8.00    7.00     3      0.00      0.00   59612   13264   0.16      0.00    336.00    292.00       0  nginx
1791476761     33     23434    0.00    2.00    0.00    4.00    2.00     3      0.00      0.00   57844   11680   0.14      0.00      0.00      0.00       0  nginx
1791476761     33     23435    1.00    2.00    0.00    3.00    3.00     3      0.00      0.00   58640   12472   0.15      0.00    196.00    180.00       0  nginx
1791476761    113    151301   14.00   27.00    0.00    0.00   41.00     0     93.00      0.00  682592   60776   0.75      0.00      0.00      0.00       0  pdns_server
1791476761   1100    151511   36.00   27.00    0.00    0.00   63.00     0   3020.00      0.00 2122860   16568   0.20      0.00      0.00      0.00       0  isupipe

# Time        UID       PID    %usr %system  %guest   %wait    %CPU   CPU  minflt/s  majflt/s     VSZ     RSS   %MEM   kB_rd/s   kB_wr/s kB_ccwr/s iodelay  Command
1791476762    112     14307   75.00   50.00    0.00    1.00  125.00     0      1.00      0.00 2910520 1014240  12.49      0.00  10888.00    504.00       0  mysqld
1791476762      0     17311    0.00    0.00    0.00    0.00    0.00     1      0.00      0.00   56800   12976   0.16      0.00      0.00      0.00       0  nginx
1791476762     33     23432    4.00   10.00    0.00   14.00   14.00     2      0.00      0.00   61524   15520   0.19      0.00    164.00    224.00       0  nginx
1791476762     33     23433    2.00    3.00    0.00    7.00    5.00     3      0.00      0.00   59612   13264   0.16      0.00    356.00    332.00       0  nginx
1791476762     33     23434    1.00    1.00    0.00    1.00    2.00     3      0.00      0.00   57844   11680   0.14      0.00      4.00      0.00       0  nginx
1791476762     33     23435    0.00    2.00    0.00    5.00    2.00     3      0.00      0.00   58640   12472   0.15      0.00    228.00    136.00       0  nginx
1791476762    113    151301   15.00   26.00    0.00    0.00   41.00     0     77.00      0.00  682592   61040   0.75      0.00      0.00      0.00       0  pdns_server
1791476762   1100    151511   26.00   32.00    0.00    0.00   58.00     0   1975.00      0.00 2122860   16780   0.21      0.00      0.00      0.00       0  isupipe

# Time        UID       PID    %usr %system  %guest   %wait    %CPU   CPU  minflt/s  majflt/s     VSZ     RSS   %MEM   kB_rd/s   kB_wr/s kB_ccwr/s iodelay  Command
1791476763    112     14307   71.00   53.00    0.00    0.00  124.00     0      0.00      0.00 2910520 1014240  12.49      0.00   7048.00    896.00       0  mysqld
1791476763      0     17311    0.00    0.00    0.00    0.00    0.00     1      0.00      0.00   56800   12976   0.16      0.00      0.00      0.00       0  nginx
1791476763     33     23432    6.00   11.00    0.00   16.00   17.00     0      0.00      0.00   61524   15520   0.19      0.00    576.00    508.00       0  nginx
1791476763     33     23433    4.00    7.00    0.00    8.00   11.00     3      0.00      0.00   59612   13264   0.16      0.00    440.00    400.00       0  nginx
1791476763     33     23434    0.00    1.00    0.00    4.00    1.00     3      0.00      0.00   57844   11680   0.14      0.00      4.00      0.00       0  nginx
1791476763     33     23435    1.00    3.00    0.00    4.00    4.00     3      0.00      0.00   58640   12472   0.15      0.00    112.00    184.00       0  nginx
1791476763    113    151301   15.00   22.00    0.00    0.00   37.00     0     73.00      0.00  682592   61040   0.75      0.00      0.00      0.00       0  pdns_server
1791476763   1100    151511   34.00   30.00    0.00    0.00   64.00     0   3369.00      0.00 2122860   16728   0.21      0.00      0.00      0.00       0  isupipe

# Time        UID       PID    %usr %system  %guest   %wait    %CPU   CPU  minflt/s  majflt/s     VSZ     RSS   %MEM   kB_rd/s   kB_wr/s kB_ccwr/s iodelay  Command
1791476764    112     14307   97.00   45.00    0.00    0.00  142.00     0     63.00      0.00 2910520 1014432  12.50      0.00   6652.00    908.00       0  mysqld
1791476764      0     17311    0.00    0.00    0.00    0.00    0.00     1      0.00      0.00   56800   12976   0.16      0.00      0.00      0.00       0  nginx
1791476764     33     23432    3.00   12.00    0.00   14.00   15.00     3      0.00      0.00   61524   15520   0.19      0.00    752.00    652.00       0  nginx
1791476764     33     23433    2.00    5.00    0.00   10.00    7.00     3      0.00      0.00   59612   13264   0.16      0.00    304.00    256.00       0  nginx
1791476764     33     23434    0.00    3.00    0.00    2.00    3.00     3      0.00      0.00   57844   11680   0.14      0.00      0.00      0.00       0  nginx
1791476764     33     23435    1.00    2.00    0.00    3.00    3.00     3      0.00      0.00   58640   12472   0.15      0.00    192.00    184.00       0  nginx
1791476764    113    151301   21.00   30.00    0.00    0.00   51.00     0    136.00      0.00  682592   61568   0.76      0.00      0.00      0.00       0  pdns_server
1791476764   1100    151511   34.00   21.00    0.00    0.00   55.00     0   3791.00      0.00 2122860   17048   0.21      0.00      0.00      0.00       0  isupipe

# Time        UID       PID    %usr %system  %guest   %wait    %CPU   CPU  minflt/s  majflt/s     VSZ     RSS   %MEM   kB_rd/s   kB_wr/s kB_ccwr/s iodelay  Command
1791476765    112     14307   88.00   50.00    0.00    0.00  138.00     0    170.00      0.00 2910520 1014848  12.50      0.00   6060.00    736.00       0  mysqld
1791476765      0     17311    0.00    0.00    0.00    0.00    0.00     1      0.00      0.00   56800   12976   0.16      0.00      0.00      0.00       0  nginx
1791476765     33     23432    2.00    9.00    0.00   22.00   11.00     1      0.00      0.00   61524   15520   0.19      0.00    292.00    232.00       0  nginx
1791476765     33     23433    3.00    6.00    0.00   14.00    9.00     2      0.00      0.00   59612   13264   0.16      0.00    364.00    304.00       0  nginx
1791476765     33     23434    1.00    1.00    0.00    4.00    2.00     3      0.00      0.00   57844   11680   0.14      0.00    176.00    168.00       0  nginx
1791476765     33     23435    2.00    3.00    0.00    6.00    5.00     3      0.00      0.00   58640   12472   0.15      0.00    180.00    172.00       0  nginx
1791476765    113    151301   19.00   23.00    0.00    0.00   42.00     0     65.00      0.00  682592   62096   0.76      0.00      0.00      0.00       0  pdns_server
1791476765   1100    151511   34.00   29.00    0.00    0.00   63.00     0   3340.00      0.00 2122860   17504   0.22      0.00      0.00      0.00       0  isupipe

# Time        UID       PID    %usr %system  %guest   %wait    %CPU   CPU  minflt/s  majflt/s     VSZ     RSS   %MEM   kB_rd/s   kB_wr/s kB_ccwr/s iodelay  Command
1791476766    112     14307   94.00   46.00    0.00    2.00  140.00     0      0.00      0.00 2910520 1014848  12.50      0.00   7140.00    980.00       0  mysqld
1791476766      0     17311    0.00    0.00    0.00    0.00    0.00     1      0.00      0.00   56800   12976   0.16      0.00      0.00      0.00       0  nginx
1791476766     33     23432    5.00   12.00    0.00   19.00   17.00     3      0.00      0.00   61524   15520   0.19      0.00    616.00    448.00       0  nginx
1791476766     33     23433    5.00    4.00    0.00   10.00    9.00     3      0.00      0.00   59612   13264   0.16      0.00    612.00    568.00       0  nginx
1791476766     33     23434    0.00    2.00    0.00    2.00    2.00     3      0.00      0.00   57844   11680   0.14      0.00    108.00     96.00       0  nginx
1791476766     33     23435    1.00    2.00    0.00    4.00    3.00     3      0.00      0.00   58640   12472   0.15      0.00     28.00      0.00       0  nginx
1791476766    113    151301   22.00   28.00    0.00    0.00   50.00     0     27.00      0.00  682592   62096   0.76      0.00      0.00      0.00       0  pdns_server
1791476766   1100    151511   35.00   28.00    0.00    0.00   63.00     0   4081.00      0.00 2122860   17100   0.21      0.00      0.00      0.00       0  isupipe

# Time        UID       PID    %usr %system  %guest   %wait    %CPU   CPU  minflt/s  majflt/s     VSZ     RSS   %MEM   kB_rd/s   kB_wr/s kB_ccwr/s iodelay  Command
1791476767    112     14307   82.00   48.00    0.00    2.00  130.00     0      3.00      0.00 2911548 1014848  12.50      0.00   7468.00    736.00       0  mysqld
1791476767      0     17311    0.00    0.00    0.00    0.00    0.00     1      0.00      0.00   56800   12976   0.16      0.00      0.00      0.00       0  nginx
1791476767     33     23432    4.00   10.00    0.00   21.00   14.00     3      0.00      0.00   61524   15520   0.19      0.00    684.00    724.00       0  nginx
1791476767     33     23433    3.00    5.00    0.00   11.00    8.00     3      0.00      0.00   59612   13264   0.16      0.00    188.00    160.00       0  nginx
1791476767     33     23434    1.00    1.00    0.00    4.00    2.00     3      0.00      0.00   57844   11680   0.14      0.00      4.00      0.00       0  nginx
1791476767     33     23435    1.00    5.00    0.00    8.00    6.00     3      0.00      0.00   58640   12472   0.15      0.00    124.00     92.00       0  nginx
1791476767    113    151301   18.00   24.00    0.00    0.00   42.00     0     24.00      0.00  682592   62096   0.76      0.00      0.00      0.00       0  pdns_server
1791476767   1100    151511   36.00   32.00    0.00    0.00   68.00     0   2288.00      0.00 2122860   16512   0.20      0.00      0.00      0.00       0  isupipe

# Time        UID       PID    %usr %system  %guest   %wait    %CPU   CPU  minflt/s  majflt/s     VSZ     RSS   %MEM   kB_rd/s   kB_wr/s kB_ccwr/s iodelay  Command
1791476768    112     14307   88.00   48.00    0.00    1.00  136.00     0     79.00      0.00 2911548 1015108  12.50      0.00  11296.00    856.00       0  mysqld
1791476768      0     17311    0.00    0.00    0.00    0.00    0.00     1      0.00      0.00   56800   12976   0.16      0.00      0.00      0.00       0  nginx
1791476768     33     23432    4.00   12.00    0.00   22.00   16.00     3      0.00      0.00   61524   15520   0.19      0.00    584.00    488.00       0  nginx
1791476768     33     23433    3.00    7.00    0.00    9.00   10.00     3      0.00      0.00   59612   13264   0.16      0.00    396.00    352.00       0  nginx
1791476768     33     23434    1.00    2.00    0.00    3.00    3.00     3      0.00      0.00   57844   11680   0.14      0.00    112.00    100.00       0  nginx
1791476768     33     23435    2.00    4.00    0.00    6.00    6.00     0      0.00      0.00   58640   12472   0.15      0.00    200.00    188.00       0  nginx
1791476768    113    151301   17.00   24.00    0.00    0.00   41.00     0     20.00      0.00  682592   62360   0.77      0.00      0.00      0.00       0  pdns_server
1791476768   1100    151511   33.00   34.00    0.00    0.00   67.00     0   3275.00      0.00 2122860   17420   0.21      0.00      0.00      0.00       0  isupipe

# Time        UID       PID    %usr %system  %guest   %wait    %CPU   CPU  minflt/s  majflt/s     VSZ     RSS   %MEM   kB_rd/s   kB_wr/s kB_ccwr/s iodelay  Command
1791476769    112     14307   94.00   47.00    0.00    0.00  141.00     1     78.00      0.00 2911548 1015336  12.51      0.00   7268.00    896.00       0  mysqld
1791476769      0     17311    0.00    0.00    0.00    0.00    0.00     1      0.00      0.00   56800   12976   0.16      0.00      0.00      0.00       0  nginx
1791476769     33     23432    8.00    8.00    0.00   17.00   16.00     3      0.00      0.00   61524   15520   0.19      0.00    712.00    616.00       0  nginx
1791476769     33     23433    3.00    5.00    0.00   10.00    8.00     3      0.00      0.00   59612   13264   0.16      0.00    400.00    372.00       0  nginx
1791476769     33     23434    0.00    5.00    0.00    6.00    5.00     3      0.00      0.00   57844   11680   0.14      0.00     16.00      0.00       0  nginx
1791476769     33     23435    1.00    4.00    0.00    4.00    5.00     3      0.00      0.00   58640   12472   0.15      0.00    116.00     88.00       0  nginx
1791476769    113    151301   20.00   26.00    0.00    0.00   46.00     0     26.00      0.00  682592   62360   0.77      0.00      0.00      0.00       0  pdns_server
1791476769   1100    151511   36.00   27.00    0.00    0.00   63.00     0   2972.00      0.00 2122860   17856   0.22      0.00      0.00      0.00       0  isupipe

# Time        UID       PID    %usr %system  %guest   %wait    %CPU   CPU  minflt/s  majflt/s     VSZ     RSS   %MEM   kB_rd/s   kB_wr/s kB_ccwr/s iodelay  Command
1791476770    112     14307   82.00   55.00    0.00    2.00  137.00     1      0.00      0.00 2911548 1015336  12.51      0.00   7352.00    932.00       0  mysqld
1791476770      0     17311    0.00    0.00    0.00    0.00    0.00     1      0.00      0.00   56800   12976   0.16      0.00      0.00      0.00       0  nginx
1791476770     33     23432    7.00    7.00    0.00   16.00   14.00     0      0.00      0.00   61524   15520   0.19      0.00    568.00    504.00       0  nginx
1791476770     33     23433    5.00    6.00    0.00   12.00   11.00     3      0.00      0.00   59612   13264   0.16      0.00    416.00    352.00       0  nginx
1791476770     33     23434    1.00    1.00    0.00    4.00    2.00     3      0.00      0.00   57844   11680   0.14      0.00    100.00     88.00       0  nginx
1791476770     33     23435    3.00    2.00    0.00    4.00    5.00     3      0.00      0.00   58640   12472   0.15      0.00    212.00    188.00       0  nginx
1791476770    113    151301   22.00   19.00    0.00    0.00   41.00     0     25.00      0.00  682592   62360   0.77      0.00      0.00      0.00       0  pdns_server
1791476770   1100    151511   38.00   31.00    0.00    0.00   69.00     0   3211.00      0.00 2122860   17628   0.22      0.00      0.00      0.00       0  isupipe

# Time        UID       PID    %usr %system  %guest   %wait    %CPU   CPU  minflt/s  majflt/s     VSZ     RSS   %MEM   kB_rd/s   kB_wr/s kB_ccwr/s iodelay  Command
1791476771    112     14307   87.00   51.00    0.00    0.00  138.00     1     39.00      0.00 2911548 1015336  12.51      0.00   7432.00   1068.00       0  mysqld
1791476771      0     17311    0.00    0.00    0.00    0.00    0.00     1      0.00      0.00   56800   12976   0.16      0.00      0.00      0.00       0  nginx
1791476771     33     23432    7.00    5.00    0.00   17.00   12.00     3      0.00      0.00   61524   15520   0.19      0.00    852.00    800.00       0  nginx
1791476771     33     23433    3.00    7.00    0.00   12.00   10.00     3      0.00      0.00   59612   13264   0.16      0.00    276.00    216.00       0  nginx
1791476771     33     23434    0.00    1.00    0.00    0.00    1.00     0      0.00      0.00   57844   11680   0.14      0.00     64.00     64.00       0  nginx
1791476771     33     23435    0.00    6.00    0.00    7.00    6.00     1      0.00      0.00   58640   12472   0.15      0.00    164.00    128.00       0  nginx
1791476771    113    151301   25.00   22.00    0.00    0.00   47.00     0     26.00      0.00  682592   62624   0.77      0.00      0.00      0.00       0  pdns_server
1791476771   1100    151511   37.00   31.00    0.00    0.00   68.00     0   3431.00      0.00 2122860   17204   0.21      0.00      0.00      0.00       0  isupipe

# Time        UID       PID    %usr %system  %guest   %wait    %CPU   CPU  minflt/s  majflt/s     VSZ     RSS   %MEM   kB_rd/s   kB_wr/s kB_ccwr/s iodelay  Command
1791476772    112     14307   86.00   48.00    0.00    0.00  134.00     1     24.00      0.00 2911548 1015336  12.51      0.00   5552.00    548.00       0  mysqld
1791476772      0     17311    0.00    0.00    0.00    0.00    0.00     1      0.00      0.00   56800   12976   0.16      0.00      0.00      0.00       0  nginx
1791476772     33     23432    6.00   10.00    0.00   16.00   16.00     3      0.00      0.00   61524   15520   0.19      0.00    624.00    420.00       0  nginx
1791476772     33     23433    2.00    6.00    0.00   14.00    8.00     3      0.00      0.00   59612   13264   0.16      0.00    184.00    160.00       0  nginx
1791476772     33     23434    1.00    0.00    0.00    1.00    1.00     1      0.00      0.00   57844   11680   0.14      0.00      8.00      0.00       0  nginx
1791476772     33     23435    2.00    4.00    0.00    8.00    6.00     3      0.00      0.00   58640   12472   0.15      0.00     16.00      0.00       0  nginx
1791476772    113    151301   19.00   20.00    0.00    0.00   39.00     0     16.00      0.00  682592   62624   0.77      0.00      0.00      0.00       0  pdns_server
1791476772   1100    151511   32.00   33.00    0.00    0.00   65.00     0   2652.00      0.00 2122860   19008   0.23      0.00      0.00      0.00       0  isupipe

# Time        UID       PID    %usr %system  %guest   %wait    %CPU   CPU  minflt/s  majflt/s     VSZ     RSS   %MEM   kB_rd/s   kB_wr/s kB_ccwr/s iodelay  Command
1791476773    112     14307   91.00   50.00    0.00    0.00  141.00     1      1.00      0.00 2911548 1015336  12.51      0.00   7132.00    988.00       0  mysqld
1791476773      0     17311    0.00    0.00    0.00    0.00    0.00     1      0.00      0.00   56800   12976   0.16      0.00      0.00      0.00       0  nginx
1791476773     33     23432    6.00    9.00    0.00   16.00   15.00     3      0.00      0.00   61524   15520   0.19      0.00    784.00    860.00       0  nginx
1791476773     33     23433    3.00    4.00    0.00   11.00    7.00     3      0.00      0.00   59612   13264   0.16      0.00    228.00    196.00       0  nginx
1791476773     33     23434    0.00    2.00    0.00    2.00    2.00     3      0.00      0.00   57844   11680   0.14      0.00     88.00     76.00       0  nginx
1791476773     33     23435    0.00    5.00    0.00    5.00    5.00     3      0.00      0.00   58640   12472   0.15      0.00     28.00      0.00       0  nginx
1791476773    113    151301   18.00   24.00    0.00    0.00   42.00     0     18.00      0.00  682592   62624   0.77      0.00      0.00      0.00       0  pdns_server
1791476773   1100    151511   34.00   27.00    0.00    0.00   61.00     0   3098.00      0.00 2122860   17800   0.22      0.00      0.00      0.00       0  isupipe

# Time        UID       PID    %usr %system  %guest   %wait    %CPU   CPU  minflt/s  majflt/s     VSZ     RSS   %MEM   kB_rd/s   kB_wr/s kB_ccwr/s iodelay  Command
1791476774    112     14307  100.00   42.00    0.00    1.00  142.00     2      0.00      0.00 2911548 1015336  12.51      0.00   6884.00    664.00       0  mysqld
1791476774      0     17311    0.00    0.00    0.00    0.00    0.00     1      0.00      0.00   56800   12976   0.16      0.00      0.00      0.00       0  nginx
1791476774     33     23432    4.00   10.00    0.00   20.00   14.00     3      0.00      0.00   61524   15520   0.19      0.00    364.00    292.00       0  nginx
1791476774     33     23433    3.00    6.00    0.00    8.00    9.00     1      0.00      0.00   59612   13264   0.16      0.00    428.00    388.00       0  nginx
1791476774     33     23434    3.00    1.00    0.00    5.00    4.00     3      0.00      0.00   57844   11680   0.14      0.00    112.00     96.00       0  nginx
1791476774     33     23435    2.00    4.00    0.00    8.00    6.00     0      0.00      0.00   58640   12472   0.15      0.00    128.00     96.00       0  nginx
1791476774    113    151301   18.00   23.00    0.00    0.00   41.00     0      6.00      0.00  682592   62624   0.77      0.00      0.00      0.00       0  pdns_server
1791476774   1100    151511   41.00   28.00    0.00    0.00   69.00     0   2563.00      0.00 2122860   16972   0.21      0.00      0.00      0.00       0  isupipe

# Time        UID       PID    %usr %system  %guest   %wait    %CPU   CPU  minflt/s  majflt/s     VSZ     RSS   %MEM   kB_rd/s   kB_wr/s kB_ccwr/s iodelay  Command
1791476775    112     14307   91.00   52.00    0.00    0.00  143.00     2      3.00      0.00 2911548 1015336  12.51      0.00  10936.00    812.00       0  mysqld
1791476775      0     17311    0.00    0.00    0.00    0.00    0.00     1      0.00      0.00   56800   12976   0.16      0.00      0.00      0.00       0  nginx
1791476775     33     23432    3.00    8.00    0.00   18.00   11.00     3      0.00      0.00   61524   15520   0.19      0.00    368.00    316.00       0  nginx
1791476775     33     23433    2.00    7.00    0.00   11.00    9.00     3      0.00      0.00   59612   13264   0.16      0.00    380.00    344.00       0  nginx
1791476775     33     23434    1.00    3.00    0.00    7.00    4.00     3      0.00      0.00   57844   11680   0.14      0.00    112.00     88.00       0  nginx
1791476775     33     23435    3.00    4.00    0.00    8.00    7.00     3      0.00      0.00   58640   12472   0.15      0.00    280.00    260.00       0  nginx
1791476775    113    151301   23.00   21.00    0.00    0.00   44.00     0      7.00      0.00  682592   62888   0.77      0.00      0.00      0.00       0  pdns_server
1791476775   1100    151511   30.00   28.00    0.00    0.00   58.00     0   2489.00      0.00 2122860   17560   0.22      0.00      0.00      0.00       0  isupipe

# Time        UID       PID    %usr %system  %guest   %wait    %CPU   CPU  minflt/s  majflt/s     VSZ     RSS   %MEM   kB_rd/s   kB_wr/s kB_ccwr/s iodelay  Command
1791476776    112     14307   91.00   44.00    0.00    0.00  135.00     2      0.00      0.00 2911548 1015336  12.51      0.00   7148.00    796.00       0  mysqld
1791476776      0     17311    0.00    0.00    0.00    0.00    0.00     1      0.00      0.00   56800   12976   0.16      0.00      0.00      0.00       0  nginx
1791476776     33     23432    6.00    7.00    0.00   20.00   13.00     1      0.00      0.00   61524   15520   0.19      0.00    436.00    368.00       0  nginx
1791476776     33     23433    3.00    8.00    0.00   13.00   11.00     3      0.00      0.00   59612   13264   0.16      0.00    220.00    184.00       0  nginx
1791476776     33     23434    1.00    2.00    0.00    1.00    3.00     3      0.00      0.00   57844   11680   0.14      0.00    328.00    328.00       0  nginx
1791476776     33     23435    2.00    3.00    0.00    7.00    5.00     3      0.00      0.00   58640   12472   0.15      0.00    136.00    100.00       0  nginx
1791476776    113    151301   23.00   25.00    0.00    0.00   48.00     0      7.00      0.00  682592   62888   0.77      0.00      0.00      0.00       0  pdns_server
1791476776   1100    151511   39.00   28.00    0.00    0.00   67.00     0   2896.00      0.00 2122860   17376   0.21      0.00      0.00      0.00       0  isupipe

# Time        UID       PID    %usr %system  %guest   %wait    %CPU   CPU  minflt/s  majflt/s     VSZ     RSS   %MEM   kB_rd/s   kB_wr/s kB_ccwr/s iodelay  Command
1791476777    112     14307   92.00   45.00    0.00    2.00  137.00     3      0.00      0.00 2911548 1015336  12.51      0.00   6768.00    752.00       0  mysqld
1791476777      0     17311    0.00    0.00    0.00    0.00    0.00     1      0.00      0.00   56800   12976   0.16      0.00      0.00      0.00       0  nginx
1791476777     33     23432    2.00   10.00    0.00   16.00   12.00     3      0.00      0.00   61524   15520   0.19      0.00    484.00    408.00       0  nginx
1791476777     33     23433    4.00    6.00    0.00   12.00   10.00     3      0.00      0.00   59612   13264   0.16      0.00    360.00    320.00       0  nginx
1791476777     33     23434    0.00    1.00    0.00    1.00    1.00     3      0.00      0.00   57844   11680   0.14      0.00     92.00     92.00       0  nginx
1791476777     33     23435    3.00    5.00    0.00   10.00    8.00     3      0.00      0.00   58640   12472   0.15      0.00    112.00     84.00       0  nginx
1791476777    113    151301   19.00   29.00    0.00    0.00   48.00     0     10.00      0.00  682592   62888   0.77      0.00      0.00      0.00       0  pdns_server
1791476777   1100    151511   33.00   29.00    0.00    0.00   62.00     0   3431.00      0.00 2122860   17288   0.21      0.00      0.00      0.00       0  isupipe

# Time        UID       PID    %usr %system  %guest   %wait    %CPU   CPU  minflt/s  majflt/s     VSZ     RSS   %MEM   kB_rd/s   kB_wr/s kB_ccwr/s iodelay  Command
1791476778    112     14307   84.00   51.00    0.00    1.00  135.00     3      1.00      0.00 2911548 1015336  12.51      0.00   9984.00    684.00       0  mysqld
1791476778      0     17311    0.00    0.00    0.00    0.00    0.00     1      0.00      0.00   56800   12976   0.16      0.00      0.00      0.00       0  nginx
1791476778     33     23432    7.00   11.00    0.00   21.00   18.00     2      0.00      0.00   61524   15520   0.19      0.00    560.00    440.00       0  nginx
1791476778     33     23433    3.00    5.00    0.00   12.00    8.00     3      0.00      0.00   59612   13264   0.16      0.00    296.00    276.00       0  nginx
1791476778     33     23434    1.00    0.00    0.00    1.00    1.00     3      0.00      0.00   57844   11680   0.14      0.00     92.00     92.00       0  nginx
1791476778     33     23435    2.00    5.00    0.00    8.00    7.00     3      0.00      0.00   58640   12472   0.15      0.00    124.00     96.00       0  nginx
1791476778    113    151301   19.00   26.00    0.00    0.00   45.00     0      8.00      0.00  682592   62888   0.77      0.00      0.00      0.00       0  pdns_server
1791476778   1100    151511   38.00   31.00    0.00    0.00   69.00     0   2744.00      0.00 2122860   18204   0.22      0.00      0.00      0.00       0  isupipe

# Time        UID       PID    %usr %system  %guest   %wait    %CPU   CPU  minflt/s  majflt/s     VSZ     RSS   %MEM   kB_rd/s   kB_wr/s kB_ccwr/s iodelay  Command
1791476779    112     14307   91.00   49.00    0.00    2.00  140.00     3     26.00      0.00 2911548 1015336  12.51      0.00   6600.00    568.00       0  mysqld
1791476779      0     17311    0.00    0.00    0.00    0.00    0.00     1      0.00      0.00   56800   12976   0.16      0.00      0.00      0.00       0  nginx
1791476779     33     23432    7.00    7.00    0.00   16.00   14.00     3      0.00      0.00   61524   15520   0.19      0.00    592.00    528.00       0  nginx
1791476779     33     23433    3.00    7.00    0.00   12.00   10.00     3      0.00      0.00   59612   13264   0.16      0.00    200.00    152.00       0  nginx
1791476779     33     23434    1.00    1.00    0.00    1.00    2.00     0      0.00      0.00   57844   11680   0.14      0.00     84.00      0.00       0  nginx
1791476779     33     23435    0.00    7.00    0.00    8.00    7.00     3      0.00      0.00   58640   12472   0.15      0.00    100.00     64.00       0  nginx
1791476779    113    151301   17.00   28.00    0.00    0.00   45.00     0      6.00      0.00  682592   62888   0.77      0.00      0.00      0.00       0  pdns_server
1791476779   1100    151511   38.00   30.00    0.00    0.00   68.00     0   2681.00      0.00 2122860   17892   0.22      0.00      0.00      0.00       0  isupipe

# Time        UID       PID    %usr %system  %guest   %wait    %CPU   CPU  minflt/s  majflt/s     VSZ     RSS   %MEM   kB_rd/s   kB_wr/s kB_ccwr/s iodelay  Command
1791476780    112     14307   81.00   57.00    0.00    1.00  138.00     3      0.00      0.00 2911548 1015336  12.51      0.00   8628.00    944.00       0  mysqld
1791476780      0     17311    0.00    0.00    0.00    0.00    0.00     1      0.00      0.00   56800   12976   0.16      0.00      0.00      0.00       0  nginx
1791476780     33     23432    5.00    8.00    0.00   15.00   13.00     3      0.00      0.00   61524   15520   0.19      0.00    440.00    368.00       0  nginx
1791476780     33     23433    2.00    7.00    0.00    9.00    9.00     3      0.00      0.00   59612   13264   0.16      0.00    536.00    492.00       0  nginx
1791476780     33     23434    0.00    1.00    0.00    1.00    1.00     3      0.00      0.00   57844   11680   0.14      0.00     92.00    172.00       0  nginx
1791476780     33     23435    3.00    4.00    0.00    7.00    7.00     3      0.00      0.00   58640   12472   0.15      0.00    132.00    100.00       0  nginx
1791476780    113    151301   22.00   20.00    0.00    0.00   42.00     0      7.00      0.00  682592   62888   0.77      0.00      0.00      0.00       0  pdns_server
1791476780   1100    151511   35.00   30.00    0.00    0.00   65.00     0   2761.00      0.00 2123116   17904   0.22      0.00      0.00      0.00       0  isupipe

# Time        UID       PID    %usr %system  %guest   %wait    %CPU   CPU  minflt/s  majflt/s     VSZ     RSS   %MEM   kB_rd/s   kB_wr/s kB_ccwr/s iodelay  Command
1791476781    112     14307   79.00   55.00    0.00    2.00  134.00     1      0.00      0.00 2911548 1015336  12.51      0.00   8412.00    932.00       0  mysqld
1791476781      0     17311    0.00    0.00    0.00    0.00    0.00     1      0.00      0.00   56800   12976   0.16      0.00      0.00      0.00       0  nginx
1791476781     33     23432    7.00    8.00    0.00   19.00   15.00     0      0.00      0.00   61524   15520   0.19      0.00    948.00    868.00       0  nginx
1791476781     33     23433    2.00    7.00    0.00   10.00    9.00     3      0.00      0.00   59612   13264   0.16      0.00     36.00      0.00       0  nginx
1791476781     33     23434    0.00    1.00    0.00    2.00    1.00     3      0.00      0.00   57844   11680   0.14      0.00      4.00      0.00       0  nginx
1791476781     33     23435    2.00    4.00    0.00    4.00    6.00     3      0.00      0.00   58640   12472   0.15      0.00    204.00    180.00       0  nginx
1791476781    113    151301   18.00   24.00    0.00    0.00   42.00     0      6.00      0.00  682592   62888   0.77      0.00      0.00      0.00       0  pdns_server
1791476781   1100    151511   30.00   32.00    0.00    0.00   62.00     0   3017.00      0.00 2123116   18660   0.23      0.00      0.00      0.00       0  isupipe

# Time        UID       PID    %usr %system  %guest   %wait    %CPU   CPU  minflt/s  majflt/s     VSZ     RSS   %MEM   kB_rd/s   kB_wr/s kB_ccwr/s iodelay  Command
1791476782    112     14307   82.00   49.00    0.00    0.00  131.00     1     98.00      0.00 2911548 1015536  12.51      0.00   6656.00    716.00       0  mysqld
1791476782      0     17311    0.00    0.00    0.00    0.00    0.00     1      0.00      0.00   56800   12976   0.16      0.00      0.00      0.00       0  nginx
1791476782     33     23432    5.00    9.00    0.00   16.00   14.00     3      0.00      0.00   61524   15520   0.19      0.00    664.00    584.00       0  nginx
1791476782     33     23433    3.00    5.00    0.00   10.00    8.00     3      0.00      0.00   59612   13264   0.16      0.00    280.00    256.00       0  nginx
1791476782     33     23434    2.00    1.00    0.00    2.00    3.00     3      0.00      0.00   57844   11680   0.14      0.00      4.00      0.00       0  nginx
1791476782     33     23435    0.00    2.00    0.00    3.00    2.00     3      0.00      0.00   58640   12472   0.15      0.00    124.00    108.00       0  nginx
1791476782    113    151301   20.00   23.00    0.00    0.00   43.00     0      6.00      0.00  682592   62888   0.77      0.00      0.00      0.00       0  pdns_server
1791476782   1100    151511   35.00   28.00    0.00    0.00   63.00     0   1742.00      0.00 2123116   18968   0.23      0.00      0.00      0.00       0  isupipe

# Time        UID       PID    %usr %system  %guest   %wait    %CPU   CPU  minflt/s  majflt/s     VSZ     RSS   %MEM   kB_rd/s   kB_wr/s kB_ccwr/s iodelay  Command
1791476783    112     14307   95.00   45.00    0.00    1.00  140.00     2      0.00      0.00 2911548 1015536  12.51      0.00  12208.00    780.00       0  mysqld
1791476783      0     17311    0.00    0.00    0.00    0.00    0.00     1      0.00      0.00   56800   12976   0.16      0.00      0.00      0.00       0  nginx
1791476783     33     23432    4.00    9.00    0.00   16.00   13.00     1      0.00      0.00   61524   15520   0.19      0.00    716.00    624.00       0  nginx
1791476783     33     23433    3.00    7.00    0.00   13.00   10.00     3      0.00      0.00   59612   13264   0.16      0.00    288.00    248.00       0  nginx
1791476783     33     23434    1.00    2.00    0.00    5.00    3.00     3      0.00      0.00   57844   11680   0.14      0.00     12.00      0.00       0  nginx
1791476783     33     23435    2.00    2.00    0.00    4.00    4.00     2      0.00      0.00   58640   12472   0.15      0.00    104.00     92.00       0  nginx
1791476783    113    151301   19.00   23.00    0.00    0.00   42.00     0      3.00      0.00  682592   62888   0.77      0.00      0.00      0.00       0  pdns_server
1791476783   1100    151511   36.00   28.00    0.00    0.00   64.00     0   3032.00      0.00 2123116   18080   0.22      0.00      0.00      0.00       0  isupipe

# Time        UID       PID    %usr %system  %guest   %wait    %CPU   CPU  minflt/s  majflt/s     VSZ     RSS   %MEM   kB_rd/s   kB_wr/s kB_ccwr/s iodelay  Command
1791476784    112     14307   84.00   51.00    0.00    0.00  135.00     2      0.00      0.00 2911548 1015536  12.51      0.00   7048.00    772.00       0  mysqld
1791476784      0     17311    0.00    0.00    0.00    0.00    0.00     1      0.00      0.00   56800   12976   0.16      0.00      0.00      0.00       0  nginx
1791476784     33     23432    7.00    7.00    0.00   17.00   14.00     0      0.00      0.00   61524   15520   0.19      0.00    472.00    368.00       0  nginx
1791476784     33     23433    3.00    8.00    0.00   12.00   11.00     3      0.00      0.00   59612   13264   0.16      0.00    352.00    304.00       0  nginx
1791476784     33     23434    2.00    1.00    0.00    2.00    3.00     3      0.00      0.00   57844   11680   0.14      0.00     92.00     92.00       0  nginx
1791476784     33     23435    3.00    1.00    0.00    3.00    4.00     3      0.00      0.00   58640   12472   0.15      0.00    188.00    184.00       0  nginx
1791476784    113    151301   19.00   23.00    0.00    0.00   42.00     0      4.00      0.00  682592   62888   0.77      0.00      0.00      0.00       0  pdns_server
1791476784   1100    151511   36.00   29.00    0.00    0.00   65.00     0   2610.00      0.00 2123116   17908   0.22      0.00      0.00      0.00       0  isupipe

# Time        UID       PID    %usr %system  %guest   %wait    %CPU   CPU  minflt/s  majflt/s     VSZ     RSS   %MEM   kB_rd/s   kB_wr/s kB_ccwr/s iodelay  Command
1791476785    112     14307   78.00   55.00    0.00    0.00  133.00     2      0.00      0.00 2911548 1015536  12.51      0.00   7520.00    956.00       0  mysqld
1791476785      0     17311    0.00    0.00    0.00    0.00    0.00     1      0.00      0.00   56800   12976   0.16      0.00      0.00      0.00       0  nginx
1791476785     33     23432    7.00   11.00    0.00   19.00   18.00     0      0.00      0.00   61524   15520   0.19      0.00    604.00    512.00       0  nginx
1791476785     33     23433    5.00    7.00    0.00    8.00   12.00     3      0.00      0.00   59612   13264   0.16      0.00    528.00    268.00       0  nginx
1791476785     33     23434    0.00    0.00    0.00    1.00    0.00     2      0.00      0.00   57844   11680   0.14      0.00      4.00      0.00       0  nginx
1791476785     33     23435    0.00    2.00    0.00    1.00    2.00     3      0.00      0.00   58640   12472   0.15      0.00    180.00    176.00       0  nginx
1791476785    113    151301   17.00   26.00    0.00    0.00   43.00     0      3.00      0.00  682592   62888   0.77      0.00      0.00      0.00       0  pdns_server
1791476785   1100    151511   33.00   33.00    0.00    0.00   66.00     0   2551.00      0.00 2123116   18216   0.22      0.00      0.00      0.00       0  isupipe

# Time        UID       PID    %usr %system  %guest   %wait    %CPU   CPU  minflt/s  majflt/s     VSZ     RSS   %MEM   kB_rd/s   kB_wr/s kB_ccwr/s iodelay  Command
1791476786    112     14307   84.00   55.00    0.00    0.00  139.00     2      5.00      0.00 2911548 1015536  12.51      0.00   8308.00   1196.00       0  mysqld
1791476786      0     17311    0.00    0.00    0.00    0.00    0.00     1      0.00      0.00   56800   12976   0.16      0.00      0.00      0.00       0  nginx
1791476786     33     23432    5.00   10.00    0.00   23.00   15.00     2      0.00      0.00   61524   15520   0.19      0.00    592.00    516.00       0  nginx
1791476786     33     23433    4.00    5.00    0.00   10.00    9.00     3      0.00      0.00   59612   13264   0.16      0.00    576.00    768.00       0  nginx
1791476786     33     23434    2.00    1.00    0.00    2.00    3.00     3      0.00      0.00   57844   11680   0.14      0.00    120.00    108.00       0  nginx
1791476786     33     23435    3.00    4.00    0.00    8.00    7.00     3      0.00      0.00   58640   12472   0.15      0.00    140.00     80.00       0  nginx
1791476786    113    151301   21.00   19.00    0.00    0.00   40.00     0      4.00      0.00  682592   62888   0.77      0.00      0.00      0.00       0  pdns_server
1791476786   1100    151511   34.00   28.00    0.00    0.00   62.00     0   2485.00      0.00 2123116   18408   0.23      0.00      0.00      0.00       0  isupipe

# Time        UID       PID    %usr %system  %guest   %wait    %CPU   CPU  minflt/s  majflt/s     VSZ     RSS   %MEM   kB_rd/s   kB_wr/s kB_ccwr/s iodelay  Command
1791476787    112     14307   79.00   49.00    0.00    1.00  128.00     2      0.00      0.00 2911548 1015536  12.51      0.00   8056.00    796.00       0  mysqld
1791476787      0     17311    0.00    0.00    0.00    0.00    0.00     1      0.00      0.00   56800   12976   0.16      0.00      0.00      0.00       0  nginx
1791476787     33     23432    4.00    9.00    0.00   20.00   13.00     3      0.00      0.00   61524   15520   0.19      0.00    556.00    492.00       0  nginx
1791476787     33     23433    2.00    8.00    0.00   13.00   10.00     3      0.00      0.00   59612   13264   0.16      0.00    336.00    316.00       0  nginx
1791476787     33     23434    1.00    2.00    0.00    6.00    3.00     1      0.00      0.00   57844   11680   0.14      0.00    132.00    112.00       0  nginx
1791476787     33     23435    1.00    6.00    0.00   12.00    7.00     3      0.00      0.00   58640   12472   0.15      0.00     48.00      0.00       0  nginx
1791476787    113    151301   18.00   19.00    0.00    0.00   37.00     0      3.00      0.00  682592   63152   0.78      0.00      0.00      0.00       0  pdns_server
1791476787   1100    151511   35.00   26.00    0.00    0.00   61.00     0   1657.00      0.00 2123116   17880   0.22      0.00      0.00      0.00       0  isupipe

# Time        UID       PID    %usr %system  %guest   %wait    %CPU   CPU  minflt/s  majflt/s     VSZ     RSS   %MEM   kB_rd/s   kB_wr/s kB_ccwr/s iodelay  Command
1791476788    112     14307   86.00   49.00    0.00    0.00  135.00     2      9.00      0.00 2911548 1015536  12.51      0.00   6564.00    684.00       0  mysqld
1791476788      0     17311    0.00    0.00    0.00    0.00    0.00     1      0.00      0.00   56800   12976   0.16      0.00      0.00      0.00       0  nginx
1791476788     33     23432    6.00    8.00    0.00   19.00   14.00     3      0.00      0.00   61524   15520   0.19      0.00    464.00    392.00       0  nginx
1791476788     33     23433    2.00    9.00    0.00   15.00   11.00     3      0.00      0.00   59612   13264   0.16      0.00    448.00    392.00       0  nginx
1791476788     33     23434    1.00    2.00    0.00    2.00    3.00     1      0.00      0.00   57844   11680   0.14      0.00     12.00      0.00       0  nginx
1791476788     33     23435    3.00    3.00    0.00    6.00    6.00     3      0.00      0.00   58640   12472   0.15      0.00    128.00    108.00       0  nginx
1791476788    113    151301   17.00   27.00    0.00    0.00   44.00     0      4.00      0.00  682592   63152   0.78      0.00      0.00      0.00       0  pdns_server
1791476788   1100    151511   36.00   25.00    0.00    0.00   61.00     0   3064.00      0.00 2123116   19000   0.23      0.00      0.00      0.00       0  isupipe

# Time        UID       PID    %usr %system  %guest   %wait    %CPU   CPU  minflt/s  majflt/s     VSZ     RSS   %MEM   kB_rd/s   kB_wr/s kB_ccwr/s iodelay  Command
1791476789    112     14307   92.00   46.00    0.00    0.00  138.00     2      0.00      0.00 2911548 1015536  12.51      0.00  11512.00    916.00       0  mysqld
1791476789      0     17311    0.00    0.00    0.00    0.00    0.00     1      0.00      0.00   56800   12976   0.16      0.00      0.00      0.00       0  nginx
1791476789     33     23432    5.00   10.00    0.00   15.00   15.00     3      0.00      0.00   61524   15520   0.19      0.00    660.00    604.00       0  nginx
1791476789     33     23433    4.00    7.00    0.00   14.00   11.00     3      0.00      0.00   59612   13264   0.16      0.00    164.00    108.00       0  nginx
1791476789     33     23434    0.00    0.00    0.00    0.00    0.00     3      0.00      0.00   57844   11680   0.14      0.00      0.00      0.00       0  nginx
1791476789     33     23435    2.00    3.00    0.00    5.00    5.00     1      0.00      0.00   58640   12472   0.15      0.00    440.00    412.00       0  nginx
1791476789    113    151301   22.00   23.00    0.00    0.00   45.00     0      4.00      0.00  682592   63152   0.78      0.00      0.00      0.00       0  pdns_server
1791476789   1100    151511   36.00   24.00    0.00    0.00   60.00     0   2838.00      0.00 2123116   18972   0.23      0.00      0.00      0.00       0  isupipe

# Time        UID       PID    %usr %system  %guest   %wait    %CPU   CPU  minflt/s  majflt/s     VSZ     RSS   %MEM   kB_rd/s   kB_wr/s kB_ccwr/s iodelay  Command
1791476790    112     14307   89.00   57.00    0.00    0.00  146.00     2    162.00      0.00 2911548 1016036  12.52      0.00   6912.00    756.00       0  mysqld
1791476790      0     17311    0.00    0.00    0.00    0.00    0.00     1      0.00      0.00   56800   12976   0.16      0.00      0.00      0.00       0  nginx
1791476790     33     23432    7.00   10.00    0.00   25.00   17.00     3      4.00      0.00   61524   15520   0.19      0.00    360.00    264.00       0  nginx
1791476790     33     23433    5.00    6.00    0.00   11.00   11.00     3     22.00      0.00   59612   13528   0.17      0.00    660.00    620.00       0  nginx
1791476790     33     23434    0.00    1.00    0.00    1.00    1.00     1      0.00      0.00   57844   11680   0.14      0.00      0.00      0.00       0  nginx
1791476790     33     23435    2.00    4.00    0.00    7.00    6.00     3      0.00      0.00   58640   12472   0.15      0.00    136.00    116.00       0  nginx
1791476790    113    151301   20.00   27.00    0.00    0.00   47.00     0      3.00      0.00  682592   63152   0.78      0.00      0.00      0.00       0  pdns_server
1791476790   1100    151511   28.00   32.00    0.00    0.00   60.00     0   2189.00      0.00 2123372   18992   0.23      0.00      0.00      0.00       0  isupipe

# Time        UID       PID    %usr %system  %guest   %wait    %CPU   CPU  minflt/s  majflt/s     VSZ     RSS   %MEM   kB_rd/s   kB_wr/s kB_ccwr/s iodelay  Command
1791476791    112     14307   73.00   57.00    0.00    1.00  130.00     2      0.00      0.00 2911548 1016036  12.52      0.00   5648.00    440.00       0  mysqld
1791476791      0     17311    0.00    0.00    0.00    0.00    0.00     1      0.00      0.00   56800   12976   0.16      0.00      0.00      0.00       0  nginx
1791476791     33     23432    6.00    7.00    0.00   19.00   13.00     3      0.00      0.00   61524   15520   0.19      0.00    316.00    264.00       0  nginx
1791476791     33     23433    4.00    3.00    0.00   11.00    7.00     3      4.00      0.00   59612   13528   0.17      0.00    264.00    232.00       0  nginx
1791476791     33     23434    1.00    1.00    0.00    2.00    2.00     1      0.00      0.00   57844   11680   0.14      0.00      0.00      0.00       0  nginx
1791476791     33     23435    3.00    3.00    0.00    5.00    6.00     0      0.00      0.00   58640   12472   0.15      0.00    104.00     84.00       0  nginx
1791476791    113    151301   22.00   23.00    0.00    0.00   45.00     0      4.00      0.00  682592   63152   0.78      0.00      0.00      0.00       0  pdns_server
1791476791   1100    151511   21.00   37.00    0.00    0.00   58.00     0   1304.00      0.00 2123372   18572   0.23      0.00      0.00      0.00       0  isupipe

# Time        UID       PID    %usr %system  %guest   %wait    %CPU   CPU  minflt/s  majflt/s     VSZ     RSS   %MEM   kB_rd/s   kB_wr/s kB_ccwr/s iodelay  Command
1791476792    112     14307   83.00   50.00    0.00    0.00  133.00     2      0.00      0.00 2911548 1016036  12.52      0.00  13756.00    680.00       0  mysqld
1791476792      0     17311    0.00    0.00    0.00    0.00    0.00     1      0.00      0.00   56800   12976   0.16      0.00      0.00      0.00       0  nginx
1791476792     33     23432    8.00   11.00    0.00   19.00   19.00     1      0.00      0.00   61524   15520   0.19      0.00    448.00    368.00       0  nginx
1791476792     33     23433    4.00    6.00    0.00   13.00   10.00     3      0.00      0.00   59612   13528   0.17      0.00    372.00    344.00       0  nginx
1791476792     33     23434    0.00    1.00    0.00    1.00    1.00     1      0.00      0.00   57844   11680   0.14      0.00    120.00    112.00       0  nginx
1791476792     33     23435    1.00    4.00    0.00   10.00    5.00     3      0.00      0.00   58640   12472   0.15      0.00      4.00      0.00       0  nginx
1791476792    113    151301   25.00   25.00    0.00    0.00   50.00     0      2.00      0.00  682592   63152   0.78      0.00      0.00      0.00       0  pdns_server
1791476792   1100    151511   25.00   25.00    0.00    0.00   50.00     0   1700.00      0.00 2123628   18172   0.22      0.00      0.00      0.00       0  isupipe

# Time        UID       PID    %usr %system  %guest   %wait    %CPU   CPU  minflt/s  majflt/s     VSZ     RSS   %MEM   kB_rd/s   kB_wr/s kB_ccwr/s iodelay  Command
1791476793    112     14307   79.00   52.00    0.00    0.00  131.00     2      0.00      0.00 2911548 1016036  12.52      0.00   6872.00    740.00       0  mysqld
1791476793      0     17311    0.00    0.00    0.00    0.00    0.00     1      0.00      0.00   56800   12976   0.16      0.00      0.00      0.00       0  nginx
1791476793     33     23432    7.00   10.00    0.00   26.00   17.00     3      0.00      0.00   61524   15520   0.19      0.00    384.00    280.00       0  nginx
1791476793     33     23433    3.00    9.00    0.00   17.00   12.00     3      0.00      0.00   59612   13528   0.17      0.00    368.00    352.00       0  nginx
1791476793     33     23434    1.00    4.00    0.00    8.00    5.00     3      0.00      0.00   57844   11680   0.14      0.00    192.00    168.00       0  nginx
1791476793     33     23435    5.00    5.00    0.00   10.00   10.00     3      0.00      0.00   58640   12472   0.15      0.00    184.00    176.00       0  nginx
1791476793    113    151301   20.00   23.00    0.00    0.00   43.00     0      2.00      0.00  682592   63152   0.78      0.00      0.00      0.00       0  pdns_server
1791476793   1100    151511   27.00   33.00    0.00    0.00   60.00     0   1565.00      0.00 2123628   18700   0.23      0.00      0.00      0.00       0  isupipe

# Time        UID       PID    %usr %system  %guest   %wait    %CPU   CPU  minflt/s  majflt/s     VSZ     RSS   %MEM   kB_rd/s   kB_wr/s kB_ccwr/s iodelay  Command
1791476794    112     14307   83.00   45.00    0.00    1.00  128.00     0     24.00      0.00 2911548 1016036  12.52      0.00   6516.00    664.00       0  mysqld
1791476794      0     17311    0.00    0.00    0.00    0.00    0.00     1      0.00      0.00   56800   12976   0.16      0.00      0.00      0.00       0  nginx
1791476794     33     23432    6.00   10.00    0.00   27.00   16.00     3      0.00      0.00   61524   15520   0.19      0.00    384.00    324.00       0  nginx
1791476794     33     23433    4.00    6.00    0.00   14.00   10.00     3      0.00      0.00   59612   13528   0.17      0.00    288.00    252.00       0  nginx
1791476794     33     23434    3.00    5.00    0.00   15.00    8.00     3      0.00      0.00   57844   11680   0.14      0.00    144.00    108.00       0  nginx
1791476794     33     23435    3.00    6.00    0.00   15.00    9.00     3      0.00      0.00   58640   12472   0.15      0.00    228.00    192.00       0  nginx
1791476794    113    151301   20.00   22.00    0.00    0.00   42.00     0      1.00      0.00  682592   63152   0.78      0.00      0.00      0.00       0  pdns_server
1791476794   1100    151511   32.00   28.00    0.00    0.00   60.00     0   2223.00      0.00 2123628   18636   0.23      0.00      0.00      0.00       0  isupipe

# Time        UID       PID    %usr %system  %guest   %wait    %CPU   CPU  minflt/s  majflt/s     VSZ     RSS   %MEM   kB_rd/s   kB_wr/s kB_ccwr/s iodelay  Command
1791476795    112     14307   85.00   46.00    0.00    1.00  131.00     0     84.00      0.00 2911548 1016268  12.52      0.00   8508.00    800.00       0  mysqld
1791476795      0     17311    0.00    0.00    0.00    0.00    0.00     1      0.00      0.00   56800   12976   0.16      0.00      0.00      0.00       0  nginx
1791476795     33     23432    7.00    8.00    0.00   22.00   15.00     1      0.00      0.00   61524   15520   0.19      0.00    580.00    532.00       0  nginx
1791476795     33     23433    5.00    6.00    0.00   15.00   11.00     0      0.00      0.00   59612   13528   0.17      0.00    408.00    348.00       0  nginx
1791476795     33     23434    2.00    3.00    0.00    5.00    5.00     3      0.00      0.00   57844   11680   0.14      0.00    200.00    180.00       0  nginx
1791476795     33     23435    3.00    7.00    0.00   15.00   10.00     3      0.00      0.00   58640   12472   0.15      0.00     40.00      0.00       0  nginx
1791476795    113    151301   21.00   22.00    0.00    0.00   43.00     0      3.00      0.00  682592   63152   0.78      0.00      0.00      0.00       0  pdns_server
1791476795   1100    151511   27.00   33.00    0.00    0.00   60.00     0   1677.00      0.00 2123628   18572   0.23      0.00      0.00      0.00       0  isupipe

# Time        UID       PID    %usr %system  %guest   %wait    %CPU   CPU  minflt/s  majflt/s     VSZ     RSS   %MEM   kB_rd/s   kB_wr/s kB_ccwr/s iodelay  Command
1791476796    112     14307   75.25   57.43    0.00    0.00  132.67     0     25.74      0.00 2911548 1016268  12.52      0.00  10792.08    704.95       0  mysqld
1791476796      0     17311    0.00    0.00    0.00    0.00    0.00     1      0.00      0.00   56800   12976   0.16      0.00      0.00      0.00       0  nginx
1791476796     33     23432    3.96   13.86    0.00   28.71   17.82     3      0.00      0.00   61524   15520   0.19      0.00    261.39    205.94       0  nginx
1791476796     33     23433    2.97    8.91    0.00   20.79   11.88     3      0.00      0.00   59612   13528   0.17      0.00    376.24    308.91       0  nginx
1791476796     33     23434    0.00    2.97    0.00    7.92    2.97     3      0.00      0.00   57844   11680   0.14      0.00    217.82    213.86       0  nginx
1791476796     33     23435    1.98    4.95    0.00   14.85    6.93     3      0.00      0.00   58640   12472   0.15      0.00    201.98    194.06       0  nginx
1791476796    113    151301   16.83   28.71    0.00    0.00   45.54     0      0.99      0.00  682592   63152   0.78      0.00      0.00      0.00       0  pdns_server
1791476796   1100    151511   29.70   27.72    0.00    0.00   57.43     0   1318.81      0.00 2123628   18452   0.23      0.00      0.00      0.00       0  isupipe

# Time        UID       PID    %usr %system  %guest   %wait    %CPU   CPU  minflt/s  majflt/s     VSZ     RSS   %MEM   kB_rd/s   kB_wr/s kB_ccwr/s iodelay  Command
1791476797    112     14307   85.00   45.00    0.00    0.00  130.00     0     21.00      0.00 2911548 1016512  12.52      0.00  13108.00    772.00       0  mysqld
1791476797      0     17311    0.00    0.00    0.00    0.00    0.00     1      0.00      0.00   56800   12976   0.16      0.00      0.00      0.00       0  nginx
1791476797     33     23432    7.00    7.00    0.00   20.00   14.00     3      0.00      0.00   61524   15520   0.19      0.00    440.00    280.00       0  nginx
1791476797     33     23433    3.00    7.00    0.00   13.00   10.00     3      0.00      0.00   59612   13528   0.17      0.00    532.00    404.00       0  nginx
1791476797     33     23434    2.00    1.00    0.00    2.00    3.00     1      0.00      0.00   57844   11680   0.14      0.00     92.00     80.00       0  nginx
1791476797     33     23435    2.00    5.00    0.00    7.00    7.00     3      0.00      0.00   58640   12472   0.15      0.00    200.00    176.00       0  nginx
1791476797    113    151301   21.00   25.00    0.00    0.00   46.00     0      3.00      0.00  682592   63152   0.78      0.00      0.00      0.00       0  pdns_server
1791476797   1100    151511   34.00   28.00    0.00    0.00   62.00     0   2159.00      0.00 2123628   19120   0.24      0.00      0.00      0.00       0  isupipe

# Time        UID       PID    %usr %system  %guest   %wait    %CPU   CPU  minflt/s  majflt/s     VSZ     RSS   %MEM   kB_rd/s   kB_wr/s kB_ccwr/s iodelay  Command
1791476798    112     14307   88.00   45.00    0.00    1.00  133.00     0      0.00      0.00 2911548 1016512  12.52      0.00   7968.00    904.00       0  mysqld
1791476798      0     17311    0.00    0.00    0.00    0.00    0.00     1      0.00      0.00   56800   12976   0.16      0.00      0.00      0.00       0  nginx
1791476798     33     23432    6.00    9.00    0.00   22.00   15.00     1      0.00      0.00   61524   15520   0.19      0.00    700.00    740.00       0  nginx
1791476798     33     23433    4.00    5.00    0.00   12.00    9.00     3      0.00      0.00   59612   13528   0.17      0.00    256.00    316.00       0  nginx
1791476798     33     23434    1.00    2.00    0.00    3.00    3.00     3      0.00      0.00   57844   11680   0.14      0.00      4.00      0.00       0  nginx
1791476798     33     23435    4.00    5.00    0.00   10.00    9.00     3      0.00      0.00   58640   12472   0.15      0.00    100.00     60.00       0  nginx
1791476798    113    151301   22.00   22.00    0.00    0.00   44.00     0      1.00      0.00  682592   63152   0.78      0.00      0.00      0.00       0  pdns_server
1791476798   1100    151511   37.00   26.00    0.00    0.00   63.00     1   1856.00      0.00 2123628   18432   0.23      0.00      0.00      0.00       0  isupipe

# Time        UID       PID    %usr %system  %guest   %wait    %CPU   CPU  minflt/s  majflt/s     VSZ     RSS   %MEM   kB_rd/s   kB_wr/s kB_ccwr/s iodelay  Command
1791476799    112     14307   88.00   50.00    0.00    1.00  138.00     0      0.00      0.00 2911548 1016512  12.52      0.00   6860.00    720.00       0  mysqld
1791476799      0     17311    0.00    0.00    0.00    0.00    0.00     1      0.00      0.00   56800   12976   0.16      0.00      0.00      0.00       0  nginx
1791476799     33     23432    5.00   12.00    0.00   25.00   17.00     2      0.00      0.00   61524   15520   0.19      0.00    656.00    508.00       0  nginx
1791476799     33     23433    4.00    7.00    0.00   15.00   11.00     1      0.00      0.00   59612   13528   0.17      0.00    332.00    284.00       0  nginx
1791476799     33     23434    3.00    1.00    0.00    7.00    4.00     3      1.00      0.00   57844   11680   0.14      0.00    116.00     92.00       0  nginx
1791476799     33     23435    2.00    3.00    0.00    8.00    5.00     2      0.00      0.00   58640   12472   0.15      0.00     20.00      0.00       0  nginx
1791476799    113    151301   24.00   20.00    0.00    0.00   44.00     0      3.00      0.00  682592   63152   0.78      0.00      0.00      0.00       0  pdns_server
1791476799   1100    151511   34.00   27.00    0.00    0.00   61.00     1   3472.00      0.00 2123628   19004   0.23      0.00      0.00      0.00       0  isupipe

# Time        UID       PID    %usr %system  %guest   %wait    %CPU   CPU  minflt/s  majflt/s     VSZ     RSS   %MEM   kB_rd/s   kB_wr/s kB_ccwr/s iodelay  Command
1791476800    112     14307   83.00   51.00    0.00    0.00  134.00     0     13.00      0.00 2911548 1016512  12.52      0.00   6956.00    820.00       0  mysqld
1791476800      0     17311    0.00    0.00    0.00    0.00    0.00     1      0.00      0.00   56800   12976   0.16      0.00      0.00      0.00       0  nginx
1791476800     33     23432    5.00    8.00    0.00   30.00   13.00     3      0.00      0.00   61524   15520   0.19      0.00    360.00    288.00       0  nginx
1791476800     33     23433    3.00    8.00    0.00   17.00   11.00     3      0.00      0.00   59612   13528   0.17      0.00    472.00    428.00       0  nginx
1791476800     33     23434    4.00    2.00    0.00    7.00    6.00     2     17.00      0.00   57844   11680   0.14      0.00    204.00    192.00       0  nginx
1791476800     33     23435    4.00    5.00    0.00   15.00    9.00     0      0.00      0.00   58640   12472   0.15      0.00    208.00    184.00       0  nginx
1791476800    113    151301   16.00   26.00    0.00    0.00   42.00     0      3.00      0.00  682592   63152   0.78      0.00      0.00      0.00       0  pdns_server
1791476800   1100    151511   31.00   31.00    0.00    0.00   62.00     1   2034.00      0.00 2123628   18904   0.23      0.00      0.00      0.00       0  isupipe

# Time        UID       PID    %usr %system  %guest   %wait    %CPU   CPU  minflt/s  majflt/s     VSZ     RSS   %MEM   kB_rd/s   kB_wr/s kB_ccwr/s iodelay  Command
1791476801    112     14307   83.00   45.00    0.00    1.00  128.00     1      0.00      0.00 2911548 1016512  12.52      0.00  10876.00    716.00       0  mysqld
1791476801      0     17311    0.00    0.00    0.00    0.00    0.00     1      0.00      0.00   56800   12976   0.16      0.00      0.00      0.00       0  nginx
1791476801     33     23432    8.00    6.00    0.00   22.00   14.00     3      0.00      0.00   61524   15520   0.19      0.00    412.00    344.00       0  nginx
1791476801     33     23433    4.00    8.00    0.00   17.00   12.00     3      0.00      0.00   59612   13528   0.17      0.00    264.00    224.00       0  nginx
1791476801     33     23434    1.00    3.00    0.00    4.00    4.00     0      8.00      0.00   57976   11680   0.14      0.00    348.00    268.00       0  nginx
1791476801     33     23435    2.00    9.00    0.00   13.00   11.00     3      0.00      0.00   58640   12472   0.15      0.00    136.00     96.00       0  nginx
1791476801    113    151301   20.00   18.00    0.00    0.00   38.00     0      1.00      0.00  682592   63152   0.78      0.00      0.00      0.00       0  pdns_server
1791476801   1100    151511   34.00   31.00    0.00    0.00   65.00     1   2705.00      0.00 2123628   18488   0.23      0.00      0.00      0.00       0  isupipe

# Time        UID       PID    %usr %system  %guest   %wait    %CPU   CPU  minflt/s  majflt/s     VSZ     RSS   %MEM   kB_rd/s   kB_wr/s kB_ccwr/s iodelay  Command
1791476802    112     14307   84.00   47.00    0.00    1.00  131.00     2     68.00      0.00 2911548 1016740  12.52      0.00   6060.00    640.00       0  mysqld
1791476802      0     17311    0.00    0.00    0.00    0.00    0.00     1      0.00      0.00   56800   12976   0.16      0.00      0.00      0.00       0  nginx
1791476802     33     23432    7.00    7.00    0.00   25.00   14.00     3      0.00      0.00   61524   15520   0.19      0.00    456.00    400.00       0  nginx
1791476802     33     23433    6.00    4.00    0.00   13.00   10.00     3      0.00      0.00   59612   13528   0.17      0.00    120.00     88.00       0  nginx
1791476802     33     23434    1.00    1.00    0.00    4.00    2.00     3      4.00      0.00   57976   11680   0.14      0.00    132.00    212.00       0  nginx
1791476802     33     23435    2.00    7.00    0.00   14.00    9.00     3      0.00      0.00   58640   12472   0.15      0.00    104.00     72.00       0  nginx
1791476802    113    151301   19.00   23.00    0.00    0.00   42.00     0      1.00      0.00  682592   63152   0.78      0.00      0.00      0.00       0  pdns_server
1791476802   1100    151511   31.00   31.00    0.00    0.00   62.00     1   1884.00      0.00 2123628   18568   0.23      0.00      0.00      0.00       0  isupipe

# Time        UID       PID    %usr %system  %guest   %wait    %CPU   CPU  minflt/s  majflt/s     VSZ     RSS   %MEM   kB_rd/s   kB_wr/s kB_ccwr/s iodelay  Command
1791476803    112     14307   94.00   41.00    0.00    0.00  135.00     2      0.00      0.00 2911548 1016740  12.52      0.00   6832.00    720.00       0  mysqld
1791476803      0     17311    0.00    0.00    0.00    0.00    0.00     1      0.00      0.00   56800   12976   0.16      0.00      0.00      0.00       0  nginx
1791476803     33     23432    9.00    8.00    0.00   28.00   17.00     1      0.00      0.00   61524   15520   0.19      0.00    324.00    236.00       0  nginx
1791476803     33     23433    5.00    4.00    0.00   17.00    9.00     3      0.00      0.00   59612   13528   0.17      0.00    316.00    276.00       0  nginx
1791476803     33     23434    2.00    6.00    0.00    9.00    8.00     3     41.00      0.00   58112   11944   0.15      0.00    200.00    188.00       0  nginx
1791476803     33     23435    5.00    4.00    0.00   11.00    9.00     3      0.00      0.00   58640   12472   0.15      0.00    276.00    248.00       0  nginx
1791476803    113    151301   25.00   21.00    0.00    0.00   46.00     0      2.00      0.00  682592   63152   0.78      0.00      0.00      0.00       0  pdns_server
1791476803   1100    151511   42.00   26.00    0.00    0.00   68.00     1   2266.00      0.00 2123628   18908   0.23      0.00      0.00      0.00       0  isupipe

# Time        UID       PID    %usr %system  %guest   %wait    %CPU   CPU  minflt/s  majflt/s     VSZ     RSS   %MEM   kB_rd/s   kB_wr/s kB_ccwr/s iodelay  Command
1791476804    112     14307   82.00   52.00    0.00    1.00  134.00     2      2.00      0.00 2911548 1016740  12.52      0.00   7868.00    840.00       0  mysqld
1791476804      0     17311    0.00    0.00    0.00    0.00    0.00     1      0.00      0.00   56800   12976   0.16      0.00      0.00      0.00       0  nginx
1791476804     33     23432    6.00   12.00    0.00   25.00   18.00     3      0.00      0.00   61524   15520   0.19      0.00    604.00    512.00       0  nginx
1791476804     33     23433    5.00    7.00    0.00   15.00   12.00     3      0.00      0.00   59612   13528   0.17      0.00    420.00    360.00       0  nginx
1791476804     33     23434    2.00    3.00    0.00    5.00    5.00     3     25.00      0.00   58248   11944   0.15      0.00     92.00     84.00       0  nginx
1791476804     33     23435    2.00    6.00    0.00    9.00    8.00     3      0.00      0.00   58640   12472   0.15      0.00    176.00    152.00       0  nginx
1791476804    113    151301   20.00   19.00    0.00    0.00   39.00     0      2.00      0.00  682592   63152   0.78      0.00      0.00      0.00       0  pdns_server
1791476804   1100    151511   38.00   30.00    0.00    0.00   68.00     1   1846.00      0.00 2123628   19116   0.24      0.00      0.00      0.00       0  isupipe

# Time        UID       PID    %usr %system  %guest   %wait    %CPU   CPU  minflt/s  majflt/s     VSZ     RSS   %MEM   kB_rd/s   kB_wr/s kB_ccwr/s iodelay  Command
1791476805    112     14307   81.00   46.00    0.00    0.00  127.00     2     42.00      0.00 2911548 1016740  12.52      0.00  13668.00   1260.00       0  mysqld
1791476805      0     17311    0.00    0.00    0.00    0.00    0.00     1      0.00      0.00   56800   12976   0.16      0.00      0.00      0.00       0  nginx
1791476805     33     23432    5.00   12.00    0.00   26.00   17.00     3      0.00      0.00   61524   15520   0.19      0.00    716.00    568.00       0  nginx
1791476805     33     23433    5.00    9.00    0.00   17.00   14.00     3      0.00      0.00   59612   13528   0.17      0.00    568.00    484.00       0  nginx
1791476805     33     23434    0.00    2.00    0.00    3.00    2.00     1      6.00      0.00   58248   11944   0.15      0.00    100.00     96.00       0  nginx
1791476805     33     23435    4.00    5.00    0.00    9.00    9.00     3      0.00      0.00   58640   12472   0.15      0.00    316.00    296.00       0  nginx
1791476805    113    151301   13.00   22.00    0.00    0.00   35.00     0      1.00      0.00  682592   63152   0.78      0.00      0.00      0.00       0  pdns_server
1791476805   1100    151511   37.00   30.00    0.00    0.00   67.00     1   2135.00      0.00 2123628   18592   0.23      0.00      0.00      0.00       0  isupipe

# Time        UID       PID    %usr %system  %guest   %wait    %CPU   CPU  minflt/s  majflt/s     VSZ     RSS   %MEM   kB_rd/s   kB_wr/s kB_ccwr/s iodelay  Command
1791476806    112     14307   85.00   47.00    0.00    0.00  132.00     2     94.00      0.00 2911548 1016952  12.53      0.00   8260.00    948.00       0  mysqld
1791476806      0     17311    0.00    0.00    0.00    0.00    0.00     1      0.00      0.00   56800   12976   0.16      0.00      0.00      0.00       0  nginx
1791476806     33     23432    7.00    9.00    0.00   25.00   16.00     1      0.00      0.00   61524   15520   0.19      0.00    420.00    428.00       0  nginx
1791476806     33     23433    5.00    8.00    0.00   18.00   13.00     3      0.00      0.00   59612   13528   0.17      0.00    784.00    736.00       0  nginx
1791476806     33     23434    2.00    2.00    0.00    5.00    4.00     3      0.00      0.00   58248   11944   0.15      0.00     20.00      0.00       0  nginx
1791476806     33     23435    4.00    6.00    0.00   10.00   10.00     3      0.00      0.00   58640   12472   0.15      0.00     28.00      0.00       0  nginx
1791476806    113    151301   20.00   23.00    0.00    0.00   43.00     0      1.00      0.00  682592   63152   0.78      0.00      0.00      0.00       0  pdns_server
1791476806   1100    151511   35.00   25.00    0.00    0.00   60.00     1   2175.00      0.00 2123628   19024   0.23      0.00      0.00      0.00       0  isupipe

# Time        UID       PID    %usr %system  %guest   %wait    %CPU   CPU  minflt/s  majflt/s     VSZ     RSS   %MEM   kB_rd/s   kB_wr/s kB_ccwr/s iodelay  Command
1791476807    112     14307   93.00   44.00    0.00    1.00  137.00     2     20.00      0.00 2911548 1016952  12.53      0.00   7952.00    972.00       0  mysqld
1791476807      0     17311    0.00    0.00    0.00    0.00    0.00     1      0.00      0.00   56800   12976   0.16      0.00      0.00      0.00       0  nginx
1791476807     33     23432    6.00   10.00    0.00   20.00   16.00     3      0.00      0.00   61524   15520   0.19      0.00    880.00    812.00       0  nginx
1791476807     33     23433    5.00    6.00    0.00   13.00   11.00     1      0.00      0.00   59612   13528   0.17      0.00    152.00    108.00       0  nginx
1791476807     33     23434    2.00    3.00    0.00    6.00    5.00     3      0.00      0.00   58248   11944   0.15      0.00    120.00    104.00       0  nginx
1791476807     33     23435    2.00    6.00    0.00   10.00    8.00     3      0.00      0.00   58640   12472   0.15      0.00    196.00    164.00       0  nginx
1791476807    113    151301   24.00   26.00    0.00    0.00   50.00     0      2.00      0.00  682592   63152   0.78      0.00      0.00      0.00       0  pdns_server
1791476807   1100    151511   38.00   27.00    0.00    0.00   65.00     1   2406.00      0.00 2123628   19080   0.24      0.00      0.00      0.00       0  isupipe

# Time        UID       PID    %usr %system  %guest   %wait    %CPU   CPU  minflt/s  majflt/s     VSZ     RSS   %MEM   kB_rd/s   kB_wr/s kB_ccwr/s iodelay  Command
1791476808    112     14307   89.00   45.00    0.00    0.00  134.00     2     26.00      0.00 2911548 1016952  12.53      0.00   7192.00    652.00       0  mysqld
1791476808      0     17311    0.00    0.00    0.00    0.00    0.00     1      0.00      0.00   56800   12976   0.16      0.00      0.00      0.00       0  nginx
1791476808     33     23432    6.00    9.00    0.00   23.00   15.00     3      0.00      0.00   61524   15520   0.19      0.00    468.00    316.00       0  nginx
1791476808     33     23433    4.00    5.00    0.00   19.00    9.00     0      0.00      0.00   59612   13528   0.17      0.00    276.00    232.00       0  nginx
1791476808     33     23434    4.00    1.00    0.00    6.00    5.00     3      0.00      0.00   58248   11944   0.15      0.00     76.00     60.00       0  nginx
1791476808     33     23435    6.00    3.00    0.00    8.00    9.00     3      0.00      0.00   58640   12472   0.15      0.00    276.00    256.00       0  nginx
1791476808    113    151301   22.00   19.00    0.00    0.00   41.00     0      0.00      0.00  682592   63152   0.78      0.00      0.00      0.00       0  pdns_server
1791476808   1100    151511   27.00   32.00    0.00    0.00   59.00     1   3780.00      0.00 2123628   19124   0.24      0.00      0.00      0.00       0  isupipe

# Time        UID       PID    %usr %system  %guest   %wait    %CPU   CPU  minflt/s  majflt/s     VSZ     RSS   %MEM   kB_rd/s   kB_wr/s kB_ccwr/s iodelay  Command
1791476809    112     14307   77.00   51.00    0.00    1.00  128.00     2     17.00      0.00 2911548 1016952  12.53      0.00   7336.00    744.00       0  mysqld
1791476809      0     17311    0.00    0.00    0.00    0.00    0.00     1      0.00      0.00   56800   12976   0.16      0.00      0.00      0.00       0  nginx
1791476809     33     23432    5.00    7.00    0.00   24.00   12.00     3      0.00      0.00   61524   15520   0.19      0.00    244.00    292.00       0  nginx
1791476809     33     23433    5.00    7.00    0.00   21.00   12.00     3      0.00      0.00   59612   13528   0.17      0.00    364.00    296.00       0  nginx
1791476809     33     23434    2.00    4.00    0.00    5.00    6.00     3      0.00      0.00   58248   11944   0.15      0.00    220.00    216.00       0  nginx
1791476809     33     23435    2.00    6.00    0.00   12.00    8.00     3     23.00      0.00   58776   12472   0.15      0.00    204.00    176.00       0  nginx
1791476809    113    151301   18.00   26.00    0.00    0.00   44.00     0      2.00      0.00  682592   63152   0.78      0.00      0.00      0.00       0  pdns_server
1791476809   1100    151511   25.00   29.00    0.00    0.00   54.00     1   1693.00      0.00 2123628   19784   0.24      0.00      0.00      0.00       0  isupipe

# Time        UID       PID    %usr %system  %guest   %wait    %CPU   CPU  minflt/s  majflt/s     VSZ     RSS   %MEM   kB_rd/s   kB_wr/s kB_ccwr/s iodelay  Command
1791476810    112     14307   68.00   55.00    0.00    0.00  123.00     2      0.00      0.00 2911548 1016952  12.53      0.00   6900.00    656.00       0  mysqld
1791476810      0     17311    0.00    0.00    0.00    0.00    0.00     1      0.00      0.00   56800   12976   0.16      0.00      0.00      0.00       0  nginx
1791476810     33     23432    5.00    8.00    0.00   21.00   13.00     3      0.00      0.00   61524   15520   0.19      0.00    252.00    100.00       0  nginx
1791476810     33     23433    4.00    5.00    0.00   15.00    9.00     3      0.00      0.00   59612   13528   0.17      0.00    384.00    356.00       0  nginx
1791476810     33     23434    2.00    3.00    0.00    8.00    5.00     3      0.00      0.00   58248   11944   0.15      0.00    100.00     80.00       0  nginx
1791476810     33     23435    2.00    5.00    0.00   11.00    7.00     3      0.00      0.00   58776   12472   0.15      0.00    292.00    260.00       0  nginx
1791476810    113    151301   23.00   25.00    0.00    0.00   48.00     0      0.00      0.00  682592   63152   0.78      0.00      0.00      0.00       0  pdns_server
1791476810   1100    151511   32.00   23.00    0.00    0.00   55.00     1    880.00      0.00 2123628   18840   0.23      0.00      0.00      0.00       0  isupipe

# Time        UID       PID    %usr %system  %guest   %wait    %CPU   CPU  minflt/s  majflt/s     VSZ     RSS   %MEM   kB_rd/s   kB_wr/s kB_ccwr/s iodelay  Command
1791476811    112     14307   69.00   52.00    0.00    0.00  121.00     0      0.00      0.00 2911548 1016952  12.53      0.00   6732.00    804.00       0  mysqld
1791476811      0     17311    0.00    0.00    0.00    0.00    0.00     1      0.00      0.00   56800   12976   0.16      0.00      0.00      0.00       0  nginx
1791476811     33     23432    5.00    7.00    0.00   21.00   12.00     3      0.00      0.00   61524   15520   0.19      0.00    236.00    288.00       0  nginx
1791476811     33     23433    3.00    6.00    0.00   11.00    9.00     3      0.00      0.00   59612   13528   0.17      0.00    364.00    348.00       0  nginx
1791476811     33     23434    1.00    3.00    0.00    4.00    4.00     0      0.00      0.00   58248   11944   0.15      0.00    200.00    184.00       0  nginx
1791476811     33     23435    3.00    3.00    0.00    7.00    6.00     3      0.00      0.00   58776   12472   0.15      0.00    188.00     72.00       0  nginx
1791476811    113    151301   22.00   21.00    0.00    0.00   43.00     0      3.00      0.00  682592   63152   0.78      0.00      0.00      0.00       0  pdns_server
1791476811   1100    151511   30.00   30.00    0.00    0.00   60.00     1   1845.00      0.00 2123628   19060   0.23      0.00      0.00      0.00       0  isupipe

# Time        UID       PID    %usr %system  %guest   %wait    %CPU   CPU  minflt/s  majflt/s     VSZ     RSS   %MEM   kB_rd/s   kB_wr/s kB_ccwr/s iodelay  Command
1791476812    112     14307   75.49   50.00    0.00    1.96  125.49     3     19.61      0.00 2911548 1016952  12.53      0.00   4827.45    337.25       0  mysqld
1791476812      0     17311    0.00    0.00    0.00    0.00    0.00     1      0.00      0.00   56800   12976   0.16      0.00      0.00      0.00       0  nginx
1791476812     33     23432    3.92    8.82    0.00   24.51   12.75     3      0.00      0.00   61524   15520   0.19      0.00    129.41    109.80       0  nginx
1791476812     33     23433    3.92    3.92    0.00   16.67    7.84     3      0.00      0.00   59612   13528   0.17      0.00    380.39    258.82       0  nginx
1791476812     33     23434    1.96    2.94    0.00    4.90    4.90     2      0.00      0.00   58248   11944   0.15      0.00      7.84      0.00       0  nginx
1791476812     33     23435    1.96    3.92    0.00    8.82    5.88     3      0.00      0.00   58776   12472   0.15      0.00     98.04    168.63       0  nginx
1791476812    113    151301   17.65   19.61    0.00    0.00   37.25     0      1.96      0.00  682592   63152   0.78      0.00      0.00      0.00       0  pdns_server
1791476812   1100    151511   29.41   34.31    0.00    0.00   63.73     1   1900.00      0.00 2123628   19340   0.24      0.00      0.00      0.00       0  isupipe

# Time        UID       PID    %usr %system  %guest   %wait    %CPU   CPU  minflt/s  majflt/s     VSZ     RSS   %MEM   kB_rd/s   kB_wr/s kB_ccwr/s iodelay  Command
1791476813    112     14307    2.97    1.98    0.00    0.00    4.95     3      0.00      0.00 2904352 1015568  12.51      0.00   3536.63     75.25       0  mysqld
1791476813      0     17311    0.00    0.00    0.00    0.00    0.00     1      0.00      0.00   56800   12976   0.16      0.00      0.00      0.00       0  nginx
1791476813     33     23432    0.00    0.99    0.00    0.99    0.99     0      0.00      0.00   61524   15520   0.19      0.00     91.09     87.13       0  nginx
1791476813     33     23433    0.00    0.99    0.00    0.99    0.99     1      0.00      0.00   59612   13528   0.17      0.00      0.00     99.01       0  nginx
1791476813     33     23434    0.99    0.00    0.00    0.00    0.99     2      0.00      0.00   58248   11944   0.15      0.00      0.00      0.00       0  nginx
1791476813     33     23435    0.00    0.99    0.00    0.99    0.99     3      0.00      0.00   58776   12472   0.15      0.00      0.00      0.00       0  nginx
1791476813    113    151301    0.99    0.00    0.00    0.00    0.99     0      0.00      0.00  682592   63152   0.78      0.00      0.00      0.00       0  pdns_server
1791476813   1100    151511    0.99    1.98    0.00    0.00    2.97     1     66.34      0.00 2123628   19604   0.24      0.00      0.00      0.00       0  isupipe
