Linux 5.15.0-198-generic (isucon13-app) 	10/08/26 	_aarch64_	(4 CPU)

# Time        UID       PID    %usr %system  %guest   %wait    %CPU   CPU  minflt/s  majflt/s     VSZ     RSS   %MEM   kB_rd/s   kB_wr/s kB_ccwr/s iodelay  Command
1791476589    112     14307    9.00    9.00    0.00    0.00   18.00     0      4.00      0.00 2892016  965812  11.90      0.00   8744.00      0.00       0  mysqld
1791476589      0     17311    0.00    0.00    0.00    0.00    0.00     1      0.00      0.00   56800   12976   0.16      0.00      0.00      0.00       0  nginx
1791476589     33     23432    0.00    1.00    0.00    0.00    1.00     2      0.00      0.00   60576   14464   0.18      0.00      0.00      0.00       0  nginx
1791476589     33     23433    0.00    0.00    0.00    0.00    0.00     3      0.00      0.00   59344   13000   0.16      0.00      0.00      0.00       0  nginx
1791476589     33     23434    0.00    0.00    0.00    0.00    0.00     3      0.00      0.00   57844   11680   0.14      0.00      0.00      0.00       0  nginx
1791476589     33     23435    0.00    0.00    0.00    0.00    0.00     1      0.00      0.00   58368   12208   0.15      0.00      0.00      0.00       0  nginx
1791476589    113    145567    0.00    1.00    0.00    0.00    1.00     2      6.00      0.00  755788   58660   0.72      0.00      0.00      0.00       0  pdns_server
1791476589   1100    145765    0.00    1.00    0.00    0.00    1.00     0      0.00      0.00 1753768   14464   0.18      0.00      0.00      0.00       0  isupipe

# Time        UID       PID    %usr %system  %guest   %wait    %CPU   CPU  minflt/s  majflt/s     VSZ     RSS   %MEM   kB_rd/s   kB_wr/s kB_ccwr/s iodelay  Command
1791476590    112     14307    7.00    7.00    0.00    0.00   14.00     0      0.00      0.00 2892016  965812  11.90      0.00   6668.00      0.00       0  mysqld
1791476590      0     17311    0.00    0.00    0.00    0.00    0.00     1      0.00      0.00   56800   12976   0.16      0.00      0.00      0.00       0  nginx
1791476590     33     23432    0.00    0.00    0.00    0.00    0.00     2      0.00      0.00   60576   14464   0.18      0.00      0.00      0.00       0  nginx
1791476590     33     23433    0.00    0.00    0.00    0.00    0.00     3      0.00      0.00   59344   13000   0.16      0.00      0.00      0.00       0  nginx
1791476590     33     23434    0.00    0.00    0.00    0.00    0.00     3      0.00      0.00   57844   11680   0.14      0.00      0.00      0.00       0  nginx
1791476590     33     23435    0.00    0.00    0.00    0.00    0.00     1      0.00      0.00   58368   12208   0.15      0.00      0.00      0.00       0  nginx
1791476590    113    145567    0.00    0.00    0.00    0.00    0.00     2      0.00      0.00  755788   58660   0.72      0.00      0.00      0.00       0  pdns_server
1791476590   1100    145765    0.00    0.00    0.00    0.00    0.00     0      0.00      0.00 1753768   14464   0.18      0.00      0.00      0.00       0  isupipe

# Time        UID       PID    %usr %system  %guest   %wait    %CPU   CPU  minflt/s  majflt/s     VSZ     RSS   %MEM   kB_rd/s   kB_wr/s kB_ccwr/s iodelay  Command
1791476591    112     14307    9.00    6.00    0.00    0.00   15.00     0      0.00      0.00 2892016  965812  11.90      0.00   6680.00      0.00       0  mysqld
1791476591      0     17311    0.00    0.00    0.00    0.00    0.00     1      0.00      0.00   56800   12976   0.16      0.00      0.00      0.00       0  nginx
1791476591     33     23432    0.00    0.00    0.00    0.00    0.00     2      0.00      0.00   60576   14464   0.18      0.00      0.00      0.00       0  nginx
1791476591     33     23433    0.00    0.00    0.00    0.00    0.00     3      0.00      0.00   59344   13000   0.16      0.00      0.00      0.00       0  nginx
1791476591     33     23434    0.00    0.00    0.00    0.00    0.00     3      0.00      0.00   57844   11680   0.14      0.00      0.00      0.00       0  nginx
1791476591     33     23435    0.00    0.00    0.00    0.00    0.00     1      0.00      0.00   58368   12208   0.15      0.00      0.00      0.00       0  nginx
1791476591    113    145567    0.00    0.00    0.00    0.00    0.00     2      0.00      0.00  755788   58660   0.72      0.00      0.00      0.00       0  pdns_server
1791476591   1100    145765    0.00    0.00    0.00    0.00    0.00     0      0.00      0.00 1753768   14464   0.18      0.00      0.00      0.00       0  isupipe

# Time        UID       PID    %usr %system  %guest   %wait    %CPU   CPU  minflt/s  majflt/s     VSZ     RSS   %MEM   kB_rd/s   kB_wr/s kB_ccwr/s iodelay  Command
1791476592    112     14307   12.00    8.00    0.00    0.00   20.00     0   7503.00      0.00 2892016  964152  11.88      0.00  22956.00   1948.00       0  mysqld
1791476592      0     17311    0.00    0.00    0.00    0.00    0.00     1      0.00      0.00   56800   12976   0.16      0.00      0.00      0.00       0  nginx
1791476592     33     23432    0.00    0.00    0.00    0.00    0.00     2      0.00      0.00   60576   14464   0.18      0.00      0.00      0.00       0  nginx
1791476592     33     23433    0.00    0.00    0.00    0.00    0.00     3      0.00      0.00   59344   13000   0.16      0.00      0.00      0.00       0  nginx
1791476592     33     23434    0.00    0.00    0.00    0.00    0.00     3      0.00      0.00   57844   11680   0.14      0.00      0.00      0.00       0  nginx
1791476592     33     23435    0.00    0.00    0.00    0.00    0.00     1      0.00      0.00   58368   12208   0.15      0.00      0.00      0.00       0  nginx
1791476592    113    145567    0.00    0.00    0.00    0.00    0.00     2      0.00      0.00  755788   58660   0.72      0.00      0.00      0.00       0  pdns_server
1791476592   1100    145765    0.00    0.00    0.00    0.00    0.00     0      0.00      0.00 1753768   14464   0.18      0.00      0.00      0.00       0  isupipe

# Time        UID       PID    %usr %system  %guest   %wait    %CPU   CPU  minflt/s  majflt/s     VSZ     RSS   %MEM   kB_rd/s   kB_wr/s kB_ccwr/s iodelay  Command
1791476593    112     14307   21.57   12.75    0.00    0.00   34.31     1  11711.76      0.00 2892016 1010284  12.44      0.00  36278.43   1474.51       0  mysqld
1791476593      0     17311    0.00    0.00    0.00    0.00    0.00     1      0.00      0.00   56800   12976   0.16      0.00      0.00      0.00       0  nginx
1791476593     33     23432    0.00    0.00    0.00    0.00    0.00     2      0.00      0.00   60576   14464   0.18      0.00      0.00      0.00       0  nginx
1791476593     33     23433    0.00    0.00    0.00    0.00    0.00     3      0.00      0.00   59344   13000   0.16      0.00      0.00      0.00       0  nginx
1791476593     33     23434    0.00    0.00    0.00    0.00    0.00     3      0.00      0.00   57844   11680   0.14      0.00      0.00      0.00       0  nginx
1791476593     33     23435    0.00    0.00    0.00    0.00    0.00     1      0.00      0.00   58368   12208   0.15      0.00      0.00      0.00       0  nginx
1791476593    113    145567    0.00    0.00    0.00    0.00    0.00     2      0.00      0.00  755788   58660   0.72      0.00      0.00      0.00       0  pdns_server
1791476593   1100    145765    0.00    0.00    0.00    0.00    0.00     0      0.00      0.00 1753768   14464   0.18      0.00      0.00      0.00       0  isupipe

# Time        UID       PID    %usr %system  %guest   %wait    %CPU   CPU  minflt/s  majflt/s     VSZ     RSS   %MEM   kB_rd/s   kB_wr/s kB_ccwr/s iodelay  Command
1791476594    112     14307    0.99    0.99    0.00    0.00    1.98     1      0.00      0.00 2892016 1010284  12.44      0.00   2439.60      0.00       0  mysqld
1791476594      0     17311    0.00    0.00    0.00    0.00    0.00     1      0.00      0.00   56800   12976   0.16      0.00      0.00      0.00       0  nginx
1791476594     33     23432    0.00    0.00    0.00    0.00    0.00     2      0.00      0.00   60576   14464   0.18      0.00      0.00      0.00       0  nginx
1791476594     33     23433    0.00    0.00    0.00    0.00    0.00     3      0.00      0.00   59344   13000   0.16      0.00      0.00      0.00       0  nginx
1791476594     33     23434    0.00    0.00    0.00    0.00    0.00     3      0.00      0.00   57844   11680   0.14      0.00      0.00      0.00       0  nginx
1791476594     33     23435    0.00    0.00    0.00    0.00    0.00     1      0.00      0.00   58368   12208   0.15      0.00      0.00      0.00       0  nginx
1791476594    113    145567    0.00    0.00    0.00    0.00    0.00     2      0.00      0.00  755788   58660   0.72      0.00      0.00      0.00       0  pdns_server
1791476594   1100    145765    0.00    0.00    0.00    0.00    0.00     0      0.00      0.00 1753768   14464   0.18      0.00      0.00      0.00       0  isupipe

# Time        UID       PID    %usr %system  %guest   %wait    %CPU   CPU  minflt/s  majflt/s     VSZ     RSS   %MEM   kB_rd/s   kB_wr/s kB_ccwr/s iodelay  Command
1791476595    112     14307    0.96    0.00    0.00    0.00    0.96     1      0.00      0.00 2892016 1010284  12.44      0.00   2646.15      0.00       0  mysqld
1791476595      0     17311    0.00    0.00    0.00    0.00    0.00     1      0.00      0.00   56800   12976   0.16      0.00      0.00      0.00       0  nginx
1791476595     33     23432    0.00    0.00    0.00    0.00    0.00     2      0.00      0.00   60576   14464   0.18      0.00      0.00      0.00       0  nginx
1791476595     33     23433    0.00    0.00    0.00    0.00    0.00     3      0.00      0.00   59344   13000   0.16      0.00      0.00      0.00       0  nginx
1791476595     33     23434    0.00    0.00    0.00    0.00    0.00     3      0.00      0.00   57844   11680   0.14      0.00      0.00      0.00       0  nginx
1791476595     33     23435    0.00    0.00    0.00    0.00    0.00     1      0.00      0.00   58368   12208   0.15      0.00      0.00      0.00       0  nginx
1791476595    113    145567    0.00    0.00    0.00    0.00    0.00     2      0.00      0.00  755788   58660   0.72      0.00      0.00      0.00       0  pdns_server
1791476595   1100    145765    0.00    0.00    0.00    0.00    0.00     0      0.00      0.00 1753768   14464   0.18      0.00      0.00      0.00       0  isupipe

# Time        UID       PID    %usr %system  %guest   %wait    %CPU   CPU  minflt/s  majflt/s     VSZ     RSS   %MEM   kB_rd/s   kB_wr/s kB_ccwr/s iodelay  Command
1791476596    112     14307   12.00    3.00    0.00    0.00   15.00     0    106.00      0.00 2893044 1010492  12.45      0.00   6876.00      0.00       0  mysqld
1791476596      0     17311    0.00    0.00    0.00    0.00    0.00     1      0.00      0.00   56800   12976   0.16      0.00      0.00      0.00       0  nginx
1791476596     33     23432    1.00    0.00    0.00    0.00    1.00     1      0.00      0.00   60576   14464   0.18      0.00      8.00      0.00       0  nginx
1791476596     33     23433    0.00    0.00    0.00    0.00    0.00     3      0.00      0.00   59344   13000   0.16      0.00      0.00      0.00       0  nginx
1791476596     33     23434    0.00    0.00    0.00    0.00    0.00     3      0.00      0.00   57844   11680   0.14      0.00      0.00      0.00       0  nginx
1791476596     33     23435    0.00    0.00    0.00    0.00    0.00     1      0.00      0.00   58368   12208   0.15      0.00      0.00      0.00       0  nginx
1791476596    113    145567    0.00    0.00    0.00    0.00    0.00     2      0.00      0.00  755788   58660   0.72      0.00      0.00      0.00       0  pdns_server
1791476596   1100    145765    2.00    4.00    0.00    0.00    6.00     0    254.00      0.00 1753768   14712   0.18      0.00     52.00     52.00       0  isupipe

# Time        UID       PID    %usr %system  %guest   %wait    %CPU   CPU  minflt/s  majflt/s     VSZ     RSS   %MEM   kB_rd/s   kB_wr/s kB_ccwr/s iodelay  Command
1791476597    112     14307    7.84    3.92    0.00    0.00   11.76     1      0.00      0.00 2893044 1010492  12.45      0.00   7686.27     47.06       0  mysqld
1791476597      0     17311    0.00    0.00    0.00    0.00    0.00     1      0.00      0.00   56800   12976   0.16      0.00      0.00      0.00       0  nginx
1791476597     33     23432    0.00    0.00    0.00    0.00    0.00     1      0.00      0.00   60576   14464   0.18      0.00     62.75     58.82       0  nginx
1791476597     33     23433    0.00    0.00    0.00    0.00    0.00     3      0.00      0.00   59344   13000   0.16      0.00      0.00      0.00       0  nginx
1791476597     33     23434    0.00    0.00    0.00    0.00    0.00     3      0.00      0.00   57844   11680   0.14      0.00      0.00      0.00       0  nginx
1791476597     33     23435    0.00    0.00    0.00    0.00    0.00     1      0.00      0.00   58368   12208   0.15      0.00      0.00      0.00       0  nginx
1791476597    113    145567    0.00    0.00    0.00    0.00    0.00     2      0.98      0.00  755788   58660   0.72      0.00      0.00      0.00       0  pdns_server
1791476597   1100    145765    3.92    1.96    0.00    0.00    5.88     1    262.75      0.00 1753768   14916   0.18      0.00      0.00      0.00       0  isupipe

# Time        UID       PID    %usr %system  %guest   %wait    %CPU   CPU  minflt/s  majflt/s     VSZ     RSS   %MEM   kB_rd/s   kB_wr/s kB_ccwr/s iodelay  Command
1791476598    112     14307    1.98    0.00    0.00    0.00    1.98     1      0.00      0.00 2893044 1010492  12.45      0.00   2099.01      0.00       0  mysqld
1791476598      0     17311    0.00    0.00    0.00    0.00    0.00     1      0.00      0.00   56800   12976   0.16      0.00      0.00      0.00       0  nginx
1791476598     33     23432    0.00    0.00    0.00    0.00    0.00     1      0.00      0.00   60576   14464   0.18      0.00      0.00      0.00       0  nginx
1791476598     33     23433    0.00    0.00    0.00    0.00    0.00     3      0.00      0.00   59344   13000   0.16      0.00      0.00      0.00       0  nginx
1791476598     33     23434    0.00    0.00    0.00    0.00    0.00     3      0.00      0.00   57844   11680   0.14      0.00      0.00      0.00       0  nginx
1791476598     33     23435    0.00    0.00    0.00    0.00    0.00     1      0.00      0.00   58368   12208   0.15      0.00      0.00      0.00       0  nginx
1791476598    113    145567    0.00    0.00    0.00    0.00    0.00     2      0.00      0.00  755788   58660   0.72      0.00      0.00      0.00       0  pdns_server
1791476598   1100    145765    0.00    0.00    0.00    0.00    0.00     1      0.00      0.00 1753768   14916   0.18      0.00      0.00      0.00       0  isupipe

# Time        UID       PID    %usr %system  %guest   %wait    %CPU   CPU  minflt/s  majflt/s     VSZ     RSS   %MEM   kB_rd/s   kB_wr/s kB_ccwr/s iodelay  Command
1791476599    112     14307    2.97    2.97    0.00    0.00    5.94     1      0.00      0.00 2893044 1010492  12.45      0.00   6930.69     51.49       0  mysqld
1791476599      0     17311    0.00    0.00    0.00    0.00    0.00     1      0.00      0.00   56800   12976   0.16      0.00      0.00      0.00       0  nginx
1791476599     33     23432    0.99    0.99    0.00    0.00    1.98     1      0.00      0.00   60576   14464   0.18      0.00     75.25     63.37       0  nginx
1791476599     33     23433    0.00    0.00    0.00    0.00    0.00     3      0.00      0.00   59344   13000   0.16      0.00      0.00      0.00       0  nginx
1791476599     33     23434    0.00    0.00    0.00    0.00    0.00     3      0.00      0.00   57844   11680   0.14      0.00      0.00      0.00       0  nginx
1791476599     33     23435    0.00    0.00    0.00    0.00    0.00     1      0.00      0.00   58368   12208   0.15      0.00      0.00      0.00       0  nginx
1791476599    113    145567    0.00    0.00    0.00    0.00    0.00     0      9.90      0.00  755680   58616   0.72      0.00      0.00      0.00       0  pdns_server
1791476599   1100    145765    2.97    2.97    0.00    0.99    5.94     1     44.55      0.00 1753768   14916   0.18      0.00      0.00      0.00       0  isupipe

# Time        UID       PID    %usr %system  %guest   %wait    %CPU   CPU  minflt/s  majflt/s     VSZ     RSS   %MEM   kB_rd/s   kB_wr/s kB_ccwr/s iodelay  Command
1791476600    112     14307    0.00    0.98    0.00    0.00    0.98     1      0.00      0.00 2893044 1010492  12.45      0.00    196.08      0.00       0  mysqld
1791476600      0     17311    0.00    0.00    0.00    0.00    0.00     1      0.00      0.00   56800   12976   0.16      0.00      0.00      0.00       0  nginx
1791476600     33     23432    0.00    0.00    0.00    0.00    0.00     1      0.00      0.00   60576   14464   0.18      0.00      0.00      0.00       0  nginx
1791476600     33     23433    0.00    0.00    0.00    0.00    0.00     3      0.00      0.00   59344   13000   0.16      0.00      0.00      0.00       0  nginx
1791476600     33     23434    0.00    0.00    0.00    0.00    0.00     3      0.00      0.00   57844   11680   0.14      0.00      0.00      0.00       0  nginx
1791476600     33     23435    0.00    0.00    0.00    0.00    0.00     1      0.00      0.00   58368   12208   0.15      0.00      0.00      0.00       0  nginx
1791476600    113    145567    0.00    0.00    0.00    0.00    0.00     0      0.00      0.00  755680   58616   0.72      0.00      0.00      0.00       0  pdns_server
1791476600   1100    145765    0.00    0.00    0.00    0.00    0.00     1      0.00      0.00 1753768   14916   0.18      0.00      0.00      0.00       0  isupipe

# Time        UID       PID    %usr %system  %guest   %wait    %CPU   CPU  minflt/s  majflt/s     VSZ     RSS   %MEM   kB_rd/s   kB_wr/s kB_ccwr/s iodelay  Command
1791476601    112     14307    8.00    7.00    0.00    0.00   15.00     1      0.00      0.00 2893044 1010492  12.45      0.00   7024.00      0.00       0  mysqld
1791476601      0     17311    0.00    0.00    0.00    0.00    0.00     1      0.00      0.00   56800   12976   0.16      0.00      0.00      0.00       0  nginx
1791476601     33     23432    2.00    0.00    0.00    0.00    2.00     0      0.00      0.00   60576   14464   0.18      0.00    232.00      0.00       0  nginx
1791476601     33     23433    0.00    0.00    0.00    0.00    0.00     0      0.00      0.00   59344   13000   0.16      0.00      0.00      0.00       0  nginx
1791476601     33     23434    0.00    0.00    0.00    0.00    0.00     3      0.00      0.00   57844   11680   0.14      0.00      0.00      0.00       0  nginx
1791476601     33     23435    0.00    0.00    0.00    0.00    0.00     1      0.00      0.00   58368   12208   0.15      0.00      0.00      0.00       0  nginx
1791476601    113    145567    1.00    2.00    0.00    0.00    3.00     0      2.00      0.00  755680   58616   0.72      0.00      0.00      0.00       0  pdns_server
1791476601   1100    145765    5.00    3.00    0.00    0.00    8.00     1    187.00      0.00 1753768   15188   0.19      0.00      0.00      0.00       0  isupipe

# Time        UID       PID    %usr %system  %guest   %wait    %CPU   CPU  minflt/s  majflt/s     VSZ     RSS   %MEM   kB_rd/s   kB_wr/s kB_ccwr/s iodelay  Command
1791476602    112     14307   73.00   35.00    0.00    3.00  108.00     3     88.00      0.00 2892016 1010544  12.45      0.00  12472.00   1936.00       0  mysqld
1791476602      0     17311    0.00    0.00    0.00    0.00    0.00     1      0.00      0.00   56800   12976   0.16      0.00      0.00      0.00       0  nginx
1791476602     33     23432    8.00   12.00    0.00    8.00   20.00     3      0.00      0.00   60576   14464   0.18      0.00   1632.00   1768.00       0  nginx
1791476602     33     23433    1.00    2.00    0.00    1.00    3.00     2      0.00      0.00   59344   13000   0.16      0.00    260.00    244.00       0  nginx
1791476602     33     23434    0.00    1.00    0.00    1.00    1.00     2      0.00      0.00   57844   11680   0.14      0.00      8.00      0.00       0  nginx
1791476602     33     23435    0.00    2.00    0.00    1.00    2.00     3      0.00      0.00   58368   12208   0.15      0.00    176.00    176.00       0  nginx
1791476602    113    145567    9.00   16.00    0.00    0.00   25.00     0    136.00      0.00  829472   59472   0.73      0.00      0.00      0.00       0  pdns_server
1791476602   1100    145765   31.00   29.00    0.00   12.00   60.00     3   2365.00      0.00 1975400   15156   0.19      0.00      0.00      0.00       0  isupipe

# Time        UID       PID    %usr %system  %guest   %wait    %CPU   CPU  minflt/s  majflt/s     VSZ     RSS   %MEM   kB_rd/s   kB_wr/s kB_ccwr/s iodelay  Command
1791476603    112     14307   74.00   32.00    0.00    1.00  106.00     3    230.00      0.00 2895100 1011208  12.46      0.00   5148.00    944.00       0  mysqld
1791476603      0     17311    0.00    0.00    0.00    0.00    0.00     1      0.00      0.00   56800   12976   0.16      0.00      0.00      0.00       0  nginx
1791476603     33     23432    8.00   11.00    0.00   11.00   19.00     2      0.00      0.00   60576   14464   0.18      0.00    720.00    612.00       0  nginx
1791476603     33     23433    3.00    4.00    0.00    7.00    7.00     3      0.00      0.00   59344   13000   0.16      0.00    512.00    472.00       0  nginx
1791476603     33     23434    1.00    1.00    0.00    1.00    2.00     0      0.00      0.00   57844   11680   0.14      0.00    116.00    100.00       0  nginx
1791476603     33     23435    1.00    1.00    0.00    1.00    2.00     3      0.00      0.00   58368   12208   0.15      0.00    144.00     68.00       0  nginx
1791476603    113    145567   12.00    9.00    0.00    0.00   21.00     0    115.00      0.00  829472   59732   0.74      0.00      0.00      0.00       0  pdns_server
1791476603   1100    145765   36.00   35.00    0.00   21.00   71.00     3   2148.00      0.00 1975400   15776   0.19      0.00      0.00      0.00       0  isupipe

# Time        UID       PID    %usr %system  %guest   %wait    %CPU   CPU  minflt/s  majflt/s     VSZ     RSS   %MEM   kB_rd/s   kB_wr/s kB_ccwr/s iodelay  Command
1791476604    112     14307   71.00   38.00    0.00    3.00  109.00     1     36.00      0.00 2893044 1011000  12.45      0.00   7712.00   1152.00       0  mysqld
1791476604      0     17311    0.00    0.00    0.00    0.00    0.00     1      0.00      0.00   56800   12976   0.16      0.00      0.00      0.00       0  nginx
1791476604     33     23432    5.00   14.00    0.00   13.00   19.00     3      0.00      0.00   60576   14464   0.18      0.00    956.00    824.00       0  nginx
1791476604     33     23433    3.00    4.00    0.00    5.00    7.00     3      0.00      0.00   59344   13000   0.16      0.00    504.00    456.00       0  nginx
1791476604     33     23434    0.00    2.00    0.00    1.00    2.00     3      0.00      0.00   57844   11680   0.14      0.00      8.00      0.00       0  nginx
1791476604     33     23435    2.00    1.00    0.00    3.00    3.00     2      0.00      0.00   58368   12208   0.15      0.00    108.00    172.00       0  nginx
1791476604    113    145567   12.00   14.00    0.00    0.00   26.00     0    125.00      0.00  829472   60788   0.75      0.00      0.00      0.00       0  pdns_server
1791476604   1100    145765   36.00   36.00    0.00   24.00   72.00     3   2526.00      0.00 1975400   15976   0.20      0.00      0.00      0.00       0  isupipe

# Time        UID       PID    %usr %system  %guest   %wait    %CPU   CPU  minflt/s  majflt/s     VSZ     RSS   %MEM   kB_rd/s   kB_wr/s kB_ccwr/s iodelay  Command
1791476605    112     14307   77.00   35.00    0.00    1.00  112.00     1    160.00      0.00 2893044 1011256  12.46      0.00   7592.00   1360.00       0  mysqld
1791476605      0     17311    0.00    0.00    0.00    0.00    0.00     1      0.00      0.00   56800   12976   0.16      0.00      0.00      0.00       0  nginx
1791476605     33     23432    5.00   11.00    0.00   16.00   16.00     3      0.00      0.00   60576   14464   0.18      0.00    884.00    780.00       0  nginx
1791476605     33     23433    5.00    4.00    0.00    7.00    9.00     3      0.00      0.00   59344   13000   0.16      0.00    748.00    736.00       0  nginx
1791476605     33     23434    0.00    3.00    0.00    2.00    3.00     3      0.00      0.00   57844   11680   0.14      0.00     20.00      0.00       0  nginx
1791476605     33     23435    1.00    3.00    0.00    2.00    4.00     3      0.00      0.00   58368   12208   0.15      0.00    196.00    188.00       0  nginx
1791476605    113    145567   11.00   13.00    0.00    0.00   24.00     0    153.00      0.00  829472   60788   0.75      0.00      0.00      0.00       0  pdns_server
1791476605   1100    145765   42.00   32.00    0.00    0.00   74.00     2   3116.00      0.00 1975400   15720   0.19      0.00      0.00      0.00       0  isupipe

# Time        UID       PID    %usr %system  %guest   %wait    %CPU   CPU  minflt/s  majflt/s     VSZ     RSS   %MEM   kB_rd/s   kB_wr/s kB_ccwr/s iodelay  Command
1791476606    112     14307   74.00   36.00    0.00    2.00  110.00     0     33.00      0.00 2895100 1011256  12.46      0.00   5612.00   1088.00       0  mysqld
1791476606      0     17311    0.00    0.00    0.00    0.00    0.00     1      0.00      0.00   56800   12976   0.16      0.00      0.00      0.00       0  nginx
1791476606     33     23432    6.00   10.00    0.00   11.00   16.00     3      0.00      0.00   60576   14464   0.18      0.00    820.00    728.00       0  nginx
1791476606     33     23433    2.00    7.00    0.00    6.00    9.00     3      0.00      0.00   59344   13000   0.16      0.00    668.00    552.00       0  nginx
1791476606     33     23434    1.00    2.00    0.00    3.00    3.00     3      0.00      0.00   57844   11680   0.14      0.00     20.00      0.00       0  nginx
1791476606     33     23435    0.00    1.00    0.00    1.00    1.00     2      0.00      0.00   58368   12208   0.15      0.00     92.00     88.00       0  nginx
1791476606    113    145567   13.00   19.00    0.00    0.00   32.00     0     97.00      0.00  829472   61052   0.75      0.00      0.00      0.00       0  pdns_server
1791476606   1100    145765   40.00   33.00    0.00    0.00   73.00     2   2692.00      0.00 1975400   16688   0.21      0.00      0.00      0.00       0  isupipe

# Time        UID       PID    %usr %system  %guest   %wait    %CPU   CPU  minflt/s  majflt/s     VSZ     RSS   %MEM   kB_rd/s   kB_wr/s kB_ccwr/s iodelay  Command
1791476607    112     14307   72.00   39.00    0.00    2.00  111.00     2    104.00      0.00 2896128 1011256  12.46      0.00   9116.00   1064.00       0  mysqld
1791476607      0     17311    0.00    0.00    0.00    0.00    0.00     1      0.00      0.00   56800   12976   0.16      0.00      0.00      0.00       0  nginx
1791476607     33     23432    4.00   14.00    0.00   16.00   18.00     3      0.00      0.00   60576   14464   0.18      0.00    928.00    840.00       0  nginx
1791476607     33     23433    4.00    4.00    0.00    8.00    8.00     3      0.00      0.00   59344   13000   0.16      0.00    320.00    352.00       0  nginx
1791476607     33     23434    1.00    2.00    0.00    2.00    3.00     3      0.00      0.00   57844   11680   0.14      0.00      8.00      0.00       0  nginx
1791476607     33     23435    1.00    1.00    0.00    1.00    2.00     3      0.00      0.00   58368   12208   0.15      0.00    120.00    116.00       0  nginx
1791476607    113    145567   11.00   20.00    0.00    0.00   31.00     0    175.00      0.00  829472   62108   0.77      0.00      0.00      0.00       0  pdns_server
1791476607   1100    145765   35.00   34.00    0.00   21.00   69.00     3   2691.00      0.00 1975656   16772   0.21      0.00      0.00      0.00       0  isupipe

# Time        UID       PID    %usr %system  %guest   %wait    %CPU   CPU  minflt/s  majflt/s     VSZ     RSS   %MEM   kB_rd/s   kB_wr/s kB_ccwr/s iodelay  Command
1791476608    112     14307   79.00   40.00    0.00    2.00  119.00     0     15.00      0.00 2893044 1011256  12.46      0.00   9128.00   1096.00       0  mysqld
1791476608      0     17311    0.00    0.00    0.00    0.00    0.00     1      0.00      0.00   56800   12976   0.16      0.00      0.00      0.00       0  nginx
1791476608     33     23432    8.00   11.00    0.00   14.00   19.00     3      0.00      0.00   60576   14464   0.18      0.00   1052.00    932.00       0  nginx
1791476608     33     23433    2.00   10.00    0.00    9.00   12.00     0      0.00      0.00   59344   13000   0.16      0.00    552.00    524.00       0  nginx
1791476608     33     23434    0.00    0.00    0.00    0.00    0.00     3      0.00      0.00   57844   11680   0.14      0.00      0.00      0.00       0  nginx
1791476608     33     23435    1.00    0.00    0.00    1.00    1.00     3      0.00      0.00   58368   12208   0.15      0.00      4.00      0.00       0  nginx
1791476608    113    145567   13.00   19.00    0.00    0.00   32.00     0    219.00      0.00  829472   63164   0.78      0.00      0.00      0.00       0  pdns_server
1791476608   1100    145765   39.00   29.00    0.00   25.00   68.00     1   2326.00      0.00 1975656   16692   0.21      0.00      0.00      0.00       0  isupipe

# Time        UID       PID    %usr %system  %guest   %wait    %CPU   CPU  minflt/s  majflt/s     VSZ     RSS   %MEM   kB_rd/s   kB_wr/s kB_ccwr/s iodelay  Command
1791476609    112     14307   83.00   34.00    0.00    3.00  117.00     3    102.00      0.00 2893044 1011256  12.46      0.00   5704.00    752.00       0  mysqld
1791476609      0     17311    0.00    0.00    0.00    0.00    0.00     1      0.00      0.00   56800   12976   0.16      0.00      0.00      0.00       0  nginx
1791476609     33     23432    5.00   11.00    0.00   14.00   16.00     3      0.00      0.00   60576   14464   0.18      0.00    640.00    492.00       0  nginx
1791476609     33     23433    3.00    6.00    0.00    6.00    9.00     3      0.00      0.00   59344   13000   0.16      0.00    328.00    264.00       0  nginx
1791476609     33     23434    0.00    1.00    0.00    1.00    1.00     3      0.00      0.00   57844   11680   0.14      0.00      4.00      0.00       0  nginx
1791476609     33     23435    0.00    1.00    0.00    1.00    1.00     3      0.00      0.00   58368   12208   0.15      0.00    176.00    172.00       0  nginx
1791476609    113    145567   14.00   17.00    0.00    0.00   31.00     0    238.00      0.00  829472   63436   0.78      0.00      0.00      0.00       0  pdns_server
1791476609   1100    145765   36.00   32.00    0.00   25.00   68.00     3   2133.00      0.00 1975656   16236   0.20      0.00      0.00      0.00       0  isupipe

# Time        UID       PID    %usr %system  %guest   %wait    %CPU   CPU  minflt/s  majflt/s     VSZ     RSS   %MEM   kB_rd/s   kB_wr/s kB_ccwr/s iodelay  Command
1791476610    112     14307   71.00   40.00    0.00    2.00  111.00     0     95.00      0.00 2893044 1011256  12.46      0.00  13744.00    988.00       0  mysqld
1791476610      0     17311    0.00    0.00    0.00    0.00    0.00     1      0.00      0.00   56800   12976   0.16      0.00      0.00      0.00       0  nginx
1791476610     33     23432    8.00    9.00    0.00   12.00   17.00     3      0.00      0.00   60576   14464   0.18      0.00    640.00    544.00       0  nginx
1791476610     33     23433    5.00    5.00    0.00    5.00   10.00     3      0.00      0.00   59344   13000   0.16      0.00    540.00    500.00       0  nginx
1791476610     33     23434    1.00    1.00    0.00    1.00    2.00     3      0.00      0.00   57844   11680   0.14      0.00     88.00     88.00       0  nginx
1791476610     33     23435    1.00    1.00    0.00    1.00    2.00     3      0.00      0.00   58368   12208   0.15      0.00      8.00      0.00       0  nginx
1791476610    113    145567   11.00   22.00    0.00    0.00   33.00     0    260.00      0.00  829472   64492   0.79      0.00      0.00      0.00       0  pdns_server
1791476610   1100    145765   28.00   40.00    0.00   31.00   68.00     0   1996.00      0.00 1975656   16924   0.21      0.00      0.00      0.00       0  isupipe

# Time        UID       PID    %usr %system  %guest   %wait    %CPU   CPU  minflt/s  majflt/s     VSZ     RSS   %MEM   kB_rd/s   kB_wr/s kB_ccwr/s iodelay  Command
1791476611    112     14307   80.00   41.00    0.00    3.00  121.00     0    187.00      0.00 2892016 1011256  12.46      0.00   7520.00   1124.00       0  mysqld
1791476611      0     17311    0.00    0.00    0.00    0.00    0.00     1      0.00      0.00   56800   12976   0.16      0.00      0.00      0.00       0  nginx
1791476611     33     23432    7.00   13.00    0.00   14.00   20.00     0      0.00      0.00   60576   14464   0.18      0.00   1020.00    828.00       0  nginx
1791476611     33     23433    3.00    7.00    0.00    6.00   10.00     3      0.00      0.00   59344   13000   0.16      0.00    440.00    396.00       0  nginx
1791476611     33     23434    0.00    0.00    0.00    0.00    0.00     3      0.00      0.00   57844   11680   0.14      0.00      0.00      0.00       0  nginx
1791476611     33     23435    1.00    2.00    0.00    2.00    3.00     3      0.00      0.00   58368   12208   0.15      0.00     84.00     80.00       0  nginx
1791476611    113    145567   11.00   17.00    0.00    0.00   28.00     0    171.00      0.00  829472   65548   0.81      0.00      0.00      0.00       0  pdns_server
1791476611   1100    145765   45.00   31.00    0.00    4.00   76.00     2   2639.00      0.00 1975656   16392   0.20      0.00      0.00      0.00       0  isupipe

# Time        UID       PID    %usr %system  %guest   %wait    %CPU   CPU  minflt/s  majflt/s     VSZ     RSS   %MEM   kB_rd/s   kB_wr/s kB_ccwr/s iodelay  Command
1791476612    112     14307   75.00   40.00    0.00    2.00  115.00     0     12.00      0.00 2895100 1011256  12.46      0.00   6800.00    968.00       0  mysqld
1791476612      0     17311    0.00    0.00    0.00    0.00    0.00     1      0.00      0.00   56800   12976   0.16      0.00      0.00      0.00       0  nginx
1791476612     33     23432    6.00   10.00    0.00   12.00   16.00     1      0.00      0.00   60576   14464   0.18      0.00    876.00    888.00       0  nginx
1791476612     33     23433    3.00    8.00    0.00    9.00   11.00     3      0.00      0.00   59344   13000   0.16      0.00    136.00     96.00       0  nginx
1791476612     33     23434    0.00    1.00    0.00    0.00    1.00     3      0.00      0.00   57844   11680   0.14      0.00     84.00     80.00       0  nginx
1791476612     33     23435    2.00    2.00    0.00    2.00    4.00     3      0.00      0.00   58368   12208   0.15      0.00    216.00    212.00       0  nginx
1791476612    113    145567   20.00   19.00    0.00    0.00   39.00     0    193.00      0.00  829472   66340   0.82      0.00      0.00      0.00       0  pdns_server
1791476612   1100    145765   35.00   33.00    0.00    7.00   68.00     2   2102.00      0.00 1975656   16492   0.20      0.00      0.00      0.00       0  isupipe

# Time        UID       PID    %usr %system  %guest   %wait    %CPU   CPU  minflt/s  majflt/s     VSZ     RSS   %MEM   kB_rd/s   kB_wr/s kB_ccwr/s iodelay  Command
1791476613    112     14307   73.00   52.00    0.00    2.00  125.00     2     31.00      0.00 2893044 1011256  12.46      0.00   7176.00    972.00       0  mysqld
1791476613      0     17311    0.00    0.00    0.00    0.00    0.00     1      0.00      0.00   56800   12976   0.16      0.00      0.00      0.00       0  nginx
1791476613     33     23432    6.00   10.00    0.00   15.00   16.00     3      0.00      0.00   60576   14464   0.18      0.00    748.00    668.00       0  nginx
1791476613     33     23433    1.00    8.00    0.00    8.00    9.00     3      0.00      0.00   59344   13000   0.16      0.00    324.00    280.00       0  nginx
1791476613     33     23434    0.00    1.00    0.00    1.00    1.00     0      0.00      0.00   57844   11680   0.14      0.00      4.00      0.00       0  nginx
1791476613     33     23435    2.00    3.00    0.00    3.00    5.00     3      0.00      0.00   58368   12208   0.15      0.00    276.00    256.00       0  nginx
1791476613    113    145567   20.00   19.00    0.00    0.00   39.00     0    193.00      0.00  829472   67396   0.83      0.00      0.00      0.00       0  pdns_server
1791476613   1100    145765   38.00   34.00    0.00   20.00   72.00     1   2385.00      0.00 1975656   16648   0.21      0.00      0.00      0.00       0  isupipe

# Time        UID       PID    %usr %system  %guest   %wait    %CPU   CPU  minflt/s  majflt/s     VSZ     RSS   %MEM   kB_rd/s   kB_wr/s kB_ccwr/s iodelay  Command
1791476614    112     14307   77.00   40.00    0.00    3.00  117.00     0     94.00      0.00 2893044 1011256  12.46      0.00   7020.00    896.00       0  mysqld
1791476614      0     17311    0.00    0.00    0.00    0.00    0.00     1      0.00      0.00   56800   12976   0.16      0.00      0.00      0.00       0  nginx
1791476614     33     23432    6.00    7.00    0.00   14.00   13.00     3      0.00      0.00   60576   14464   0.18      0.00    740.00    636.00       0  nginx
1791476614     33     23433    3.00    7.00    0.00    7.00   10.00     3      0.00      0.00   59344   13000   0.16      0.00    312.00    292.00       0  nginx
1791476614     33     23434    0.00    0.00    0.00    0.00    0.00     2      0.00      0.00   57844   11680   0.14      0.00    104.00    104.00       0  nginx
1791476614     33     23435    1.00    4.00    0.00    5.00    5.00     3      0.00      0.00   58368   12208   0.15      0.00     96.00     84.00       0  nginx
1791476614    113    145567   16.00   19.00    0.00    0.00   35.00     0    191.00      0.00  829472   67396   0.83      0.00      0.00      0.00       0  pdns_server
1791476614   1100    145765   38.00   32.00    0.00   39.00   70.00     1   2756.00      0.00 1975656   16308   0.20      0.00      0.00      0.00       0  isupipe

# Time        UID       PID    %usr %system  %guest   %wait    %CPU   CPU  minflt/s  majflt/s     VSZ     RSS   %MEM   kB_rd/s   kB_wr/s kB_ccwr/s iodelay  Command
1791476615    112     14307   74.00   50.00    0.00    2.00  124.00     3    179.00      0.00 2892016 1011340  12.46      0.00  11132.00    844.00       0  mysqld
1791476615      0     17311    0.00    0.00    0.00    0.00    0.00     1      0.00      0.00   56800   12976   0.16      0.00      0.00      0.00       0  nginx
1791476615     33     23432    6.00   11.00    0.00   15.00   17.00     0      0.00      0.00   60576   14464   0.18      0.00    628.00    548.00       0  nginx
1791476615     33     23433    4.00    6.00    0.00    8.00   10.00     3      0.00      0.00   59344   13000   0.16      0.00    476.00    416.00       0  nginx
1791476615     33     23434    0.00    1.00    0.00    0.00    1.00     3      0.00      0.00   57844   11680   0.14      0.00      0.00      0.00       0  nginx
1791476615     33     23435    2.00    3.00    0.00    4.00    5.00     2      0.00      0.00   58368   12208   0.15      0.00    164.00    152.00       0  nginx
1791476615    113    145567   16.00   20.00    0.00    0.00   36.00     0      8.00      0.00  829472   67660   0.83      0.00      0.00      0.00       0  pdns_server
1791476615   1100    145765   38.00   31.00    0.00   13.00   69.00     1   2593.00      0.00 2049448   16400   0.20      0.00      0.00      0.00       0  isupipe

# Time        UID       PID    %usr %system  %guest   %wait    %CPU   CPU  minflt/s  majflt/s     VSZ     RSS   %MEM   kB_rd/s   kB_wr/s kB_ccwr/s iodelay  Command
1791476616    112     14307   76.24   46.53    0.00    2.97  122.77     0    196.04      0.00 2894072 1011340  12.46      0.00   7461.39    895.05       0  mysqld
1791476616      0     17311    0.00    0.00    0.00    0.00    0.00     1      0.00      0.00   56800   12976   0.16      0.00      0.00      0.00       0  nginx
1791476616     33     23432    5.94   11.88    0.00   15.84   17.82     0      0.00      0.00   60576   14464   0.18      0.00    479.21    388.12       0  nginx
1791476616     33     23433    2.97    8.91    0.00    7.92   11.88     3      0.00      0.00   59344   13000   0.16      0.00    530.69    388.12       0  nginx
1791476616     33     23434    0.00    0.00    0.00    0.00    0.00     0      0.00      0.00   57844   11680   0.14      0.00     75.25     71.29       0  nginx
1791476616     33     23435    0.00    2.97    0.00    0.99    2.97     3      0.00      0.00   58368   12208   0.15      0.00    186.14    182.18       0  nginx
1791476616    113    145567   19.80   17.82    0.00    0.00   37.62     0    180.20      0.00  829472   68452   0.84      0.00      0.00      0.00       0  pdns_server
1791476616   1100    145765   40.59   27.72    0.00   19.80   68.32     0   2361.39      0.00 2049448   16588   0.20      0.00      0.00      0.00       0  isupipe

# Time        UID       PID    %usr %system  %guest   %wait    %CPU   CPU  minflt/s  majflt/s     VSZ     RSS   %MEM   kB_rd/s   kB_wr/s kB_ccwr/s iodelay  Command
1791476617    112     14307   64.00   62.00    0.00    2.00  126.00     0     16.00      0.00 2892016 1011340  12.46      0.00   7008.00    840.00       0  mysqld
1791476617      0     17311    0.00    0.00    0.00    0.00    0.00     1      0.00      0.00   56800   12976   0.16      0.00      0.00      0.00       0  nginx
1791476617     33     23432    5.00   10.00    0.00   15.00   15.00     3      2.00      0.00   60576   14464   0.18      0.00    648.00    568.00       0  nginx
1791476617     33     23433    3.00    6.00    0.00    6.00    9.00     3      0.00      0.00   59344   13000   0.16      0.00    284.00    276.00       0  nginx
1791476617     33     23434    1.00    0.00    0.00    1.00    1.00     2      0.00      0.00   57844   11680   0.14      0.00      0.00      0.00       0  nginx
1791476617     33     23435    2.00    1.00    0.00    4.00    3.00     3      0.00      0.00   58368   12208   0.15      0.00    268.00    244.00       0  nginx
1791476617    113    145567   17.00   26.00    0.00    0.00   43.00     0    221.00      0.00  829472   69244   0.85      0.00      0.00      0.00       0  pdns_server
1791476617   1100    145765   32.00   39.00    0.00   29.00   71.00     1   2203.00      0.00 2049448   16936   0.21      0.00      0.00      0.00       0  isupipe

# Time        UID       PID    %usr %system  %guest   %wait    %CPU   CPU  minflt/s  majflt/s     VSZ     RSS   %MEM   kB_rd/s   kB_wr/s kB_ccwr/s iodelay  Command
1791476618    112     14307   77.00   45.00    0.00    2.00  122.00     1     33.00      0.00 2894072 1011344  12.46      0.00   8364.00   1168.00       0  mysqld
1791476618      0     17311    0.00    0.00    0.00    0.00    0.00     1      0.00      0.00   56800   12976   0.16      0.00      0.00      0.00       0  nginx
1791476618     33     23432    6.00   10.00    0.00   14.00   16.00     3      0.00      0.00   60576   14464   0.18      0.00    636.00    480.00       0  nginx
1791476618     33     23433    5.00    5.00    0.00    5.00   10.00     3      0.00      0.00   59344   13000   0.16      0.00    560.00    596.00       0  nginx
1791476618     33     23434    1.00    1.00    0.00    0.00    2.00     1      0.00      0.00   57844   11680   0.14      0.00      4.00      0.00       0  nginx
1791476618     33     23435    0.00    2.00    0.00    1.00    2.00     3      0.00      0.00   58368   12208   0.15      0.00    192.00    184.00       0  nginx
1791476618    113    145567   20.00   19.00    0.00    0.00   39.00     0    211.00      0.00  829472   70036   0.86      0.00      0.00      0.00       0  pdns_server
1791476618   1100    145765   38.00   31.00    0.00   17.00   69.00     1   2650.00      0.00 2049448   17176   0.21      0.00      0.00      0.00       0  isupipe

# Time        UID       PID    %usr %system  %guest   %wait    %CPU   CPU  minflt/s  majflt/s     VSZ     RSS   %MEM   kB_rd/s   kB_wr/s kB_ccwr/s iodelay  Command
1791476619    112     14307   71.00   45.00    0.00    4.00  116.00     0    114.00      0.00 2895100 1011556  12.46      0.00   8780.00   1460.00       0  mysqld
1791476619      0     17311    0.00    0.00    0.00    0.00    0.00     1      0.00      0.00   56800   12976   0.16      0.00      0.00      0.00       0  nginx
1791476619     33     23432    5.00   11.00    0.00   13.00   16.00     2     27.00      0.00   60708   14464   0.18      0.00   1292.00   1264.00       0  nginx
1791476619     33     23433    4.00    5.00    0.00    8.00    9.00     2      0.00      0.00   59344   13000   0.16      0.00    244.00    200.00       0  nginx
1791476619     33     23434    0.00    2.00    0.00    3.00    2.00     3      0.00      0.00   57844   11680   0.14      0.00      4.00      0.00       0  nginx
1791476619     33     23435    2.00    1.00    0.00    3.00    3.00     1      0.00      0.00   58368   12208   0.15      0.00     12.00      0.00       0  nginx
1791476619    113    145567   19.00   22.00    0.00    0.00   41.00     0    272.00      0.00  829472   71092   0.88      0.00      0.00      0.00       0  pdns_server
1791476619   1100    145765   36.00   35.00    0.00   19.00   71.00     2   2477.00      0.00 2049448   16624   0.20      0.00      0.00      0.00       0  isupipe

# Time        UID       PID    %usr %system  %guest   %wait    %CPU   CPU  minflt/s  majflt/s     VSZ     RSS   %MEM   kB_rd/s   kB_wr/s kB_ccwr/s iodelay  Command
1791476620    112     14307   76.00   44.00    0.00    3.00  120.00     2     97.00      0.00 2892016 1011344  12.46      0.00  11232.00    752.00       0  mysqld
1791476620      0     17311    0.00    0.00    0.00    0.00    0.00     1      0.00      0.00   56800   12976   0.16      0.00      0.00      0.00       0  nginx
1791476620     33     23432    5.00   11.00    0.00   17.00   16.00     2      2.00      0.00   60708   14464   0.18      0.00    656.00    564.00       0  nginx
1791476620     33     23433    3.00    6.00    0.00    7.00    9.00     3      0.00      0.00   59344   13000   0.16      0.00    360.00    328.00       0  nginx
1791476620     33     23434    1.00    0.00    0.00    1.00    1.00     2      0.00      0.00   57844   11680   0.14      0.00      4.00      0.00       0  nginx
1791476620     33     23435    0.00    5.00    0.00    5.00    5.00     3      0.00      0.00   58368   12208   0.15      0.00    112.00    104.00       0  nginx
1791476620    113    145567   17.00   22.00    0.00    0.00   39.00     0    206.00      0.00  829472   71884   0.89      0.00      0.00      0.00       0  pdns_server
1791476620   1100    145765   35.00   33.00    0.00   28.00   68.00     0   2294.00      0.00 2049448   16704   0.21      0.00      0.00      0.00       0  isupipe

# Time        UID       PID    %usr %system  %guest   %wait    %CPU   CPU  minflt/s  majflt/s     VSZ     RSS   %MEM   kB_rd/s   kB_wr/s kB_ccwr/s iodelay  Command
1791476621    112     14307   79.00   44.00    0.00    2.00  123.00     0     92.00      0.00 2893044 1011344  12.46      0.00   7820.00    964.00       0  mysqld
1791476621      0     17311    0.00    0.00    0.00    0.00    0.00     1      0.00      0.00   56800   12976   0.16      0.00      0.00      0.00       0  nginx
1791476621     33     23432    6.00   12.00    0.00   20.00   18.00     3      0.00      0.00   60708   14464   0.18      0.00    452.00    360.00       0  nginx
1791476621     33     23433    4.00    6.00    0.00    9.00   10.00     3      0.00      0.00   59344   13000   0.16      0.00    592.00    500.00       0  nginx
1791476621     33     23434    1.00    2.00    0.00    2.00    3.00     3      0.00      0.00   57844   11680   0.14      0.00    108.00    100.00       0  nginx
1791476621     33     23435    1.00    4.00    0.00    4.00    5.00     3      0.00      0.00   58368   12208   0.15      0.00    180.00    180.00       0  nginx
1791476621    113    145567   20.00   21.00    0.00    0.00   41.00     0    214.00      0.00  829472   72940   0.90      0.00      0.00      0.00       0  pdns_server
1791476621   1100    145765   39.00   33.00    0.00    9.00   72.00     2   2674.00      0.00 2123240   16104   0.20      0.00      0.00      0.00       0  isupipe

# Time        UID       PID    %usr %system  %guest   %wait    %CPU   CPU  minflt/s  majflt/s     VSZ     RSS   %MEM   kB_rd/s   kB_wr/s kB_ccwr/s iodelay  Command
1791476622    112     14307   75.00   46.00    0.00    1.00  121.00     3    105.00      0.00 2893044 1011344  12.46      0.00   8172.00   1008.00       0  mysqld
1791476622      0     17311    0.00    0.00    0.00    0.00    0.00     1      0.00      0.00   56800   12976   0.16      0.00      0.00      0.00       0  nginx
1791476622     33     23432    6.00   10.00    0.00   17.00   16.00     0     33.00      0.00   60840   14728   0.18      0.00    736.00    652.00       0  nginx
1791476622     33     23433    4.00    7.00    0.00    8.00   11.00     3      0.00      0.00   59344   13000   0.16      0.00    400.00    416.00       0  nginx
1791476622     33     23434    0.00    1.00    0.00    2.00    1.00     3      0.00      0.00   57844   11680   0.14      0.00      4.00      0.00       0  nginx
1791476622     33     23435    2.00    1.00    0.00    3.00    3.00     3      0.00      0.00   58368   12208   0.15      0.00    232.00    228.00       0  nginx
1791476622    113    145567   18.00   21.00    0.00    0.00   39.00     0    205.00      0.00  829472   73732   0.91      0.00      0.00      0.00       0  pdns_server
1791476622   1100    145765   35.00   30.00    0.00   29.00   65.00     1   1593.00      0.00 2123240   16768   0.21      0.00      0.00      0.00       0  isupipe

# Time        UID       PID    %usr %system  %guest   %wait    %CPU   CPU  minflt/s  majflt/s     VSZ     RSS   %MEM   kB_rd/s   kB_wr/s kB_ccwr/s iodelay  Command
1791476623    112     14307   76.00   42.00    0.00    2.00  118.00     2     95.00      0.00 2892016 1011344  12.46      0.00  10876.00    800.00       0  mysqld
1791476623      0     17311    0.00    0.00    0.00    0.00    0.00     1      0.00      0.00   56800   12976   0.16      0.00      0.00      0.00       0  nginx
1791476623     33     23432    6.00   11.00    0.00   16.00   17.00     0     41.00      0.00   60976   14728   0.18      0.00    256.00    168.00       0  nginx
1791476623     33     23433    5.00    6.00    0.00    9.00   11.00     3      0.00      0.00   59344   13000   0.16      0.00    636.00    588.00       0  nginx
1791476623     33     23434    0.00    0.00    0.00    1.00    0.00     3      0.00      0.00   57844   11680   0.14      0.00      0.00      0.00       0  nginx
1791476623     33     23435    1.00    4.00    0.00    2.00    5.00     3      0.00      0.00   58368   12208   0.15      0.00    316.00    224.00       0  nginx
1791476623    113    145567   14.00   20.00    0.00    0.00   34.00     0    189.00      0.00  829472   74788   0.92      0.00      0.00      0.00       0  pdns_server
1791476623   1100    145765   40.00   28.00    0.00   28.00   68.00     0   2220.00      0.00 2123240   17196   0.21      0.00      0.00      0.00       0  isupipe

# Time        UID       PID    %usr %system  %guest   %wait    %CPU   CPU  minflt/s  majflt/s     VSZ     RSS   %MEM   kB_rd/s   kB_wr/s kB_ccwr/s iodelay  Command
1791476624    112     14307   85.00   44.00    0.00    2.00  129.00     2     24.00      0.00 2892016 1011344  12.46      0.00   8212.00   1036.00       0  mysqld
1791476624      0     17311    0.00    0.00    0.00    0.00    0.00     1      0.00      0.00   56800   12976   0.16      0.00      0.00      0.00       0  nginx
1791476624     33     23432    7.00   12.00    0.00   18.00   19.00     0      5.00      0.00   60976   14992   0.18      0.00    696.00    508.00       0  nginx
1791476624     33     23433    5.00    6.00    0.00    7.00   11.00     2     20.00      0.00   59344   13264   0.16      0.00    644.00    600.00       0  nginx
1791476624     33     23434    0.00    0.00    0.00    0.00    0.00     3      0.00      0.00   57844   11680   0.14      0.00      0.00      0.00       0  nginx
1791476624     33     23435    1.00    3.00    0.00    4.00    4.00     3      0.00      0.00   58368   12208   0.15      0.00     84.00    160.00       0  nginx
1791476624    113    145567   18.00   24.00    0.00    0.00   42.00     0    214.00      0.00  829472   75580   0.93      0.00      0.00      0.00       0  pdns_server
1791476624   1100    145765   39.00   28.00    0.00   24.00   67.00     3   2419.00      0.00 2123240   17128   0.21      0.00      0.00      0.00       0  isupipe

# Time        UID       PID    %usr %system  %guest   %wait    %CPU   CPU  minflt/s  majflt/s     VSZ     RSS   %MEM   kB_rd/s   kB_wr/s kB_ccwr/s iodelay  Command
1791476625    112     14307   91.00   40.00    0.00    2.00  131.00     2     25.00      0.00 2894072 1011344  12.46      0.00   7364.00    764.00       0  mysqld
1791476625      0     17311    0.00    0.00    0.00    0.00    0.00     1      0.00      0.00   56800   12976   0.16      0.00      0.00      0.00       0  nginx
1791476625     33     23432    8.00   11.00    0.00   12.00   19.00     3     54.00      0.00   61244   14992   0.18      0.00    796.00    676.00       0  nginx
1791476625     33     23433    3.00    5.00    0.00    6.00    8.00     3     14.00      0.00   59480   13264   0.16      0.00    280.00    256.00       0  nginx
1791476625     33     23434    0.00    1.00    0.00    0.00    1.00     3      0.00      0.00   57844   11680   0.14      0.00      0.00      0.00       0  nginx
1791476625     33     23435    1.00    2.00    0.00    1.00    3.00     3      0.00      0.00   58368   12208   0.15      0.00     88.00     88.00       0  nginx
1791476625    113    145567   16.00   27.00    0.00    0.00   43.00     0    244.00      0.00  829472   76636   0.94      0.00      0.00      0.00       0  pdns_server
1791476625   1100    145765   44.00   26.00    0.00   33.00   70.00     2   2020.00      0.00 2123496   16016   0.20      0.00      0.00      0.00       0  isupipe

# Time        UID       PID    %usr %system  %guest   %wait    %CPU   CPU  minflt/s  majflt/s     VSZ     RSS   %MEM   kB_rd/s   kB_wr/s kB_ccwr/s iodelay  Command
1791476626    112     14307   67.00   50.00    0.00    2.00  117.00     2    204.00      0.00 2893044 1011344  12.46      0.00   7544.00    824.00       0  mysqld
1791476626      0     17311    0.00    0.00    0.00    0.00    0.00     1      0.00      0.00   56800   12976   0.16      0.00      0.00      0.00       0  nginx
1791476626     33     23432    5.00   11.00    0.00   17.00   16.00     3      0.00      0.00   61244   14992   0.18      0.00    604.00    520.00       0  nginx
1791476626     33     23433    3.00    8.00    0.00   12.00   11.00     3     27.00      0.00   59612   13264   0.16      0.00    512.00    468.00       0  nginx
1791476626     33     23434    0.00    0.00    0.00    1.00    0.00     3      0.00      0.00   57844   11680   0.14      0.00      0.00      0.00       0  nginx
1791476626     33     23435    2.00    2.00    0.00    3.00    4.00     3      0.00      0.00   58368   12208   0.15      0.00    168.00     96.00       0  nginx
1791476626    113    145567   16.00   25.00    0.00    0.00   41.00     0    198.00      0.00  829472   77428   0.95      0.00      0.00      0.00       0  pdns_server
1791476626   1100    145765   35.00   35.00    0.00   28.00   70.00     1   2546.00      0.00 2123496   17092   0.21      0.00      0.00      0.00       0  isupipe

# Time        UID       PID    %usr %system  %guest   %wait    %CPU   CPU  minflt/s  majflt/s     VSZ     RSS   %MEM   kB_rd/s   kB_wr/s kB_ccwr/s iodelay  Command
1791476627    112     14307   82.00   43.00    0.00    2.00  125.00     0    111.00      0.00 2892016 1011344  12.46      0.00  11580.00   1240.00       0  mysqld
1791476627      0     17311    0.00    0.00    0.00    0.00    0.00     1      0.00      0.00   56800   12976   0.16      0.00      0.00      0.00       0  nginx
1791476627     33     23432    7.00   10.00    0.00   11.00   17.00     3     18.00      0.00   61388   15256   0.19      0.00   1032.00    948.00       0  nginx
1791476627     33     23433    3.00    8.00    0.00    6.00   11.00     3      0.00      0.00   59612   13264   0.16      0.00    320.00    272.00       0  nginx
1791476627     33     23434    0.00    0.00    0.00    0.00    0.00     3      0.00      0.00   57844   11680   0.14      0.00      0.00      0.00       0  nginx
1791476627     33     23435    0.00    3.00    0.00    1.00    3.00     0      0.00      0.00   58368   12208   0.15      0.00      4.00     68.00       0  nginx
1791476627    113    145567   18.00   25.00    0.00    0.00   43.00     0    232.00      0.00  829472   78484   0.97      0.00      0.00      0.00       0  pdns_server
1791476627   1100    145765   41.00   31.00    0.00   29.00   72.00     1   2542.00      0.00 2123496   16532   0.20      0.00      0.00      0.00       0  isupipe

# Time        UID       PID    %usr %system  %guest   %wait    %CPU   CPU  minflt/s  majflt/s     VSZ     RSS   %MEM   kB_rd/s   kB_wr/s kB_ccwr/s iodelay  Command
1791476628    112     14307   82.00   41.00    0.00    1.00  123.00     3     24.00      0.00 2892016 1011344  12.46      0.00  12188.00    968.00       0  mysqld
1791476628      0     17311    0.00    0.00    0.00    0.00    0.00     1      0.00      0.00   56800   12976   0.16      0.00      0.00      0.00       0  nginx
1791476628     33     23432    7.00   10.00    0.00   14.00   17.00     3     19.00      0.00   61388   15256   0.19      0.00    840.00    692.00       0  nginx
1791476628     33     23433    3.00    8.00    0.00    9.00   11.00     1      0.00      0.00   59612   13264   0.16      0.00    364.00    244.00       0  nginx
1791476628     33     23434    1.00    1.00    0.00    1.00    2.00     0      0.00      0.00   57844   11680   0.14      0.00    104.00     92.00       0  nginx
1791476628     33     23435    2.00    3.00    0.00    2.00    5.00     3      0.00      0.00   58368   12208   0.15      0.00    112.00    104.00       0  nginx
1791476628    113    145567   19.00   20.00    0.00    0.00   39.00     0    105.00      0.00  829472   78484   0.97      0.00      0.00      0.00       0  pdns_server
1791476628   1100    145765   40.00   30.00    0.00   20.00   70.00     0   3715.00      0.00 2123496   17364   0.21      0.00      0.00      0.00       0  isupipe

# Time        UID       PID    %usr %system  %guest   %wait    %CPU   CPU  minflt/s  majflt/s     VSZ     RSS   %MEM   kB_rd/s   kB_wr/s kB_ccwr/s iodelay  Command
1791476629    112     14307   83.00   42.00    0.00    2.00  125.00     2    102.00      0.00 2893044 1011560  12.46      0.00   7568.00    844.00       0  mysqld
1791476629      0     17311    0.00    0.00    0.00    0.00    0.00     1      0.00      0.00   56800   12976   0.16      0.00      0.00      0.00       0  nginx
1791476629     33     23432    5.00   11.00    0.00   12.00   16.00     3      0.00      0.00   61388   15256   0.19      0.00    492.00    504.00       0  nginx
1791476629     33     23433    3.00    9.00    0.00    8.00   12.00     3      1.00      0.00   59612   13264   0.16      0.00    472.00    492.00       0  nginx
1791476629     33     23434    0.00    1.00    0.00    1.00    1.00     2      0.00      0.00   57844   11680   0.14      0.00     20.00      0.00       0  nginx
1791476629     33     23435    1.00    2.00    0.00    2.00    3.00     2      0.00      0.00   58368   12208   0.15      0.00    100.00     92.00       0  nginx
1791476629    113    145567   24.00   20.00    0.00    0.00   44.00     0     32.00      0.00  829460   78480   0.97      0.00      0.00      0.00       0  pdns_server
1791476629   1100    145765   40.00   32.00    0.00    0.00   72.00     0   3406.00      0.00 2123752   17580   0.22      0.00      0.00      0.00       0  isupipe

# Time        UID       PID    %usr %system  %guest   %wait    %CPU   CPU  minflt/s  majflt/s     VSZ     RSS   %MEM   kB_rd/s   kB_wr/s kB_ccwr/s iodelay  Command
1791476630    112     14307   90.00   38.00    0.00    1.00  128.00     2    166.00      0.00 2893044 1011344  12.46      0.00   7824.00    908.00       0  mysqld
1791476630      0     17311    0.00    0.00    0.00    0.00    0.00     1      0.00      0.00   56800   12976   0.16      0.00      0.00      0.00       0  nginx
1791476630     33     23432    5.00   13.00    0.00   12.00   18.00     3     10.00      0.00   61388   15256   0.19      0.00    836.00    768.00       0  nginx
1791476630     33     23433    3.00    6.00    0.00    5.00    9.00     3      0.00      0.00   59612   13264   0.16      0.00    264.00    216.00       0  nginx
1791476630     33     23434    1.00    1.00    0.00    1.00    2.00     0      0.00      0.00   57844   11680   0.14      0.00      8.00      0.00       0  nginx
1791476630     33     23435    1.00    3.00    0.00    2.00    4.00     3      0.00      0.00   58368   12208   0.15      0.00    148.00    140.00       0  nginx
1791476630    113    145567   21.00   23.00    0.00    0.00   44.00     0     29.00      0.00  829460   78480   0.97      0.00      0.00      0.00       0  pdns_server
1791476630   1100    145765   43.00   27.00    0.00    0.00   70.00     0   3233.00      0.00 2123752   16788   0.21      0.00      0.00      0.00       0  isupipe

# Time        UID       PID    %usr %system  %guest   %wait    %CPU   CPU  minflt/s  majflt/s     VSZ     RSS   %MEM   kB_rd/s   kB_wr/s kB_ccwr/s iodelay  Command
1791476631    112     14307   81.00   39.00    0.00    2.00  120.00     1     31.00      0.00 2895100 1011344  12.46      0.00   8904.00    844.00       0  mysqld
1791476631      0     17311    0.00    0.00    0.00    0.00    0.00     1      0.00      0.00   56800   12976   0.16      0.00      0.00      0.00       0  nginx
1791476631     33     23432    7.00    8.00    0.00   15.00   15.00     2     18.00      0.00   61524   15256   0.19      0.00    604.00    524.00       0  nginx
1791476631     33     23433    3.00    5.00    0.00    6.00    8.00     1      0.00      0.00   59612   13264   0.16      0.00    340.00    316.00       0  nginx
1791476631     33     23434    0.00    1.00    0.00    1.00    1.00     3      0.00      0.00   57844   11680   0.14      0.00      8.00      0.00       0  nginx
1791476631     33     23435    1.00    5.00    0.00    6.00    6.00     3      0.00      0.00   58368   12208   0.15      0.00    244.00    216.00       0  nginx
1791476631    113    145567   18.00   19.00    0.00    0.00   37.00     0    198.00      0.00  829460   79272   0.98      0.00      0.00      0.00       0  pdns_server
1791476631   1100    145765   39.00   33.00    0.00   24.00   72.00     0   2903.00      0.00 2123752   16596   0.20      0.00      0.00      0.00       0  isupipe

# Time        UID       PID    %usr %system  %guest   %wait    %CPU   CPU  minflt/s  majflt/s     VSZ     RSS   %MEM   kB_rd/s   kB_wr/s kB_ccwr/s iodelay  Command
1791476632    112     14307   67.00   45.00    0.00    1.00  112.00     2     24.00      0.00 2897156 1011344  12.46      0.00   8240.00   1228.00       0  mysqld
1791476632      0     17311    0.00    0.00    0.00    0.00    0.00     1      0.00      0.00   56800   12976   0.16      0.00      0.00      0.00       0  nginx
1791476632     33     23432    5.00   11.00    0.00   12.00   16.00     1      2.00      0.00   61524   15256   0.19      0.00    776.00    648.00       0  nginx
1791476632     33     23433    3.00    6.00    0.00    7.00    9.00     3      0.00      0.00   59612   13264   0.16      0.00    396.00    364.00       0  nginx
1791476632     33     23434    1.00    1.00    0.00    2.00    2.00     2      0.00      0.00   57844   11680   0.14      0.00      4.00      0.00       0  nginx
1791476632     33     23435    1.00    1.00    0.00    3.00    2.00     3      0.00      0.00   58368   12208   0.15      0.00    316.00    292.00       0  nginx
1791476632    113    145567   14.00   22.00    0.00    0.00   36.00     0    188.00      0.00  829460   80328   0.99      0.00      0.00      0.00       0  pdns_server
1791476632   1100    145765   39.00   28.00    0.00   27.00   67.00     3   2182.00      0.00 2123752   16816   0.21      0.00      0.00      0.00       0  isupipe

# Time        UID       PID    %usr %system  %guest   %wait    %CPU   CPU  minflt/s  majflt/s     VSZ     RSS   %MEM   kB_rd/s   kB_wr/s kB_ccwr/s iodelay  Command
1791476633    112     14307   86.00   34.00    0.00    2.00  120.00     0     47.00      0.00 2892016 1011344  12.46      0.00   7164.00    836.00       0  mysqld
1791476633      0     17311    0.00    0.00    0.00    0.00    0.00     1      0.00      0.00   56800   12976   0.16      0.00      0.00      0.00       0  nginx
1791476633     33     23432    7.00    9.00    0.00   16.00   16.00     3     10.00      0.00   61524   15520   0.19      0.00    860.00    864.00       0  nginx
1791476633     33     23433    4.00    8.00    0.00   11.00   12.00     3      0.00      0.00   59612   13264   0.16      0.00    156.00    104.00       0  nginx
1791476633     33     23434    1.00    0.00    0.00    0.00    1.00     2      0.00      0.00   57844   11680   0.14      0.00    108.00    104.00       0  nginx
1791476633     33     23435    2.00    2.00    0.00    3.00    4.00     3      0.00      0.00   58368   12208   0.15      0.00      8.00      0.00       0  nginx
1791476633    113    145567   17.00   22.00    0.00    0.00   39.00     0    219.00      0.00  829460   81120   1.00      0.00      0.00      0.00       0  pdns_server
1791476633   1100    145765   41.00   28.00    0.00   20.00   69.00     2   2894.00      0.00 2123752   16608   0.20      0.00      0.00      0.00       0  isupipe

# Time        UID       PID    %usr %system  %guest   %wait    %CPU   CPU  minflt/s  majflt/s     VSZ     RSS   %MEM   kB_rd/s   kB_wr/s kB_ccwr/s iodelay  Command
1791476634    112     14307   74.00   46.00    0.00    4.00  120.00     0     24.00      0.00 2892016 1011344  12.46      0.00   7128.00    804.00       0  mysqld
1791476634      0     17311    0.00    0.00    0.00    0.00    0.00     1      0.00      0.00   56800   12976   0.16      0.00      0.00      0.00       0  nginx
1791476634     33     23432   10.00    8.00    0.00   18.00   18.00     3      0.00      0.00   61524   15520   0.19      0.00    468.00    384.00       0  nginx
1791476634     33     23433    6.00    6.00    0.00   10.00   12.00     3      2.00      0.00   59612   13264   0.16      0.00    248.00    200.00       0  nginx
1791476634     33     23434    1.00    2.00    0.00    4.00    3.00     3      0.00      0.00   57844   11680   0.14      0.00    228.00    228.00       0  nginx
1791476634     33     23435    2.00    3.00    0.00    3.00    5.00     0      0.00      0.00   58368   12208   0.15      0.00    248.00    240.00       0  nginx
1791476634    113    145567   19.00   18.00    0.00    0.00   37.00     0    200.00      0.00  829460   82176   1.01      0.00      0.00      0.00       0  pdns_server
1791476634   1100    145765   37.00   27.00    0.00   27.00   64.00     2   2438.00      0.00 2123752   16800   0.21      0.00      0.00      0.00       0  isupipe

# Time        UID       PID    %usr %system  %guest   %wait    %CPU   CPU  minflt/s  majflt/s     VSZ     RSS   %MEM   kB_rd/s   kB_wr/s kB_ccwr/s iodelay  Command
1791476635    112     14307   67.00   50.00    0.00    5.00  117.00     0     97.00      0.00 2892016 1011344  12.46      0.00  14416.00    812.00       0  mysqld
1791476635      0     17311    0.00    0.00    0.00    0.00    0.00     1      0.00      0.00   56800   12976   0.16      0.00      0.00      0.00       0  nginx
1791476635     33     23432    7.00    9.00    0.00   19.00   16.00     3      0.00      0.00   61524   15520   0.19      0.00    684.00    632.00       0  nginx
1791476635     33     23433    4.00    6.00    0.00   13.00   10.00     3      0.00      0.00   59612   13264   0.16      0.00    120.00     76.00       0  nginx
1791476635     33     23434    1.00    1.00    0.00    2.00    2.00     3      0.00      0.00   57844   11680   0.14      0.00     72.00     72.00       0  nginx
1791476635     33     23435    4.00    5.00    0.00    6.00    9.00     3      0.00      0.00   58368   12208   0.15      0.00    436.00    224.00       0  nginx
1791476635    113    145567   14.00   20.00    0.00    0.00   34.00     0    211.00      0.00  829460   82968   1.02      0.00      0.00      0.00       0  pdns_server
1791476635   1100    145765   39.00   29.00    0.00   19.00   68.00     0   2495.00      0.00 2123752   17172   0.21      0.00      0.00      0.00       0  isupipe

# Time        UID       PID    %usr %system  %guest   %wait    %CPU   CPU  minflt/s  majflt/s     VSZ     RSS   %MEM   kB_rd/s   kB_wr/s kB_ccwr/s iodelay  Command
1791476636    112     14307   68.00   43.00    0.00    3.00  111.00     1     27.00      0.00 2893044 1011344  12.46      0.00   7444.00    828.00       0  mysqld
1791476636      0     17311    0.00    0.00    0.00    0.00    0.00     1      0.00      0.00   56800   12976   0.16      0.00      0.00      0.00       0  nginx
1791476636     33     23432    5.00   10.00    0.00   17.00   15.00     3      0.00      0.00   61524   15520   0.19      0.00    612.00    452.00       0  nginx
1791476636     33     23433    3.00    5.00    0.00   10.00    8.00     3      0.00      0.00   59612   13264   0.16      0.00    164.00    152.00       0  nginx
1791476636     33     23434    1.00    3.00    0.00    4.00    4.00     0      0.00      0.00   57844   11680   0.14      0.00    112.00     96.00       0  nginx
1791476636     33     23435    1.00    5.00    0.00    7.00    6.00     3      0.00      0.00   58368   12208   0.15      0.00    260.00    384.00       0  nginx
1791476636    113    145567   19.00   19.00    0.00    0.00   38.00     0    197.00      0.00  829460   83232   1.03      0.00      0.00      0.00       0  pdns_server
1791476636   1100    145765   37.00   31.00    0.00   27.00   68.00     1   2368.00      0.00 2123752   17044   0.21      0.00      0.00      0.00       0  isupipe

# Time        UID       PID    %usr %system  %guest   %wait    %CPU   CPU  minflt/s  majflt/s     VSZ     RSS   %MEM   kB_rd/s   kB_wr/s kB_ccwr/s iodelay  Command
1791476637    112     14307   58.00   50.00    0.00    4.00  108.00     1    102.00      0.00 2893044 1011344  12.46      0.00   6672.00    688.00       0  mysqld
1791476637      0     17311    0.00    0.00    0.00    0.00    0.00     1      0.00      0.00   56800   12976   0.16      0.00      0.00      0.00       0  nginx
1791476637     33     23432    4.00   11.00    0.00   24.00   15.00     3      0.00      0.00   61524   15520   0.19      0.00    664.00    608.00       0  nginx
1791476637     33     23433    3.00    7.00    0.00   19.00   10.00     1      0.00      0.00   59612   13264   0.16      0.00    328.00    204.00       0  nginx
1791476637     33     23434    2.00    4.00    0.00    7.00    6.00     1      0.00      0.00   57844   11680   0.14      0.00    104.00    100.00       0  nginx
1791476637     33     23435    3.00    3.00    0.00   11.00    6.00     1      0.00      0.00   58368   12208   0.15      0.00     12.00      0.00       0  nginx
1791476637    113    145567   15.00   23.00    0.00    0.00   38.00     0    171.00      0.00  829460   84024   1.03      0.00      0.00      0.00       0  pdns_server
1791476637   1100    145765   31.00   33.00    0.00    1.00   64.00     2   1909.00      0.00 2123752   17080   0.21      0.00      0.00      0.00       0  isupipe

# Time        UID       PID    %usr %system  %guest   %wait    %CPU   CPU  minflt/s  majflt/s     VSZ     RSS   %MEM   kB_rd/s   kB_wr/s kB_ccwr/s iodelay  Command
1791476638    112     14307   74.00   39.00    0.00    1.00  113.00     2     18.00      0.00 2892016 1011344  12.46      0.00  12600.00   1192.00       0  mysqld
1791476638      0     17311    0.00    0.00    0.00    0.00    0.00     1      0.00      0.00   56800   12976   0.16      0.00      0.00      0.00       0  nginx
1791476638     33     23432    5.00   10.00    0.00   20.00   15.00     0      0.00      0.00   61524   15520   0.19      0.00    788.00    836.00       0  nginx
1791476638     33     23433    4.00    8.00    0.00   17.00   12.00     3      0.00      0.00   59612   13264   0.16      0.00    236.00    272.00       0  nginx
1791476638     33     23434    1.00    5.00    0.00    9.00    6.00     3      0.00      0.00   57844   11680   0.14      0.00    104.00     80.00       0  nginx
1791476638     33     23435    3.00    4.00    0.00    8.00    7.00     3      0.00      0.00   58368   12208   0.15      0.00    300.00    288.00       0  nginx
1791476638    113    145567   14.00   26.00    0.00    0.00   40.00     0    195.00      0.00  829460   84816   1.04      0.00      0.00      0.00       0  pdns_server
1791476638   1100    145765   32.00   33.00    0.00    0.00   65.00     1   2268.00      0.00 2123752   16432   0.20      0.00      0.00      0.00       0  isupipe

# Time        UID       PID    %usr %system  %guest   %wait    %CPU   CPU  minflt/s  majflt/s     VSZ     RSS   %MEM   kB_rd/s   kB_wr/s kB_ccwr/s iodelay  Command
1791476639    112     14307   75.00   44.00    0.00    3.00  119.00     0      6.00      0.00 2892016 1011344  12.46      0.00  11576.00    776.00       0  mysqld
1791476639      0     17311    0.00    0.00    0.00    0.00    0.00     1      0.00      0.00   56800   12976   0.16      0.00      0.00      0.00       0  nginx
1791476639     33     23432    6.00   10.00    0.00   20.00   16.00     3      0.00      0.00   61524   15520   0.19      0.00    220.00    164.00       0  nginx
1791476639     33     23433    3.00    7.00    0.00   15.00   10.00     3      0.00      0.00   59612   13264   0.16      0.00    460.00    400.00       0  nginx
1791476639     33     23434    1.00    2.00    0.00    2.00    3.00     3      0.00      0.00   57844   11680   0.14      0.00    224.00    220.00       0  nginx
1791476639     33     23435    4.00    4.00    0.00    5.00    8.00     3     12.00      0.00   58508   12208   0.15      0.00    388.00    244.00       0  nginx
1791476639    113    145567   18.00   23.00    0.00    0.00   41.00     0    241.00      0.00  829452   85868   1.06      0.00      0.00      0.00       0  pdns_server
1791476639   1100    145765   33.00   31.00    0.00    0.00   64.00     1   2671.00      0.00 2123752   17816   0.22      0.00      0.00      0.00       0  isupipe

# Time        UID       PID    %usr %system  %guest   %wait    %CPU   CPU  minflt/s  majflt/s     VSZ     RSS   %MEM   kB_rd/s   kB_wr/s kB_ccwr/s iodelay  Command
1791476640    112     14307   66.34   45.54    0.00    4.95  111.88     1     44.55      0.00 2893044 1011416  12.46      0.00   7714.85    784.16       0  mysqld
1791476640      0     17311    0.00    0.00    0.00    0.00    0.00     1      0.00      0.00   56800   12976   0.16      0.00      0.00      0.00       0  nginx
1791476640     33     23432    7.92    5.94    0.00   24.75   13.86     1      0.00      0.00   61524   15520   0.19      0.00    217.82    166.34       0  nginx
1791476640     33     23433    3.96   10.89    0.00   20.79   14.85     0      0.00      0.00   59612   13264   0.16      0.00    431.68    388.12       0  nginx
1791476640     33     23434    1.98    1.98    0.00    2.97    3.96     0      0.00      0.00   57844   11680   0.14      0.00     11.88      0.00       0  nginx
1791476640     33     23435    3.96    6.93    0.00    9.90   10.89     0      0.00      0.00   58508   12208   0.15      0.00    392.08    487.13       0  nginx
1791476640    113    145567    9.90   22.77    0.00    0.00   32.67     0    159.41      0.00  829452   86660   1.07      0.00      0.00      0.00       0  pdns_server
1791476640   1100    145765   29.70   38.61    0.00    0.00   68.32     1   2669.31      0.00 2123752   16668   0.21      0.00      0.00      0.00       0  isupipe

# Time        UID       PID    %usr %system  %guest   %wait    %CPU   CPU  minflt/s  majflt/s     VSZ     RSS   %MEM   kB_rd/s   kB_wr/s kB_ccwr/s iodelay  Command
1791476641    112     14307   69.00   38.00    0.00    2.00  107.00     2     15.00      0.00 2894072 1011416  12.46      0.00   7120.00    736.00       0  mysqld
1791476641      0     17311    0.00    0.00    0.00    0.00    0.00     1      0.00      0.00   56800   12976   0.16      0.00      0.00      0.00       0  nginx
1791476641     33     23432    8.00   10.00    0.00   20.00   18.00     3      0.00      0.00   61524   15520   0.19      0.00    520.00    456.00       0  nginx
1791476641     33     23433    3.00    8.00    0.00   11.00   11.00     3      0.00      0.00   59612   13264   0.16      0.00    548.00    516.00       0  nginx
1791476641     33     23434    2.00    2.00    0.00    5.00    4.00     3      0.00      0.00   57844   11680   0.14      0.00      8.00      0.00       0  nginx
1791476641     33     23435    3.00    4.00    0.00    5.00    7.00     3      7.00      0.00   58508   12208   0.15      0.00     32.00      0.00       0  nginx
1791476641    113    145567   15.00   21.00    0.00    0.00   36.00     0    171.00      0.00  829452   86924   1.07      0.00      0.00      0.00       0  pdns_server
1791476641   1100    145765   35.00   34.00    0.00    0.00   69.00     1   2581.00      0.00 2123752   16692   0.21      0.00      0.00      0.00       0  isupipe

# Time        UID       PID    %usr %system  %guest   %wait    %CPU   CPU  minflt/s  majflt/s     VSZ     RSS   %MEM   kB_rd/s   kB_wr/s kB_ccwr/s iodelay  Command
1791476642    112     14307   68.00   44.00    0.00    3.00  112.00     0      3.00      0.00 2892016 1011416  12.46      0.00  11116.00    836.00       0  mysqld
1791476642      0     17311    0.00    0.00    0.00    0.00    0.00     1      0.00      0.00   56800   12976   0.16      0.00      0.00      0.00       0  nginx
1791476642     33     23432    6.00    9.00    0.00   20.00   15.00     3      0.00      0.00   61524   15520   0.19      0.00    724.00    656.00       0  nginx
1791476642     33     23433    5.00    6.00    0.00   13.00   11.00     3      0.00      0.00   59612   13264   0.16      0.00    188.00    160.00       0  nginx
1791476642     33     23434    3.00    2.00    0.00    6.00    5.00     3      0.00      0.00   57844   11680   0.14      0.00     28.00      0.00       0  nginx
1791476642     33     23435    2.00    4.00    0.00    6.00    6.00     0     26.00      0.00   58640   12472   0.15      0.00    348.00    208.00       0  nginx
1791476642    113    145567   16.00   20.00    0.00    0.00   36.00     0    198.00      0.00  829452   87716   1.08      0.00      0.00      0.00       0  pdns_server
1791476642   1100    145765   36.00   33.00    0.00    0.00   69.00     1   2722.00      0.00 2123752   17128   0.21      0.00      0.00      0.00       0  isupipe

# Time        UID       PID    %usr %system  %guest   %wait    %CPU   CPU  minflt/s  majflt/s     VSZ     RSS   %MEM   kB_rd/s   kB_wr/s kB_ccwr/s iodelay  Command
1791476643    112     14307   75.00   42.00    0.00    3.00  117.00     2    267.00      0.00 2897156 1011632  12.46      0.00   7816.00    904.00       0  mysqld
1791476643      0     17311    0.00    0.00    0.00    0.00    0.00     1      0.00      0.00   56800   12976   0.16      0.00      0.00      0.00       0  nginx
1791476643     33     23432    8.00   10.00    0.00   20.00   18.00     0      0.00      0.00   61524   15520   0.19      0.00    852.00    780.00       0  nginx
1791476643     33     23433    4.00    5.00    0.00    8.00    9.00     3      0.00      0.00   59612   13264   0.16      0.00    332.00    184.00       0  nginx
1791476643     33     23434    1.00    3.00    0.00    5.00    4.00     3      0.00      0.00   57844   11680   0.14      0.00     12.00      0.00       0  nginx
1791476643     33     23435    3.00    4.00    0.00    9.00    7.00     0      9.00      0.00   58640   12472   0.15      0.00    128.00    236.00       0  nginx
1791476643    113    145567   17.00   24.00    0.00    0.00   41.00     0    203.00      0.00  829452   88508   1.09      0.00      0.00      0.00       0  pdns_server
1791476643   1100    145765   43.00   27.00    0.00    0.00   70.00     1   2481.00      0.00 2123752   16908   0.21      0.00      0.00      0.00       0  isupipe

# Time        UID       PID    %usr %system  %guest   %wait    %CPU   CPU  minflt/s  majflt/s     VSZ     RSS   %MEM   kB_rd/s   kB_wr/s kB_ccwr/s iodelay  Command
1791476644    112     14307   70.00   52.00    0.00    2.00  122.00     1    118.00      0.00 2894072 1011628  12.46      0.00   7292.00    844.00       0  mysqld
1791476644      0     17311    0.00    0.00    0.00    0.00    0.00     1      0.00      0.00   56800   12976   0.16      0.00      0.00      0.00       0  nginx
1791476644     33     23432    8.00    8.00    0.00   15.00   16.00     3      0.00      0.00   61524   15520   0.19      0.00    468.00    340.00       0  nginx
1791476644     33     23433    5.00    7.00    0.00    8.00   12.00     0      0.00      0.00   59612   13264   0.16      0.00    280.00    320.00       0  nginx
1791476644     33     23434    2.00    1.00    0.00    2.00    3.00     3      0.00      0.00   57844   11680   0.14      0.00    248.00    248.00       0  nginx
1791476644     33     23435    3.00    5.00    0.00    7.00    8.00     3      2.00      0.00   58640   12472   0.15      0.00    224.00    196.00       0  nginx
1791476644    113    145567   16.00   24.00    0.00    0.00   40.00     0    225.00      0.00  829452   89564   1.10      0.00      0.00      0.00       0  pdns_server
1791476644   1100    145765   36.00   32.00    0.00    0.00   68.00     1   2431.00      0.00 2123752   17264   0.21      0.00      0.00      0.00       0  isupipe

# Time        UID       PID    %usr %system  %guest   %wait    %CPU   CPU  minflt/s  majflt/s     VSZ     RSS   %MEM   kB_rd/s   kB_wr/s kB_ccwr/s iodelay  Command
1791476645    112     14307   85.00   38.00    0.00    3.00  123.00     2     94.00      0.00 2894072 1011616  12.46      0.00   7204.00    836.00       0  mysqld
1791476645      0     17311    0.00    0.00    0.00    0.00    0.00     1      0.00      0.00   56800   12976   0.16      0.00      0.00      0.00       0  nginx
1791476645     33     23432    5.00   10.00    0.00   20.00   15.00     3      0.00      0.00   61524   15520   0.19      0.00    804.00    832.00       0  nginx
1791476645     33     23433    3.00    6.00    0.00   13.00    9.00     3      0.00      0.00   59612   13264   0.16      0.00     36.00      0.00       0  nginx
1791476645     33     23434    1.00    4.00    0.00    8.00    5.00     3      0.00      0.00   57844   11680   0.14      0.00     12.00      0.00       0  nginx
1791476645     33     23435    3.00    5.00    0.00    7.00    8.00     3      0.00      0.00   58640   12472   0.15      0.00    292.00    272.00       0  nginx
1791476645    113    145567   18.00   23.00    0.00    0.00   41.00     0    220.00      0.00  829452   90356   1.11      0.00      0.00      0.00       0  pdns_server
1791476645   1100    145765   38.00   26.00    0.00    0.00   64.00     1   2464.00      0.00 2123752   16996   0.21      0.00      0.00      0.00       0  isupipe

# Time        UID       PID    %usr %system  %guest   %wait    %CPU   CPU  minflt/s  majflt/s     VSZ     RSS   %MEM   kB_rd/s   kB_wr/s kB_ccwr/s iodelay  Command
1791476646    112     14307   73.00   41.00    0.00    2.00  114.00     0    246.00      0.00 2892016 1011416  12.46      0.00  11512.00    984.00       0  mysqld
1791476646      0     17311    0.00    0.00    0.00    0.00    0.00     1      0.00      0.00   56800   12976   0.16      0.00      0.00      0.00       0  nginx
1791476646     33     23432    7.00    9.00    0.00   15.00   16.00     3      0.00      0.00   61524   15520   0.19      0.00    536.00    484.00       0  nginx
1791476646     33     23433    3.00    6.00    0.00   10.00    9.00     2      0.00      0.00   59612   13264   0.16      0.00    280.00    240.00       0  nginx
1791476646     33     23434    0.00    5.00    0.00    7.00    5.00     3      0.00      0.00   57844   11680   0.14      0.00     28.00      0.00       0  nginx
1791476646     33     23435    2.00    4.00    0.00    6.00    6.00     0      0.00      0.00   58640   12472   0.15      0.00    380.00    376.00       0  nginx
1791476646    113    145567   17.00   22.00    0.00    0.00   39.00     0    197.00      0.00  829452   91148   1.12      0.00      0.00      0.00       0  pdns_server
1791476646   1100    145765   35.00   30.00    0.00    0.00   65.00     1   2792.00      0.00 2123752   16752   0.21      0.00      0.00      0.00       0  isupipe

# Time        UID       PID    %usr %system  %guest   %wait    %CPU   CPU  minflt/s  majflt/s     VSZ     RSS   %MEM   kB_rd/s   kB_wr/s kB_ccwr/s iodelay  Command
1791476647    112     14307   68.00   46.00    0.00    5.00  114.00     0      6.00      0.00 2892016 1011416  12.46      0.00   8584.00    900.00       0  mysqld
1791476647      0     17311    0.00    0.00    0.00    0.00    0.00     1      0.00      0.00   56800   12976   0.16      0.00      0.00      0.00       0  nginx
1791476647     33     23432    5.00   10.00    0.00   20.00   15.00     3      0.00      0.00   61524   15520   0.19      0.00    716.00    572.00       0  nginx
1791476647     33     23433    5.00    5.00    0.00   15.00   10.00     3      0.00      0.00   59612   13264   0.16      0.00    284.00    248.00       0  nginx
1791476647     33     23434    0.00    5.00    0.00    5.00    5.00     3      0.00      0.00   57844   11680   0.14      0.00    104.00    100.00       0  nginx
1791476647     33     23435    4.00    4.00    0.00    7.00    8.00     3      0.00      0.00   58640   12472   0.15      0.00    208.00    184.00       0  nginx
1791476647    113    145567   21.00   21.00    0.00    0.00   42.00     0    212.00      0.00  829452   92204   1.14      0.00      0.00      0.00       0  pdns_server
1791476647   1100    145765   32.00   34.00    0.00    0.00   66.00     1   1684.00      0.00 2123752   17012   0.21      0.00      0.00      0.00       0  isupipe

# Time        UID       PID    %usr %system  %guest   %wait    %CPU   CPU  minflt/s  majflt/s     VSZ     RSS   %MEM   kB_rd/s   kB_wr/s kB_ccwr/s iodelay  Command
1791476648    112     14307   76.00   43.00    0.00    2.00  119.00     2     27.00      0.00 2892016 1011416  12.46      0.00   7988.00    792.00       0  mysqld
1791476648      0     17311    0.00    0.00    0.00    0.00    0.00     1      0.00      0.00   56800   12976   0.16      0.00      0.00      0.00       0  nginx
1791476648     33     23432    8.00    8.00    0.00   20.00   16.00     0      0.00      0.00   61524   15520   0.19      0.00    376.00    396.00       0  nginx
1791476648     33     23433    4.00    8.00    0.00   13.00   12.00     2      0.00      0.00   59612   13264   0.16      0.00    352.00    304.00       0  nginx
1791476648     33     23434    2.00    4.00    0.00    5.00    6.00     3      0.00      0.00   57844   11680   0.14      0.00    164.00    156.00       0  nginx
1791476648     33     23435    1.00    5.00    0.00    6.00    6.00     3      0.00      0.00   58640   12472   0.15      0.00    200.00    188.00       0  nginx
1791476648    113    145567   16.00   22.00    0.00    0.00   38.00     0    220.00      0.00  829452   92996   1.15      0.00      0.00      0.00       0  pdns_server
1791476648   1100    145765   42.00   30.00    0.00    0.00   72.00     1   3350.00      0.00 2123752   17276   0.21      0.00      0.00      0.00       0  isupipe

# Time        UID       PID    %usr %system  %guest   %wait    %CPU   CPU  minflt/s  majflt/s     VSZ     RSS   %MEM   kB_rd/s   kB_wr/s kB_ccwr/s iodelay  Command
1791476649    112     14307   71.00   39.00    0.00    2.00  110.00     1    103.00      0.00 2895100 1011644  12.46      0.00  15920.00   1096.00       0  mysqld
1791476649      0     17311    0.00    0.00    0.00    0.00    0.00     1      0.00      0.00   56800   12976   0.16      0.00      0.00      0.00       0  nginx
1791476649     33     23432    7.00    8.00    0.00   20.00   15.00     3      0.00      0.00   61524   15520   0.19      0.00    312.00    260.00       0  nginx
1791476649     33     23433    3.00    9.00    0.00   15.00   12.00     1      0.00      0.00   59612   13264   0.16      0.00    512.00    472.00       0  nginx
1791476649     33     23434    2.00    4.00    0.00    7.00    6.00     1      0.00      0.00   57844   11680   0.14      0.00    168.00    144.00       0  nginx
1791476649     33     23435    2.00    3.00    0.00    5.00    5.00     3      0.00      0.00   58640   12472   0.15      0.00    392.00    380.00       0  nginx
1791476649    113    145567   21.00   20.00    0.00    0.00   41.00     1     38.00      0.00  829452   92996   1.15      0.00      0.00      0.00       0  pdns_server
1791476649   1100    145765   41.00   30.00    0.00    0.00   71.00     1   3027.00      0.00 2123752   16832   0.21      0.00      0.00      0.00       0  isupipe

# Time        UID       PID    %usr %system  %guest   %wait    %CPU   CPU  minflt/s  majflt/s     VSZ     RSS   %MEM   kB_rd/s   kB_wr/s kB_ccwr/s iodelay  Command
1791476650    112     14307   68.00   51.00    0.00    2.00  119.00     1      9.00      0.00 2892016 1011416  12.46      0.00   8192.00   1020.00       0  mysqld
1791476650      0     17311    0.00    0.00    0.00    0.00    0.00     1      0.00      0.00   56800   12976   0.16      0.00      0.00      0.00       0  nginx
1791476650     33     23432    6.00   11.00    0.00   19.00   17.00     2      0.00      0.00   61524   15520   0.19      0.00    676.00    608.00       0  nginx
1791476650     33     23433    5.00    4.00    0.00    9.00    9.00     3      0.00      0.00   59612   13264   0.16      0.00    140.00    124.00       0  nginx
1791476650     33     23434    1.00    2.00    0.00    3.00    3.00     3      0.00      0.00   57844   11680   0.14      0.00     12.00      0.00       0  nginx
1791476650     33     23435    4.00    4.00    0.00    5.00    8.00     3      0.00      0.00   58640   12472   0.15      0.00    484.00    464.00       0  nginx
1791476650    113    145567   21.00   18.00    0.00    0.00   39.00     1      0.00      0.00  829452   92996   1.15      0.00      0.00      0.00       0  pdns_server
1791476650   1100    145765   32.00   35.00    0.00    0.00   67.00     1   3122.00      0.00 2123752   17080   0.21      0.00      0.00      0.00       0  isupipe

# Time        UID       PID    %usr %system  %guest   %wait    %CPU   CPU  minflt/s  majflt/s     VSZ     RSS   %MEM   kB_rd/s   kB_wr/s kB_ccwr/s iodelay  Command
1791476651    112     14307   81.00   40.00    0.00    2.00  121.00     0     99.00      0.00 2892016 1011416  12.46      0.00   7812.00    820.00       0  mysqld
1791476651      0     17311    0.00    0.00    0.00    0.00    0.00     1      0.00      0.00   56800   12976   0.16      0.00      0.00      0.00       0  nginx
1791476651     33     23432    5.00   10.00    0.00   20.00   15.00     1      0.00      0.00   61524   15520   0.19      0.00    436.00    372.00       0  nginx
1791476651     33     23433    4.00    8.00    0.00   11.00   12.00     3      0.00      0.00   59612   13264   0.16      0.00    468.00    428.00       0  nginx
1791476651     33     23434    1.00    1.00    0.00    3.00    2.00     3      0.00      0.00   57844   11680   0.14      0.00      4.00      0.00       0  nginx
1791476651     33     23435    3.00    5.00    0.00    6.00    8.00     3      0.00      0.00   58640   12472   0.15      0.00    300.00    280.00       0  nginx
1791476651    113    145567   15.00   22.00    0.00    0.00   37.00     1      0.00      0.00  829452   92996   1.15      0.00      0.00      0.00       0  pdns_server
1791476651   1100    145765   42.00   28.00    0.00    0.00   70.00     1   2361.00      0.00 2123752   17216   0.21      0.00      0.00      0.00       0  isupipe

# Time        UID       PID    %usr %system  %guest   %wait    %CPU   CPU  minflt/s  majflt/s     VSZ     RSS   %MEM   kB_rd/s   kB_wr/s kB_ccwr/s iodelay  Command
1791476652    112     14307   76.00   45.00    0.00    2.00  121.00     1     12.00      0.00 2892016 1011416  12.46      0.00  11940.00    820.00       0  mysqld
1791476652      0     17311    0.00    0.00    0.00    0.00    0.00     1      0.00      0.00   56800   12976   0.16      0.00      0.00      0.00       0  nginx
1791476652     33     23432    6.00    8.00    0.00   22.00   14.00     3      0.00      0.00   61524   15520   0.19      0.00    456.00    400.00       0  nginx
1791476652     33     23433    4.00    5.00    0.00   16.00    9.00     3      0.00      0.00   59612   13264   0.16      0.00    388.00    348.00       0  nginx
1791476652     33     23434    2.00    6.00    0.00    8.00    8.00     3      0.00      0.00   57844   11680   0.14      0.00    252.00    240.00       0  nginx
1791476652     33     23435    3.00    5.00    0.00   15.00    8.00     3      2.00      0.00   58640   12472   0.15      0.00     16.00      0.00       0  nginx
1791476652    113    145567   20.00   21.00    0.00    0.00   41.00     1      0.00      0.00  829452   92996   1.15      0.00      0.00      0.00       0  pdns_server
1791476652   1100    145765   43.00   29.00    0.00    0.00   72.00     1   2826.00      0.00 2123752   17468   0.22      0.00      0.00      0.00       0  isupipe

# Time        UID       PID    %usr %system  %guest   %wait    %CPU   CPU  minflt/s  majflt/s     VSZ     RSS   %MEM   kB_rd/s   kB_wr/s kB_ccwr/s iodelay  Command
1791476653    112     14307   71.00   45.00    0.00    4.00  116.00     2    107.00      0.00 2892016 1011416  12.46      0.00   8236.00    884.00       0  mysqld
1791476653      0     17311    0.00    0.00    0.00    0.00    0.00     1      0.00      0.00   56800   12976   0.16      0.00      0.00      0.00       0  nginx
1791476653     33     23432    7.00    6.00    0.00   23.00   13.00     3      0.00      0.00   61524   15520   0.19      0.00    860.00    780.00       0  nginx
1791476653     33     23433    5.00    4.00    0.00   13.00    9.00     0      0.00      0.00   59612   13264   0.16      0.00    332.00    312.00       0  nginx
1791476653     33     23434    2.00    5.00    0.00    9.00    7.00     3      0.00      0.00   57844   11680   0.14      0.00    120.00     80.00       0  nginx
1791476653     33     23435    2.00    7.00    0.00    9.00    9.00     0      0.00      0.00   58640   12472   0.15      0.00     20.00      0.00       0  nginx
1791476653    113    145567   16.00   20.00    0.00    0.00   36.00     1    164.00      0.00  829452   94052   1.16      0.00      0.00      0.00       0  pdns_server
1791476653   1100    145765   36.00   36.00    0.00    0.00   72.00     1   2962.00      0.00 2123752   17144   0.21      0.00      0.00      0.00       0  isupipe

# Time        UID       PID    %usr %system  %guest   %wait    %CPU   CPU  minflt/s  majflt/s     VSZ     RSS   %MEM   kB_rd/s   kB_wr/s kB_ccwr/s iodelay  Command
1791476654    112     14307   72.00   45.00    0.00    3.00  117.00     0    113.00      0.00 2893044 1011416  12.46      0.00   5428.00    628.00       0  mysqld
1791476654      0     17311    0.00    0.00    0.00    0.00    0.00     1      0.00      0.00   56800   12976   0.16      0.00      0.00      0.00       0  nginx
1791476654     33     23432    5.00    8.00    0.00   16.00   13.00     2      0.00      0.00   61524   15520   0.19      0.00    292.00    252.00       0  nginx
1791476654     33     23433    4.00    5.00    0.00    8.00    9.00     0      0.00      0.00   59612   13264   0.16      0.00    244.00    232.00       0  nginx
1791476654     33     23434    2.00    3.00    0.00    7.00    5.00     3      0.00      0.00   57844   11680   0.14      0.00    124.00     96.00       0  nginx
1791476654     33     23435    2.00    6.00    0.00   10.00    8.00     3      0.00      0.00   58640   12472   0.15      0.00    196.00    168.00       0  nginx
1791476654    113    145567   14.00   21.00    0.00    0.00   35.00     1    157.00      0.00  829452   94052   1.16      0.00      0.00      0.00       0  pdns_server
1791476654   1100    145765   41.00   33.00    0.00    0.00   74.00     1   1584.00      0.00 2123752   17004   0.21      0.00      0.00      0.00       0  isupipe

# Time        UID       PID    %usr %system  %guest   %wait    %CPU   CPU  minflt/s  majflt/s     VSZ     RSS   %MEM   kB_rd/s   kB_wr/s kB_ccwr/s iodelay  Command
1791476655    112     14307   71.00   42.00    0.00    3.00  113.00     1    103.00      0.00 2892016 1011416  12.46      0.00   8736.00    868.00       0  mysqld
1791476655      0     17311    0.00    0.00    0.00    0.00    0.00     1      0.00      0.00   56800   12976   0.16      0.00      0.00      0.00       0  nginx
1791476655     33     23432    7.00    9.00    0.00   16.00   16.00     3      0.00      0.00   61524   15520   0.19      0.00    748.00    668.00       0  nginx
1791476655     33     23433    2.00    6.00    0.00    8.00    8.00     3      0.00      0.00   59612   13264   0.16      0.00    192.00    184.00       0  nginx
1791476655     33     23434    1.00    3.00    0.00    7.00    4.00     3      0.00      0.00   57844   11680   0.14      0.00    132.00    104.00       0  nginx
1791476655     33     23435    4.00    2.00    0.00    9.00    6.00     3      0.00      0.00   58640   12472   0.15      0.00     92.00     80.00       0  nginx
1791476655    113    145567   21.00   17.00    0.00    0.00   38.00     1    204.00      0.00  829452   94844   1.17      0.00      0.00      0.00       0  pdns_server
1791476655   1100    145765   37.00   30.00    0.00    0.00   67.00     1   2479.00      0.00 2123752   17216   0.21      0.00      0.00      0.00       0  isupipe

# Time        UID       PID    %usr %system  %guest   %wait    %CPU   CPU  minflt/s  majflt/s     VSZ     RSS   %MEM   kB_rd/s   kB_wr/s kB_ccwr/s iodelay  Command
1791476656    112     14307   63.00   44.00    0.00    3.00  107.00     0    181.00      0.00 2892016 1011416  12.46      0.00   7736.00    844.00       0  mysqld
1791476656      0     17311    0.00    0.00    0.00    0.00    0.00     1      0.00      0.00   56800   12976   0.16      0.00      0.00      0.00       0  nginx
1791476656     33     23432    7.00   10.00    0.00   22.00   17.00     1      0.00      0.00   61524   15520   0.19      0.00    680.00    612.00       0  nginx
1791476656     33     23433    6.00    6.00    0.00   12.00   12.00     3      0.00      0.00   59612   13264   0.16      0.00    264.00    236.00       0  nginx
1791476656     33     23434    2.00    3.00    0.00    5.00    5.00     2      0.00      0.00   57844   11680   0.14      0.00     84.00     72.00       0  nginx
1791476656     33     23435    2.00    5.00    0.00    4.00    7.00     3      0.00      0.00   58640   12472   0.15      0.00     96.00     76.00       0  nginx
1791476656    113    145567   14.00   22.00    0.00    0.00   36.00     1    183.00      0.00  829452   95900   1.18      0.00      0.00      0.00       0  pdns_server
1791476656   1100    145765   34.00   39.00    0.00   22.00   73.00     0   3027.00      0.00 2197544   16736   0.21      0.00      0.00      0.00       0  isupipe

# Time        UID       PID    %usr %system  %guest   %wait    %CPU   CPU  minflt/s  majflt/s     VSZ     RSS   %MEM   kB_rd/s   kB_wr/s kB_ccwr/s iodelay  Command
1791476657    112     14307   62.00   49.00    0.00    3.00  111.00     0    351.00      0.00 2894072 1011440  12.46      0.00  11988.00    876.00       0  mysqld
1791476657      0     17311    0.00    0.00    0.00    0.00    0.00     1      0.00      0.00   56800   12976   0.16      0.00      0.00      0.00       0  nginx
1791476657     33     23432    5.00   12.00    0.00   23.00   17.00     2      0.00      0.00   61524   15520   0.19      0.00    520.00    372.00       0  nginx
1791476657     33     23433    4.00    8.00    0.00   14.00   12.00     3      0.00      0.00   59612   13264   0.16      0.00    380.00    340.00       0  nginx
1791476657     33     23434    1.00    2.00    0.00    7.00    3.00     3      0.00      0.00   57844   11680   0.14      0.00    112.00    100.00       0  nginx
1791476657     33     23435    3.00    5.00    0.00   13.00    8.00     3      0.00      0.00   58640   12472   0.15      0.00    372.00    340.00       0  nginx
1791476657    113    145567   14.00   23.00    0.00    0.00   37.00     1    171.00      0.00  829452   96692   1.19      0.00      0.00      0.00       0  pdns_server
1791476657   1100    145765   35.00   31.00    0.00   29.00   66.00     2   2147.00      0.00 2197544   17120   0.21      0.00      0.00      0.00       0  isupipe

# Time        UID       PID    %usr %system  %guest   %wait    %CPU   CPU  minflt/s  majflt/s     VSZ     RSS   %MEM   kB_rd/s   kB_wr/s kB_ccwr/s iodelay  Command
1791476658    112     14307   78.00   46.00    0.00    2.00  124.00     2     97.00      0.00 2892016 1011440  12.46      0.00   7788.00    900.00       0  mysqld
1791476658      0     17311    0.00    0.00    0.00    0.00    0.00     1      0.00      0.00   56800   12976   0.16      0.00      0.00      0.00       0  nginx
1791476658     33     23432   10.00    8.00    0.00   17.00   18.00     0      0.00      0.00   61524   15520   0.19      0.00    340.00    384.00       0  nginx
1791476658     33     23433    2.00    8.00    0.00   12.00   10.00     3      0.00      0.00   59612   13264   0.16      0.00    304.00    256.00       0  nginx
1791476658     33     23434    2.00    3.00    0.00    3.00    5.00     3      0.00      0.00   57844   11680   0.14      0.00    348.00    344.00       0  nginx
1791476658     33     23435    2.00    4.00    0.00    6.00    6.00     3      0.00      0.00   58640   12472   0.15      0.00    232.00    208.00       0  nginx
1791476658    113    145567   17.00   23.00    0.00    0.00   40.00     1    214.00      0.00  829452   97748   1.20      0.00      0.00      0.00       0  pdns_server
1791476658   1100    145765   47.00   26.00    0.00   35.00   73.00     0   2382.00      0.00 2197544   17020   0.21      0.00      0.00      0.00       0  isupipe

# Time        UID       PID    %usr %system  %guest   %wait    %CPU   CPU  minflt/s  majflt/s     VSZ     RSS   %MEM   kB_rd/s   kB_wr/s kB_ccwr/s iodelay  Command
1791476659    112     14307   77.00   44.00    0.00    2.00  121.00     0     15.00      0.00 2893044 1011440  12.46      0.00   7856.00    956.00       0  mysqld
1791476659      0     17311    0.00    0.00    0.00    0.00    0.00     1      0.00      0.00   56800   12976   0.16      0.00      0.00      0.00       0  nginx
1791476659     33     23432    4.00    9.00    0.00   16.00   13.00     3      0.00      0.00   61524   15520   0.19      0.00    664.00    612.00       0  nginx
1791476659     33     23433    3.00    7.00    0.00   12.00   10.00     3      0.00      0.00   59612   13264   0.16      0.00    344.00    284.00       0  nginx
1791476659     33     23434    0.00    2.00    0.00    2.00    2.00     3      0.00      0.00   57844   11680   0.14      0.00    192.00    192.00       0  nginx
1791476659     33     23435    2.00    5.00    0.00    8.00    7.00     3      0.00      0.00   58640   12472   0.15      0.00    104.00     92.00       0  nginx
1791476659    113    145567   22.00   20.00    0.00    0.00   42.00     1    235.00      0.00  829452   98540   1.21      0.00      0.00      0.00       0  pdns_server
1791476659   1100    145765   46.00   29.00    0.00    6.00   75.00     1   2276.00      0.00 2197544   16716   0.21      0.00      0.00      0.00       0  isupipe

# Time        UID       PID    %usr %system  %guest   %wait    %CPU   CPU  minflt/s  majflt/s     VSZ     RSS   %MEM   kB_rd/s   kB_wr/s kB_ccwr/s iodelay  Command
1791476660    112     14307   78.00   44.00    0.00    2.00  122.00     1    196.00      0.00 2894072 1011440  12.46      0.00   7348.00    808.00       0  mysqld
1791476660      0     17311    0.00    0.00    0.00    0.00    0.00     1      0.00      0.00   56800   12976   0.16      0.00      0.00      0.00       0  nginx
1791476660     33     23432    9.00    9.00    0.00   19.00   18.00     3      0.00      0.00   61524   15520   0.19      0.00    452.00    380.00       0  nginx
1791476660     33     23433    5.00    6.00    0.00   14.00   11.00     3      0.00      0.00   59612   13264   0.16      0.00    552.00    524.00       0  nginx
1791476660     33     23434    1.00    1.00    0.00    4.00    2.00     3      0.00      0.00   57844   11680   0.14      0.00     88.00     88.00       0  nginx
1791476660     33     23435    3.00    5.00    0.00    8.00    8.00     3      0.00      0.00   58640   12472   0.15      0.00     36.00      0.00       0  nginx
1791476660    113    145567   16.00   25.00    0.00    0.00   41.00     1    215.00      0.00  829452   99068   1.22      0.00      0.00      0.00       0  pdns_server
1791476660   1100    145765   29.00   33.00    0.00    0.00   62.00     1   2442.00      0.00 2197544   17208   0.21      0.00      0.00      0.00       0  isupipe

# Time        UID       PID    %usr %system  %guest   %wait    %CPU   CPU  minflt/s  majflt/s     VSZ     RSS   %MEM   kB_rd/s   kB_wr/s kB_ccwr/s iodelay  Command
1791476661    112     14307   68.00   40.00    0.00    2.00  108.00     0    155.00      0.00 2892016 1011440  12.46      0.00   8296.00   1056.00       0  mysqld
1791476661      0     17311    0.00    0.00    0.00    0.00    0.00     1      0.00      0.00   56800   12976   0.16      0.00      0.00      0.00       0  nginx
1791476661     33     23432    6.00   10.00    0.00   22.00   16.00     3      0.00      0.00   61524   15520   0.19      0.00    296.00    224.00       0  nginx
1791476661     33     23433    5.00    7.00    0.00    9.00   12.00     0      0.00      0.00   59612   13264   0.16      0.00    880.00    844.00       0  nginx
1791476661     33     23434    0.00    1.00    0.00    2.00    1.00     0      0.00      0.00   57844   11680   0.14      0.00      0.00      0.00       0  nginx
1791476661     33     23435    3.00    4.00    0.00    6.00    7.00     3      0.00      0.00   58640   12472   0.15      0.00    312.00    296.00       0  nginx
1791476661    113    145567   16.00   18.00    0.00    0.00   34.00     1    193.00      0.00  829452   99596   1.23      0.00      0.00      0.00       0  pdns_server
1791476661   1100    145765   33.00   27.00    0.00    0.00   60.00     1   1846.00      0.00 2197544   17216   0.21      0.00      0.00      0.00       0  isupipe

# Time        UID       PID    %usr %system  %guest   %wait    %CPU   CPU  minflt/s  majflt/s     VSZ     RSS   %MEM   kB_rd/s   kB_wr/s kB_ccwr/s iodelay  Command
1791476662    112     14307    0.95    0.95    0.00    0.00    1.90     0      0.00      0.00 2892016 1011440  12.46      0.00   3356.19      0.00       0  mysqld
1791476662      0     17311    0.00    0.00    0.00    0.00    0.00     1      0.00      0.00   56800   12976   0.16      0.00      0.00      0.00       0  nginx
1791476662     33     23432    0.00    0.95    0.00    0.00    0.95     2      0.00      0.00   61524   15520   0.19      0.00      0.00      0.00       0  nginx
1791476662     33     23433    0.00    0.00    0.00    0.00    0.00     3      0.00      0.00   59612   13264   0.16      0.00      0.00      0.00       0  nginx
1791476662     33     23434    0.00    0.00    0.00    0.00    0.00     0      0.00      0.00   57844   11680   0.14      0.00      0.00      0.00       0  nginx
1791476662     33     23435    0.00    0.95    0.00    0.00    0.95     1      0.00      0.00   58640   12472   0.15      0.00      0.00      0.00       0  nginx
1791476662    113    145567    0.00    0.00    0.00    0.00    0.00     1      0.00      0.00  829452   99596   1.23      0.00      0.00      0.00       0  pdns_server
1791476662   1100    145765    0.00    0.00    0.00    0.00    0.00     1      0.00      0.00 2197544   17200   0.21      0.00      0.00      0.00       0  isupipe

# Time        UID       PID    %usr %system  %guest   %wait    %CPU   CPU  minflt/s  majflt/s     VSZ     RSS   %MEM   kB_rd/s   kB_wr/s kB_ccwr/s iodelay  Command
1791476663    112     14307    0.00    2.00    0.00    0.00    2.00     0      0.00      0.00 2892016 1011440  12.46      0.00   3240.00      0.00       0  mysqld
1791476663      0     17311    0.00    0.00    0.00    0.00    0.00     1      0.00      0.00   56800   12976   0.16      0.00      0.00      0.00       0  nginx
1791476663     33     23432    0.00    0.00    0.00    0.00    0.00     2      0.00      0.00   61524   15520   0.19      0.00      0.00      0.00       0  nginx
1791476663     33     23433    0.00    0.00    0.00    0.00    0.00     3      0.00      0.00   59612   13264   0.16      0.00      0.00      0.00       0  nginx
1791476663     33     23434    0.00    0.00    0.00    0.00    0.00     0      0.00      0.00   57844   11680   0.14      0.00      0.00      0.00       0  nginx
1791476663     33     23435    0.00    0.00    0.00    0.00    0.00     1      0.00      0.00   58640   12472   0.15      0.00      0.00      0.00       0  nginx
1791476663    113    145567    0.00    0.00    0.00    0.00    0.00     1      0.00      0.00  829452   99596   1.23      0.00      0.00      0.00       0  pdns_server
1791476663   1100    145765    0.00    0.00    0.00    0.00    0.00     1      0.00      0.00 2197544   17200   0.21      0.00      0.00      0.00       0  isupipe

# Time        UID       PID    %usr %system  %guest   %wait    %CPU   CPU  minflt/s  majflt/s     VSZ     RSS   %MEM   kB_rd/s   kB_wr/s kB_ccwr/s iodelay  Command
1791476664    112     14307    1.98    0.99    0.00    0.00    2.97     0      0.00      0.00 2892016 1011440  12.46      0.00   6340.59      0.00       0  mysqld
1791476664      0     17311    0.00    0.00    0.00    0.00    0.00     1      0.00      0.00   56800   12976   0.16      0.00      0.00      0.00       0  nginx
1791476664     33     23432    0.00    0.00    0.00    0.00    0.00     2      0.00      0.00   61524   15520   0.19      0.00      0.00      0.00       0  nginx
1791476664     33     23433    0.00    0.00    0.00    0.00    0.00     3      0.00      0.00   59612   13264   0.16      0.00      0.00      0.00       0  nginx
1791476664     33     23434    0.00    0.00    0.00    0.00    0.00     0      0.00      0.00   57844   11680   0.14      0.00      0.00      0.00       0  nginx
1791476664     33     23435    0.00    0.00    0.00    0.00    0.00     1      0.00      0.00   58640   12472   0.15      0.00      0.00      0.00       0  nginx
1791476664    113    145567    0.00    0.00    0.00    0.00    0.00     1      0.00      0.00  829452   99596   1.23      0.00      0.00      0.00       0  pdns_server
1791476664   1100    145765    0.00    0.00    0.00    0.00    0.00     1      0.00      0.00 2197544   17200   0.21      0.00      0.00      0.00       0  isupipe
