Linux 5.15.0-198-generic (isucon13-app) 	10/08/26 	_aarch64_	(4 CPU)

# Time        UID       PID    %usr %system  %guest   %wait    %CPU   CPU  minflt/s  majflt/s     VSZ     RSS   %MEM   kB_rd/s   kB_wr/s kB_ccwr/s iodelay  Command
1791503459      0        13    0.00    0.00    0.00    0.00    0.00     0      0.00      0.00       0       0   0.00      0.00      0.00      0.00       0  ksoftirqd/0
1791503459      0        22    0.00    0.00    0.00    0.00    0.00     1      0.00      0.00       0       0   0.00      0.00      0.00      0.00       0  ksoftirqd/1
1791503459      0        28    0.00    0.00    0.00    0.00    0.00     2      0.00      0.00       0       0   0.00      0.00      0.00      0.00       0  ksoftirqd/2
1791503459      0        34    0.00    0.00    0.00    0.00    0.00     3      0.00      0.00       0       0   0.00      0.00      0.00      0.00       0  ksoftirqd/3
1791503459      0       344    0.00    1.98    0.00    0.00    1.98     3      0.00      0.00       0       0   0.00      0.00     63.37      0.00       0  jbd2/sda1-8
1791503459      0       418    0.00    0.00    0.00    0.00    0.00     0      0.00      0.99   73348   21812   0.27      0.00      3.96      0.00       0  systemd-journal
1791503459    104       664    0.00    0.00    0.00    0.00    0.00     3      0.00      0.00  222072    4484   0.06      0.00      0.00      0.00       0  rsyslogd
1791503459      0       728    0.00    0.00    0.00    0.00    0.00     0      0.00      0.00   56244    2480   0.03      0.00      0.00      0.00       0  nginx
1791503459     33       729    0.00    0.00    0.00    0.00    0.00     2      0.00      0.00   62808   16228   0.20      0.00      0.00      0.00       0  nginx
1791503459     33       730    0.00    0.00    0.00    0.00    0.00     0      0.00      0.00   65456   19132   0.24      0.00      0.00      0.00       0  nginx
1791503459     33       731    0.00    0.00    0.00    0.00    0.00     1      0.00      0.00   63544   17020   0.21      0.00      0.00      0.00       0  nginx
1791503459     33       732    0.00    0.00    0.00    0.00    0.00     3      0.00      0.00   68436   22280   0.27      0.00      0.00      0.00       0  nginx
1791503459    112       737   20.79   17.82    0.00    0.00   38.61     0  10973.27      0.00 2854068  685608   8.44     63.37  31469.31      0.00       0  mysqld
1791503459   1100    175933    0.00    0.00    0.00    0.00    0.00     2      1.98      0.00 1901836   14936   0.18      0.00      0.00      0.00       0  isupipe

# Time        UID       PID    %usr %system  %guest   %wait    %CPU   CPU  minflt/s  majflt/s     VSZ     RSS   %MEM   kB_rd/s   kB_wr/s kB_ccwr/s iodelay  Command
1791503460      0        13    0.00    0.00    0.00    0.00    0.00     0      0.00      0.00       0       0   0.00      0.00      0.00      0.00       0  ksoftirqd/0
1791503460      0        22    0.00    0.00    0.00    0.00    0.00     1      0.00      0.00       0       0   0.00      0.00      0.00      0.00       0  ksoftirqd/1
1791503460      0        28    0.00    0.00    0.00    0.00    0.00     2      0.00      0.00       0       0   0.00      0.00      0.00      0.00       0  ksoftirqd/2
1791503460      0        34    0.00    0.00    0.00    0.00    0.00     3      0.00      0.00       0       0   0.00      0.00      0.00      0.00       0  ksoftirqd/3
1791503460      0       344    0.00    0.98    0.00    0.00    0.98     0      0.00      0.00       0       0   0.00      0.00     27.45      0.00       0  jbd2/sda1-8
1791503460      0       418    0.00    0.00    0.00    0.00    0.00     0      0.00      0.00   73348   21812   0.27      0.00      0.00      0.00       0  systemd-journal
1791503460    104       664    0.00    0.00    0.00    0.00    0.00     3      0.00      0.00  222072    4484   0.06      0.00      0.00      0.00       0  rsyslogd
1791503460      0       728    0.00    0.00    0.00    0.00    0.00     0      0.00      0.00   56244    2480   0.03      0.00      0.00      0.00       0  nginx
1791503460     33       729    0.00    0.00    0.00    0.00    0.00     2      0.00      0.00   62808   16228   0.20      0.00      0.00      0.00       0  nginx
1791503460     33       730    0.00    0.00    0.00    0.00    0.00     0      0.00      0.00   65456   19132   0.24      0.00      0.00      0.00       0  nginx
1791503460     33       731    0.00    0.00    0.00    0.00    0.00     1      0.00      0.00   63544   17020   0.21      0.00      0.00      0.00       0  nginx
1791503460     33       732    0.98    0.98    0.00    0.00    1.96     3      0.00      0.00   68436   22280   0.27      0.00     74.51     74.51       0  nginx
1791503460    112       737   25.49    9.80    0.00    0.00   35.29     0   5386.27      0.00 2855096  707184   8.71      0.00  23286.27      0.00       0  mysqld
1791503460   1100    175933    6.86    1.96    0.00    0.00    8.82     2    877.45      0.00 1901836   16084   0.20      0.00     50.98     50.98       0  isupipe

# Time        UID       PID    %usr %system  %guest   %wait    %CPU   CPU  minflt/s  majflt/s     VSZ     RSS   %MEM   kB_rd/s   kB_wr/s kB_ccwr/s iodelay  Command
1791503461      0        13    0.00    0.00    0.00    0.00    0.00     0      0.00      0.00       0       0   0.00      0.00      0.00      0.00       0  ksoftirqd/0
1791503461      0        22    0.00    0.00    0.00    0.00    0.00     1      0.00      0.00       0       0   0.00      0.00      0.00      0.00       0  ksoftirqd/1
1791503461      0        28    0.00    0.00    0.00    0.00    0.00     2      0.00      0.00       0       0   0.00      0.00      0.00      0.00       0  ksoftirqd/2
1791503461      0        34    0.00    0.00    0.00    0.00    0.00     3      0.00      0.00       0       0   0.00      0.00      0.00      0.00       0  ksoftirqd/3
1791503461      0       344    0.00    0.00    0.00    0.00    0.00     0      0.00      0.00       0       0   0.00      0.00     39.29      0.00       0  jbd2/sda1-8
1791503461      0       418    0.00    0.00    0.00    0.00    0.00     0      0.00      0.00   73348   21812   0.27      0.00      0.00      0.00       0  systemd-journal
1791503461    104       664    0.00    0.00    0.00    0.00    0.00     3      0.00      0.00  222072    4484   0.06      0.00      0.00      0.00       0  rsyslogd
1791503461      0       728    0.00    0.00    0.00    0.00    0.00     0      0.00      0.00   56244    2480   0.03      0.00      0.00      0.00       0  nginx
1791503461     33       729    0.00    0.00    0.00    0.00    0.00     2      0.00      0.00   62808   16228   0.20      0.00      0.00      0.00       0  nginx
1791503461     33       730    0.00    0.00    0.00    0.00    0.00     0      0.00      0.00   65456   19132   0.24      0.00      0.00      0.00       0  nginx
1791503461     33       731    0.00    0.00    0.00    0.00    0.00     1      0.00      0.00   63544   17020   0.21      0.00      0.00      0.00       0  nginx
1791503461     33       732    0.00    0.00    0.00    0.00    0.00     1      0.00      0.00   68436   22280   0.27      0.00     10.71      0.00       0  nginx
1791503461    112       737    1.79    0.00    0.00    0.00    1.79     0      0.00      0.00 2855096  707184   8.71      0.00   3428.57      0.00       0  mysqld
1791503461   1100    175933    0.00    0.00    0.00    0.00    0.00     2      0.00      0.00 1901836   16084   0.20      0.00      0.00      0.00       0  isupipe

# Time        UID       PID    %usr %system  %guest   %wait    %CPU   CPU  minflt/s  majflt/s     VSZ     RSS   %MEM   kB_rd/s   kB_wr/s kB_ccwr/s iodelay  Command
1791503462      0        13    0.00    0.00    0.00    0.00    0.00     0      0.00      0.00       0       0   0.00      0.00      0.00      0.00       0  ksoftirqd/0
1791503462      0        22    0.00    0.00    0.00    0.00    0.00     1      0.00      0.00       0       0   0.00      0.00      0.00      0.00       0  ksoftirqd/1
1791503462      0        28    0.00    0.00    0.00    0.00    0.00     2      0.00      0.00       0       0   0.00      0.00      0.00      0.00       0  ksoftirqd/2
1791503462      0        34    0.00    0.00    0.00    0.00    0.00     3      0.00      0.00       0       0   0.00      0.00      0.00      0.00       0  ksoftirqd/3
1791503462      0       344    0.00    0.99    0.00    0.00    0.99     2      0.00      0.00       0       0   0.00      0.00     87.13      0.00       0  jbd2/sda1-8
1791503462      0       418    0.00    0.00    0.00    0.00    0.00     0      0.00      0.00   73348   21812   0.27      0.00      0.00      0.00       0  systemd-journal
1791503462    104       664    0.00    0.00    0.00    0.00    0.00     3      0.00      0.00  222072    4484   0.06      0.00      0.00      0.00       0  rsyslogd
1791503462      0       728    0.00    0.00    0.00    0.00    0.00     0      0.00      0.00   56244    2480   0.03      0.00      0.00      0.00       0  nginx
1791503462     33       729    0.00    0.00    0.00    0.00    0.00     2      0.00      0.00   62808   16228   0.20      0.00      0.00      0.00       0  nginx
1791503462     33       730    0.00    0.00    0.00    0.00    0.00     0      0.00      0.00   65456   19132   0.24      0.00      0.00      0.00       0  nginx
1791503462     33       731    0.00    0.00    0.00    0.00    0.00     1      0.00      0.00   63544   17020   0.21      0.00      0.00      0.00       0  nginx
1791503462     33       732    0.99    0.00    0.00    0.00    0.99     0      0.00      0.00   68436   22280   0.27      0.00     75.25     75.25       0  nginx
1791503462    112       737    2.97    2.97    0.00    0.00    5.94     0      0.00      0.00 2855096  707184   8.71      0.00   3441.58      0.00       0  mysqld
1791503462   1100    175933    0.99    2.97    0.00    0.00    3.96     2     76.24      0.00 1901836   16576   0.20      0.00      0.00      0.00       0  isupipe

# Time        UID       PID    %usr %system  %guest   %wait    %CPU   CPU  minflt/s  majflt/s     VSZ     RSS   %MEM   kB_rd/s   kB_wr/s kB_ccwr/s iodelay  Command
1791503463      0        13    0.00    0.00    0.00    0.00    0.00     0      0.00      0.00       0       0   0.00      0.00      0.00      0.00       0  ksoftirqd/0
1791503463      0        22    0.00    0.00    0.00    0.00    0.00     1      0.00      0.00       0       0   0.00      0.00      0.00      0.00       0  ksoftirqd/1
1791503463      0        28    0.00    0.00    0.00    0.00    0.00     2      0.00      0.00       0       0   0.00      0.00      0.00      0.00       0  ksoftirqd/2
1791503463      0        34    0.00    0.00    0.00    0.00    0.00     3      0.00      0.00       0       0   0.00      0.00      0.00      0.00       0  ksoftirqd/3
1791503463      0       344    0.00    0.92    0.00    0.00    0.92     2      0.00      0.00       0       0   0.00      0.00     11.01      0.00       0  jbd2/sda1-8
1791503463      0       418    0.00    0.00    0.00    0.00    0.00     0      0.00      0.00   73348   21812   0.27      0.00      0.00      0.00       0  systemd-journal
1791503463    104       664    0.00    0.00    0.00    0.00    0.00     3      0.00      0.00  222072    4484   0.06      0.00      0.00      0.00       0  rsyslogd
1791503463      0       728    0.00    0.00    0.00    0.00    0.00     0      0.00      0.00   56244    2480   0.03      0.00      0.00      0.00       0  nginx
1791503463     33       729    0.00    0.00    0.00    0.00    0.00     2      0.00      0.00   62808   16228   0.20      0.00      0.00      0.00       0  nginx
1791503463     33       730    0.00    0.00    0.00    0.00    0.00     0      0.00      0.00   65456   19132   0.24      0.00      0.00      0.00       0  nginx
1791503463     33       731    0.00    0.00    0.00    0.00    0.00     1      0.00      0.00   63544   17020   0.21      0.00      0.00      0.00       0  nginx
1791503463     33       732    0.00    0.00    0.00    0.00    0.00     1      0.00      0.00   68436   22280   0.27      0.00     11.01      0.00       0  nginx
1791503463    112       737    0.00    1.83    0.00    0.00    1.83     0      0.00      0.00 2855096  707184   8.71      0.00   5937.61      0.00       0  mysqld
1791503463   1100    175933    0.00    0.00    0.00    0.00    0.00     2      0.00      0.00 1901836   16576   0.20      0.00      0.00      0.00       0  isupipe

# Time        UID       PID    %usr %system  %guest   %wait    %CPU   CPU  minflt/s  majflt/s     VSZ     RSS   %MEM   kB_rd/s   kB_wr/s kB_ccwr/s iodelay  Command
1791503464      0        13    0.00    0.00    0.00    0.00    0.00     0      0.00      0.00       0       0   0.00      0.00      0.00      0.00       0  ksoftirqd/0
1791503464      0        22    0.00    0.00    0.00    0.00    0.00     1      0.00      0.00       0       0   0.00      0.00      0.00      0.00       0  ksoftirqd/1
1791503464      0        28    0.00    0.00    0.00    0.00    0.00     2      0.00      0.00       0       0   0.00      0.00      0.00      0.00       0  ksoftirqd/2
1791503464      0        34    0.00    1.00    0.00    0.00    1.00     3      0.00      0.00       0       0   0.00      0.00      0.00      0.00       0  ksoftirqd/3
1791503464      0       344    0.00    0.00    0.00    0.00    0.00     2      0.00      0.00       0       0   0.00      0.00     12.00      0.00       0  jbd2/sda1-8
1791503464      0       418    0.00    0.00    0.00    0.00    0.00     3      0.00     37.00   73348   21832   0.27      0.00    148.00      0.00       0  systemd-journal
1791503464    104       664    0.00    0.00    0.00    0.00    0.00     3      0.00      0.00  222072    4484   0.06      0.00      0.00      0.00       0  rsyslogd
1791503464      0       728    0.00    0.00    0.00    0.00    0.00     0      0.00      0.00   56244    2480   0.03      0.00      0.00      0.00       0  nginx
1791503464     33       729    0.00    0.00    0.00    0.00    0.00     2      0.00      0.00   62808   16228   0.20      0.00      0.00      0.00       0  nginx
1791503464     33       730    1.00    1.00    0.00    1.00    2.00     3      0.00      0.00   65456   19132   0.24      0.00      0.00      0.00       0  nginx
1791503464     33       731    0.00    0.00    0.00    0.00    0.00     3      0.00      0.00   63544   17020   0.21      0.00      0.00      0.00       0  nginx
1791503464     33       732    4.00    3.00    0.00    1.00    7.00     3      0.00      0.00   68436   22280   0.27      0.00    828.00    828.00       0  nginx
1791503464    112       737   13.00    6.00    0.00    0.00   19.00     0      6.00      0.00 2855096  707184   8.71      0.00   6828.00      0.00       0  mysqld
1791503464   1100    175933   10.00    8.00    0.00    0.00   18.00     2    849.00      0.00 1902092   19016   0.23      0.00      0.00      0.00       0  isupipe

# Time        UID       PID    %usr %system  %guest   %wait    %CPU   CPU  minflt/s  majflt/s     VSZ     RSS   %MEM   kB_rd/s   kB_wr/s kB_ccwr/s iodelay  Command
1791503465      0        13    0.00    0.00    0.00    0.00    0.00     0      0.00      0.00       0       0   0.00      0.00      0.00      0.00       0  ksoftirqd/0
1791503465      0        22    0.00    0.00    0.00    0.00    0.00     1      0.00      0.00       0       0   0.00      0.00      0.00      0.00       0  ksoftirqd/1
1791503465      0        28    0.00    0.00    0.00    0.00    0.00     2      0.00      0.00       0       0   0.00      0.00      0.00      0.00       0  ksoftirqd/2
1791503465      0        34    0.00    0.00    0.00    0.00    0.00     3      0.00      0.00       0       0   0.00      0.00      0.00      0.00       0  ksoftirqd/3
1791503465      0       344    0.00    1.00    0.00    1.00    1.00     0      0.00      0.00       0       0   0.00      0.00     16.00      0.00       0  jbd2/sda1-8
1791503465      0       418    0.00    0.00    0.00    0.00    0.00     3      0.00      0.00   73348   21832   0.27      0.00      0.00      0.00       0  systemd-journal
1791503465    104       664    0.00    0.00    0.00    0.00    0.00     3      0.00      0.00  222072    4484   0.06      0.00      0.00      0.00       0  rsyslogd
1791503465      0       728    0.00    0.00    0.00    0.00    0.00     0      0.00      0.00   56244    2480   0.03      0.00      0.00      0.00       0  nginx
1791503465     33       729    4.00    3.00    0.00    6.00    7.00     3      0.00      0.00   62808   16228   0.20      0.00    644.00    644.00       0  nginx
1791503465     33       730    8.00   12.00    0.00   23.00   20.00     3      0.00      0.00   65456   19132   0.24      0.00   1432.00   1252.00       0  nginx
1791503465     33       731    6.00    7.00    0.00   10.00   13.00     1      0.00      0.00   63544   17020   0.21      0.00   1020.00    940.00       0  nginx
1791503465     33       732   10.00   18.00    0.00   27.00   28.00     3      0.00      0.00   68436   22280   0.27      0.00   1008.00    816.00       0  nginx
1791503465    112       737   70.00   23.00    0.00    0.00   93.00     2    988.00      0.00 2860236  709492   8.74      0.00  13028.00      0.00       0  mysqld
1791503465   1100    175933   62.00   30.00    0.00   18.00   92.00     1   3924.00      0.00 1976140   23188   0.29      0.00      0.00      0.00       0  isupipe

# Time        UID       PID    %usr %system  %guest   %wait    %CPU   CPU  minflt/s  majflt/s     VSZ     RSS   %MEM   kB_rd/s   kB_wr/s kB_ccwr/s iodelay  Command
1791503466      0        13    0.00    1.00    0.00    0.00    1.00     0      0.00      0.00       0       0   0.00      0.00      0.00      0.00       0  ksoftirqd/0
1791503466      0        22    0.00    0.00    0.00    0.00    0.00     1      0.00      0.00       0       0   0.00      0.00      0.00      0.00       0  ksoftirqd/1
1791503466      0        28    0.00    0.00    0.00    0.00    0.00     2      0.00      0.00       0       0   0.00      0.00      0.00      0.00       0  ksoftirqd/2
1791503466      0        34    0.00    1.00    0.00    0.00    1.00     3      0.00      0.00       0       0   0.00      0.00      0.00      0.00       0  ksoftirqd/3
1791503466      0       344    0.00    0.00    0.00    0.00    0.00     0      0.00      0.00       0       0   0.00      0.00      8.00      0.00       0  jbd2/sda1-8
1791503466      0       418    0.00    0.00    0.00    0.00    0.00     3      0.00      0.00   73348   21832   0.27      0.00      0.00      0.00       0  systemd-journal
1791503466    104       664    0.00    0.00    0.00    0.00    0.00     3      0.00      0.00  222072    4484   0.06      0.00      0.00      0.00       0  rsyslogd
1791503466      0       728    0.00    0.00    0.00    0.00    0.00     0      0.00      0.00   56244    2480   0.03      0.00      0.00      0.00       0  nginx
1791503466     33       729    5.00    7.00    0.00   12.00   12.00     3      0.00      0.00   62808   16228   0.20      0.00    504.00    436.00       0  nginx
1791503466     33       730    9.00    9.00    0.00   22.00   18.00     3      0.00      0.00   65456   19132   0.24      0.00   1356.00   1184.00       0  nginx
1791503466     33       731    6.00    7.00    0.00   16.00   13.00     3      0.00      0.00   63544   17020   0.21      0.00    448.00    436.00       0  nginx
1791503466     33       732   14.00   14.00    0.00   28.00   28.00     0      0.00      0.00   68436   22280   0.27      0.00   1740.00   1484.00       0  nginx
1791503466    112       737   66.00   23.00    0.00    0.00   89.00     1    393.00      0.00 2861264  710604   8.75      0.00   9468.00      0.00       0  mysqld
1791503466   1100    175933   61.00   31.00    0.00   28.00   92.00     3   3140.00      0.00 1976140   23504   0.29      0.00      0.00      0.00       0  isupipe

# Time        UID       PID    %usr %system  %guest   %wait    %CPU   CPU  minflt/s  majflt/s     VSZ     RSS   %MEM   kB_rd/s   kB_wr/s kB_ccwr/s iodelay  Command
1791503467      0        13    0.00    0.00    0.00    1.00    0.00     0      0.00      0.00       0       0   0.00      0.00      0.00      0.00       0  ksoftirqd/0
1791503467      0        22    0.00    1.00    0.00    0.00    1.00     1      0.00      0.00       0       0   0.00      0.00      0.00      0.00       0  ksoftirqd/1
1791503467      0        28    0.00    0.00    0.00    0.00    0.00     2      0.00      0.00       0       0   0.00      0.00      0.00      0.00       0  ksoftirqd/2
1791503467      0        34    0.00    1.00    0.00    0.00    1.00     3      0.00      0.00       0       0   0.00      0.00      0.00      0.00       0  ksoftirqd/3
1791503467      0       344    0.00    1.00    0.00    0.00    1.00     1      0.00      0.00       0       0   0.00      0.00      4.00      0.00       0  jbd2/sda1-8
1791503467      0       418    0.00    0.00    0.00    0.00    0.00     3      0.00      0.00   73348   21832   0.27      0.00      0.00      0.00       0  systemd-journal
1791503467    104       664    0.00    0.00    0.00    0.00    0.00     3      0.00      0.00  222072    4484   0.06      0.00      0.00      0.00       0  rsyslogd
1791503467      0       728    0.00    0.00    0.00    0.00    0.00     0      0.00      0.00   56244    2480   0.03      0.00      0.00      0.00       0  nginx
1791503467     33       729    3.00    9.00    0.00    8.00   12.00     3      0.00      0.00   62808   16228   0.20      0.00   1132.00   1032.00       0  nginx
1791503467     33       730    6.00   13.00    0.00   30.00   19.00     3      0.00      0.00   65456   19132   0.24      0.00   1016.00    832.00       0  nginx
1791503467     33       731    5.00   10.00    0.00   17.00   15.00     3      0.00      0.00   63544   17020   0.21      0.00    984.00    856.00       0  nginx
1791503467     33       732   11.00   16.00    0.00   35.00   27.00     2      0.00      0.00   68436   22280   0.27      0.00   1392.00   1136.00       0  nginx
1791503467    112       737   67.00   23.00    0.00    1.00   90.00     1    417.00      0.00 2861264  711820   8.77      0.00   9132.00      0.00       0  mysqld
1791503467   1100    175933   59.00   35.00    0.00   24.00   94.00     2   1893.00      0.00 1976396   23656   0.29      0.00      0.00      0.00       0  isupipe

# Time        UID       PID    %usr %system  %guest   %wait    %CPU   CPU  minflt/s  majflt/s     VSZ     RSS   %MEM   kB_rd/s   kB_wr/s kB_ccwr/s iodelay  Command
1791503468      0        13    0.00    0.00    0.00    0.00    0.00     0      0.00      0.00       0       0   0.00      0.00      0.00      0.00       0  ksoftirqd/0
1791503468      0        22    0.00    0.00    0.00    0.00    0.00     1      0.00      0.00       0       0   0.00      0.00      0.00      0.00       0  ksoftirqd/1
1791503468      0        28    0.00    1.00    0.00    0.00    1.00     2      0.00      0.00       0       0   0.00      0.00      0.00      0.00       0  ksoftirqd/2
1791503468      0        34    0.00    1.00    0.00    0.00    1.00     3      0.00      0.00       0       0   0.00      0.00      0.00      0.00       0  ksoftirqd/3
1791503468      0       344    0.00    0.00    0.00    0.00    0.00     1      0.00      0.00       0       0   0.00      0.00      4.00      0.00       0  jbd2/sda1-8
1791503468      0       418    0.00    0.00    0.00    0.00    0.00     3      0.00      1.00   73348   21832   0.27      0.00      4.00      0.00       0  systemd-journal
1791503468    104       664    0.00    0.00    0.00    0.00    0.00     3      0.00      0.00  222072    4484   0.06      0.00      0.00      0.00       0  rsyslogd
1791503468      0       728    0.00    0.00    0.00    0.00    0.00     0      0.00      0.00   56244    2480   0.03      0.00      0.00      0.00       0  nginx
1791503468     33       729    7.00    8.00    0.00   20.00   15.00     3      0.00      0.00   62808   16228   0.20      0.00    508.00    412.00       0  nginx
1791503468     33       730    6.00   11.00    0.00   32.00   17.00     3      0.00      0.00   65456   19132   0.24      0.00    904.00    736.00       0  nginx
1791503468     33       731    8.00    7.00    0.00   27.00   15.00     3      0.00      0.00   63544   17020   0.21      0.00    732.00    608.00       0  nginx
1791503468     33       732   11.00   11.00    0.00   37.00   22.00     2      0.00      0.00   68436   22280   0.27      0.00   1704.00   1448.00       0  nginx
1791503468    112       737   68.00   22.00    0.00    0.00   90.00     2     74.00      0.00 2861264  712012   8.77      0.00  13252.00      0.00       0  mysqld
1791503468   1100    175933   57.00   34.00    0.00   19.00   91.00     2   3032.00      0.00 1976652   23420   0.29      0.00      0.00      0.00       0  isupipe

# Time        UID       PID    %usr %system  %guest   %wait    %CPU   CPU  minflt/s  majflt/s     VSZ     RSS   %MEM   kB_rd/s   kB_wr/s kB_ccwr/s iodelay  Command
1791503469      0        13    0.00    0.00    0.00    0.00    0.00     0      0.00      0.00       0       0   0.00      0.00      0.00      0.00       0  ksoftirqd/0
1791503469      0        22    0.00    0.00    0.00    0.00    0.00     1      0.00      0.00       0       0   0.00      0.00      0.00      0.00       0  ksoftirqd/1
1791503469      0        28    0.00    0.00    0.00    0.00    0.00     2      0.00      0.00       0       0   0.00      0.00      0.00      0.00       0  ksoftirqd/2
1791503469      0        34    0.00    1.00    0.00    0.00    1.00     3      0.00      0.00       0       0   0.00      0.00      0.00      0.00       0  ksoftirqd/3
1791503469      0       344    0.00    1.00    0.00    1.00    1.00     1      0.00      0.00       0       0   0.00      0.00      0.00      0.00       0  jbd2/sda1-8
1791503469      0       418    0.00    0.00    0.00    0.00    0.00     3      0.00      0.00   73348   21832   0.27      0.00      0.00      0.00       0  systemd-journal
1791503469    104       664    0.00    0.00    0.00    0.00    0.00     3      0.00      0.00  222072    4484   0.06      0.00      0.00      0.00       0  rsyslogd
1791503469      0       728    0.00    0.00    0.00    0.00    0.00     0      0.00      0.00   56244    2480   0.03      0.00      0.00      0.00       0  nginx
1791503469     33       729    7.00    6.00    0.00   10.00   13.00     3      0.00      0.00   62808   16228   0.20      0.00   1204.00   1108.00       0  nginx
1791503469     33       730    7.00   11.00    0.00   29.00   18.00     3      0.00      0.00   65456   19132   0.24      0.00   1408.00   1232.00       0  nginx
1791503469     33       731    7.00    8.00    0.00   25.00   15.00     3      0.00      0.00   63544   17020   0.21      0.00    512.00    352.00       0  nginx
1791503469     33       732   10.00   16.00    0.00   38.00   26.00     3      0.00      0.00   68436   22280   0.27      0.00   1196.00    976.00       0  nginx
1791503469    112       737   63.00   27.00    0.00    1.00   90.00     2    110.00      0.00 2861264  712428   8.78      0.00   7220.00      0.00       0  mysqld
1791503469   1100    175933   61.00   32.00    0.00    7.00   93.00     0   2210.00      0.00 1976652   23948   0.29      0.00      0.00      0.00       0  isupipe

# Time        UID       PID    %usr %system  %guest   %wait    %CPU   CPU  minflt/s  majflt/s     VSZ     RSS   %MEM   kB_rd/s   kB_wr/s kB_ccwr/s iodelay  Command
1791503470      0        13    0.00    0.00    0.00    0.00    0.00     0      0.00      0.00       0       0   0.00      0.00      0.00      0.00       0  ksoftirqd/0
1791503470      0        22    0.00    0.00    0.00    0.00    0.00     1      0.00      0.00       0       0   0.00      0.00      0.00      0.00       0  ksoftirqd/1
1791503470      0        28    0.00    0.00    0.00    0.00    0.00     2      0.00      0.00       0       0   0.00      0.00      0.00      0.00       0  ksoftirqd/2
1791503470      0        34    0.00    1.00    0.00    0.00    1.00     3      0.00      0.00       0       0   0.00      0.00      0.00      0.00       0  ksoftirqd/3
1791503470      0       344    0.00    0.00    0.00    0.00    0.00     2      0.00      0.00       0       0   0.00      0.00      0.00      0.00       0  jbd2/sda1-8
1791503470      0       418    0.00    0.00    0.00    0.00    0.00     3      0.00      0.00   73348   21832   0.27      0.00      0.00      0.00       0  systemd-journal
1791503470    104       664    0.00    0.00    0.00    0.00    0.00     3      0.00      0.00  222072    4484   0.06      0.00      0.00      0.00       0  rsyslogd
1791503470      0       728    0.00    0.00    0.00    0.00    0.00     0      0.00      0.00   56244    2480   0.03      0.00      0.00      0.00       0  nginx
1791503470     33       729    6.00   10.00    0.00   13.00   16.00     3      0.00      0.00   62808   16228   0.20      0.00    780.00    676.00       0  nginx
1791503470     33       730    8.00   10.00    0.00   30.00   18.00     3      0.00      0.00   65456   19132   0.24      0.00   1328.00   1168.00       0  nginx
1791503470     33       731    5.00   13.00    0.00   22.00   18.00     3      0.00      0.00   63544   17020   0.21      0.00    300.00    156.00       0  nginx
1791503470     33       732   12.00   12.00    0.00   40.00   24.00     0      0.00      0.00   68436   22280   0.27      0.00   1100.00    848.00       0  nginx
1791503470    112       737   68.00   21.00    0.00    0.00   89.00     2    371.00      0.00 2861264  713184   8.78      0.00  11204.00      0.00       0  mysqld
1791503470   1100    175933   62.00   30.00    0.00   29.00   92.00     3   2837.00      0.00 1976652   25772   0.32      0.00      0.00      0.00       0  isupipe

# Time        UID       PID    %usr %system  %guest   %wait    %CPU   CPU  minflt/s  majflt/s     VSZ     RSS   %MEM   kB_rd/s   kB_wr/s kB_ccwr/s iodelay  Command
1791503471      0        13    0.00    0.00    0.00    0.00    0.00     0      0.00      0.00       0       0   0.00      0.00      0.00      0.00       0  ksoftirqd/0
1791503471      0        22    0.00    0.00    0.00    0.00    0.00     1      0.00      0.00       0       0   0.00      0.00      0.00      0.00       0  ksoftirqd/1
1791503471      0        28    0.00    0.00    0.00    0.00    0.00     2      0.00      0.00       0       0   0.00      0.00      0.00      0.00       0  ksoftirqd/2
1791503471      0        34    0.00    1.00    0.00    1.00    1.00     3      0.00      0.00       0       0   0.00      0.00      0.00      0.00       0  ksoftirqd/3
1791503471      0       344    0.00    1.00    0.00    0.00    1.00     1      0.00      0.00       0       0   0.00      0.00     84.00      0.00       0  jbd2/sda1-8
1791503471      0       418    0.00    0.00    0.00    0.00    0.00     3      0.00      0.00   73348   21832   0.27      0.00      0.00      0.00       0  systemd-journal
1791503471    104       664    0.00    0.00    0.00    0.00    0.00     3      0.00      0.00  222072    4484   0.06      0.00      0.00      0.00       0  rsyslogd
1791503471      0       728    0.00    0.00    0.00    0.00    0.00     0      0.00      0.00   56244    2480   0.03      0.00      0.00      0.00       0  nginx
1791503471     33       729    6.00    8.00    0.00   20.00   14.00     2      1.00      0.00   62808   16228   0.20      0.00    644.00    508.00       0  nginx
1791503471     33       730    7.00   12.00    0.00   29.00   19.00     1      0.00      0.00   65456   19132   0.24      0.00    852.00    700.00       0  nginx
1791503471     33       731    7.00   10.00    0.00   30.00   17.00     0      0.00      0.00   63544   17020   0.21      0.00    804.00    644.00       0  nginx
1791503471     33       732   11.00   13.00    0.00   32.00   24.00     2      0.00      0.00   68436   22280   0.27      0.00   1580.00   1324.00       0  nginx
1791503471    112       737   65.00   25.00    0.00    0.00   90.00     3     34.00      0.00 2861264  713240   8.79      0.00   8204.00      0.00       0  mysqld
1791503471   1100    175933   53.00   37.00    0.00   11.00   90.00     3   2110.00      0.00 1976652   27376   0.34      0.00      0.00      0.00       0  isupipe

# Time        UID       PID    %usr %system  %guest   %wait    %CPU   CPU  minflt/s  majflt/s     VSZ     RSS   %MEM   kB_rd/s   kB_wr/s kB_ccwr/s iodelay  Command
1791503472      0        13    0.00    1.00    0.00    0.00    1.00     0      0.00      0.00       0       0   0.00      0.00      0.00      0.00       0  ksoftirqd/0
1791503472      0        22    0.00    1.00    0.00    0.00    1.00     1      0.00      0.00       0       0   0.00      0.00      0.00      0.00       0  ksoftirqd/1
1791503472      0        28    0.00    0.00    0.00    0.00    0.00     2      0.00      0.00       0       0   0.00      0.00      0.00      0.00       0  ksoftirqd/2
1791503472      0        34    0.00    1.00    0.00    0.00    1.00     3      0.00      0.00       0       0   0.00      0.00      0.00      0.00       0  ksoftirqd/3
1791503472      0       344    0.00    1.00    0.00    0.00    1.00     0      0.00      0.00       0       0   0.00      0.00      8.00      0.00       0  jbd2/sda1-8
1791503472      0       418    0.00    0.00    0.00    0.00    0.00     3      0.00      0.00   73348   21832   0.27      0.00      0.00      0.00       0  systemd-journal
1791503472    104       664    0.00    0.00    0.00    0.00    0.00     3      0.00      0.00  222072    4484   0.06      0.00      0.00      0.00       0  rsyslogd
1791503472      0       728    0.00    0.00    0.00    0.00    0.00     0      0.00      0.00   56244    2480   0.03      0.00      0.00      0.00       0  nginx
1791503472     33       729    4.00   10.00    0.00   22.00   14.00     3      0.00      0.00   62808   16228   0.20      0.00    484.00    376.00       0  nginx
1791503472     33       730    7.00   11.00    0.00   34.00   18.00     3      4.00      0.00   65456   19132   0.24      0.00   1156.00    952.00       0  nginx
1791503472     33       731    6.00    9.00    0.00   22.00   15.00     1      0.00      0.00   63544   17020   0.21      0.00    792.00    636.00       0  nginx
1791503472     33       732   11.00   14.00    0.00   33.00   25.00     3      0.00      0.00   68436   22280   0.27      0.00   1424.00   1124.00       0  nginx
1791503472    112       737   63.00   27.00    0.00    1.00   90.00     3     18.00      0.00 2861264  713480   8.79      0.00  12888.00      0.00       0  mysqld
1791503472   1100    175933   53.00   36.00    0.00   17.00   89.00     0   1979.00      0.00 1976652   26932   0.33      0.00      0.00      0.00       0  isupipe

# Time        UID       PID    %usr %system  %guest   %wait    %CPU   CPU  minflt/s  majflt/s     VSZ     RSS   %MEM   kB_rd/s   kB_wr/s kB_ccwr/s iodelay  Command
1791503473      0        13    0.00    0.00    0.00    0.00    0.00     0      0.00      0.00       0       0   0.00      0.00      0.00      0.00       0  ksoftirqd/0
1791503473      0        22    0.00    0.00    0.00    0.00    0.00     1      0.00      0.00       0       0   0.00      0.00      0.00      0.00       0  ksoftirqd/1
1791503473      0        28    0.00    0.00    0.00    0.00    0.00     2      0.00      0.00       0       0   0.00      0.00      0.00      0.00       0  ksoftirqd/2
1791503473      0        34    0.00    1.00    0.00    0.00    1.00     3      0.00      0.00       0       0   0.00      0.00      0.00      0.00       0  ksoftirqd/3
1791503473      0       344    0.00    1.00    0.00    0.00    1.00     1      0.00      0.00       0       0   0.00      0.00      8.00      0.00       0  jbd2/sda1-8
1791503473      0       418    0.00    0.00    0.00    0.00    0.00     3      0.00      1.00   73348   21832   0.27      0.00      4.00      0.00       0  systemd-journal
1791503473    104       664    0.00    0.00    0.00    0.00    0.00     3      0.00      0.00  222072    4484   0.06      0.00      0.00      0.00       0  rsyslogd
1791503473      0       728    0.00    0.00    0.00    0.00    0.00     0      0.00      0.00   56244    2480   0.03      0.00      0.00      0.00       0  nginx
1791503473     33       729    4.00    7.00    0.00   11.00   11.00     3      0.00      0.00   62808   16228   0.20      0.00    828.00    728.00       0  nginx
1791503473     33       730    8.00   10.00    0.00   30.00   18.00     3      0.00      0.00   65456   19132   0.24      0.00    476.00    308.00       0  nginx
1791503473     33       731    8.00    9.00    0.00   24.00   17.00     3      0.00      0.00   63544   17020   0.21      0.00    840.00    712.00       0  nginx
1791503473     33       732   12.00   13.00    0.00   36.00   25.00     3      0.00      0.00   68436   22280   0.27      0.00   1688.00   1288.00       0  nginx
1791503473    112       737   72.00   20.00    0.00    1.00   92.00     2      8.00      0.00 2861264  713480   8.79      0.00  12396.00      0.00       0  mysqld
1791503473   1100    175933   60.00   32.00    0.00   29.00   92.00     2   1662.00      0.00 1976652   27484   0.34      0.00      0.00      0.00       0  isupipe

# Time        UID       PID    %usr %system  %guest   %wait    %CPU   CPU  minflt/s  majflt/s     VSZ     RSS   %MEM   kB_rd/s   kB_wr/s kB_ccwr/s iodelay  Command
1791503474      0        13    0.00    0.00    0.00    0.00    0.00     0      0.00      0.00       0       0   0.00      0.00      0.00      0.00       0  ksoftirqd/0
1791503474      0        22    0.00    0.00    0.00    0.00    0.00     1      0.00      0.00       0       0   0.00      0.00      0.00      0.00       0  ksoftirqd/1
1791503474      0        28    0.00    1.00    0.00    0.00    1.00     2      0.00      0.00       0       0   0.00      0.00      0.00      0.00       0  ksoftirqd/2
1791503474      0        34    0.00    2.00    0.00    0.00    2.00     3      0.00      0.00       0       0   0.00      0.00      0.00      0.00       0  ksoftirqd/3
1791503474      0       344    0.00    0.00    0.00    1.00    0.00     1      0.00      0.00       0       0   0.00      0.00      0.00      0.00       0  jbd2/sda1-8
1791503474      0       418    0.00    0.00    0.00    0.00    0.00     3      0.00      0.00   73348   21832   0.27      0.00      0.00      0.00       0  systemd-journal
1791503474    104       664    0.00    0.00    0.00    0.00    0.00     3      0.00      0.00  222072    4484   0.06      0.00      0.00      0.00       0  rsyslogd
1791503474      0       728    0.00    0.00    0.00    0.00    0.00     0      0.00      0.00   56244    2480   0.03      0.00      0.00      0.00       0  nginx
1791503474     33       729    5.00    9.00    0.00   13.00   14.00     3      0.00      0.00   62808   16228   0.20      0.00    724.00    644.00       0  nginx
1791503474     33       730    8.00   12.00    0.00   31.00   20.00     3      0.00      0.00   65456   19132   0.24      0.00   1228.00   1052.00       0  nginx
1791503474     33       731    8.00    8.00    0.00   24.00   16.00     1      0.00      0.00   63544   17020   0.21      0.00    664.00    528.00       0  nginx
1791503474     33       732   11.00   15.00    0.00   38.00   26.00     3      0.00      0.00   68436   22280   0.27      0.00   1060.00    804.00       0  nginx
1791503474    112       737   68.00   20.00    0.00    1.00   88.00     1    300.00      0.00 2861264  713528   8.79      0.00  11948.00      0.00       0  mysqld
1791503474   1100    175933   59.00   31.00    0.00   15.00   90.00     3   1521.00      0.00 1976652   27252   0.34      0.00      0.00      0.00       0  isupipe

# Time        UID       PID    %usr %system  %guest   %wait    %CPU   CPU  minflt/s  majflt/s     VSZ     RSS   %MEM   kB_rd/s   kB_wr/s kB_ccwr/s iodelay  Command
1791503475      0        13    0.00    0.00    0.00    0.00    0.00     0      0.00      0.00       0       0   0.00      0.00      0.00      0.00       0  ksoftirqd/0
1791503475      0        22    0.00    0.00    0.00    0.00    0.00     1      0.00      0.00       0       0   0.00      0.00      0.00      0.00       0  ksoftirqd/1
1791503475      0        28    0.00    0.00    0.00    0.00    0.00     2      0.00      0.00       0       0   0.00      0.00      0.00      0.00       0  ksoftirqd/2
1791503475      0        34    0.00    1.00    0.00    0.00    1.00     3      0.00      0.00       0       0   0.00      0.00      0.00      0.00       0  ksoftirqd/3
1791503475      0       344    0.00    1.00    0.00    0.00    1.00     0      0.00      0.00       0       0   0.00      0.00     12.00      0.00       0  jbd2/sda1-8
1791503475      0       418    0.00    0.00    0.00    0.00    0.00     3      0.00      0.00   73348   21832   0.27      0.00      0.00      0.00       0  systemd-journal
1791503475    104       664    0.00    0.00    0.00    0.00    0.00     3      0.00      0.00  222072    4484   0.06      0.00      0.00      0.00       0  rsyslogd
1791503475      0       728    0.00    0.00    0.00    0.00    0.00     0      0.00      0.00   56244    2480   0.03      0.00      0.00      0.00       0  nginx
1791503475     33       729    6.00    6.00    0.00   14.00   12.00     3      0.00      0.00   62808   16228   0.20      0.00    184.00     56.00       0  nginx
1791503475     33       730    8.00   12.00    0.00   31.00   20.00     3      0.00      0.00   65456   19132   0.24      0.00   1156.00    992.00       0  nginx
1791503475     33       731    8.00    7.00    0.00   14.00   15.00     3      0.00      0.00   63544   17020   0.21      0.00    960.00    688.00       0  nginx
1791503475     33       732   13.00   14.00    0.00   38.00   27.00     0      0.00      0.00   68436   22280   0.27      0.00   1300.00   1048.00       0  nginx
1791503475    112       737   61.00   27.00    0.00    0.00   88.00     2     75.00      0.00 2861264  713732   8.79      0.00  16836.00      0.00       0  mysqld
1791503475   1100    175933   53.00   39.00    0.00   22.00   92.00     0   2585.00      0.00 1976652   28652   0.35      0.00      0.00      0.00       0  isupipe

# Time        UID       PID    %usr %system  %guest   %wait    %CPU   CPU  minflt/s  majflt/s     VSZ     RSS   %MEM   kB_rd/s   kB_wr/s kB_ccwr/s iodelay  Command
1791503476      0        13    0.00    0.00    0.00    0.00    0.00     0      0.00      0.00       0       0   0.00      0.00      0.00      0.00       0  ksoftirqd/0
1791503476      0        22    0.00    0.00    0.00    0.00    0.00     1      0.00      0.00       0       0   0.00      0.00      0.00      0.00       0  ksoftirqd/1
1791503476      0        28    0.00    0.00    0.00    0.00    0.00     2      0.00      0.00       0       0   0.00      0.00      0.00      0.00       0  ksoftirqd/2
1791503476      0        34    0.00    1.00    0.00    0.00    1.00     3      0.00      0.00       0       0   0.00      0.00      0.00      0.00       0  ksoftirqd/3
1791503476      0       344    0.00    1.00    0.00    0.00    1.00     0      0.00      0.00       0       0   0.00      0.00     76.00      0.00       0  jbd2/sda1-8
1791503476      0       418    0.00    0.00    0.00    0.00    0.00     3      0.00      0.00   73348   21832   0.27      0.00      0.00      0.00       0  systemd-journal
1791503476    104       664    0.00    0.00    0.00    0.00    0.00     3      0.00      0.00  222072    4484   0.06      0.00      0.00      0.00       0  rsyslogd
1791503476      0       728    0.00    0.00    0.00    0.00    0.00     0      0.00      0.00   56244    2480   0.03      0.00      0.00      0.00       0  nginx
1791503476     33       729    6.00   10.00    0.00   11.00   16.00     3      0.00      0.00   62808   16228   0.20      0.00    968.00    748.00       0  nginx
1791503476     33       730    7.00   11.00    0.00   30.00   18.00     3      0.00      0.00   65456   19132   0.24      0.00    780.00    628.00       0  nginx
1791503476     33       731    7.00    9.00    0.00   29.00   16.00     3      0.00      0.00   63544   17020   0.21      0.00    832.00    856.00       0  nginx
1791503476     33       732   11.00   13.00    0.00   38.00   24.00     3      0.00      0.00   68436   22280   0.27      0.00   1072.00    816.00       0  nginx
1791503476    112       737   64.00   27.00    0.00    1.00   91.00     3     28.00      0.00 2861264  713732   8.79      0.00  15872.00      0.00       0  mysqld
1791503476   1100    175933   56.00   30.00    0.00   24.00   86.00     1   1560.00      0.00 1976652   27128   0.33      0.00      0.00      0.00       0  isupipe

# Time        UID       PID    %usr %system  %guest   %wait    %CPU   CPU  minflt/s  majflt/s     VSZ     RSS   %MEM   kB_rd/s   kB_wr/s kB_ccwr/s iodelay  Command
1791503477      0        13    0.00    0.00    0.00    0.00    0.00     0      0.00      0.00       0       0   0.00      0.00      0.00      0.00       0  ksoftirqd/0
1791503477      0        22    0.00    0.00    0.00    0.00    0.00     1      0.00      0.00       0       0   0.00      0.00      0.00      0.00       0  ksoftirqd/1
1791503477      0        28    0.00    0.00    0.00    0.00    0.00     2      0.00      0.00       0       0   0.00      0.00      0.00      0.00       0  ksoftirqd/2
1791503477      0        34    0.00    1.00    0.00    0.00    1.00     3      0.00      0.00       0       0   0.00      0.00      0.00      0.00       0  ksoftirqd/3
1791503477      0       344    0.00    1.00    0.00    0.00    1.00     0      0.00      0.00       0       0   0.00      0.00     24.00      0.00       0  jbd2/sda1-8
1791503477      0       418    0.00    0.00    0.00    0.00    0.00     3      0.00     29.00   73348   21840   0.27      0.00    116.00      0.00       0  systemd-journal
1791503477    104       664    0.00    0.00    0.00    0.00    0.00     3      0.00      0.00  222072    4484   0.06      0.00      0.00      0.00       0  rsyslogd
1791503477      0       728    0.00    0.00    0.00    0.00    0.00     0      0.00      0.00   56244    2480   0.03      0.00      0.00      0.00       0  nginx
1791503477     33       729    8.00    5.00    0.00   13.00   13.00     3      0.00      0.00   62808   16228   0.20      0.00    728.00    740.00       0  nginx
1791503477     33       730    5.00   14.00    0.00   33.00   19.00     3      0.00      0.00   65456   19132   0.24      0.00    444.00    240.00       0  nginx
1791503477     33       731    7.00    9.00    0.00   20.00   16.00     3      0.00      0.00   63544   17020   0.21      0.00    828.00    676.00       0  nginx
1791503477     33       732    9.00   15.00    0.00   35.00   24.00     3      0.00      0.00   68436   22280   0.27      0.00   1912.00   1620.00       0  nginx
1791503477    112       737   67.00   20.00    0.00    1.00   87.00     0    209.00      0.00 2861264  714428   8.80      0.00  15248.00      0.00       0  mysqld
1791503477   1100    175933   55.00   36.00    0.00   24.00   91.00     2    859.00      0.00 1976652   29284   0.36      0.00      0.00      0.00       0  isupipe

# Time        UID       PID    %usr %system  %guest   %wait    %CPU   CPU  minflt/s  majflt/s     VSZ     RSS   %MEM   kB_rd/s   kB_wr/s kB_ccwr/s iodelay  Command
1791503478      0        13    0.00    1.00    0.00    0.00    1.00     0      0.00      0.00       0       0   0.00      0.00      0.00      0.00       0  ksoftirqd/0
1791503478      0        22    0.00    1.00    0.00    0.00    1.00     1      0.00      0.00       0       0   0.00      0.00      0.00      0.00       0  ksoftirqd/1
1791503478      0        28    0.00    0.00    0.00    0.00    0.00     2      0.00      0.00       0       0   0.00      0.00      0.00      0.00       0  ksoftirqd/2
1791503478      0        34    0.00    1.00    0.00    0.00    1.00     3      0.00      0.00       0       0   0.00      0.00      0.00      0.00       0  ksoftirqd/3
1791503478      0       344    0.00    1.00    0.00    0.00    1.00     1      0.00      0.00       0       0   0.00      0.00      0.00      0.00       0  jbd2/sda1-8
1791503478      0       418    0.00    0.00    0.00    0.00    0.00     3      0.00      0.00   73348   21840   0.27      0.00      0.00      0.00       0  systemd-journal
1791503478    104       664    0.00    0.00    0.00    0.00    0.00     3      0.00      0.00  222072    4484   0.06      0.00      0.00      0.00       0  rsyslogd
1791503478      0       728    0.00    0.00    0.00    0.00    0.00     0      0.00      0.00   56244    2480   0.03      0.00      0.00      0.00       0  nginx
1791503478     33       729    6.00    4.00    0.00    8.00   10.00     3      0.00      0.00   62808   16228   0.20      0.00    584.00    424.00       0  nginx
1791503478     33       730   10.00   11.00    0.00   34.00   21.00     3      0.00      0.00   65456   19132   0.24      0.00    584.00    380.00       0  nginx
1791503478     33       731    8.00    9.00    0.00   19.00   17.00     3      0.00      0.00   63544   17020   0.21      0.00   1340.00   1188.00       0  nginx
1791503478     33       732   13.00   15.00    0.00   35.00   28.00     3      0.00      0.00   68436   22280   0.27      0.00   1364.00   1176.00       0  nginx
1791503478    112       737   65.00   25.00    0.00    1.00   90.00     1     89.00      0.00 2861264  714648   8.80      0.00  17008.00      0.00       0  mysqld
1791503478   1100    175933   57.00   35.00    0.00   27.00   92.00     3   1879.00      0.00 1976652   28612   0.35      0.00      0.00      0.00       0  isupipe

# Time        UID       PID    %usr %system  %guest   %wait    %CPU   CPU  minflt/s  majflt/s     VSZ     RSS   %MEM   kB_rd/s   kB_wr/s kB_ccwr/s iodelay  Command
1791503479      0        13    0.00    0.00    0.00    0.00    0.00     0      0.00      0.00       0       0   0.00      0.00      0.00      0.00       0  ksoftirqd/0
1791503479      0        22    0.00    0.00    0.00    0.00    0.00     1      0.00      0.00       0       0   0.00      0.00      0.00      0.00       0  ksoftirqd/1
1791503479      0        28    0.00    0.00    0.00    0.00    0.00     2      0.00      0.00       0       0   0.00      0.00      0.00      0.00       0  ksoftirqd/2
1791503479      0        34    0.00    1.00    0.00    0.00    1.00     3      0.00      0.00       0       0   0.00      0.00      0.00      0.00       0  ksoftirqd/3
1791503479      0       344    0.00    1.00    0.00    1.00    1.00     0      0.00      0.00       0       0   0.00      0.00      0.00      0.00       0  jbd2/sda1-8
1791503479      0       418    0.00    0.00    0.00    0.00    0.00     3      0.00      2.00   73348   21840   0.27      0.00      8.00      0.00       0  systemd-journal
1791503479    104       664    0.00    0.00    0.00    0.00    0.00     3      0.00      0.00  222072    4484   0.06      0.00      0.00      0.00       0  rsyslogd
1791503479      0       728    0.00    0.00    0.00    0.00    0.00     0      0.00      0.00   56244    2480   0.03      0.00      0.00      0.00       0  nginx
1791503479     33       729    7.00    7.00    0.00   16.00   14.00     3      0.00      0.00   62808   16228   0.20      0.00    604.00    604.00       0  nginx
1791503479     33       730    9.00   11.00    0.00   30.00   20.00     3      0.00      0.00   65456   19132   0.24      0.00   1036.00    860.00       0  nginx
1791503479     33       731    8.00    9.00    0.00   19.00   17.00     0      0.00      0.00   63544   17020   0.21      0.00    976.00    852.00       0  nginx
1791503479     33       732   14.00   14.00    0.00   39.00   28.00     3      0.00      0.00   68436   22280   0.27      0.00   1804.00   1548.00       0  nginx
1791503479    112       737   72.00   19.00    0.00    0.00   91.00     2    167.00      0.00 2861264  715080   8.81      0.00  14536.00      0.00       0  mysqld
1791503479   1100    175933   56.00   32.00    0.00   20.00   88.00     1   1750.00      0.00 1976652   29332   0.36      0.00      0.00      0.00       0  isupipe

# Time        UID       PID    %usr %system  %guest   %wait    %CPU   CPU  minflt/s  majflt/s     VSZ     RSS   %MEM   kB_rd/s   kB_wr/s kB_ccwr/s iodelay  Command
1791503480      0        13    0.00    0.00    0.00    0.00    0.00     0      0.00      0.00       0       0   0.00      0.00      0.00      0.00       0  ksoftirqd/0
1791503480      0        22    0.00    0.00    0.00    0.00    0.00     1      0.00      0.00       0       0   0.00      0.00      0.00      0.00       0  ksoftirqd/1
1791503480      0        28    0.00    1.00    0.00    0.00    1.00     2      0.00      0.00       0       0   0.00      0.00      0.00      0.00       0  ksoftirqd/2
1791503480      0        34    0.00    1.00    0.00    0.00    1.00     3      0.00      0.00       0       0   0.00      0.00      0.00      0.00       0  ksoftirqd/3
1791503480      0       344    0.00    1.00    0.00    0.00    1.00     1      0.00      0.00       0       0   0.00      0.00      4.00      0.00       0  jbd2/sda1-8
1791503480      0       418    0.00    0.00    0.00    0.00    0.00     0      0.00      0.00   73348   21840   0.27      0.00      0.00      0.00       0  systemd-journal
1791503480    104       664    0.00    0.00    0.00    0.00    0.00     3      0.00      0.00  222072    4484   0.06      0.00      0.00      0.00       0  rsyslogd
1791503480      0       728    0.00    0.00    0.00    0.00    0.00     0      0.00      0.00   56244    2480   0.03      0.00      0.00      0.00       0  nginx
1791503480     33       729    6.00   11.00    0.00   17.00   17.00     3      0.00      0.00   62808   16228   0.20      0.00   1300.00   1208.00       0  nginx
1791503480     33       730    8.00   10.00    0.00   32.00   18.00     0      0.00      0.00   65456   19132   0.24      0.00    868.00    696.00       0  nginx
1791503480     33       731    9.00   10.00    0.00   28.00   19.00     3      2.00      0.00   63544   17020   0.21      0.00    852.00    720.00       0  nginx
1791503480     33       732    8.00   13.00    0.00   45.00   21.00     0      0.00      0.00   68436   22280   0.27      0.00   1004.00    748.00       0  nginx
1791503480    112       737   66.00   22.00    0.00    2.00   88.00     0      7.00      0.00 2861264  715080   8.81      0.00  10508.00      0.00       0  mysqld
1791503480   1100    175933   57.00   34.00    0.00   27.00   91.00     3   1194.00      0.00 1976652   28572   0.35      0.00      0.00      0.00       0  isupipe

# Time        UID       PID    %usr %system  %guest   %wait    %CPU   CPU  minflt/s  majflt/s     VSZ     RSS   %MEM   kB_rd/s   kB_wr/s kB_ccwr/s iodelay  Command
1791503481      0        13    0.00    0.00    0.00    0.00    0.00     0      0.00      0.00       0       0   0.00      0.00      0.00      0.00       0  ksoftirqd/0
1791503481      0        22    0.00    0.00    0.00    0.00    0.00     1      0.00      0.00       0       0   0.00      0.00      0.00      0.00       0  ksoftirqd/1
1791503481      0        28    0.00    0.00    0.00    0.00    0.00     2      0.00      0.00       0       0   0.00      0.00      0.00      0.00       0  ksoftirqd/2
1791503481      0        34    0.00    1.00    0.00    0.00    1.00     3      0.00      0.00       0       0   0.00      0.00      0.00      0.00       0  ksoftirqd/3
1791503481      0       344    0.00    1.00    0.00    0.00    1.00     2      0.00      0.00       0       0   0.00      0.00     80.00      0.00       0  jbd2/sda1-8
1791503481      0       418    0.00    0.00    0.00    0.00    0.00     0      0.00      3.00   73348   21840   0.27      0.00     12.00      0.00       0  systemd-journal
1791503481    104       664    0.00    0.00    0.00    0.00    0.00     3      0.00      0.00  222072    4484   0.06      0.00      4.00      0.00       0  rsyslogd
1791503481      0       728    0.00    0.00    0.00    0.00    0.00     0      0.00      0.00   56244    2480   0.03      0.00      0.00      0.00       0  nginx
1791503481     33       729    6.00   10.00    0.00   15.00   16.00     1      0.00      0.00   62808   16228   0.20      0.00    640.00    524.00       0  nginx
1791503481     33       730    9.00   12.00    0.00   36.00   21.00     0      0.00      0.00   65456   19132   0.24      0.00   1048.00    800.00       0  nginx
1791503481     33       731    7.00   10.00    0.00   26.00   17.00     3      4.00      0.00   63544   17020   0.21      0.00    776.00    588.00       0  nginx
1791503481     33       732   10.00   16.00    0.00   41.00   26.00     3      0.00      0.00   68436   22280   0.27      0.00   1404.00   1212.00       0  nginx
1791503481    112       737   67.00   22.00    0.00    1.00   89.00     1     32.00      0.00 2861264  715332   8.81      0.00  14736.00      0.00       0  mysqld
1791503481   1100    175933   54.00   38.00    0.00   39.00   92.00     0   2005.00      0.00 1976652   28688   0.35      0.00      0.00      0.00       0  isupipe

# Time        UID       PID    %usr %system  %guest   %wait    %CPU   CPU  minflt/s  majflt/s     VSZ     RSS   %MEM   kB_rd/s   kB_wr/s kB_ccwr/s iodelay  Command
1791503482      0        13    0.00    0.00    0.00    0.00    0.00     0      0.00      0.00       0       0   0.00      0.00      0.00      0.00       0  ksoftirqd/0
1791503482      0        22    0.00    0.00    0.00    0.00    0.00     1      0.00      0.00       0       0   0.00      0.00      0.00      0.00       0  ksoftirqd/1
1791503482      0        28    0.00    0.00    0.00    0.00    0.00     2      0.00      0.00       0       0   0.00      0.00      0.00      0.00       0  ksoftirqd/2
1791503482      0        34    0.00    1.00    0.00    0.00    1.00     3      0.00      0.00       0       0   0.00      0.00      0.00      0.00       0  ksoftirqd/3
1791503482      0       344    0.00    1.00    0.00    0.00    1.00     1      0.00      0.00       0       0   0.00      0.00     32.00      0.00       0  jbd2/sda1-8
1791503482      0       418    0.00    0.00    0.00    0.00    0.00     0      0.00      3.00   73348   21840   0.27      0.00     12.00      0.00       0  systemd-journal
1791503482    104       664    1.00    0.00    0.00    0.00    1.00     3      0.00      0.00  222072    4484   0.06      0.00      0.00      0.00       0  rsyslogd
1791503482      0       728    0.00    0.00    0.00    0.00    0.00     0      0.00      0.00   56244    2480   0.03      0.00      0.00      0.00       0  nginx
1791503482     33       729    8.00    6.00    0.00   10.00   14.00     3      0.00      0.00   62808   16228   0.20      0.00    572.00    464.00       0  nginx
1791503482     33       730    8.00   12.00    0.00   36.00   20.00     3      0.00      0.00   65456   19132   0.24      0.00    788.00    640.00       0  nginx
1791503482     33       731    6.00   11.00    0.00   26.00   17.00     3      0.00      0.00   63544   17020   0.21      0.00   1368.00   1232.00       0  nginx
1791503482     33       732    9.00   18.00    0.00   48.00   27.00     3      0.00      0.00   68436   22280   0.27      0.00   1440.00   1184.00       0  nginx
1791503482    112       737   70.00   22.00    0.00    1.00   92.00     0     25.00      0.00 2861264  715332   8.81      0.00  10996.00      0.00       0  mysqld
1791503482   1100    175933   53.00   35.00    0.00   25.00   88.00     1   1491.00      0.00 1976652   30200   0.37      0.00      0.00      0.00       0  isupipe

# Time        UID       PID    %usr %system  %guest   %wait    %CPU   CPU  minflt/s  majflt/s     VSZ     RSS   %MEM   kB_rd/s   kB_wr/s kB_ccwr/s iodelay  Command
1791503483      0        13    0.00    1.00    0.00    0.00    1.00     0      0.00      0.00       0       0   0.00      0.00      0.00      0.00       0  ksoftirqd/0
1791503483      0        22    0.00    0.00    0.00    0.00    0.00     1      0.00      0.00       0       0   0.00      0.00      0.00      0.00       0  ksoftirqd/1
1791503483      0        28    0.00    0.00    0.00    0.00    0.00     2      0.00      0.00       0       0   0.00      0.00      0.00      0.00       0  ksoftirqd/2
1791503483      0        34    0.00    1.00    0.00    0.00    1.00     3      0.00      0.00       0       0   0.00      0.00      0.00      0.00       0  ksoftirqd/3
1791503483      0       344    0.00    1.00    0.00    1.00    1.00     1      0.00      0.00       0       0   0.00      0.00      4.00      0.00       0  jbd2/sda1-8
1791503483      0       418    0.00    0.00    0.00    0.00    0.00     0      0.00      0.00   73348   21840   0.27      0.00      0.00      0.00       0  systemd-journal
1791503483    104       664    0.00    0.00    0.00    0.00    0.00     3      0.00      0.00  222072    4484   0.06      0.00      0.00      0.00       0  rsyslogd
1791503483      0       728    0.00    0.00    0.00    0.00    0.00     0      0.00      0.00   56244    2480   0.03      0.00      0.00      0.00       0  nginx
1791503483     33       729    4.00   11.00    0.00   14.00   15.00     3      0.00      0.00   62808   16228   0.20      0.00    284.00    188.00       0  nginx
1791503483     33       730    8.00   10.00    0.00   24.00   18.00     0      0.00      0.00   65456   19132   0.24      0.00   1116.00    964.00       0  nginx
1791503483     33       731    6.00   10.00    0.00   20.00   16.00     3      0.00      0.00   63544   17020   0.21      0.00    896.00    768.00       0  nginx
1791503483     33       732   13.00   15.00    0.00   31.00   28.00     2      0.00      0.00   68436   22280   0.27      0.00   1948.00   1708.00       0  nginx
1791503483    112       737   68.00   20.00    0.00    1.00   88.00     2      6.00      0.00 2861264  715332   8.81      0.00  15572.00      0.00       0  mysqld
1791503483   1100    175933   57.00   34.00    0.00   14.00   91.00     0   1792.00      0.00 1976908   29492   0.36      0.00      0.00      0.00       0  isupipe

# Time        UID       PID    %usr %system  %guest   %wait    %CPU   CPU  minflt/s  majflt/s     VSZ     RSS   %MEM   kB_rd/s   kB_wr/s kB_ccwr/s iodelay  Command
1791503484      0        13    0.00    0.00    0.00    0.00    0.00     0      0.00      0.00       0       0   0.00      0.00      0.00      0.00       0  ksoftirqd/0
1791503484      0        22    0.00    1.00    0.00    0.00    1.00     1      0.00      0.00       0       0   0.00      0.00      0.00      0.00       0  ksoftirqd/1
1791503484      0        28    0.00    0.00    0.00    0.00    0.00     2      0.00      0.00       0       0   0.00      0.00      0.00      0.00       0  ksoftirqd/2
1791503484      0        34    0.00    1.00    0.00    0.00    1.00     3      0.00      0.00       0       0   0.00      0.00      0.00      0.00       0  ksoftirqd/3
1791503484      0       344    0.00    1.00    0.00    0.00    1.00     2      0.00      0.00       0       0   0.00      0.00      4.00      0.00       0  jbd2/sda1-8
1791503484      0       418    0.00    0.00    0.00    0.00    0.00     0      0.00     27.00   73348   21844   0.27      0.00    108.00      0.00       0  systemd-journal
1791503484    104       664    0.00    0.00    0.00    0.00    0.00     3      0.00      0.00  222072    4484   0.06      0.00      0.00      0.00       0  rsyslogd
1791503484      0       728    0.00    0.00    0.00    0.00    0.00     0      0.00      0.00   56244    2480   0.03      0.00      0.00      0.00       0  nginx
1791503484     33       729    7.00    8.00    0.00   15.00   15.00     3      0.00      0.00   62808   16228   0.20      0.00    632.00    524.00       0  nginx
1791503484     33       730    7.00   12.00    0.00   31.00   19.00     0      0.00      0.00   65456   19132   0.24      0.00    744.00    556.00       0  nginx
1791503484     33       731    8.00   10.00    0.00   23.00   18.00     3      0.00      0.00   63544   17020   0.21      0.00    988.00    856.00       0  nginx
1791503484     33       732   13.00   11.00    0.00   34.00   24.00     3      0.00      0.00   68436   22280   0.27      0.00   1220.00    964.00       0  nginx
1791503484    112       737   66.00   24.00    0.00    1.00   90.00     3     72.00      0.00 2861264  715396   8.81      0.00  16040.00      0.00       0  mysqld
1791503484   1100    175933   54.00   35.00    0.00   13.00   89.00     2    735.00      0.00 1976908   30288   0.37      0.00      0.00      0.00       0  isupipe

# Time        UID       PID    %usr %system  %guest   %wait    %CPU   CPU  minflt/s  majflt/s     VSZ     RSS   %MEM   kB_rd/s   kB_wr/s kB_ccwr/s iodelay  Command
1791503485      0        13    0.00    0.00    0.00    0.00    0.00     0      0.00      0.00       0       0   0.00      0.00      0.00      0.00       0  ksoftirqd/0
1791503485      0        22    0.00    0.00    0.00    1.00    0.00     1      0.00      0.00       0       0   0.00      0.00      0.00      0.00       0  ksoftirqd/1
1791503485      0        28    0.00    0.00    0.00    0.00    0.00     2      0.00      0.00       0       0   0.00      0.00      0.00      0.00       0  ksoftirqd/2
1791503485      0        34    0.00    1.00    0.00    0.00    1.00     3      0.00      0.00       0       0   0.00      0.00      0.00      0.00       0  ksoftirqd/3
1791503485      0       344    0.00    1.00    0.00    1.00    1.00     0      0.00      0.00       0       0   0.00      0.00      0.00      0.00       0  jbd2/sda1-8
1791503485      0       418    0.00    0.00    0.00    0.00    0.00     1      2.00      9.00   73348   21844   0.27      0.00     36.00      0.00       0  systemd-journal
1791503485    104       664    0.00    0.00    0.00    0.00    0.00     3      0.00      0.00  222072    4484   0.06      0.00      0.00      0.00       0  rsyslogd
1791503485      0       728    0.00    0.00    0.00    0.00    0.00     0      0.00      0.00   56244    2480   0.03      0.00      0.00      0.00       0  nginx
1791503485     33       729    8.00    6.00    0.00   17.00   14.00     3      0.00      0.00   62808   16228   0.20      0.00    900.00    788.00       0  nginx
1791503485     33       730    5.00   13.00    0.00   35.00   18.00     3      0.00      0.00   65456   19132   0.24      0.00   1092.00    924.00       0  nginx
1791503485     33       731    7.00    8.00    0.00   27.00   15.00     3      0.00      0.00   63544   17020   0.21      0.00    724.00    604.00       0  nginx
1791503485     33       732   10.00   14.00    0.00   43.00   24.00     3      0.00      0.00   68436   22280   0.27      0.00   1016.00    796.00       0  nginx
1791503485    112       737   65.00   26.00    0.00    1.00   91.00     0     11.00      0.00 2861264  715396   8.81      0.00  11000.00      0.00       0  mysqld
1791503485   1100    175933   57.00   34.00    0.00   35.00   91.00     0    767.00      0.00 1976908   30584   0.38      0.00      0.00      0.00       0  isupipe

# Time        UID       PID    %usr %system  %guest   %wait    %CPU   CPU  minflt/s  majflt/s     VSZ     RSS   %MEM   kB_rd/s   kB_wr/s kB_ccwr/s iodelay  Command
1791503486      0        13    0.00    0.00    0.00    0.00    0.00     0      0.00      0.00       0       0   0.00      0.00      0.00      0.00       0  ksoftirqd/0
1791503486      0        22    0.00    0.00    0.00    0.00    0.00     1      0.00      0.00       0       0   0.00      0.00      0.00      0.00       0  ksoftirqd/1
1791503486      0        28    0.00    0.00    0.00    0.00    0.00     2      0.00      0.00       0       0   0.00      0.00      0.00      0.00       0  ksoftirqd/2
1791503486      0        34    0.00    1.00    0.00    1.00    1.00     3      0.00      0.00       0       0   0.00      0.00      0.00      0.00       0  ksoftirqd/3
1791503486      0       344    0.00    1.00    0.00    0.00    1.00     1      0.00      0.00       0       0   0.00      0.00     20.00      0.00       0  jbd2/sda1-8
1791503486      0       418    1.00    0.00    0.00    0.00    1.00     1      4.00     48.00   73348   22132   0.27      0.00    192.00      0.00       0  systemd-journal
1791503486    104       664    0.00    1.00    0.00    0.00    1.00     3      0.00      0.00  222072    4484   0.06      0.00     16.00      0.00       0  rsyslogd
1791503486      0       728    0.00    0.00    0.00    0.00    0.00     0      0.00      0.00   56244    2480   0.03      0.00      0.00      0.00       0  nginx
1791503486     33       729    5.00    9.00    0.00   16.00   14.00     3      0.00      0.00   62808   16228   0.20      0.00    808.00    716.00       0  nginx
1791503486     33       730    9.00   10.00    0.00   29.00   19.00     3      0.00      0.00   65456   19132   0.24      0.00   1144.00    996.00       0  nginx
1791503486     33       731    8.00   10.00    0.00   18.00   18.00     3      0.00      0.00   63544   17020   0.21      0.00    748.00    628.00       0  nginx
1791503486     33       732   12.00   18.00    0.00   40.00   30.00     3      0.00      0.00   68436   22280   0.27      0.00    960.00    704.00       0  nginx
1791503486    112       737   62.00   24.00    0.00    1.00   86.00     1     10.00      0.00 2861264  715572   8.81      0.00  14852.00      0.00       0  mysqld
1791503486   1100    175933   64.00   28.00    0.00   24.00   92.00     2   1796.00      0.00 1976908   30412   0.37      0.00      0.00      0.00       0  isupipe

# Time        UID       PID    %usr %system  %guest   %wait    %CPU   CPU  minflt/s  majflt/s     VSZ     RSS   %MEM   kB_rd/s   kB_wr/s kB_ccwr/s iodelay  Command
1791503487      0        13    0.00    0.00    0.00    0.00    0.00     0      0.00      0.00       0       0   0.00      0.00      0.00      0.00       0  ksoftirqd/0
1791503487      0        22    0.00    0.00    0.00    0.00    0.00     1      0.00      0.00       0       0   0.00      0.00      0.00      0.00       0  ksoftirqd/1
1791503487      0        28    0.00    1.00    0.00    0.00    1.00     2      0.00      0.00       0       0   0.00      0.00      0.00      0.00       0  ksoftirqd/2
1791503487      0        34    0.00    1.00    0.00    0.00    1.00     3      0.00      0.00       0       0   0.00      0.00      0.00      0.00       0  ksoftirqd/3
1791503487      0       344    0.00    1.00    0.00    0.00    1.00     2      0.00      0.00       0       0   0.00      0.00      0.00      0.00       0  jbd2/sda1-8
1791503487      0       418    0.00    0.00    0.00    0.00    0.00     1      1.00     40.00   73348   22216   0.27      0.00    160.00      0.00       0  systemd-journal
1791503487    104       664    0.00    0.00    0.00    0.00    0.00     3      0.00      0.00  222072    4484   0.06      0.00     12.00      0.00       0  rsyslogd
1791503487      0       728    0.00    0.00    0.00    0.00    0.00     0      0.00      0.00   56244    2480   0.03      0.00      0.00      0.00       0  nginx
1791503487     33       729    5.00   10.00    0.00   12.00   15.00     3      0.00      0.00   62808   16228   0.20      0.00    916.00    820.00       0  nginx
1791503487     33       730    7.00   11.00    0.00   29.00   18.00     3      0.00      0.00   65456   19132   0.24      0.00    976.00    848.00       0  nginx
1791503487     33       731    6.00   11.00    0.00   25.00   17.00     2      0.00      0.00   63544   17020   0.21      0.00    648.00    540.00       0  nginx
1791503487     33       732   12.00   17.00    0.00   38.00   29.00     3      0.00      0.00   68436   22280   0.27      0.00   1272.00   1016.00       0  nginx
1791503487    112       737   65.00   26.00    0.00    0.00   91.00     2     11.00      0.00 2861264  715572   8.81      0.00  10716.00      0.00       0  mysqld
1791503487   1100    175933   60.00   34.00    0.00   16.00   94.00     3   1572.00      0.00 1976908   31276   0.39      0.00      0.00      0.00       0  isupipe

# Time        UID       PID    %usr %system  %guest   %wait    %CPU   CPU  minflt/s  majflt/s     VSZ     RSS   %MEM   kB_rd/s   kB_wr/s kB_ccwr/s iodelay  Command
1791503488      0        13    0.00    1.00    0.00    0.00    1.00     0      0.00      0.00       0       0   0.00      0.00      0.00      0.00       0  ksoftirqd/0
1791503488      0        22    0.00    0.00    0.00    0.00    0.00     1      0.00      0.00       0       0   0.00      0.00      0.00      0.00       0  ksoftirqd/1
1791503488      0        28    0.00    0.00    0.00    0.00    0.00     2      0.00      0.00       0       0   0.00      0.00      0.00      0.00       0  ksoftirqd/2
1791503488      0        34    0.00    1.00    0.00    0.00    1.00     3      0.00      0.00       0       0   0.00      0.00      0.00      0.00       0  ksoftirqd/3
1791503488      0       344    0.00    1.00    0.00    1.00    1.00     3      0.00      0.00       0       0   0.00      0.00      0.00      0.00       0  jbd2/sda1-8
1791503488      0       418    0.00    1.00    0.00    0.00    1.00     1      2.00     37.00   73348   22432   0.28      0.00    148.00      0.00       0  systemd-journal
1791503488    104       664    0.00    0.00    0.00    0.00    0.00     3      0.00      0.00  222072    4484   0.06      0.00      8.00      0.00       0  rsyslogd
1791503488      0       728    0.00    0.00    0.00    0.00    0.00     0      0.00      0.00   56244    2480   0.03      0.00      0.00      0.00       0  nginx
1791503488     33       729    8.00    9.00    0.00   27.00   17.00     1      0.00      0.00   62808   16228   0.20      0.00    760.00    652.00       0  nginx
1791503488     33       730    9.00    9.00    0.00   32.00   18.00     3      0.00      0.00   65456   19132   0.24      0.00   1416.00   1268.00       0  nginx
1791503488     33       731    6.00    9.00    0.00   31.00   15.00     3      0.00      0.00   63544   17020   0.21      0.00    432.00    276.00       0  nginx
1791503488     33       732   10.00   13.00    0.00   41.00   23.00     3      0.00      0.00   68436   22280   0.27      0.00   1932.00   1676.00       0  nginx
1791503488    112       737   65.00   24.00    0.00    1.00   89.00     2      9.00      0.00 2861264  715572   8.81      0.00  15228.00      0.00       0  mysqld
1791503488   1100    175933   59.00   32.00    0.00   16.00   91.00     2    954.00      0.00 2124492   31992   0.39      0.00      0.00      0.00       0  isupipe

# Time        UID       PID    %usr %system  %guest   %wait    %CPU   CPU  minflt/s  majflt/s     VSZ     RSS   %MEM   kB_rd/s   kB_wr/s kB_ccwr/s iodelay  Command
1791503489      0        13    0.00    0.00    0.00    0.00    0.00     0      0.00      0.00       0       0   0.00      0.00      0.00      0.00       0  ksoftirqd/0
1791503489      0        22    0.00    0.00    0.00    0.00    0.00     1      0.00      0.00       0       0   0.00      0.00      0.00      0.00       0  ksoftirqd/1
1791503489      0        28    0.00    0.00    0.00    0.00    0.00     2      0.00      0.00       0       0   0.00      0.00      0.00      0.00       0  ksoftirqd/2
1791503489      0        34    0.00    1.00    0.00    0.00    1.00     3      0.00      0.00       0       0   0.00      0.00      0.00      0.00       0  ksoftirqd/3
1791503489      0       344    0.00    2.00    0.00    0.00    2.00     2      0.00      0.00       0       0   0.00      0.00      0.00      0.00       0  jbd2/sda1-8
1791503489      0       418    1.00    0.00    0.00    1.00    1.00     2      1.00    102.00   73348   22552   0.28      0.00    408.00      0.00       0  systemd-journal
1791503489    104       664    0.00    0.00    0.00    0.00    0.00     3      0.00      0.00  222072    4484   0.06      0.00     24.00      0.00       0  rsyslogd
1791503489      0       728    0.00    0.00    0.00    0.00    0.00     0      0.00      0.00   56244    2480   0.03      0.00      0.00      0.00       0  nginx
1791503489     33       729    3.00    5.00    0.00   10.00    8.00     3      0.00      0.00   62808   16228   0.20      0.00    264.00    172.00       0  nginx
1791503489     33       730    6.00   12.00    0.00   29.00   18.00     0      0.00      0.00   65456   19132   0.24      0.00   1320.00   1164.00       0  nginx
1791503489     33       731    7.00    9.00    0.00   16.00   16.00     3      0.00      0.00   63544   17020   0.21      0.00    748.00    624.00       0  nginx
1791503489     33       732   15.00   16.00    0.00   30.00   31.00     3      0.00      0.00   68436   22280   0.27      0.00   2076.00   1608.00       0  nginx
1791503489    112       737   61.00   25.00    0.00    1.00   86.00     2      7.00      0.00 2861264  715572   8.81      0.00  12816.00      0.00       0  mysqld
1791503489   1100    175933   58.00   35.00    0.00   15.00   93.00     0   1558.00      0.00 2124492   36808   0.45      0.00      0.00      0.00       0  isupipe

# Time        UID       PID    %usr %system  %guest   %wait    %CPU   CPU  minflt/s  majflt/s     VSZ     RSS   %MEM   kB_rd/s   kB_wr/s kB_ccwr/s iodelay  Command
1791503490      0        13    0.00    0.00    0.00    0.00    0.00     0      0.00      0.00       0       0   0.00      0.00      0.00      0.00       0  ksoftirqd/0
1791503490      0        22    0.00    1.00    0.00    0.00    1.00     1      0.00      0.00       0       0   0.00      0.00      0.00      0.00       0  ksoftirqd/1
1791503490      0        28    0.00    0.00    0.00    0.00    0.00     2      0.00      0.00       0       0   0.00      0.00      0.00      0.00       0  ksoftirqd/2
1791503490      0        34    0.00    1.00    0.00    0.00    1.00     3      0.00      0.00       0       0   0.00      0.00      0.00      0.00       0  ksoftirqd/3
1791503490      0       344    0.00    1.00    0.00    0.00    1.00     1      0.00      0.00       0       0   0.00      0.00     16.00      0.00       0  jbd2/sda1-8
1791503490      0       418    0.00    2.00    0.00    0.00    2.00     2      2.00     96.00   73348   22768   0.28      0.00    384.00      0.00       0  systemd-journal
1791503490    104       664    0.00    0.00    0.00    0.00    0.00     3      0.00      0.00  222072    4484   0.06      0.00     32.00      0.00       0  rsyslogd
1791503490      0       728    0.00    0.00    0.00    0.00    0.00     0      0.00      0.00   56244    2480   0.03      0.00      0.00      0.00       0  nginx
1791503490     33       729    9.00    6.00    0.00   19.00   15.00     0      0.00      0.00   62808   16228   0.20     16.00    984.00    872.00       0  nginx
1791503490     33       730    7.00   13.00    0.00   37.00   20.00     2      0.00      0.00   65456   19132   0.24      0.00   1212.00   1016.00       0  nginx
1791503490     33       731    7.00   11.00    0.00   27.00   18.00     0      0.00      0.00   63544   17020   0.21      0.00    916.00    796.00       0  nginx
1791503490     33       732   10.00   14.00    0.00   42.00   24.00     2      0.00      0.00   68436   22280   0.27      0.00   1556.00   1352.00       0  nginx
1791503490    112       737   59.00   24.00    0.00    0.00   83.00     0     33.00      0.00 2861264  715572   8.81      0.00  17144.00      0.00       0  mysqld
1791503490   1100    175933   50.00   41.00    0.00   14.00   91.00     2    943.00      0.00 2124492   37228   0.46      0.00      0.00      0.00       0  isupipe

# Time        UID       PID    %usr %system  %guest   %wait    %CPU   CPU  minflt/s  majflt/s     VSZ     RSS   %MEM   kB_rd/s   kB_wr/s kB_ccwr/s iodelay  Command
1791503491      0        13    0.00    0.00    0.00    0.00    0.00     0      0.00      0.00       0       0   0.00      0.00      0.00      0.00       0  ksoftirqd/0
1791503491      0        22    0.00    0.00    0.00    0.00    0.00     1      0.00      0.00       0       0   0.00      0.00      0.00      0.00       0  ksoftirqd/1
1791503491      0        28    0.00    0.00    0.00    0.00    0.00     2      0.00      0.00       0       0   0.00      0.00      0.00      0.00       0  ksoftirqd/2
1791503491      0        34    0.00    1.00    0.00    0.00    1.00     3      0.00      0.00       0       0   0.00      0.00      0.00      0.00       0  ksoftirqd/3
1791503491      0       344    0.00    1.00    0.00    1.00    1.00     2      0.00      0.00       0       0   0.00      0.00      4.00      0.00       0  jbd2/sda1-8
1791503491      0       418    1.00    0.00    0.00    1.00    1.00     3      1.00     75.00   73348   22960   0.28      0.00    296.00      0.00       0  systemd-journal
1791503491    104       664    0.00    1.00    0.00    0.00    1.00     3      0.00      0.00  222072    4484   0.06      0.00     32.00      0.00       0  rsyslogd
1791503491      0       728    0.00    0.00    0.00    0.00    0.00     0      0.00      0.00   56244    2480   0.03      0.00      0.00      0.00       0  nginx
1791503491     33       729    8.00    8.00    0.00   20.00   16.00     3      0.00      0.00   62808   16228   0.20      0.00    808.00    704.00       0  nginx
1791503491     33       730    9.00   10.00    0.00   34.00   19.00     0      0.00      0.00   65456   19132   0.24      0.00    852.00    608.00       0  nginx
1791503491     33       731    8.00    8.00    0.00   24.00   16.00     3      0.00      0.00   63544   17020   0.21      0.00    900.00    764.00       0  nginx
1791503491     33       732    9.00   17.00    0.00   41.00   26.00     3      0.00      0.00   68436   22280   0.27      0.00   1608.00   1368.00       0  nginx
1791503491    112       737   49.00   32.00    0.00    1.00   81.00     1     21.00      0.00 2861264  715828   8.82      0.00  23200.00      0.00       0  mysqld
1791503491   1100    175933   57.00   39.00    0.00    0.00   96.00     2    559.00      0.00 2124492   35532   0.44      0.00      0.00      0.00       0  isupipe

# Time        UID       PID    %usr %system  %guest   %wait    %CPU   CPU  minflt/s  majflt/s     VSZ     RSS   %MEM   kB_rd/s   kB_wr/s kB_ccwr/s iodelay  Command
1791503492      0        13    0.00    0.00    0.00    0.00    0.00     0      0.00      0.00       0       0   0.00      0.00      0.00      0.00       0  ksoftirqd/0
1791503492      0        22    0.00    0.00    0.00    0.00    0.00     1      0.00      0.00       0       0   0.00      0.00      0.00      0.00       0  ksoftirqd/1
1791503492      0        28    0.00    1.00    0.00    0.00    1.00     2      0.00      0.00       0       0   0.00      0.00      0.00      0.00       0  ksoftirqd/2
1791503492      0        34    0.00    1.00    0.00    0.00    1.00     3      0.00      0.00       0       0   0.00      0.00      0.00      0.00       0  ksoftirqd/3
1791503492      0       344    0.00    1.00    0.00    0.00    1.00     3      0.00      0.00       0       0   0.00      0.00     20.00      0.00       0  jbd2/sda1-8
1791503492      0       418    0.00    2.00    0.00    0.00    2.00     1      0.00     59.00   73348   23004   0.28      0.00    236.00      0.00       0  systemd-journal
1791503492    104       664    0.00    1.00    0.00    0.00    1.00     3      1.00      0.00  222072    4484   0.06      0.00     28.00      0.00       0  rsyslogd
1791503492      0       728    0.00    0.00    0.00    0.00    0.00     0      0.00      0.00   56244    2480   0.03      0.00      0.00      0.00       0  nginx
1791503492     33       729    6.00    6.00    0.00   18.00   12.00     3      0.00      0.00   62808   16228   0.20      0.00    580.00    472.00       0  nginx
1791503492     33       730    6.00   13.00    0.00   34.00   19.00     3      0.00      0.00   65456   19132   0.24      0.00   1412.00   1256.00       0  nginx
1791503492     33       731    6.00   11.00    0.00   26.00   17.00     3      0.00      0.00   63544   17020   0.21      0.00    572.00    444.00       0  nginx
1791503492     33       732    8.00   16.00    0.00   38.00   24.00     3      0.00      0.00   68436   22280   0.27      0.00   1572.00   1352.00       0  nginx
1791503492    112       737   54.00   30.00    0.00    0.00   84.00     1      6.00      0.00 2861264  715828   8.82      0.00  13700.00      0.00       0  mysqld
1791503492   1100    175933   57.00   33.00    0.00   23.00   90.00     2   1513.00      0.00 2124492   37108   0.46      0.00      0.00      0.00       0  isupipe

# Time        UID       PID    %usr %system  %guest   %wait    %CPU   CPU  minflt/s  majflt/s     VSZ     RSS   %MEM   kB_rd/s   kB_wr/s kB_ccwr/s iodelay  Command
1791503493      0        13    0.00    0.00    0.00    0.00    0.00     0      0.00      0.00       0       0   0.00      0.00      0.00      0.00       0  ksoftirqd/0
1791503493      0        22    0.00    0.00    0.00    0.00    0.00     1      0.00      0.00       0       0   0.00      0.00      0.00      0.00       0  ksoftirqd/1
1791503493      0        28    0.00    0.00    0.00    0.00    0.00     2      0.00      0.00       0       0   0.00      0.00      0.00      0.00       0  ksoftirqd/2
1791503493      0        34    0.00    1.00    0.00    0.00    1.00     3      0.00      0.00       0       0   0.00      0.00      0.00      0.00       0  ksoftirqd/3
1791503493      0       344    0.00    1.00    0.00    0.00    1.00     1      0.00      0.00       0       0   0.00      0.00      8.00      0.00       0  jbd2/sda1-8
1791503493      0       418    1.00    0.00    0.00    1.00    1.00     2      3.00     46.00   73348   23228   0.29      0.00    184.00      0.00       0  systemd-journal
1791503493    104       664    0.00    0.00    0.00    0.00    0.00     3      0.00      0.00  222072    4484   0.06      0.00     36.00      0.00       0  rsyslogd
1791503493      0       728    0.00    0.00    0.00    0.00    0.00     0      0.00      0.00   56244    2480   0.03      0.00      0.00      0.00       0  nginx
1791503493     33       729    6.00    5.00    0.00   12.00   11.00     3      0.00      0.00   62808   16228   0.20      0.00    752.00    676.00       0  nginx
1791503493     33       730    8.00   11.00    0.00   34.00   19.00     3      0.00      0.00   65456   19132   0.24      0.00   1164.00    984.00       0  nginx
1791503493     33       731    6.00    9.00    0.00   19.00   15.00     0      0.00      0.00   63544   17020   0.21      0.00    816.00    672.00       0  nginx
1791503493     33       732   10.00   18.00    0.00   40.00   28.00     3      0.00      0.00   68436   22280   0.27      0.00   1324.00   1068.00       0  nginx
1791503493    112       737   58.00   24.00    0.00    0.00   82.00     0     23.00      0.00 2861264  716020   8.82      0.00  18540.00      0.00       0  mysqld
1791503493   1100    175933   55.00   33.00    0.00   26.00   88.00     3    661.00      0.00 2124492   36956   0.46      0.00      0.00      0.00       0  isupipe

# Time        UID       PID    %usr %system  %guest   %wait    %CPU   CPU  minflt/s  majflt/s     VSZ     RSS   %MEM   kB_rd/s   kB_wr/s kB_ccwr/s iodelay  Command
1791503494      0        13    0.00    1.00    0.00    0.00    1.00     0      0.00      0.00       0       0   0.00      0.00      0.00      0.00       0  ksoftirqd/0
1791503494      0        22    0.00    0.00    0.00    0.00    0.00     1      0.00      0.00       0       0   0.00      0.00      0.00      0.00       0  ksoftirqd/1
1791503494      0        28    0.00    0.00    0.00    0.00    0.00     2      0.00      0.00       0       0   0.00      0.00      0.00      0.00       0  ksoftirqd/2
1791503494      0        34    0.00    1.00    0.00    0.00    1.00     3      0.00      0.00       0       0   0.00      0.00      0.00      0.00       0  ksoftirqd/3
1791503494      0       344    0.00    1.00    0.00    1.00    1.00     1      0.00      0.00       0       0   0.00      0.00      0.00      0.00       0  jbd2/sda1-8
1791503494      0       418    1.00    1.00    0.00    1.00    2.00     0      0.00     46.00   73348   23280   0.29      0.00    184.00      0.00       0  systemd-journal
1791503494    104       664    0.00    1.00    0.00    0.00    1.00     3      0.00      0.00  222072    4484   0.06      0.00     28.00      0.00       0  rsyslogd
1791503494      0       728    0.00    0.00    0.00    0.00    0.00     0      0.00      0.00   56244    2480   0.03      0.00      0.00      0.00       0  nginx
1791503494     33       729    5.00   10.00    0.00   22.00   15.00     3      0.00      0.00   62808   16228   0.20      0.00    684.00    588.00       0  nginx
1791503494     33       730    9.00   11.00    0.00   34.00   20.00     3      0.00      0.00   65456   19132   0.24      0.00   1012.00    868.00       0  nginx
1791503494     33       731    7.00    9.00    0.00   27.00   16.00     3      0.00      0.00   63544   17020   0.21      0.00   1112.00    892.00       0  nginx
1791503494     33       732   14.00   10.00    0.00   38.00   24.00     3      0.00      0.00   68436   22280   0.27      0.00   1624.00   1368.00       0  nginx
1791503494    112       737   59.00   23.00    0.00    1.00   82.00     1      3.00      0.00 2861264  716020   8.82      0.00  13500.00      0.00       0  mysqld
1791503494   1100    175933   59.00   34.00    0.00   18.00   93.00     2    947.00      0.00 2124492   36888   0.45      0.00      0.00      0.00       0  isupipe

# Time        UID       PID    %usr %system  %guest   %wait    %CPU   CPU  minflt/s  majflt/s     VSZ     RSS   %MEM   kB_rd/s   kB_wr/s kB_ccwr/s iodelay  Command
1791503495      0        13    0.00    0.00    0.00    0.00    0.00     0      0.00      0.00       0       0   0.00      0.00      0.00      0.00       0  ksoftirqd/0
1791503495      0        22    0.00    0.00    0.00    1.00    0.00     1      0.00      0.00       0       0   0.00      0.00      0.00      0.00       0  ksoftirqd/1
1791503495      0        28    0.00    0.00    0.00    0.00    0.00     2      0.00      0.00       0       0   0.00      0.00      0.00      0.00       0  ksoftirqd/2
1791503495      0        34    0.00    1.00    0.00    0.00    1.00     3      0.00      0.00       0       0   0.00      0.00      0.00      0.00       0  ksoftirqd/3
1791503495      0       344    0.00    1.00    0.00    0.00    1.00     2      0.00      0.00       0       0   0.00      0.00      0.00      0.00       0  jbd2/sda1-8
1791503495      0       418    0.00    1.00    0.00    0.00    1.00     0      1.00     44.00   73348   23448   0.29      0.00    176.00      0.00       0  systemd-journal
1791503495    104       664    0.00    1.00    0.00    0.00    1.00     3      0.00      0.00  222072    4484   0.06      0.00     32.00      0.00       0  rsyslogd
1791503495      0       728    0.00    0.00    0.00    0.00    0.00     0      0.00      0.00   56244    2480   0.03      0.00      0.00      0.00       0  nginx
1791503495     33       729    7.00    9.00    0.00   21.00   16.00     3      0.00      0.00   62808   16228   0.20      0.00    740.00    640.00       0  nginx
1791503495     33       730    8.00   12.00    0.00   36.00   20.00     3      0.00      0.00   65456   19132   0.24      0.00   1368.00   1192.00       0  nginx
1791503495     33       731    7.00   10.00    0.00   25.00   17.00     3      0.00      0.00   63544   17020   0.21      0.00    936.00    912.00       0  nginx
1791503495     33       732   11.00   12.00    0.00   44.00   23.00     3      0.00      0.00   68436   22280   0.27      0.00   1352.00   1148.00       0  nginx
1791503495    112       737   58.00   28.00    0.00    0.00   86.00     2      1.00      0.00 2861264  716204   8.82      0.00  16324.00      0.00       0  mysqld
1791503495   1100    175933   55.00   39.00    0.00   29.00   94.00     2    998.00      0.00 2124492   36388   0.45      0.00      0.00      0.00       0  isupipe

# Time        UID       PID    %usr %system  %guest   %wait    %CPU   CPU  minflt/s  majflt/s     VSZ     RSS   %MEM   kB_rd/s   kB_wr/s kB_ccwr/s iodelay  Command
1791503496      0        13    0.00    0.00    0.00    0.00    0.00     0      0.00      0.00       0       0   0.00      0.00      0.00      0.00       0  ksoftirqd/0
1791503496      0        22    0.00    1.00    0.00    0.00    1.00     1      0.00      0.00       0       0   0.00      0.00      0.00      0.00       0  ksoftirqd/1
1791503496      0        28    0.00    0.00    0.00    0.00    0.00     2      0.00      0.00       0       0   0.00      0.00      0.00      0.00       0  ksoftirqd/2
1791503496      0        34    0.00    1.00    0.00    0.00    1.00     3      0.00      0.00       0       0   0.00      0.00      0.00      0.00       0  ksoftirqd/3
1791503496      0       344    0.00    2.00    0.00    0.00    2.00     1      0.00      0.00       0       0   0.00      0.00      0.00      0.00       0  jbd2/sda1-8
1791503496      0       418    1.00    1.00    0.00    1.00    2.00     1      3.00     40.00   73348   23624   0.29      0.00    160.00      0.00       0  systemd-journal
1791503496    104       664    0.00    1.00    0.00    0.00    1.00     3      0.00      0.00  222072    4484   0.06      0.00     32.00      0.00       0  rsyslogd
1791503496      0       728    0.00    0.00    0.00    0.00    0.00     0      0.00      0.00   56244    2480   0.03      0.00      0.00      0.00       0  nginx
1791503496     33       729    6.00    7.00    0.00   16.00   13.00     0      1.00      0.00   62808   16228   0.20      0.00    620.00    484.00       0  nginx
1791503496     33       730    9.00    8.00    0.00   28.00   17.00     0      0.00      0.00   65456   19132   0.24      0.00    744.00    608.00       0  nginx
1791503496     33       731    5.00   11.00    0.00   25.00   16.00     0      0.00      0.00   63544   17020   0.21      0.00    752.00    616.00       0  nginx
1791503496     33       732   12.00   16.00    0.00   35.00   28.00     0      0.00      0.00   68436   22280   0.27      0.00   1804.00   1432.00       0  nginx
1791503496    112       737   54.00   27.00    0.00    2.00   81.00     1     14.00      0.00 2861264  716420   8.82      0.00  11684.00      0.00       0  mysqld
1791503496   1100    175933   55.00   33.00    0.00   31.00   88.00     2    606.00      0.00 2124492   38200   0.47      0.00      0.00      0.00       0  isupipe

# Time        UID       PID    %usr %system  %guest   %wait    %CPU   CPU  minflt/s  majflt/s     VSZ     RSS   %MEM   kB_rd/s   kB_wr/s kB_ccwr/s iodelay  Command
1791503497      0        13    0.00    0.00    0.00    0.00    0.00     0      0.00      0.00       0       0   0.00      0.00      0.00      0.00       0  ksoftirqd/0
1791503497      0        22    0.00    0.00    0.00    0.00    0.00     1      0.00      0.00       0       0   0.00      0.00      0.00      0.00       0  ksoftirqd/1
1791503497      0        28    0.00    0.00    0.00    0.00    0.00     2      0.00      0.00       0       0   0.00      0.00      0.00      0.00       0  ksoftirqd/2
1791503497      0        34    0.00    2.00    0.00    0.00    2.00     3      0.00      0.00       0       0   0.00      0.00      0.00      0.00       0  ksoftirqd/3
1791503497      0       344    0.00    0.00    0.00    1.00    0.00     1      0.00      0.00       0       0   0.00      0.00      0.00      0.00       0  jbd2/sda1-8
1791503497      0       418    1.00    0.00    0.00    0.00    1.00     3      6.00     68.00   73348   24220   0.30      0.00    244.00      0.00       0  systemd-journal
1791503497    104       664    1.00    0.00    0.00    0.00    1.00     3      0.00      0.00  222072    4484   0.06      0.00     32.00      0.00       0  rsyslogd
1791503497      0       728    0.00    0.00    0.00    0.00    0.00     0      0.00      0.00   56244    2480   0.03      0.00      0.00      0.00       0  nginx
1791503497     33       729    5.00   10.00    0.00   13.00   15.00     3      0.00      0.00   62808   16228   0.20      0.00    868.00    812.00       0  nginx
1791503497     33       730    8.00   13.00    0.00   33.00   21.00     3      0.00      0.00   65456   19132   0.24      0.00    956.00    692.00       0  nginx
1791503497     33       731    7.00   13.00    0.00   28.00   20.00     3      0.00      0.00   63544   17020   0.21      0.00    992.00    752.00       0  nginx
1791503497     33       732   12.00   14.00    0.00   38.00   26.00     3      0.00      0.00   68436   22280   0.27      0.00   1272.00   1136.00       0  nginx
1791503497    112       737   60.00   21.00    0.00    0.00   81.00     2      7.00      0.00 2861264  716624   8.83      0.00  15868.00      0.00       0  mysqld
1791503497   1100    175933   59.00   30.00    0.00   27.00   89.00     1    525.00      0.00 2124492   35372   0.44      0.00      0.00      0.00       0  isupipe

# Time        UID       PID    %usr %system  %guest   %wait    %CPU   CPU  minflt/s  majflt/s     VSZ     RSS   %MEM   kB_rd/s   kB_wr/s kB_ccwr/s iodelay  Command
1791503498      0        13    0.00    0.00    0.00    0.00    0.00     0      0.00      0.00       0       0   0.00      0.00      0.00      0.00       0  ksoftirqd/0
1791503498      0        22    0.00    1.00    0.00    0.00    1.00     1      0.00      0.00       0       0   0.00      0.00      0.00      0.00       0  ksoftirqd/1
1791503498      0        28    0.00    1.00    0.00    1.00    1.00     2      0.00      0.00       0       0   0.00      0.00      0.00      0.00       0  ksoftirqd/2
1791503498      0        34    0.00    1.00    0.00    0.00    1.00     3      0.00      0.00       0       0   0.00      0.00      0.00      0.00       0  ksoftirqd/3
1791503498      0       344    0.00    1.00    0.00    0.00    1.00     2      0.00      0.00       0       0   0.00      0.00      0.00      0.00       0  jbd2/sda1-8
1791503498      0       418    0.00    2.00    0.00    1.00    2.00     0      0.00     36.00   73348   24296   0.30      0.00    144.00      0.00       0  systemd-journal
1791503498    104       664    1.00    0.00    0.00    0.00    1.00     3      1.00      0.00  222072    4484   0.06      0.00     32.00      0.00       0  rsyslogd
1791503498      0       728    0.00    0.00    0.00    0.00    0.00     0      0.00      0.00   56244    2480   0.03      0.00      0.00      0.00       0  nginx
1791503498     33       729    5.00   12.00    0.00   21.00   17.00     3      3.00      0.00   62808   16228   0.20      0.00    964.00    724.00       0  nginx
1791503498     33       730    8.00   11.00    0.00   34.00   19.00     3      0.00      0.00   65456   19132   0.24      0.00   1032.00    964.00       0  nginx
1791503498     33       731    6.00   10.00    0.00   22.00   16.00     3      0.00      0.00   63544   17020   0.21      0.00    764.00    728.00       0  nginx
1791503498     33       732   14.00   14.00    0.00   39.00   28.00     3      0.00      0.00   68436   22280   0.27      0.00   2000.00   1760.00       0  nginx
1791503498    112       737   58.00   25.00    0.00    0.00   83.00     3      2.00      0.00 2861264  716624   8.83      0.00  16580.00      0.00       0  mysqld
1791503498   1100    175933   56.00   40.00    0.00   15.00   96.00     0   1119.00      0.00 2124492   33720   0.42      0.00      0.00      0.00       0  isupipe

# Time        UID       PID    %usr %system  %guest   %wait    %CPU   CPU  minflt/s  majflt/s     VSZ     RSS   %MEM   kB_rd/s   kB_wr/s kB_ccwr/s iodelay  Command
1791503499      0        13    0.00    0.00    0.00    0.00    0.00     0      0.00      0.00       0       0   0.00      0.00      0.00      0.00       0  ksoftirqd/0
1791503499      0        22    0.00    0.00    0.00    0.00    0.00     1      0.00      0.00       0       0   0.00      0.00      0.00      0.00       0  ksoftirqd/1
1791503499      0        28    0.00    0.00    0.00    0.00    0.00     2      0.00      0.00       0       0   0.00      0.00      0.00      0.00       0  ksoftirqd/2
1791503499      0        34    0.00    1.00    0.00    0.00    1.00     3      0.00      0.00       0       0   0.00      0.00      0.00      0.00       0  ksoftirqd/3
1791503499      0       344    0.00    1.00    0.00    0.00    1.00     2      0.00      0.00       0       0   0.00      0.00      4.00      0.00       0  jbd2/sda1-8
1791503499      0       418    1.00    1.00    0.00    0.00    2.00     3      1.00     85.00   73348   24488   0.30      0.00    340.00      0.00       0  systemd-journal
1791503499    104       664    0.00    1.00    0.00    0.00    1.00     3      0.00      0.00  222072    4484   0.06      0.00     32.00      0.00       0  rsyslogd
1791503499      0       728    0.00    0.00    0.00    0.00    0.00     0      0.00      0.00   56244    2480   0.03      0.00      0.00      0.00       0  nginx
1791503499     33       729    6.00   10.00    0.00   21.00   16.00     3      0.00      0.00   62808   16228   0.20      0.00    804.00    776.00       0  nginx
1791503499     33       730    8.00   10.00    0.00   34.00   18.00     3      0.00      0.00   65456   19132   0.24      0.00    924.00    756.00       0  nginx
1791503499     33       731    6.00   11.00    0.00   26.00   17.00     3      0.00      0.00   63544   17020   0.21      0.00    736.00    604.00       0  nginx
1791503499     33       732   12.00   15.00    0.00   43.00   27.00     3      0.00      0.00   68436   22280   0.27      0.00   2088.00   1832.00       0  nginx
1791503499    112       737   53.00   26.00    0.00    2.00   79.00     0      7.00      0.00 2861264  716624   8.83      0.00  12420.00      0.00       0  mysqld
1791503499   1100    175933   54.00   35.00    0.00   19.00   89.00     2   2198.00      0.00 2124492   33456   0.41      0.00      0.00      0.00       0  isupipe

# Time        UID       PID    %usr %system  %guest   %wait    %CPU   CPU  minflt/s  majflt/s     VSZ     RSS   %MEM   kB_rd/s   kB_wr/s kB_ccwr/s iodelay  Command
1791503500      0        13    0.00    1.00    0.00    0.00    1.00     0      0.00      0.00       0       0   0.00      0.00      0.00      0.00       0  ksoftirqd/0
1791503500      0        22    0.00    0.00    0.00    0.00    0.00     1      0.00      0.00       0       0   0.00      0.00      0.00      0.00       0  ksoftirqd/1
1791503500      0        28    0.00    0.00    0.00    0.00    0.00     2      0.00      0.00       0       0   0.00      0.00      0.00      0.00       0  ksoftirqd/2
1791503500      0        34    0.00    1.00    0.00    0.00    1.00     3      0.00      0.00       0       0   0.00      0.00      0.00      0.00       0  ksoftirqd/3
1791503500      0       344    0.00    1.00    0.00    0.00    1.00     2      0.00      0.00       0       0   0.00      0.00      0.00      0.00       0  jbd2/sda1-8
1791503500      0       418    0.00    1.00    0.00    0.00    1.00     1      0.00    111.00   73348   24568   0.30      0.00    444.00      0.00       0  systemd-journal
1791503500    104       664    1.00    0.00    0.00    0.00    1.00     3      0.00      0.00  222072    4484   0.06      0.00     28.00      0.00       0  rsyslogd
1791503500      0       728    0.00    0.00    0.00    0.00    0.00     0      0.00      0.00   56244    2480   0.03      0.00      0.00      0.00       0  nginx
1791503500     33       729    4.00   10.00    0.00   20.00   14.00     3      0.00      0.00   62808   16228   0.20      0.00    680.00    560.00       0  nginx
1791503500     33       730    9.00   10.00    0.00   32.00   19.00     3      0.00      0.00   65456   19132   0.24      0.00   1416.00   1284.00       0  nginx
1791503500     33       731    7.00    9.00    0.00   20.00   16.00     3      0.00      0.00   63544   17020   0.21      0.00    776.00    568.00       0  nginx
1791503500     33       732   16.00   13.00    0.00   38.00   29.00     3      0.00      0.00   68436   22280   0.27      0.00   1788.00   1536.00       0  nginx
1791503500    112       737   53.00   24.00    0.00    0.00   77.00     1     33.00      0.00 2861264  716800   8.83      0.00  13652.00      0.00       0  mysqld
1791503500   1100    175933   59.00   33.00    0.00   24.00   92.00     1   1368.00      0.00 2124492   35024   0.43      0.00      0.00      0.00       0  isupipe

# Time        UID       PID    %usr %system  %guest   %wait    %CPU   CPU  minflt/s  majflt/s     VSZ     RSS   %MEM   kB_rd/s   kB_wr/s kB_ccwr/s iodelay  Command
1791503501      0        13    0.00    0.00    0.00    1.00    0.00     0      0.00      0.00       0       0   0.00      0.00      0.00      0.00       0  ksoftirqd/0
1791503501      0        22    0.00    0.00    0.00    0.00    0.00     1      0.00      0.00       0       0   0.00      0.00      0.00      0.00       0  ksoftirqd/1
1791503501      0        28    0.00    0.00    0.00    0.00    0.00     2      0.00      0.00       0       0   0.00      0.00      0.00      0.00       0  ksoftirqd/2
1791503501      0        34    0.00    1.00    0.00    0.00    1.00     3      0.00      0.00       0       0   0.00      0.00      0.00      0.00       0  ksoftirqd/3
1791503501      0       344    0.00    1.00    0.00    1.00    1.00     0      0.00      0.00       0       0   0.00      0.00      8.00      0.00       0  jbd2/sda1-8
1791503501      0       418    1.00    0.00    0.00    1.00    1.00     2      0.00     73.00   73348   24648   0.30      0.00    292.00      0.00       0  systemd-journal
1791503501    104       664    0.00    0.00    0.00    0.00    0.00     3      0.00      0.00  222072    4484   0.06      0.00     36.00      0.00       0  rsyslogd
1791503501      0       728    0.00    0.00    0.00    0.00    0.00     0      0.00      0.00   56244    2480   0.03      0.00      0.00      0.00       0  nginx
1791503501     33       729    6.00   10.00    0.00   22.00   16.00     3      0.00      0.00   62808   16228   0.20      4.00   1176.00    984.00       0  nginx
1791503501     33       730   10.00   10.00    0.00   41.00   20.00     3      0.00      0.00   65456   19132   0.24      0.00   1120.00    944.00       0  nginx
1791503501     33       731    9.00    9.00    0.00   28.00   18.00     3      0.00      0.00   63544   17020   0.21      0.00    652.00    612.00       0  nginx
1791503501     33       732   11.00   14.00    0.00   44.00   25.00     3      0.00      0.00   68436   22280   0.27      0.00   1360.00   1104.00       0  nginx
1791503501    112       737   52.00   28.00    0.00    1.00   80.00     3      2.00      0.00 2861264  716800   8.83      0.00  16212.00      0.00       0  mysqld
1791503501   1100    175933   56.00   38.00    0.00   34.00   94.00     1   1650.00      0.00 2124492   36520   0.45      0.00      0.00      0.00       0  isupipe

# Time        UID       PID    %usr %system  %guest   %wait    %CPU   CPU  minflt/s  majflt/s     VSZ     RSS   %MEM   kB_rd/s   kB_wr/s kB_ccwr/s iodelay  Command
1791503502      0        13    0.00    0.00    0.00    0.00    0.00     0      0.00      0.00       0       0   0.00      0.00      0.00      0.00       0  ksoftirqd/0
1791503502      0        22    0.00    0.00    0.00    0.00    0.00     1      0.00      0.00       0       0   0.00      0.00      0.00      0.00       0  ksoftirqd/1
1791503502      0        28    0.00    0.00    0.00    0.00    0.00     2      0.00      0.00       0       0   0.00      0.00      0.00      0.00       0  ksoftirqd/2
1791503502      0        34    0.00    1.00    0.00    0.00    1.00     3      0.00      0.00       0       0   0.00      0.00      0.00      0.00       0  ksoftirqd/3
1791503502      0       344    0.00    1.00    0.00    0.00    1.00     2      0.00      0.00       0       0   0.00      0.00      8.00      0.00       0  jbd2/sda1-8
1791503502      0       418    0.00    1.00    0.00    0.00    1.00     2     25.00     82.00   81540   26232   0.32      0.00    240.00      0.00       0  systemd-journal
1791503502    104       664    0.00    1.00    0.00    0.00    1.00     3      0.00      0.00  222072    4484   0.06      0.00     28.00      0.00       0  rsyslogd
1791503502      0       728    0.00    0.00    0.00    0.00    0.00     0      0.00      0.00   56244    2480   0.03      0.00      0.00      0.00       0  nginx
1791503502     33       729    4.00   10.00    0.00   24.00   14.00     3      0.00      0.00   62808   16228   0.20      0.00    832.00    832.00       0  nginx
1791503502     33       730    9.00   10.00    0.00   35.00   19.00     3      0.00      0.00   65456   19132   0.24      0.00    740.00    576.00       0  nginx
1791503502     33       731    8.00   10.00    0.00   25.00   18.00     3      0.00      0.00   63544   17020   0.21      0.00   1256.00   1116.00       0  nginx
1791503502     33       732   12.00   15.00    0.00   40.00   27.00     3      0.00      0.00   68436   22280   0.27      0.00   1832.00   1508.00       0  nginx
1791503502    112       737   51.00   32.00    0.00    0.00   83.00     2      5.00      0.00 2861264  716800   8.83      0.00  16692.00      0.00       0  mysqld
1791503502   1100    175933   63.00   26.00    0.00   18.00   89.00     0   1555.00      0.00 2124492   34660   0.43      0.00      0.00      0.00       0  isupipe

# Time        UID       PID    %usr %system  %guest   %wait    %CPU   CPU  minflt/s  majflt/s     VSZ     RSS   %MEM   kB_rd/s   kB_wr/s kB_ccwr/s iodelay  Command
1791503503      0        13    0.00    0.00    0.00    0.00    0.00     0      0.00      0.00       0       0   0.00      0.00      0.00      0.00       0  ksoftirqd/0
1791503503      0        22    0.00    1.00    0.00    0.00    1.00     1      0.00      0.00       0       0   0.00      0.00      0.00      0.00       0  ksoftirqd/1
1791503503      0        28    0.00    0.00    0.00    0.00    0.00     2      0.00      0.00       0       0   0.00      0.00      0.00      0.00       0  ksoftirqd/2
1791503503      0        34    0.00    1.00    0.00    0.00    1.00     3      0.00      0.00       0       0   0.00      0.00      0.00      0.00       0  ksoftirqd/3
1791503503      0       344    0.00    1.00    0.00    0.00    1.00     1      0.00      0.00       0       0   0.00      0.00      4.00      0.00       0  jbd2/sda1-8
1791503503      0       418    2.00    0.00    0.00    1.00    2.00     3      2.00     56.00   81540   26508   0.33      0.00    216.00      0.00       0  systemd-journal
1791503503    104       664    0.00    1.00    0.00    0.00    1.00     3      1.00      0.00  222072    4744   0.06      0.00     36.00      0.00       0  rsyslogd
1791503503      0       728    0.00    0.00    0.00    0.00    0.00     0      0.00      0.00   56244    2480   0.03      0.00      0.00      0.00       0  nginx
1791503503     33       729    7.00   11.00    0.00   27.00   18.00     3      1.00      0.00   62808   16228   0.20      0.00    680.00    524.00       0  nginx
1791503503     33       730    8.00   10.00    0.00   32.00   18.00     3      0.00      0.00   65456   19132   0.24      0.00   1344.00   1200.00       0  nginx
1791503503     33       731    9.00   10.00    0.00   28.00   19.00     3      0.00      0.00   63544   17020   0.21      0.00   1092.00    880.00       0  nginx
1791503503     33       732   11.00   15.00    0.00   42.00   26.00     3      0.00      0.00   68436   22280   0.27      0.00   1728.00   1592.00       0  nginx
1791503503    112       737   59.00   22.00    0.00    0.00   81.00     3      2.00      0.00 2861264  716800   8.83      0.00  13556.00      0.00       0  mysqld
1791503503   1100    175933   55.00   35.00    0.00   14.00   90.00     1   1191.00      0.00 2124492   33820   0.42      0.00      0.00      0.00       0  isupipe

# Time        UID       PID    %usr %system  %guest   %wait    %CPU   CPU  minflt/s  majflt/s     VSZ     RSS   %MEM   kB_rd/s   kB_wr/s kB_ccwr/s iodelay  Command
1791503504      0        13    0.00    0.00    0.00    0.00    0.00     0      0.00      0.00       0       0   0.00      0.00      0.00      0.00       0  ksoftirqd/0
1791503504      0        22    0.00    0.00    0.00    0.00    0.00     1      0.00      0.00       0       0   0.00      0.00      0.00      0.00       0  ksoftirqd/1
1791503504      0        28    0.00    1.00    0.00    1.00    1.00     2      0.00      0.00       0       0   0.00      0.00      0.00      0.00       0  ksoftirqd/2
1791503504      0        34    0.00    0.00    0.00    1.00    0.00     3      0.00      0.00       0       0   0.00      0.00      0.00      0.00       0  ksoftirqd/3
1791503504      0       344    0.00    1.00    0.00    0.00    1.00     2      0.00      0.00       0       0   0.00      0.00      0.00      0.00       0  jbd2/sda1-8
1791503504      0       418    1.00    1.00    0.00    0.00    2.00     1      2.00     45.00   81540   26628   0.33      0.00    180.00      0.00       0  systemd-journal
1791503504    104       664    0.00    0.00    0.00    0.00    0.00     3      0.00      0.00  222072    4744   0.06      0.00     24.00      0.00       0  rsyslogd
1791503504      0       728    0.00    0.00    0.00    0.00    0.00     0      0.00      0.00   56244    2480   0.03      0.00      0.00      0.00       0  nginx
1791503504     33       729    7.00    9.00    0.00   29.00   16.00     3      0.00      0.00   62808   16228   0.20      0.00    596.00    444.00       0  nginx
1791503504     33       730    8.00   11.00    0.00   40.00   19.00     3      0.00      0.00   65456   19132   0.24      0.00   1052.00    896.00       0  nginx
1791503504     33       731   10.00    8.00    0.00   30.00   18.00     3      0.00      0.00   63544   17020   0.21      0.00    852.00    796.00       0  nginx
1791503504     33       732   11.00   15.00    0.00   41.00   26.00     1      0.00      0.00   68436   22280   0.27      0.00   1668.00   1452.00       0  nginx
1791503504    112       737   53.00   28.00    0.00    1.00   81.00     0      0.00      0.00 2861264  716800   8.83      0.00  16320.00      0.00       0  mysqld
1791503504   1100    175933   58.00   33.00    0.00   17.00   91.00     3    886.00      0.00 2124492   35372   0.44      0.00      0.00      0.00       0  isupipe

# Time        UID       PID    %usr %system  %guest   %wait    %CPU   CPU  minflt/s  majflt/s     VSZ     RSS   %MEM   kB_rd/s   kB_wr/s kB_ccwr/s iodelay  Command
1791503505      0        13    0.00    1.00    0.00    0.00    1.00     0      0.00      0.00       0       0   0.00      0.00      0.00      0.00       0  ksoftirqd/0
1791503505      0        22    0.00    0.00    0.00    0.00    0.00     1      0.00      0.00       0       0   0.00      0.00      0.00      0.00       0  ksoftirqd/1
1791503505      0        28    0.00    0.00    0.00    0.00    0.00     2      0.00      0.00       0       0   0.00      0.00      0.00      0.00       0  ksoftirqd/2
1791503505      0        34    0.00    1.00    0.00    0.00    1.00     3      0.00      0.00       0       0   0.00      0.00      0.00      0.00       0  ksoftirqd/3
1791503505      0       344    0.00    1.00    0.00    1.00    1.00     2      0.00      0.00       0       0   0.00      0.00     12.00      0.00       0  jbd2/sda1-8
1791503505      0       418    0.00    1.00    0.00    1.00    1.00     0      0.00     42.00   81540   26744   0.33      0.00    168.00      0.00       0  systemd-journal
1791503505    104       664    1.00    1.00    0.00    0.00    2.00     3      0.00      0.00  222072    4744   0.06      0.00     32.00      0.00       0  rsyslogd
1791503505      0       728    0.00    0.00    0.00    0.00    0.00     0      0.00      0.00   56244    2480   0.03      0.00      0.00      0.00       0  nginx
1791503505     33       729    7.00    8.00    0.00   17.00   15.00     3      0.00      0.00   62808   16228   0.20      0.00    900.00    784.00       0  nginx
1791503505     33       730    8.00   11.00    0.00   32.00   19.00     0      0.00      0.00   65456   19132   0.24      0.00   1368.00   1220.00       0  nginx
1791503505     33       731    8.00    9.00    0.00   26.00   17.00     3      0.00      0.00   63544   17020   0.21      0.00    576.00    436.00       0  nginx
1791503505     33       732   16.00   14.00    0.00   34.00   30.00     3      0.00      0.00   68436   22280   0.27      0.00   1508.00   1256.00       0  nginx
1791503505    112       737   53.00   29.00    0.00    0.00   82.00     3      3.00      0.00 2861264  716800   8.83      0.00  16532.00      0.00       0  mysqld
1791503505   1100    175933   50.00   43.00    0.00   24.00   93.00     0   1672.00      0.00 2124492   33880   0.42      0.00      0.00      0.00       0  isupipe

# Time        UID       PID    %usr %system  %guest   %wait    %CPU   CPU  minflt/s  majflt/s     VSZ     RSS   %MEM   kB_rd/s   kB_wr/s kB_ccwr/s iodelay  Command
1791503506      0        13    0.00    0.00    0.00    0.00    0.00     0      0.00      0.00       0       0   0.00      0.00      0.00      0.00       0  ksoftirqd/0
1791503506      0        22    0.00    0.00    0.00    0.00    0.00     1      0.00      0.00       0       0   0.00      0.00      0.00      0.00       0  ksoftirqd/1
1791503506      0        28    0.00    0.00    0.00    0.00    0.00     2      0.00      0.00       0       0   0.00      0.00      0.00      0.00       0  ksoftirqd/2
1791503506      0        34    0.00    1.00    0.00    0.00    1.00     3      0.00      0.00       0       0   0.00      0.00      0.00      0.00       0  ksoftirqd/3
1791503506      0       344    0.00    1.00    0.00    0.00    1.00     2      0.00      0.00       0       0   0.00      0.00      0.00      0.00       0  jbd2/sda1-8
1791503506      0       418    1.00    1.00    0.00    0.00    2.00     3      3.00     41.00   81540   27040   0.33      0.00    164.00      0.00       0  systemd-journal
1791503506    104       664    0.00    0.00    0.00    0.00    0.00     3      0.00      0.00  222072    4744   0.06      0.00     32.00      0.00       0  rsyslogd
1791503506      0       728    0.00    0.00    0.00    0.00    0.00     0      0.00      0.00   56244    2480   0.03      0.00      0.00      0.00       0  nginx
1791503506     33       729    8.00    7.00    0.00   19.00   15.00     0      0.00      0.00   62808   16228   0.20      0.00    948.00    856.00       0  nginx
1791503506     33       730    7.00   10.00    0.00   37.00   17.00     0      0.00      0.00   65456   19132   0.24      0.00    864.00    716.00       0  nginx
1791503506     33       731    9.00    8.00    0.00   27.00   17.00     3      0.00      0.00   63544   17020   0.21      0.00    808.00    692.00       0  nginx
1791503506     33       732   12.00   14.00    0.00   44.00   26.00     3      0.00      0.00   68436   22280   0.27      0.00   1404.00   1148.00       0  nginx
1791503506    112       737   55.00   24.00    0.00    2.00   79.00     0      2.00      0.00 2861264  716800   8.83      0.00  13092.00      0.00       0  mysqld
1791503506   1100    175933   49.00   38.00    0.00   15.00   87.00     2    887.00      0.00 2124492   34344   0.42      0.00      0.00      0.00       0  isupipe

# Time        UID       PID    %usr %system  %guest   %wait    %CPU   CPU  minflt/s  majflt/s     VSZ     RSS   %MEM   kB_rd/s   kB_wr/s kB_ccwr/s iodelay  Command
1791503507      0        13    0.00    0.00    0.00    0.00    0.00     0      0.00      0.00       0       0   0.00      0.00      0.00      0.00       0  ksoftirqd/0
1791503507      0        22    0.00    0.00    0.00    0.00    0.00     1      0.00      0.00       0       0   0.00      0.00      0.00      0.00       0  ksoftirqd/1
1791503507      0        28    0.00    0.00    0.00    0.00    0.00     2      0.00      0.00       0       0   0.00      0.00      0.00      0.00       0  ksoftirqd/2
1791503507      0        34    0.00    2.00    0.00    0.00    2.00     3      0.00      0.00       0       0   0.00      0.00      0.00      0.00       0  ksoftirqd/3
1791503507      0       344    0.00    1.00    0.00    0.00    1.00     0      0.00      0.00       0       0   0.00      0.00      0.00      0.00       0  jbd2/sda1-8
1791503507      0       418    0.00    1.00    0.00    1.00    1.00     0      5.00     45.00   81540   27284   0.34      0.00    172.00      0.00       0  systemd-journal
1791503507    104       664    0.00    0.00    0.00    0.00    0.00     3      0.00      0.00  222072    4744   0.06      0.00     32.00      0.00       0  rsyslogd
1791503507      0       728    0.00    0.00    0.00    0.00    0.00     0      0.00      0.00   56244    2480   0.03      0.00      0.00      0.00       0  nginx
1791503507     33       729    4.00   11.00    0.00   27.00   15.00     3      0.00      0.00   62808   16228   0.20      0.00    480.00    240.00       0  nginx
1791503507     33       730    8.00    9.00    0.00   33.00   17.00     3      0.00      0.00   65456   19132   0.24      0.00    928.00    808.00       0  nginx
1791503507     33       731    7.00   11.00    0.00   24.00   18.00     3      0.00      0.00   63544   17020   0.21      0.00    688.00    584.00       0  nginx
1791503507     33       732   13.00   15.00    0.00   36.00   28.00     3      0.00      0.00   68436   22280   0.27      0.00   1740.00   1484.00       0  nginx
1791503507    112       737   57.00   28.00    0.00    0.00   85.00     2     34.00      0.00 2861264  716800   8.83      0.00  15924.00      0.00       0  mysqld
1791503507   1100    175933   55.00   36.00    0.00   29.00   91.00     0   1331.00      0.00 2124492   37776   0.47      0.00      0.00      0.00       0  isupipe

# Time        UID       PID    %usr %system  %guest   %wait    %CPU   CPU  minflt/s  majflt/s     VSZ     RSS   %MEM   kB_rd/s   kB_wr/s kB_ccwr/s iodelay  Command
1791503508      0        13    0.00    0.00    0.00    0.00    0.00     0      0.00      0.00       0       0   0.00      0.00      0.00      0.00       0  ksoftirqd/0
1791503508      0        22    0.00    1.00    0.00    0.00    1.00     1      0.00      0.00       0       0   0.00      0.00      0.00      0.00       0  ksoftirqd/1
1791503508      0        28    0.00    0.00    0.00    0.00    0.00     2      0.00      0.00       0       0   0.00      0.00      0.00      0.00       0  ksoftirqd/2
1791503508      0        34    0.00    1.00    0.00    0.00    1.00     3      0.00      0.00       0       0   0.00      0.00      0.00      0.00       0  ksoftirqd/3
1791503508      0       344    0.00    1.00    0.00    1.00    1.00     0      0.00      0.00       0       0   0.00      0.00      0.00      0.00       0  jbd2/sda1-8
1791503508      0       418    1.00    1.00    0.00    1.00    2.00     0      1.00     40.00   81540   27464   0.34      0.00    160.00      0.00       0  systemd-journal
1791503508    104       664    1.00    0.00    0.00    0.00    1.00     3      1.00      0.00  222072    4744   0.06      0.00     32.00      0.00       0  rsyslogd
1791503508      0       728    0.00    0.00    0.00    0.00    0.00     0      0.00      0.00   56244    2480   0.03      0.00      0.00      0.00       0  nginx
1791503508     33       729    6.00    9.00    0.00   24.00   15.00     3      0.00      0.00   62808   16228   0.20      0.00    360.00    344.00       0  nginx
1791503508     33       730   11.00   12.00    0.00   34.00   23.00     1      0.00      0.00   65456   19132   0.24      0.00   1288.00   1108.00       0  nginx
1791503508     33       731    6.00   11.00    0.00   29.00   17.00     3      0.00      0.00   63544   17020   0.21      0.00   1008.00    888.00       0  nginx
1791503508     33       732   11.00   14.00    0.00   42.00   25.00     3      0.00      0.00   68436   22280   0.27      0.00   1548.00   1256.00       0  nginx
1791503508    112       737   58.00   23.00    0.00    0.00   81.00     0      4.00      0.00 2861264  716800   8.83      0.00  12080.00      0.00       0  mysqld
1791503508   1100    175933   57.00   34.00    0.00   24.00   91.00     3   1158.00      0.00 2124492   35560   0.44      0.00      0.00      0.00       0  isupipe

# Time        UID       PID    %usr %system  %guest   %wait    %CPU   CPU  minflt/s  majflt/s     VSZ     RSS   %MEM   kB_rd/s   kB_wr/s kB_ccwr/s iodelay  Command
1791503509      0        13    0.00    0.00    0.00    0.00    0.00     0      0.00      0.00       0       0   0.00      0.00      0.00      0.00       0  ksoftirqd/0
1791503509      0        22    0.00    0.00    0.00    0.00    0.00     1      0.00      0.00       0       0   0.00      0.00      0.00      0.00       0  ksoftirqd/1
1791503509      0        28    0.00    1.00    0.00    0.00    1.00     2      0.00      0.00       0       0   0.00      0.00      0.00      0.00       0  ksoftirqd/2
1791503509      0        34    0.00    1.00    0.00    0.00    1.00     3      0.00      0.00       0       0   0.00      0.00      0.00      0.00       0  ksoftirqd/3
1791503509      0       344    0.00    1.00    0.00    0.00    1.00     0      0.00      0.00       0       0   0.00      0.00      0.00      0.00       0  jbd2/sda1-8
1791503509      0       418    1.00    0.00    0.00    0.00    1.00     1      1.00     35.00   81540   27588   0.34      0.00    140.00      0.00       0  systemd-journal
1791503509    104       664    0.00    1.00    0.00    0.00    1.00     3      0.00      0.00  222072    4744   0.06      0.00     28.00      0.00       0  rsyslogd
1791503509      0       728    0.00    0.00    0.00    0.00    0.00     0      0.00      0.00   56244    2480   0.03      0.00      0.00      0.00       0  nginx
1791503509     33       729    9.00    8.00    0.00   24.00   17.00     3      0.00      0.00   62808   16228   0.20      0.00    736.00    644.00       0  nginx
1791503509     33       730   10.00   10.00    0.00   38.00   20.00     0      0.00      0.00   65456   19132   0.24      0.00   1368.00   1184.00       0  nginx
1791503509     33       731    9.00   11.00    0.00   28.00   20.00     3     18.00      0.00   63544   17284   0.21      0.00   1144.00   1028.00       0  nginx
1791503509     33       732   11.00   15.00    0.00   44.00   26.00     3      0.00      0.00   68436   22280   0.27      0.00   1540.00   1348.00       0  nginx
1791503509    112       737   53.00   24.00    0.00    0.00   77.00     1      3.00      0.00 2861264  716800   8.83      0.00  16628.00      0.00       0  mysqld
1791503509   1100    175933   47.00   45.00    0.00   21.00   92.00     1    769.00      0.00 2124492   36736   0.45      0.00      0.00      0.00       0  isupipe

# Time        UID       PID    %usr %system  %guest   %wait    %CPU   CPU  minflt/s  majflt/s     VSZ     RSS   %MEM   kB_rd/s   kB_wr/s kB_ccwr/s iodelay  Command
1791503510      0        13    0.00    0.00    0.00    0.00    0.00     0      0.00      0.00       0       0   0.00      0.00      0.00      0.00       0  ksoftirqd/0
1791503510      0        22    0.00    0.00    0.00    0.00    0.00     1      0.00      0.00       0       0   0.00      0.00      0.00      0.00       0  ksoftirqd/1
1791503510      0        28    0.00    0.00    0.00    0.00    0.00     2      0.00      0.00       0       0   0.00      0.00      0.00      0.00       0  ksoftirqd/2
1791503510      0        34    0.00    1.00    0.00    0.00    1.00     3      0.00      0.00       0       0   0.00      0.00      0.00      0.00       0  ksoftirqd/3
1791503510      0       344    0.00    1.00    0.00    0.00    1.00     3      0.00      0.00       0       0   0.00      0.00      0.00      0.00       0  jbd2/sda1-8
1791503510      0       418    1.00    1.00    0.00    0.00    2.00     3      1.00     35.00   81540   27784   0.34      0.00    140.00      0.00       0  systemd-journal
1791503510    104       664    0.00    0.00    0.00    0.00    0.00     3      0.00      0.00  222072    4744   0.06      0.00     28.00      0.00       0  rsyslogd
1791503510      0       728    0.00    0.00    0.00    0.00    0.00     0      0.00      0.00   56244    2480   0.03      0.00      0.00      0.00       0  nginx
1791503510     33       729    6.00    8.00    0.00   15.00   14.00     2      0.00      0.00   62808   16228   0.20      0.00    624.00    488.00       0  nginx
1791503510     33       730    8.00   12.00    0.00   34.00   20.00     0      0.00      0.00   65456   19132   0.24      0.00    876.00    684.00       0  nginx
1791503510     33       731    5.00   10.00    0.00   27.00   15.00     3      1.00      0.00   63544   17284   0.21      0.00   1296.00   1152.00       0  nginx
1791503510     33       732   11.00   14.00    0.00   40.00   25.00     3      0.00      0.00   68436   22280   0.27      0.00   1752.00   1552.00       0  nginx
1791503510    112       737   59.00   25.00    0.00    1.00   84.00     3      4.00      0.00 2861264  716800   8.83      0.00  12312.00      0.00       0  mysqld
1791503510   1100    175933   57.00   32.00    0.00   21.00   89.00     1    983.00      0.00 2124492   34576   0.43      0.00      0.00      0.00       0  isupipe

# Time        UID       PID    %usr %system  %guest   %wait    %CPU   CPU  minflt/s  majflt/s     VSZ     RSS   %MEM   kB_rd/s   kB_wr/s kB_ccwr/s iodelay  Command
1791503511      0        13    0.00    1.00    0.00    0.00    1.00     0      0.00      0.00       0       0   0.00      0.00      0.00      0.00       0  ksoftirqd/0
1791503511      0        22    0.00    0.00    0.00    0.00    0.00     1      0.00      0.00       0       0   0.00      0.00      0.00      0.00       0  ksoftirqd/1
1791503511      0        28    0.00    0.00    0.00    0.00    0.00     2      0.00      0.00       0       0   0.00      0.00      0.00      0.00       0  ksoftirqd/2
1791503511      0        34    0.00    1.00    0.00    0.00    1.00     3      0.00      0.00       0       0   0.00      0.00      0.00      0.00       0  ksoftirqd/3
1791503511      0       344    0.00    1.00    0.00    0.00    1.00     2      0.00      0.00       0       0   0.00      0.00      0.00      0.00       0  jbd2/sda1-8
1791503511      0       418    1.00    0.00    0.00    1.00    1.00     1      0.00     40.00   81540   27848   0.34      0.00    152.00      0.00       0  systemd-journal
1791503511    104       664    0.00    1.00    0.00    0.00    1.00     3      0.00      0.00  222072    4744   0.06      0.00     32.00      0.00       0  rsyslogd
1791503511      0       728    0.00    0.00    0.00    0.00    0.00     0      0.00      0.00   56244    2480   0.03      0.00      0.00      0.00       0  nginx
1791503511     33       729    3.00   13.00    0.00   22.00   16.00     3      0.00      0.00   62808   16228   0.20      0.00    604.00    528.00       0  nginx
1791503511     33       730    8.00   11.00    0.00   30.00   19.00     0      0.00      0.00   65456   19132   0.24      0.00    756.00    520.00       0  nginx
1791503511     33       731    7.00   11.00    0.00   26.00   18.00     3      0.00      0.00   63544   17284   0.21      0.00    564.00    444.00       0  nginx
1791503511     33       732   12.00   15.00    0.00   36.00   27.00     3      0.00      0.00   68436   22280   0.27      0.00   2004.00   1752.00       0  nginx
1791503511    112       737   60.00   21.00    0.00    1.00   81.00     0      0.00      0.00 2861264  716800   8.83      0.00  15660.00      0.00       0  mysqld
1791503511   1100    175933   59.00   32.00    0.00   27.00   91.00     2    864.00      0.00 2124492   34236   0.42      0.00      0.00      0.00       0  isupipe

# Time        UID       PID    %usr %system  %guest   %wait    %CPU   CPU  minflt/s  majflt/s     VSZ     RSS   %MEM   kB_rd/s   kB_wr/s kB_ccwr/s iodelay  Command
1791503512      0        13    0.00    0.00    0.00    0.00    0.00     0      0.00      0.00       0       0   0.00      0.00      0.00      0.00       0  ksoftirqd/0
1791503512      0        22    0.00    0.00    0.00    0.00    0.00     1      0.00      0.00       0       0   0.00      0.00      0.00      0.00       0  ksoftirqd/1
1791503512      0        28    0.00    0.00    0.00    0.00    0.00     2      0.00      0.00       0       0   0.00      0.00      0.00      0.00       0  ksoftirqd/2
1791503512      0        34    0.00    1.00    0.00    0.00    1.00     3      0.00      0.00       0       0   0.00      0.00      0.00      0.00       0  ksoftirqd/3
1791503512      0       344    0.00    1.00    0.00    1.00    1.00     2      0.00      0.00       0       0   0.00      0.00    104.00      0.00       0  jbd2/sda1-8
1791503512      0       418    0.00    1.00    0.00    0.00    1.00     2      1.00     33.00   81540   27984   0.34      0.00    124.00      0.00       0  systemd-journal
1791503512    104       664    0.00    1.00    0.00    0.00    1.00     3      0.00      0.00  222072    4744   0.06      0.00     32.00      0.00       0  rsyslogd
1791503512      0       728    0.00    0.00    0.00    0.00    0.00     0      0.00      0.00   56244    2480   0.03      0.00      0.00      0.00       0  nginx
1791503512     33       729    4.00   13.00    0.00   24.00   17.00     3      5.00      0.00   62808   16492   0.20      0.00    844.00    672.00       0  nginx
1791503512     33       730   10.00   10.00    0.00   34.00   20.00     3      0.00      0.00   65456   19132   0.24      0.00   1104.00   1012.00       0  nginx
1791503512     33       731    8.00    9.00    0.00   26.00   17.00     3      0.00      0.00   63544   17284   0.21      0.00    860.00    704.00       0  nginx
1791503512     33       732   12.00   13.00    0.00   38.00   25.00     0      0.00      0.00   68436   22280   0.27      0.00   1532.00   1328.00       0  nginx
1791503512    112       737   58.00   25.00    0.00    0.00   83.00     1    106.00      0.00 2861264  717048   8.83      0.00  15964.00      0.00       0  mysqld
1791503512   1100    175933   56.00   36.00    0.00   24.00   92.00     2    928.00      0.00 2124492   36520   0.45      0.00      0.00      0.00       0  isupipe

# Time        UID       PID    %usr %system  %guest   %wait    %CPU   CPU  minflt/s  majflt/s     VSZ     RSS   %MEM   kB_rd/s   kB_wr/s kB_ccwr/s iodelay  Command
1791503513      0        13    0.00    0.00    0.00    0.00    0.00     0      0.00      0.00       0       0   0.00      0.00      0.00      0.00       0  ksoftirqd/0
1791503513      0        22    0.00    0.00    0.00    0.00    0.00     1      0.00      0.00       0       0   0.00      0.00      0.00      0.00       0  ksoftirqd/1
1791503513      0        28    0.00    1.00    0.00    0.00    1.00     2      0.00      0.00       0       0   0.00      0.00      0.00      0.00       0  ksoftirqd/2
1791503513      0        34    0.00    1.00    0.00    0.00    1.00     3      0.00      0.00       0       0   0.00      0.00      0.00      0.00       0  ksoftirqd/3
1791503513      0       344    0.00    1.00    0.00    0.00    1.00     2      0.00      0.00       0       0   0.00      0.00      8.00      0.00       0  jbd2/sda1-8
1791503513      0       418    0.00    1.00    0.00    0.00    1.00     2      0.00     36.00   81540   28048   0.35      0.00    144.00      0.00       0  systemd-journal
1791503513    104       664    0.00    0.00    0.00    0.00    0.00     3      0.00      0.00  222072    4744   0.06      0.00     28.00      0.00       0  rsyslogd
1791503513      0       728    0.00    0.00    0.00    0.00    0.00     0      0.00      0.00   56244    2480   0.03      0.00      0.00      0.00       0  nginx
1791503513     33       729    9.00    8.00    0.00   20.00   17.00     3      0.00      0.00   62808   16492   0.20      0.00    884.00    764.00       0  nginx
1791503513     33       730    8.00   16.00    0.00   41.00   24.00     3      0.00      0.00   65456   19132   0.24      0.00   1452.00   1260.00       0  nginx
1791503513     33       731    8.00    9.00    0.00   31.00   17.00     0      0.00      0.00   63544   17284   0.21      0.00    856.00    732.00       0  nginx
1791503513     33       732   14.00   11.00    0.00   41.00   25.00     3      0.00      0.00   68436   22280   0.27      0.00   1388.00   1084.00       0  nginx
1791503513    112       737   55.00   22.00    0.00    0.00   77.00     1      0.00      0.00 2861264  717048   8.83      0.00  12316.00      0.00       0  mysqld
1791503513   1100    175933   60.00   34.00    0.00   36.00   94.00     0   1692.00      0.00 2124492   35384   0.44      0.00      0.00      0.00       0  isupipe

# Time        UID       PID    %usr %system  %guest   %wait    %CPU   CPU  minflt/s  majflt/s     VSZ     RSS   %MEM   kB_rd/s   kB_wr/s kB_ccwr/s iodelay  Command
1791503514      0        13    0.00    0.00    0.00    0.00    0.00     0      0.00      0.00       0       0   0.00      0.00      0.00      0.00       0  ksoftirqd/0
1791503514      0        22    0.00    1.00    0.00    0.00    1.00     1      0.00      0.00       0       0   0.00      0.00      0.00      0.00       0  ksoftirqd/1
1791503514      0        28    0.00    0.00    0.00    0.00    0.00     2      0.00      0.00       0       0   0.00      0.00      0.00      0.00       0  ksoftirqd/2
1791503514      0        34    0.00    1.00    0.00    0.00    1.00     3      0.00      0.00       0       0   0.00      0.00      0.00      0.00       0  ksoftirqd/3
1791503514      0       344    0.00    1.00    0.00    1.00    1.00     1      0.00      0.00       0       0   0.00      0.00      0.00      0.00       0  jbd2/sda1-8
1791503514      0       418    1.00    1.00    0.00    1.00    2.00     2      0.00     30.00   81540   28116   0.35      0.00    120.00      0.00       0  systemd-journal
1791503514    104       664    1.00    0.00    0.00    0.00    1.00     3      1.00      0.00  222072    4744   0.06      0.00     28.00      0.00       0  rsyslogd
1791503514      0       728    0.00    0.00    0.00    0.00    0.00     0      0.00      0.00   56244    2480   0.03      0.00      0.00      0.00       0  nginx
1791503514     33       729    8.00    9.00    0.00   24.00   17.00     3      0.00      0.00   62808   16492   0.20      0.00    544.00    440.00       0  nginx
1791503514     33       730   10.00   10.00    0.00   34.00   20.00     3      0.00      0.00   65456   19132   0.24      0.00    924.00    664.00       0  nginx
1791503514     33       731    7.00   11.00    0.00   30.00   18.00     3      0.00      0.00   63544   17284   0.21      0.00    876.00    748.00       0  nginx
1791503514     33       732   11.00   14.00    0.00   42.00   25.00     3      0.00      0.00   68436   22280   0.27      0.00   1848.00   1724.00       0  nginx
1791503514    112       737   58.00   24.00    0.00    0.00   82.00     1      2.00      0.00 2861264  717048   8.83      0.00  15988.00      0.00       0  mysqld
1791503514   1100    175933   54.00   34.00    0.00   15.00   88.00     1   2030.00      0.00 2124492   36468   0.45      0.00      0.00      0.00       0  isupipe

# Time        UID       PID    %usr %system  %guest   %wait    %CPU   CPU  minflt/s  majflt/s     VSZ     RSS   %MEM   kB_rd/s   kB_wr/s kB_ccwr/s iodelay  Command
1791503515      0        13    0.00    1.00    0.00    0.00    1.00     0      0.00      0.00       0       0   0.00      0.00      0.00      0.00       0  ksoftirqd/0
1791503515      0        22    0.00    0.00    0.00    0.00    0.00     1      0.00      0.00       0       0   0.00      0.00      0.00      0.00       0  ksoftirqd/1
1791503515      0        28    0.00    0.00    0.00    0.00    0.00     2      0.00      0.00       0       0   0.00      0.00      0.00      0.00       0  ksoftirqd/2
1791503515      0        34    0.00    1.00    0.00    0.00    1.00     3      0.00      0.00       0       0   0.00      0.00      0.00      0.00       0  ksoftirqd/3
1791503515      0       344    0.00    1.00    0.00    0.00    1.00     2      0.00      0.00       0       0   0.00      0.00      4.00      0.00       0  jbd2/sda1-8
1791503515      0       418    1.00    0.00    0.00    0.00    1.00     1      2.00    131.00   81540   28204   0.35      0.00    524.00      0.00       0  systemd-journal
1791503515    104       664    0.00    1.00    0.00    0.00    1.00     3      0.00      0.00  222072    4744   0.06      0.00     28.00      0.00       0  rsyslogd
1791503515      0       728    0.00    0.00    0.00    0.00    0.00     0      0.00      0.00   56244    2480   0.03      0.00      0.00      0.00       0  nginx
1791503515     33       729    7.00    7.00    0.00   18.00   14.00     3      0.00      0.00   62808   16492   0.20      0.00   1376.00   1276.00       0  nginx
1791503515     33       730    7.00   10.00    0.00   33.00   17.00     3      0.00      0.00   65456   19132   0.24      0.00   1412.00   1348.00       0  nginx
1791503515     33       731    6.00   10.00    0.00   31.00   16.00     0      0.00      0.00   63544   17284   0.21      0.00    620.00    464.00       0  nginx
1791503515     33       732   13.00   16.00    0.00   40.00   29.00     3      0.00      0.00   68436   22280   0.27      0.00   1292.00    992.00       0  nginx
1791503515    112       737   52.00   27.00    0.00    1.00   79.00     0      0.00      0.00 2861264  717048   8.83      0.00  12460.00      0.00       0  mysqld
1791503515   1100    175933   59.00   31.00    0.00    2.00   90.00     0   1648.00      0.00 2124492   37824   0.47      0.00      0.00      0.00       0  isupipe

# Time        UID       PID    %usr %system  %guest   %wait    %CPU   CPU  minflt/s  majflt/s     VSZ     RSS   %MEM   kB_rd/s   kB_wr/s kB_ccwr/s iodelay  Command
1791503516      0        13    0.00    0.00    0.00    0.00    0.00     0      0.00      0.00       0       0   0.00      0.00      0.00      0.00       0  ksoftirqd/0
1791503516      0        22    0.00    0.00    0.00    0.00    0.00     1      0.00      0.00       0       0   0.00      0.00      0.00      0.00       0  ksoftirqd/1
1791503516      0        28    0.00    0.00    0.00    0.00    0.00     2      0.00      0.00       0       0   0.00      0.00      0.00      0.00       0  ksoftirqd/2
1791503516      0        34    0.00    2.00    0.00    0.00    2.00     3      0.00      0.00       0       0   0.00      0.00      0.00      0.00       0  ksoftirqd/3
1791503516      0       344    0.00    1.00    0.00    0.00    1.00     2      0.00      0.00       0       0   0.00      0.00     20.00      0.00       0  jbd2/sda1-8
1791503516      0       418    2.00    1.00    0.00    0.00    3.00     2      0.00     85.00   81540   28256   0.35      0.00    340.00      0.00       0  systemd-journal
1791503516    104       664    0.00    0.00    0.00    0.00    0.00     3      0.00      0.00  222072    4744   0.06      0.00     28.00      0.00       0  rsyslogd
1791503516      0       728    0.00    0.00    0.00    0.00    0.00     0      0.00      0.00   56244    2480   0.03      0.00      0.00      0.00       0  nginx
1791503516     33       729    8.00    9.00    0.00   29.00   17.00     3      0.00      0.00   62808   16492   0.20      0.00    448.00    344.00       0  nginx
1791503516     33       730    9.00   10.00    0.00   31.00   19.00     3      0.00      0.00   65456   19132   0.24      0.00   1328.00   1224.00       0  nginx
1791503516     33       731    8.00   11.00    0.00   31.00   19.00     3      0.00      0.00   63544   17284   0.21      0.00   1232.00   1032.00       0  nginx
1791503516     33       732   12.00   14.00    0.00   40.00   26.00     3      0.00      0.00   68436   22280   0.27      8.00   1104.00    928.00       0  nginx
1791503516    112       737   51.00   25.00    0.00    0.00   76.00     2      0.00      0.00 2861264  717048   8.83      0.00  16340.00      0.00       0  mysqld
1791503516   1100    175933   47.00   44.00    0.00    4.00   91.00     1    948.00      0.00 2124492   35296   0.43      0.00      0.00      0.00       0  isupipe

# Time        UID       PID    %usr %system  %guest   %wait    %CPU   CPU  minflt/s  majflt/s     VSZ     RSS   %MEM   kB_rd/s   kB_wr/s kB_ccwr/s iodelay  Command
1791503517      0        13    0.00    0.00    0.00    0.00    0.00     0      0.00      0.00       0       0   0.00      0.00      0.00      0.00       0  ksoftirqd/0
1791503517      0        22    0.00    0.00    0.00    0.00    0.00     1      0.00      0.00       0       0   0.00      0.00      0.00      0.00       0  ksoftirqd/1
1791503517      0        28    0.00    0.00    0.00    0.00    0.00     2      0.00      0.00       0       0   0.00      0.00      0.00      0.00       0  ksoftirqd/2
1791503517      0        34    0.00    1.00    0.00    0.00    1.00     3      0.00      0.00       0       0   0.00      0.00      0.00      0.00       0  ksoftirqd/3
1791503517      0       344    0.00    1.00    0.00    0.00    1.00     3      0.00      0.00       0       0   0.00      0.00     88.00      0.00       0  jbd2/sda1-8
1791503517      0       418    1.00    0.00    0.00    1.00    1.00     0      0.00     74.00   81540   28356   0.35      0.00    296.00      0.00       0  systemd-journal
1791503517    104       664    0.00    1.00    0.00    0.00    1.00     3      0.00      0.00  222072    4744   0.06      0.00     32.00      0.00       0  rsyslogd
1791503517      0       728    0.00    0.00    0.00    0.00    0.00     0      0.00      0.00   56244    2480   0.03      0.00      0.00      0.00       0  nginx
1791503517     33       729    6.00   10.00    0.00   27.00   16.00     3     33.00      0.00   62940   16492   0.20      0.00    852.00    744.00       0  nginx
1791503517     33       730    7.00   10.00    0.00   37.00   17.00     3      0.00      0.00   65456   19132   0.24      0.00    836.00    700.00       0  nginx
1791503517     33       731   10.00    9.00    0.00   34.00   19.00     3      0.00      0.00   63544   17284   0.21      0.00   1060.00   1008.00       0  nginx
1791503517     33       732   11.00   16.00    0.00   40.00   27.00     3      0.00      0.00   68436   22280   0.27      0.00    924.00    652.00       0  nginx
1791503517    112       737   62.00   22.00    0.00    0.00   84.00     2      0.00      0.00 2861264  717048   8.83      0.00  15816.00      0.00       0  mysqld
1791503517   1100    175933   58.00   31.00    0.00   19.00   89.00     0    813.00      0.00 2124492   35424   0.44      0.00      0.00      0.00       0  isupipe

# Time        UID       PID    %usr %system  %guest   %wait    %CPU   CPU  minflt/s  majflt/s     VSZ     RSS   %MEM   kB_rd/s   kB_wr/s kB_ccwr/s iodelay  Command
1791503518      0        13    0.00    0.00    0.00    0.00    0.00     0      0.00      0.00       0       0   0.00      0.00      0.00      0.00       0  ksoftirqd/0
1791503518      0        22    0.00    0.00    0.00    0.00    0.00     1      0.00      0.00       0       0   0.00      0.00      0.00      0.00       0  ksoftirqd/1
1791503518      0        28    0.00    0.00    0.00    0.00    0.00     2      0.00      0.00       0       0   0.00      0.00      0.00      0.00       0  ksoftirqd/2
1791503518      0        34    0.00    1.00    0.00    1.00    1.00     3      0.00      0.00       0       0   0.00      0.00      0.00      0.00       0  ksoftirqd/3
1791503518      0       344    0.00    1.00    0.00    1.00    1.00     3      0.00      0.00       0       0   0.00      0.00     12.00      0.00       0  jbd2/sda1-8
1791503518      0       418    0.00    1.00    0.00    0.00    1.00     0      0.00     49.00   81540   28400   0.35      0.00    196.00      0.00       0  systemd-journal
1791503518    104       664    1.00    0.00    0.00    0.00    1.00     3      0.00      0.00  222072    4744   0.06      0.00     32.00      0.00       0  rsyslogd
1791503518      0       728    0.00    0.00    0.00    0.00    0.00     0      0.00      0.00   56244    2480   0.03      0.00      0.00      0.00       0  nginx
1791503518     33       729    8.00   10.00    0.00   20.00   18.00     3     30.00      0.00   63076   16492   0.20      0.00    552.00    420.00       0  nginx
1791503518     33       730    9.00   13.00    0.00   35.00   22.00     3      0.00      0.00   65456   19132   0.24      0.00    980.00    784.00       0  nginx
1791503518     33       731    7.00    9.00    0.00   29.00   16.00     3      0.00      0.00   63544   17284   0.21      0.00   1108.00    872.00       0  nginx
1791503518     33       732   15.00   10.00    0.00   37.00   25.00     3      0.00      0.00   68436   22280   0.27      0.00   2064.00   1912.00       0  nginx
1791503518    112       737   60.00   21.00    0.00    1.00   81.00     0      0.00      0.00 2861264  717048   8.83      0.00  12064.00      0.00       0  mysqld
1791503518   1100    175933   58.00   34.00    0.00   37.00   92.00     1   1445.00      0.00 2124492   35416   0.44      0.00      0.00      0.00       0  isupipe

# Time        UID       PID    %usr %system  %guest   %wait    %CPU   CPU  minflt/s  majflt/s     VSZ     RSS   %MEM   kB_rd/s   kB_wr/s kB_ccwr/s iodelay  Command
1791503519      0        13    0.00    0.00    0.00    0.00    0.00     0      0.00      0.00       0       0   0.00      0.00      0.00      0.00       0  ksoftirqd/0
1791503519      0        22    0.00    0.00    0.00    0.00    0.00     1      0.00      0.00       0       0   0.00      0.00      0.00      0.00       0  ksoftirqd/1
1791503519      0        28    0.00    1.00    0.00    0.00    1.00     2      0.00      0.00       0       0   0.00      0.00      0.00      0.00       0  ksoftirqd/2
1791503519      0        34    0.00    1.00    0.00    0.00    1.00     3      0.00      0.00       0       0   0.00      0.00      0.00      0.00       0  ksoftirqd/3
1791503519      0       344    0.00    1.00    0.00    0.00    1.00     0      0.00      0.00       0       0   0.00      0.00      4.00      0.00       0  jbd2/sda1-8
1791503519      0       418    1.00    0.00    0.00    0.00    1.00     2      0.00     47.00   81540   28496   0.35      0.00    188.00      0.00       0  systemd-journal
1791503519    104       664    1.00    0.00    0.00    0.00    1.00     3      0.00      0.00  222072    4744   0.06      0.00     28.00      0.00       0  rsyslogd
1791503519      0       728    0.00    0.00    0.00    0.00    0.00     0      0.00      0.00   56244    2480   0.03      0.00      0.00      0.00       0  nginx
1791503519     33       729    4.00   12.00    0.00   17.00   16.00     2      9.00      0.00   63076   16756   0.21      0.00    588.00    452.00       0  nginx
1791503519     33       730    8.00   12.00    0.00   37.00   20.00     0      0.00      0.00   65456   19132   0.24      0.00   1068.00    876.00       0  nginx
1791503519     33       731    5.00   12.00    0.00   29.00   17.00     3      0.00      0.00   63544   17284   0.21      0.00    608.00    532.00       0  nginx
1791503519     33       732   12.00   15.00    0.00   37.00   27.00     1      0.00      0.00   68436   22280   0.27      0.00   1808.00   1608.00       0  nginx
1791503519    112       737   55.00   22.00    0.00    0.00   77.00     3     24.00      0.00 2861264  717048   8.83      0.00  17476.00      0.00       0  mysqld
1791503519   1100    175933   56.00   36.00    0.00   14.00   92.00     3    694.00      0.00 2124492   35888   0.44      0.00      0.00      0.00       0  isupipe

# Time        UID       PID    %usr %system  %guest   %wait    %CPU   CPU  minflt/s  majflt/s     VSZ     RSS   %MEM   kB_rd/s   kB_wr/s kB_ccwr/s iodelay  Command
1791503520      0        13    0.00    0.00    0.00    0.00    0.00     0      0.00      0.00       0       0   0.00      0.00      0.00      0.00       0  ksoftirqd/0
1791503520      0        22    0.00    1.00    0.00    0.00    1.00     1      0.00      0.00       0       0   0.00      0.00      0.00      0.00       0  ksoftirqd/1
1791503520      0        28    0.00    0.00    0.00    0.00    0.00     2      0.00      0.00       0       0   0.00      0.00      0.00      0.00       0  ksoftirqd/2
1791503520      0        34    0.00    1.00    0.00    0.00    1.00     3      0.00      0.00       0       0   0.00      0.00      0.00      0.00       0  ksoftirqd/3
1791503520      0       344    0.00    1.00    0.00    0.00    1.00     0      0.00      0.00       0       0   0.00      0.00      4.00      0.00       0  jbd2/sda1-8
1791503520      0       418    1.00    1.00    0.00    1.00    2.00     3      0.00     45.00   81540   28560   0.35      0.00    176.00      0.00       0  systemd-journal
1791503520    104       664    0.00    0.00    0.00    0.00    0.00     3      1.00      0.00  222072    4744   0.06      0.00     24.00      0.00       0  rsyslogd
1791503520      0       728    0.00    0.00    0.00    0.00    0.00     0      0.00      0.00   56244    2480   0.03      0.00      0.00      0.00       0  nginx
1791503520     33       729    6.00    9.00    0.00   20.00   15.00     3      7.00      0.00   63076   16756   0.21      0.00    628.00    448.00       0  nginx
1791503520     33       730   11.00    9.00    0.00   37.00   20.00     0      0.00      0.00   65456   19132   0.24      0.00   1268.00   1116.00       0  nginx
1791503520     33       731    8.00    9.00    0.00   23.00   17.00     1     41.00      0.00   63680   17284   0.21      0.00    816.00    688.00       0  nginx
1791503520     33       732   14.00   12.00    0.00   39.00   26.00     3      0.00      0.00   68436   22280   0.27      0.00   1540.00   1324.00       0  nginx
1791503520    112       737   58.00   21.00    0.00    1.00   79.00     1     20.00      0.00 2861264  717048   8.83      0.00  13380.00      0.00       0  mysqld
1791503520   1100    175933   58.00   28.00    0.00   17.00   86.00     3    616.00      0.00 2124492   37100   0.46      0.00      0.00      0.00       0  isupipe

# Time        UID       PID    %usr %system  %guest   %wait    %CPU   CPU  minflt/s  majflt/s     VSZ     RSS   %MEM   kB_rd/s   kB_wr/s kB_ccwr/s iodelay  Command
1791503521      0        13    0.00    1.00    0.00    0.00    1.00     0      0.00      0.00       0       0   0.00      0.00      0.00      0.00       0  ksoftirqd/0
1791503521      0        22    0.00    0.00    0.00    0.00    0.00     1      0.00      0.00       0       0   0.00      0.00      0.00      0.00       0  ksoftirqd/1
1791503521      0        28    0.00    0.00    0.00    0.00    0.00     2      0.00      0.00       0       0   0.00      0.00      0.00      0.00       0  ksoftirqd/2
1791503521      0        34    0.00    1.00    0.00    0.00    1.00     3      0.00      0.00       0       0   0.00      0.00      0.00      0.00       0  ksoftirqd/3
1791503521      0       344    0.00    1.00    0.00    1.00    1.00     1      0.00      0.00       0       0   0.00      0.00      0.00      0.00       0  jbd2/sda1-8
1791503521      0       418    1.00    0.00    0.00    1.00    1.00     2      0.00     48.00   81540   28628   0.35      0.00    188.00      0.00       0  systemd-journal
1791503521    104       664    1.00    0.00    0.00    0.00    1.00     3      0.00      0.00  222072    4744   0.06      0.00     32.00      0.00       0  rsyslogd
1791503521      0       728    0.00    0.00    0.00    0.00    0.00     0      0.00      0.00   56244    2480   0.03      0.00      0.00      0.00       0  nginx
1791503521     33       729    6.00   11.00    0.00   22.00   17.00     3      9.00      0.00   63076   16756   0.21      0.00    984.00    968.00       0  nginx
1791503521     33       730    8.00   10.00    0.00   32.00   18.00     3      0.00      0.00   65456   19132   0.24      0.00    676.00    536.00       0  nginx
1791503521     33       731    8.00   10.00    0.00   30.00   18.00     3      0.00      0.00   63680   17284   0.21      0.00    660.00    540.00       0  nginx
1791503521     33       732   11.00   16.00    0.00   38.00   27.00     3      0.00      0.00   68436   22280   0.27      0.00   1604.00   1356.00       0  nginx
1791503521    112       737   65.00   22.00    0.00    0.00   87.00     2      2.00      0.00 2861264  717048   8.83      0.00  17248.00      0.00       0  mysqld
1791503521   1100    175933   55.00   35.00    0.00   32.00   90.00     2    645.00      0.00 2124492   36504   0.45      0.00      0.00      0.00       0  isupipe

# Time        UID       PID    %usr %system  %guest   %wait    %CPU   CPU  minflt/s  majflt/s     VSZ     RSS   %MEM   kB_rd/s   kB_wr/s kB_ccwr/s iodelay  Command
1791503522      0        13    0.00    0.00    0.00    0.00    0.00     0      0.00      0.00       0       0   0.00      0.00      0.00      0.00       0  ksoftirqd/0
1791503522      0        22    0.00    0.00    0.00    0.00    0.00     1      0.00      0.00       0       0   0.00      0.00      0.00      0.00       0  ksoftirqd/1
1791503522      0        28    0.00    0.00    0.00    0.00    0.00     2      0.00      0.00       0       0   0.00      0.00      0.00      0.00       0  ksoftirqd/2
1791503522      0        34    0.00    1.00    0.00    0.00    1.00     3      0.00      0.00       0       0   0.00      0.00      0.00      0.00       0  ksoftirqd/3
1791503522      0       344    0.00    1.00    0.00    0.00    1.00     2      0.00      0.00       0       0   0.00      0.00     76.00      0.00       0  jbd2/sda1-8
1791503522      0       418    0.00    1.00    0.00    0.00    1.00     1      1.00     39.00   81540   28804   0.35      0.00    156.00      0.00       0  systemd-journal
1791503522    104       664    0.00    0.00    0.00    0.00    0.00     3      0.00      0.00  222072    4744   0.06      0.00     32.00      0.00       0  rsyslogd
1791503522      0       728    0.00    0.00    0.00    0.00    0.00     0      0.00      0.00   56244    2480   0.03      0.00      0.00      0.00       0  nginx
1791503522     33       729    8.00    9.00    0.00   29.00   17.00     0     27.00      0.00   63220   16756   0.21      0.00    916.00    788.00       0  nginx
1791503522     33       730    8.00   13.00    0.00   43.00   21.00     0      0.00      0.00   65456   19132   0.24      0.00    944.00    776.00       0  nginx
1791503522     33       731    7.00    9.00    0.00   31.00   16.00     3     21.00      0.00   63820   17548   0.22      0.00   1420.00   1268.00       0  nginx
1791503522     33       732   14.00   12.00    0.00   47.00   26.00     1      0.00      0.00   68436   22280   0.27      0.00    936.00    676.00       0  nginx
1791503522    112       737   57.00   22.00    0.00    1.00   79.00     0      2.00      0.00 2861264  717048   8.83      0.00  13128.00      0.00       0  mysqld
1791503522   1100    175933   58.00   33.00    0.00   21.00   91.00     0   1039.00      0.00 2124492   36008   0.44      0.00      0.00      0.00       0  isupipe

# Time        UID       PID    %usr %system  %guest   %wait    %CPU   CPU  minflt/s  majflt/s     VSZ     RSS   %MEM   kB_rd/s   kB_wr/s kB_ccwr/s iodelay  Command
1791503523      0        13    0.00    0.00    0.00    0.00    0.00     0      0.00      0.00       0       0   0.00      0.00      0.00      0.00       0  ksoftirqd/0
1791503523      0        22    0.00    0.00    0.00    0.00    0.00     1      0.00      0.00       0       0   0.00      0.00      0.00      0.00       0  ksoftirqd/1
1791503523      0        28    0.00    0.00    0.00    0.00    0.00     2      0.00      0.00       0       0   0.00      0.00      0.00      0.00       0  ksoftirqd/2
1791503523      0        34    0.00    2.00    0.00    0.00    2.00     3      0.00      0.00       0       0   0.00      0.00      0.00      0.00       0  ksoftirqd/3
1791503523      0       344    0.00    2.00    0.00    0.00    2.00     2      0.00      0.00       0       0   0.00      0.00     36.00      0.00       0  jbd2/sda1-8
1791503523      0       418    0.00    1.00    0.00    1.00    1.00     3      0.00     34.00   81540   28868   0.36      0.00    136.00      0.00       0  systemd-journal
1791503523    104       664    0.00    1.00    0.00    0.00    1.00     3      0.00      0.00  222072    4744   0.06      0.00     28.00      0.00       0  rsyslogd
1791503523      0       728    0.00    0.00    0.00    0.00    0.00     0      0.00      0.00   56244    2480   0.03      0.00      0.00      0.00       0  nginx
1791503523     33       729    8.00   10.00    0.00   24.00   18.00     3     54.00      0.00   63488   17020   0.21      0.00   1060.00    952.00       0  nginx
1791503523     33       730   10.00   11.00    0.00   35.00   21.00     3      0.00      0.00   65456   19132   0.24      0.00    980.00    824.00       0  nginx
1791503523     33       731    7.00   10.00    0.00   24.00   17.00     3     37.00      0.00   63960   17548   0.22      0.00    836.00    740.00       0  nginx
1791503523     33       732   12.00   17.00    0.00   40.00   29.00     3      0.00      0.00   68436   22280   0.27      0.00   1512.00   1264.00       0  nginx
1791503523    112       737   46.00   30.00    0.00    0.00   76.00     2      0.00      0.00 2861264  717048   8.83      0.00  17208.00      0.00       0  mysqld
1791503523   1100    175933   66.00   28.00    0.00   25.00   94.00     1    617.00      0.00 2124492   36156   0.45      0.00      0.00      0.00       0  isupipe

# Time        UID       PID    %usr %system  %guest   %wait    %CPU   CPU  minflt/s  majflt/s     VSZ     RSS   %MEM   kB_rd/s   kB_wr/s kB_ccwr/s iodelay  Command
1791503524      0        13    0.00    0.00    0.00    0.00    0.00     0      0.00      0.00       0       0   0.00      0.00      0.00      0.00       0  ksoftirqd/0
1791503524      0        22    0.00    0.00    0.00    0.00    0.00     1      0.00      0.00       0       0   0.00      0.00      0.00      0.00       0  ksoftirqd/1
1791503524      0        28    0.00    1.00    0.00    0.00    1.00     2      0.00      0.00       0       0   0.00      0.00      0.00      0.00       0  ksoftirqd/2
1791503524      0        34    0.00    1.00    0.00    1.00    1.00     3      0.00      0.00       0       0   0.00      0.00      0.00      0.00       0  ksoftirqd/3
1791503524      0       344    0.00    0.00    0.00    0.00    0.00     1      0.00      0.00       0       0   0.00      0.00      4.00      0.00       0  jbd2/sda1-8
1791503524      0       418    1.00    1.00    0.00    0.00    2.00     2      0.00     28.00   81540   28868   0.36      0.00    112.00      0.00       0  systemd-journal
1791503524    104       664    0.00    0.00    0.00    0.00    0.00     3      0.00      0.00  222072    4744   0.06      0.00     20.00      0.00       0  rsyslogd
1791503524      0       728    0.00    0.00    0.00    0.00    0.00     0      0.00      0.00   56244    2480   0.03      0.00      0.00      0.00       0  nginx
1791503524     33       729    5.00    6.00    0.00   16.00   11.00     2     11.00      0.00   63488   17020   0.21      0.00    660.00    536.00       0  nginx
1791503524     33       730    5.00    8.00    0.00   30.00   13.00     1      0.00      0.00   65456   19132   0.24      0.00   1096.00    960.00       0  nginx
1791503524     33       731    5.00    7.00    0.00   23.00   12.00     1     26.00      0.00   64092   17548   0.22      0.00    956.00    840.00       0  nginx
1791503524     33       732   11.00   10.00    0.00   36.00   21.00     0      0.00      0.00   68436   22280   0.27      0.00   1136.00    888.00       0  nginx
1791503524    112       737   40.00   24.00    0.00    0.00   64.00     1      2.00      0.00 2860236  716872   8.83      0.00  12492.00      0.00       0  mysqld
1791503524   1100    175933   47.00   27.00    0.00   27.00   74.00     1    649.00      0.00 2124492   38172   0.47      0.00      0.00      0.00       0  isupipe

# Time        UID       PID    %usr %system  %guest   %wait    %CPU   CPU  minflt/s  majflt/s     VSZ     RSS   %MEM   kB_rd/s   kB_wr/s kB_ccwr/s iodelay  Command
1791503525      0        13    0.00    0.00    0.00    0.00    0.00     0      0.00      0.00       0       0   0.00      0.00      0.00      0.00       0  ksoftirqd/0
1791503525      0        22    0.00    0.00    0.00    0.00    0.00     1      0.00      0.00       0       0   0.00      0.00      0.00      0.00       0  ksoftirqd/1
1791503525      0        28    0.00    0.00    0.00    0.00    0.00     2      0.00      0.00       0       0   0.00      0.00      0.00      0.00       0  ksoftirqd/2
1791503525      0        34    0.00    1.00    0.00    0.00    1.00     3      0.00      0.00       0       0   0.00      0.00      0.00      0.00       0  ksoftirqd/3
1791503525      0       344    0.00    1.00    0.00    1.00    1.00     1      0.00      0.00       0       0   0.00      0.00      0.00      0.00       0  jbd2/sda1-8
1791503525      0       418    0.00    0.00    0.00    0.00    0.00     2      0.00      0.00   81540   28868   0.36      0.00      0.00      0.00       0  systemd-journal
1791503525    104       664    0.00    0.00    0.00    0.00    0.00     3      0.00      0.00  222072    4744   0.06      0.00      0.00      0.00       0  rsyslogd
1791503525      0       728    0.00    0.00    0.00    0.00    0.00     0      0.00      0.00   56244    2480   0.03      0.00      0.00      0.00       0  nginx
1791503525     33       729    2.00    0.00    0.00    1.00    2.00     1      0.00      0.00   63488   17020   0.21      0.00     44.00      0.00       0  nginx
1791503525     33       730    1.00    1.00    0.00    1.00    2.00     1      0.00      0.00   65456   19132   0.24      0.00      0.00      0.00       0  nginx
1791503525     33       731    2.00    0.00    0.00    0.00    2.00     2      0.00      0.00   64092   17548   0.22      0.00     68.00      0.00       0  nginx
1791503525     33       732    2.00    2.00    0.00    1.00    4.00     0      0.00      0.00   68436   22280   0.27      0.00    108.00      0.00       0  nginx
1791503525    112       737    1.00    2.00    0.00    0.00    3.00     1      0.00      0.00 2860236  716872   8.83      0.00   9280.00      0.00       0  mysqld
1791503525   1100    175933    0.00    0.00    0.00    0.00    0.00     1      0.00      0.00 2124492   38172   0.47      0.00      0.00      0.00       0  isupipe

# Time        UID       PID    %usr %system  %guest   %wait    %CPU   CPU  minflt/s  majflt/s     VSZ     RSS   %MEM   kB_rd/s   kB_wr/s kB_ccwr/s iodelay  Command
1791503526      0        13    0.00    0.00    0.00    0.00    0.00     0      0.00      0.00       0       0   0.00      0.00      0.00      0.00       0  ksoftirqd/0
1791503526      0        22    0.00    0.00    0.00    1.00    0.00     1      0.00      0.00       0       0   0.00      0.00      0.00      0.00       0  ksoftirqd/1
1791503526      0        28    0.00    0.00    0.00    0.00    0.00     2      0.00      0.00       0       0   0.00      0.00      0.00      0.00       0  ksoftirqd/2
1791503526      0        34    0.00    0.00    0.00    0.00    0.00     3      0.00      0.00       0       0   0.00      0.00      0.00      0.00       0  ksoftirqd/3
1791503526      0       344    0.00    0.00    0.00    0.00    0.00     2      0.00      0.00       0       0   0.00      0.00      0.00      0.00       0  jbd2/sda1-8
1791503526      0       418    0.00    0.00    0.00    0.00    0.00     3      0.00    186.00   81540   28960   0.36      0.00    744.00      0.00       0  systemd-journal
1791503526    104       664    0.00    0.00    0.00    0.00    0.00     3      0.00      0.00  222072    4744   0.06      0.00     12.00      0.00       0  rsyslogd
1791503526      0       728    0.00    0.00    0.00    0.00    0.00     0      0.00      0.00   56244    2480   0.03      0.00      0.00      0.00       0  nginx
1791503526     33       729    0.00    0.00    0.00    0.00    0.00     3      0.00      0.00   63488   17020   0.21      0.00      0.00      0.00       0  nginx
1791503526     33       730    0.00    0.00    0.00    0.00    0.00     1      0.00      0.00   65456   19132   0.24      0.00      0.00      0.00       0  nginx
1791503526     33       731    0.00    0.00    0.00    0.00    0.00     2      0.00      0.00   64092   17548   0.22      0.00      0.00      0.00       0  nginx
1791503526     33       732    0.00    0.00    0.00    0.00    0.00     0      0.00      0.00   68436   22280   0.27      0.00      0.00      0.00       0  nginx
1791503526    112       737    1.00    2.00    0.00    0.00    3.00     1      2.00      0.00 2860236  716872   8.83      0.00   8200.00      0.00       0  mysqld
1791503526   1100    175933    0.00    0.00    0.00    0.00    0.00     1      0.00      0.00 2124492   38172   0.47      0.00      0.00      0.00       0  isupipe
