Linux 5.15.0-198-generic (isucon13-app) 	10/08/26 	_aarch64_	(4 CPU)

# Time        UID       PID    %usr %system  %guest   %wait    %CPU   CPU  minflt/s  majflt/s     VSZ     RSS   %MEM   kB_rd/s   kB_wr/s kB_ccwr/s iodelay  Command
1791475953    112     14307    8.91   12.87    0.00    0.00   21.78     1      3.96      0.00 2878708  889904  10.96      0.00   7116.83      0.00       0  mysqld
1791475953      0     17311    0.00    0.00    0.00    0.00    0.00     1      0.00      0.00   56800   12976   0.16      0.00      0.00      0.00       0  nginx
1791475953     33     23432    0.00    0.00    0.00    0.00    0.00     2      0.00      0.00   60164   13844   0.17      0.00      0.00      0.00       0  nginx
1791475953     33     23433    0.00    0.00    0.00    0.00    0.00     3      0.00      0.00   58384   12208   0.15      0.00      0.00      0.00       0  nginx
1791475953     33     23434    0.00    0.00    0.00    0.00    0.00     3      0.00      0.00   57168   10480   0.13      0.00      0.00      0.00       0  nginx
1791475953     33     23435    0.00    0.00    0.00    0.00    0.00     1      0.00      0.00   57300   10900   0.13      0.00      0.00      0.00       0  nginx
1791475953    113    107411    0.00    0.00    0.00    0.00    0.00     2      5.94      0.00  682064   58052   0.72      0.00      0.00      0.00       0  pdns_server
1791475953   1100    114808    0.00    0.00    0.00    0.00    0.00     3     54.46      0.00 1602724    6916   0.09      0.00      0.00      0.00       0  isupipe

# Time        UID       PID    %usr %system  %guest   %wait    %CPU   CPU  minflt/s  majflt/s     VSZ     RSS   %MEM   kB_rd/s   kB_wr/s kB_ccwr/s iodelay  Command
1791475954    112     14307    7.00   11.00    0.00    0.00   18.00     1      0.00      0.00 2878708  889904  10.96      0.00  11668.00      0.00       0  mysqld
1791475954      0     17311    0.00    0.00    0.00    0.00    0.00     1      0.00      0.00   56800   12976   0.16      0.00      0.00      0.00       0  nginx
1791475954     33     23432    0.00    0.00    0.00    0.00    0.00     2      0.00      0.00   60164   13844   0.17      0.00      0.00      0.00       0  nginx
1791475954     33     23433    0.00    0.00    0.00    0.00    0.00     3      0.00      0.00   58384   12208   0.15      0.00      0.00      0.00       0  nginx
1791475954     33     23434    0.00    0.00    0.00    0.00    0.00     3      0.00      0.00   57168   10480   0.13      0.00      0.00      0.00       0  nginx
1791475954     33     23435    0.00    0.00    0.00    0.00    0.00     1      0.00      0.00   57300   10900   0.13      0.00      0.00      0.00       0  nginx
1791475954    113    107411    0.00    0.00    0.00    0.00    0.00     2      0.00      0.00  682064   58052   0.72      0.00      0.00      0.00       0  pdns_server
1791475954   1100    114808    0.00    0.00    0.00    0.00    0.00     3      0.00      0.00 1602724    6916   0.09      0.00      0.00      0.00       0  isupipe

# Time        UID       PID    %usr %system  %guest   %wait    %CPU   CPU  minflt/s  majflt/s     VSZ     RSS   %MEM   kB_rd/s   kB_wr/s kB_ccwr/s iodelay  Command
1791475955    112     14307    7.00    8.00    0.00    0.00   15.00     1      0.00      0.00 2878708  889904  10.96      0.00   5780.00      0.00       0  mysqld
1791475955      0     17311    0.00    0.00    0.00    0.00    0.00     1      0.00      0.00   56800   12976   0.16      0.00      0.00      0.00       0  nginx
1791475955     33     23432    0.00    0.00    0.00    0.00    0.00     2      0.00      0.00   60164   13844   0.17      0.00      0.00      0.00       0  nginx
1791475955     33     23433    0.00    0.00    0.00    0.00    0.00     3      0.00      0.00   58384   12208   0.15      0.00      0.00      0.00       0  nginx
1791475955     33     23434    0.00    0.00    0.00    0.00    0.00     3      0.00      0.00   57168   10480   0.13      0.00      0.00      0.00       0  nginx
1791475955     33     23435    0.00    0.00    0.00    0.00    0.00     1      0.00      0.00   57300   10900   0.13      0.00      0.00      0.00       0  nginx
1791475955    113    107411    0.00    0.00    0.00    0.00    0.00     2      0.00      0.00  682064   58052   0.72      0.00      0.00      0.00       0  pdns_server
1791475955   1100    114808    0.00    0.00    0.00    0.00    0.00     3      0.00      0.00 1602724    6916   0.09      0.00      0.00      0.00       0  isupipe

# Time        UID       PID    %usr %system  %guest   %wait    %CPU   CPU  minflt/s  majflt/s     VSZ     RSS   %MEM   kB_rd/s   kB_wr/s kB_ccwr/s iodelay  Command
1791475956    112     14307    6.00    8.00    0.00    0.00   14.00     1      0.00      0.00 2878708  889904  10.96      0.00   7576.00      0.00       0  mysqld
1791475956      0     17311    0.00    0.00    0.00    0.00    0.00     1      0.00      0.00   56800   12976   0.16      0.00      0.00      0.00       0  nginx
1791475956     33     23432    0.00    0.00    0.00    0.00    0.00     2      0.00      0.00   60164   13844   0.17      0.00      0.00      0.00       0  nginx
1791475956     33     23433    0.00    0.00    0.00    0.00    0.00     3      0.00      0.00   58384   12208   0.15      0.00      0.00      0.00       0  nginx
1791475956     33     23434    0.00    0.00    0.00    0.00    0.00     3      0.00      0.00   57168   10480   0.13      0.00      0.00      0.00       0  nginx
1791475956     33     23435    0.00    0.00    0.00    0.00    0.00     1      0.00      0.00   57300   10900   0.13      0.00      0.00      0.00       0  nginx
1791475956    113    107411    0.00    0.00    0.00    0.00    0.00     2      0.00      0.00  682064   58052   0.72      0.00      0.00      0.00       0  pdns_server
1791475956   1100    114808    0.00    0.00    0.00    0.00    0.00     3      0.00      0.00 1602724    6916   0.09      0.00      0.00      0.00       0  isupipe

# Time        UID       PID    %usr %system  %guest   %wait    %CPU   CPU  minflt/s  majflt/s     VSZ     RSS   %MEM   kB_rd/s   kB_wr/s kB_ccwr/s iodelay  Command
1791475957    112     14307   27.00    9.00    0.00    0.00   36.00     2   8076.00      0.00 2878708  886992  10.93      0.00  37820.00   2280.00       0  mysqld
1791475957      0     17311    0.00    0.00    0.00    0.00    0.00     1      0.00      0.00   56800   12976   0.16      0.00      0.00      0.00       0  nginx
1791475957     33     23432    0.00    0.00    0.00    0.00    0.00     2      0.00      0.00   60164   13844   0.17      0.00      0.00      0.00       0  nginx
1791475957     33     23433    0.00    0.00    0.00    0.00    0.00     3      0.00      0.00   58384   12208   0.15      0.00      0.00      0.00       0  nginx
1791475957     33     23434    0.00    0.00    0.00    0.00    0.00     3      0.00      0.00   57168   10480   0.13      0.00      0.00      0.00       0  nginx
1791475957     33     23435    0.00    0.00    0.00    0.00    0.00     1      0.00      0.00   57300   10900   0.13      0.00      0.00      0.00       0  nginx
1791475957    113    107411    0.00    0.00    0.00    0.00    0.00     2      0.00      0.00  682064   58052   0.72      0.00      0.00      0.00       0  pdns_server
1791475957   1100    114808    0.00    0.00    0.00    0.00    0.00     3      3.00      0.00 1602724    6916   0.09      0.00      0.00      0.00       0  isupipe

# Time        UID       PID    %usr %system  %guest   %wait    %CPU   CPU  minflt/s  majflt/s     VSZ     RSS   %MEM   kB_rd/s   kB_wr/s kB_ccwr/s iodelay  Command
1791475958    112     14307   38.00   13.00    0.00    0.00   51.00     1    693.00      0.00 2879736  888348  10.94      0.00  20536.00   1176.00       0  mysqld
1791475958      0     17311    0.00    0.00    0.00    0.00    0.00     1      0.00      0.00   56800   12976   0.16      0.00      0.00      0.00       0  nginx
1791475958     33     23432    2.00    0.00    0.00    0.00    2.00     3      0.00      0.00   60164   13844   0.17      0.00     12.00      0.00       0  nginx
1791475958     33     23433    0.00    0.00    0.00    0.00    0.00     3      0.00      0.00   58384   12208   0.15      0.00      0.00      0.00       0  nginx
1791475958     33     23434    0.00    0.00    0.00    0.00    0.00     3      0.00      0.00   57168   10480   0.13      0.00      0.00      0.00       0  nginx
1791475958     33     23435    0.00    0.00    0.00    0.00    0.00     1      0.00      0.00   57300   10900   0.13      0.00      0.00      0.00       0  nginx
1791475958    113    107411    0.00    1.00    0.00    0.00    1.00     2     12.00      0.00  682592   58052   0.72      0.00      0.00      0.00       0  pdns_server
1791475958   1100    114808    5.00   14.00    0.00    0.00   19.00     0   2097.00      0.00 1679332   13520   0.17      0.00     52.00     52.00       0  isupipe

# Time        UID       PID    %usr %system  %guest   %wait    %CPU   CPU  minflt/s  majflt/s     VSZ     RSS   %MEM   kB_rd/s   kB_wr/s kB_ccwr/s iodelay  Command
1791475959    112     14307    0.00    2.00    0.00    0.00    2.00     1      0.00      0.00 2879736  888348  10.94      0.00   3012.00     76.00       0  mysqld
1791475959      0     17311    0.00    0.00    0.00    0.00    0.00     1      0.00      0.00   56800   12976   0.16      0.00      0.00      0.00       0  nginx
1791475959     33     23432    0.00    0.00    0.00    0.00    0.00     3      0.00      0.00   60164   13844   0.17      0.00    104.00    104.00       0  nginx
1791475959     33     23433    0.00    0.00    0.00    0.00    0.00     3      0.00      0.00   58384   12208   0.15      0.00      0.00      0.00       0  nginx
1791475959     33     23434    0.00    0.00    0.00    0.00    0.00     3      0.00      0.00   57168   10480   0.13      0.00      0.00      0.00       0  nginx
1791475959     33     23435    0.00    0.00    0.00    0.00    0.00     1      0.00      0.00   57300   10900   0.13      0.00      0.00      0.00       0  nginx
1791475959    113    107411    0.00    0.00    0.00    0.00    0.00     2      0.00      0.00  682592   58052   0.72      0.00      0.00      0.00       0  pdns_server
1791475959   1100    114808    0.00    0.00    0.00    0.00    0.00     2     54.00      0.00 1679332   13772   0.17      0.00      0.00      0.00       0  isupipe

# Time        UID       PID    %usr %system  %guest   %wait    %CPU   CPU  minflt/s  majflt/s     VSZ     RSS   %MEM   kB_rd/s   kB_wr/s kB_ccwr/s iodelay  Command
1791475960    112     14307    0.00    0.99    0.00    0.00    0.99     1      0.00      0.00 2879736  888348  10.94      0.00   2344.55      0.00       0  mysqld
1791475960      0     17311    0.00    0.00    0.00    0.00    0.00     1      0.00      0.00   56800   12976   0.16      0.00      0.00      0.00       0  nginx
1791475960     33     23432    0.00    0.00    0.00    0.00    0.00     3      0.00      0.00   60164   13844   0.17      0.00      0.00      0.00       0  nginx
1791475960     33     23433    0.00    0.00    0.00    0.00    0.00     3      0.00      0.00   58384   12208   0.15      0.00      0.00      0.00       0  nginx
1791475960     33     23434    0.00    0.00    0.00    0.00    0.00     3      0.00      0.00   57168   10480   0.13      0.00      0.00      0.00       0  nginx
1791475960     33     23435    0.00    0.00    0.00    0.00    0.00     1      0.00      0.00   57300   10900   0.13      0.00      0.00      0.00       0  nginx
1791475960    113    107411    0.00    0.00    0.00    0.00    0.00     2      0.00      0.00  682592   58052   0.72      0.00      0.00      0.00       0  pdns_server
1791475960   1100    114808    0.00    0.00    0.00    0.00    0.00     2      0.00      0.00 1679332   13772   0.17      0.00      0.00      0.00       0  isupipe

# Time        UID       PID    %usr %system  %guest   %wait    %CPU   CPU  minflt/s  majflt/s     VSZ     RSS   %MEM   kB_rd/s   kB_wr/s kB_ccwr/s iodelay  Command
1791475961    112     14307    3.85    4.81    0.00    0.00    8.65     1      0.00      0.00 2879736  888348  10.94      0.00   6834.62     76.92       0  mysqld
1791475961      0     17311    0.00    0.00    0.00    0.00    0.00     1      0.00      0.00   56800   12976   0.16      0.00      0.00      0.00       0  nginx
1791475961     33     23432    0.96    0.96    0.00    0.00    1.92     3      0.00      0.00   60164   13844   0.17      0.00    111.54    100.00       0  nginx
1791475961     33     23433    0.00    0.00    0.00    0.00    0.00     3      0.00      0.00   58384   12208   0.15      0.00      0.00      0.00       0  nginx
1791475961     33     23434    0.00    0.00    0.00    0.00    0.00     3      0.00      0.00   57168   10480   0.13      0.00      0.00      0.00       0  nginx
1791475961     33     23435    0.00    0.00    0.00    0.00    0.00     1      0.00      0.00   57300   10900   0.13      0.00      0.00      0.00       0  nginx
1791475961    113    107411    0.00    0.00    0.00    0.00    0.00     2      0.00      0.00  682592   58052   0.72      0.00      0.00      0.00       0  pdns_server
1791475961   1100    114808    2.88    4.81    0.00    0.00    7.69     0    200.00      0.00 1679588   13692   0.17      0.00      0.00      0.00       0  isupipe

# Time        UID       PID    %usr %system  %guest   %wait    %CPU   CPU  minflt/s  majflt/s     VSZ     RSS   %MEM   kB_rd/s   kB_wr/s kB_ccwr/s iodelay  Command
1791475962    112     14307    0.00    2.00    0.00    0.00    2.00     1      0.00      0.00 2879736  888348  10.94      0.00   1584.00      0.00       0  mysqld
1791475962      0     17311    0.00    0.00    0.00    0.00    0.00     1      0.00      0.00   56800   12976   0.16      0.00      0.00      0.00       0  nginx
1791475962     33     23432    0.00    0.00    0.00    0.00    0.00     3      0.00      0.00   60164   13844   0.17      0.00      0.00      0.00       0  nginx
1791475962     33     23433    0.00    0.00    0.00    0.00    0.00     3      0.00      0.00   58384   12208   0.15      0.00      0.00      0.00       0  nginx
1791475962     33     23434    0.00    0.00    0.00    0.00    0.00     3      0.00      0.00   57168   10480   0.13      0.00      0.00      0.00       0  nginx
1791475962     33     23435    0.00    0.00    0.00    0.00    0.00     1      0.00      0.00   57300   10900   0.13      0.00      0.00      0.00       0  nginx
1791475962    113    107411    0.00    0.00    0.00    0.00    0.00     2      0.00      0.00  682592   58052   0.72      0.00      0.00      0.00       0  pdns_server
1791475962   1100    114808    0.00    0.00    0.00    0.00    0.00     0      0.00      0.00 1679588   13692   0.17      0.00      0.00      0.00       0  isupipe

# Time        UID       PID    %usr %system  %guest   %wait    %CPU   CPU  minflt/s  majflt/s     VSZ     RSS   %MEM   kB_rd/s   kB_wr/s kB_ccwr/s iodelay  Command
1791475963    112     14307   23.00   11.00    0.00    1.00   34.00     0      0.00      0.00 2879736  888348  10.94      0.00   2088.00    248.00       0  mysqld
1791475963      0     17311    0.00    0.00    0.00    0.00    0.00     1      0.00      0.00   56800   12976   0.16      0.00      0.00      0.00       0  nginx
1791475963     33     23432    2.00    2.00    0.00    1.00    4.00     2      0.00      0.00   60164   13844   0.17      0.00    340.00    324.00       0  nginx
1791475963     33     23433    0.00    0.00    0.00    0.00    0.00     1      0.00      0.00   58384   12208   0.15      0.00      0.00      0.00       0  nginx
1791475963     33     23434    0.00    0.00    0.00    0.00    0.00     3      0.00      0.00   57168   10480   0.13      0.00      0.00      0.00       0  nginx
1791475963     33     23435    0.00    0.00    0.00    0.00    0.00     1      0.00      0.00   57300   10900   0.13      0.00      0.00      0.00       0  nginx
1791475963    113    107411    4.00    8.00    0.00    0.00   12.00     2     11.00      0.00  682592   58052   0.72      0.00      0.00      0.00       0  pdns_server
1791475963   1100    114808   10.00    5.00    0.00    1.00   15.00     0    237.00      0.00 1753380   14340   0.18      0.00      0.00      0.00       0  isupipe

# Time        UID       PID    %usr %system  %guest   %wait    %CPU   CPU  minflt/s  majflt/s     VSZ     RSS   %MEM   kB_rd/s   kB_wr/s kB_ccwr/s iodelay  Command
1791475964    112     14307   76.00   41.00    0.00    3.00  117.00     2    158.00      0.00 2878708  888772  10.95      0.00  16756.00   1432.00       0  mysqld
1791475964      0     17311    0.00    0.00    0.00    0.00    0.00     1      0.00      0.00   56800   12976   0.16      0.00      0.00      0.00       0  nginx
1791475964     33     23432    8.00   12.00    0.00   12.00   20.00     0      0.00      0.00   60164   13844   0.17      0.00   1488.00   1232.00       0  nginx
1791475964     33     23433    3.00    2.00    0.00    3.00    5.00     1      0.00      0.00   58384   12208   0.15      0.00    384.00    368.00       0  nginx
1791475964     33     23434    0.00    0.00    0.00    0.00    0.00     3      0.00      0.00   57168   10480   0.13      0.00      0.00      0.00       0  nginx
1791475964     33     23435    0.00    0.00    0.00    0.00    0.00     1      0.00      0.00   57300   10900   0.13      0.00      0.00      0.00       0  nginx
1791475964    113    107411    7.00   16.00    0.00    0.00   23.00     2     46.00      0.00  682592   58052   0.72      0.00      0.00      0.00       0  pdns_server
1791475964   1100    114808   41.00   28.00    0.00   20.00   69.00     1   4376.00      0.00 1901220   14796   0.18      0.00      0.00      0.00       0  isupipe

# Time        UID       PID    %usr %system  %guest   %wait    %CPU   CPU  minflt/s  majflt/s     VSZ     RSS   %MEM   kB_rd/s   kB_wr/s kB_ccwr/s iodelay  Command
1791475965    112     14307   75.00   46.00    0.00    1.00  121.00     2    353.00      0.00 2883848  889760  10.96      0.00   6904.00   1152.00       0  mysqld
1791475965      0     17311    0.00    0.00    0.00    0.00    0.00     1      0.00      0.00   56800   12976   0.16      0.00      0.00      0.00       0  nginx
1791475965     33     23432    6.00   16.00    0.00   16.00   22.00     3      0.00      0.00   60164   13844   0.17      0.00    748.00    828.00       0  nginx
1791475965     33     23433    2.00    8.00    0.00    7.00   10.00     3      0.00      0.00   58384   12208   0.15      0.00    548.00    508.00       0  nginx
1791475965     33     23434    0.00    0.00    0.00    0.00    0.00     3      0.00      0.00   57168   10480   0.13      0.00      0.00      0.00       0  nginx
1791475965     33     23435    1.00    0.00    0.00    0.00    1.00     0      0.00      0.00   57300   10900   0.13      0.00    108.00    104.00       0  nginx
1791475965    113    107411   13.00   13.00    0.00    0.00   26.00     2     48.00      0.00  682592   58312   0.72      0.00      0.00      0.00       0  pdns_server
1791475965   1100    114808   36.00   38.00    0.00   32.00   74.00     3   7177.00      0.00 1901476   18308   0.23      0.00      0.00      0.00       0  isupipe

# Time        UID       PID    %usr %system  %guest   %wait    %CPU   CPU  minflt/s  majflt/s     VSZ     RSS   %MEM   kB_rd/s   kB_wr/s kB_ccwr/s iodelay  Command
1791475966    112     14307   67.00   51.00    0.00    1.00  118.00     3    190.00      0.00 2882820  889972  10.96      0.00   7176.00    908.00       0  mysqld
1791475966      0     17311    0.00    0.00    0.00    0.00    0.00     1      0.00      0.00   56800   12976   0.16      0.00      0.00      0.00       0  nginx
1791475966     33     23432    4.00   13.00    0.00   20.00   17.00     3      0.00      0.00   60164   13844   0.17      0.00    920.00    860.00       0  nginx
1791475966     33     23433    5.00    6.00    0.00   11.00   11.00     0      0.00      0.00   58384   12208   0.15      0.00    388.00    268.00       0  nginx
1791475966     33     23434    0.00    0.00    0.00    0.00    0.00     3      0.00      0.00   57168   10480   0.13      0.00      0.00      0.00       0  nginx
1791475966     33     23435    1.00    1.00    0.00    3.00    2.00     3      0.00      0.00   57300   10900   0.13      0.00      8.00      0.00       0  nginx
1791475966    113    107411   11.00   16.00    0.00    0.00   27.00     2     47.00      0.00  682592   58944   0.73      0.00      0.00      0.00       0  pdns_server
1791475966   1100    114808   36.00   35.00    0.00    5.00   71.00     1   6803.00      0.00 1975268   18836   0.23      0.00      0.00      0.00       0  isupipe

# Time        UID       PID    %usr %system  %guest   %wait    %CPU   CPU  minflt/s  majflt/s     VSZ     RSS   %MEM   kB_rd/s   kB_wr/s kB_ccwr/s iodelay  Command
1791475967    112     14307   85.00   40.00    0.00    2.00  125.00     0     24.00      0.00 2882820  890052  10.96      0.00   7348.00    916.00       0  mysqld
1791475967      0     17311    0.00    0.00    0.00    0.00    0.00     1      0.00      0.00   56800   12976   0.16      0.00      0.00      0.00       0  nginx
1791475967     33     23432    7.00   14.00    0.00   16.00   21.00     3      0.00      0.00   60164   13844   0.17      0.00   1072.00    912.00       0  nginx
1791475967     33     23433    2.00    4.00    0.00    5.00    6.00     3      0.00      0.00   58384   12208   0.15      0.00    236.00    292.00       0  nginx
1791475967     33     23434    0.00    0.00    0.00    0.00    0.00     3      0.00      0.00   57168   10480   0.13      0.00      0.00      0.00       0  nginx
1791475967     33     23435    0.00    1.00    0.00    2.00    1.00     1      0.00      0.00   57300   10900   0.13      0.00     12.00      0.00       0  nginx
1791475967    113    107411   17.00   14.00    0.00    0.00   31.00     2     68.00      0.00  682592   59464   0.73      0.00      0.00      0.00       0  pdns_server
1791475967   1100    114808   37.00   32.00    0.00    0.00   69.00     1   7609.00      0.00 2049060   17384   0.21      0.00      0.00      0.00       0  isupipe

# Time        UID       PID    %usr %system  %guest   %wait    %CPU   CPU  minflt/s  majflt/s     VSZ     RSS   %MEM   kB_rd/s   kB_wr/s kB_ccwr/s iodelay  Command
1791475968    112     14307   77.00   47.00    0.00    1.00  124.00     2     51.00      0.00 2880764  889856  10.96      0.00   6080.00    972.00       0  mysqld
1791475968      0     17311    0.00    0.00    0.00    0.00    0.00     1      0.00      0.00   56800   12976   0.16      0.00      0.00      0.00       0  nginx
1791475968     33     23432    8.00    9.00    0.00   18.00   17.00     3      0.00      0.00   60164   13844   0.17      0.00    640.00    648.00       0  nginx
1791475968     33     23433    3.00    6.00    0.00    9.00    9.00     3      0.00      0.00   58384   12208   0.15      0.00    312.00    280.00       0  nginx
1791475968     33     23434    0.00    0.00    0.00    0.00    0.00     3      0.00      0.00   57168   10480   0.13      0.00      0.00      0.00       0  nginx
1791475968     33     23435    1.00    1.00    0.00    2.00    2.00     3      0.00      0.00   57300   10900   0.13      0.00    288.00    284.00       0  nginx
1791475968    113    107411   21.00   19.00    0.00    0.00   40.00     2     80.00      0.00  682592   59728   0.74      0.00      0.00      0.00       0  pdns_server
1791475968   1100    114808   37.00   33.00    0.00   14.00   70.00     1   7942.00      0.00 2049060   18652   0.23      0.00      0.00      0.00       0  isupipe

# Time        UID       PID    %usr %system  %guest   %wait    %CPU   CPU  minflt/s  majflt/s     VSZ     RSS   %MEM   kB_rd/s   kB_wr/s kB_ccwr/s iodelay  Command
1791475969    112     14307   82.00   51.00    0.00    1.00  133.00     0    118.00      0.00 2881792  889952  10.96      0.00   6204.00    952.00       0  mysqld
1791475969      0     17311    0.00    0.00    0.00    0.00    0.00     1      0.00      0.00   56800   12976   0.16      0.00      0.00      0.00       0  nginx
1791475969     33     23432    5.00   13.00    0.00   15.00   18.00     3      0.00      0.00   60164   13844   0.17      0.00    728.00    652.00       0  nginx
1791475969     33     23433    4.00    6.00    0.00    6.00   10.00     0      0.00      0.00   58384   12208   0.15      0.00    232.00    200.00       0  nginx
1791475969     33     23434    0.00    0.00    0.00    0.00    0.00     3      0.00      0.00   57168   10480   0.13      0.00      0.00      0.00       0  nginx
1791475969     33     23435    2.00    1.00    0.00    2.00    3.00     1      0.00      0.00   57300   10900   0.13      0.00    408.00    408.00       0  nginx
1791475969    113    107411   13.00   20.00    0.00    0.00   33.00     2     71.00      0.00  682592   59992   0.74      0.00      0.00      0.00       0  pdns_server
1791475969   1100    114808   42.00   32.00    0.00   23.00   74.00     1  10991.00      0.00 2049060   16692   0.21      0.00      0.00      0.00       0  isupipe

# Time        UID       PID    %usr %system  %guest   %wait    %CPU   CPU  minflt/s  majflt/s     VSZ     RSS   %MEM   kB_rd/s   kB_wr/s kB_ccwr/s iodelay  Command
1791475970    112     14307   88.00   44.00    0.00    1.00  132.00     2    101.00      0.00 2883848  890160  10.96      0.00   7796.00    860.00       0  mysqld
1791475970      0     17311    0.00    0.00    0.00    0.00    0.00     1      0.00      0.00   56800   12976   0.16      0.00      0.00      0.00       0  nginx
1791475970     33     23432    7.00    8.00    0.00   18.00   15.00     0      0.00      0.00   60164   13844   0.17      0.00    624.00    556.00       0  nginx
1791475970     33     23433    5.00    9.00    0.00   13.00   14.00     3      0.00      0.00   58384   12208   0.15      0.00    424.00    392.00       0  nginx
1791475970     33     23434    0.00    0.00    0.00    0.00    0.00     3      0.00      0.00   57168   10480   0.13      0.00      0.00      0.00       0  nginx
1791475970     33     23435    1.00    1.00    0.00    2.00    2.00     3      9.00      0.00   57300   11152   0.14      0.00     88.00     84.00       0  nginx
1791475970    113    107411   16.00   21.00    0.00    0.00   37.00     2     79.00      0.00  682592   60256   0.74      0.00      0.00      0.00       0  pdns_server
1791475970   1100    114808   34.00   30.00    0.00   16.00   64.00     2  10853.00      0.00 2049060   17544   0.22      0.00      0.00      0.00       0  isupipe

# Time        UID       PID    %usr %system  %guest   %wait    %CPU   CPU  minflt/s  majflt/s     VSZ     RSS   %MEM   kB_rd/s   kB_wr/s kB_ccwr/s iodelay  Command
1791475971    112     14307   92.00   42.00    0.00    1.00  134.00     2    117.00      0.00 2881792  890232  10.97      0.00   6968.00    924.00       0  mysqld
1791475971      0     17311    0.00    0.00    0.00    0.00    0.00     1      0.00      0.00   56800   12976   0.16      0.00      0.00      0.00       0  nginx
1791475971     33     23432    6.00    8.00    0.00   16.00   14.00     3      0.00      0.00   60164   13844   0.17      0.00    736.00    696.00       0  nginx
1791475971     33     23433    3.00    8.00    0.00   11.00   11.00     3      1.00      0.00   58384   12208   0.15      0.00    360.00    308.00       0  nginx
1791475971     33     23434    0.00    0.00    0.00    0.00    0.00     3      0.00      0.00   57168   10480   0.13      0.00      0.00      0.00       0  nginx
1791475971     33     23435    2.00    0.00    0.00    1.00    2.00     3      5.00      0.00   57300   11152   0.14      0.00    116.00    108.00       0  nginx
1791475971    113    107411   17.00   21.00    0.00    0.00   38.00     2     90.00      0.00  682592   60520   0.75      0.00      0.00      0.00       0  pdns_server
1791475971   1100    114808   44.00   29.00    0.00   31.00   73.00     2  11684.00      0.00 2049060   17676   0.22      0.00      0.00      0.00       0  isupipe

# Time        UID       PID    %usr %system  %guest   %wait    %CPU   CPU  minflt/s  majflt/s     VSZ     RSS   %MEM   kB_rd/s   kB_wr/s kB_ccwr/s iodelay  Command
1791475972    112     14307   86.00   43.00    0.00    3.00  129.00     0     30.00      0.00 2881792  890368  10.97      0.00   5256.00    672.00       0  mysqld
1791475972      0     17311    0.00    0.00    0.00    0.00    0.00     1      0.00      0.00   56800   12976   0.16      0.00      0.00      0.00       0  nginx
1791475972     33     23432    5.00    9.00    0.00   19.00   14.00     3      0.00      0.00   60164   13844   0.17      0.00    412.00    364.00       0  nginx
1791475972     33     23433    1.00    8.00    0.00   10.00    9.00     3      0.00      0.00   58384   12208   0.15      0.00    388.00    356.00       0  nginx
1791475972     33     23434    0.00    0.00    0.00    1.00    0.00     3      0.00      0.00   57168   10480   0.13      0.00      0.00      0.00       0  nginx
1791475972     33     23435    1.00    1.00    0.00    2.00    2.00     3     41.00      0.00   57432   11152   0.14      0.00    172.00    168.00       0  nginx
1791475972    113    107411   18.00   22.00    0.00    0.00   40.00     2     94.00      0.00  682592   60784   0.75      0.00      0.00      0.00       0  pdns_server
1791475972   1100    114808   32.00   37.00    0.00   27.00   69.00     0  13197.00      0.00 2049060   23584   0.29      0.00      0.00      0.00       0  isupipe

# Time        UID       PID    %usr %system  %guest   %wait    %CPU   CPU  minflt/s  majflt/s     VSZ     RSS   %MEM   kB_rd/s   kB_wr/s kB_ccwr/s iodelay  Command
1791475973    112     14307   80.00   52.00    0.00    2.00  132.00     0     12.00      0.00 2878708  890368  10.97      0.00   6056.00    552.00       0  mysqld
1791475973      0     17311    0.00    0.00    0.00    0.00    0.00     1      0.00      0.00   56800   12976   0.16      0.00      0.00      0.00       0  nginx
1791475973     33     23432    5.00   12.00    0.00   25.00   17.00     3      0.00      0.00   60164   13844   0.17      0.00    320.00    268.00       0  nginx
1791475973     33     23433    4.00    8.00    0.00   13.00   12.00     3      0.00      0.00   58384   12208   0.15      0.00    384.00    284.00       0  nginx
1791475973     33     23434    0.00    0.00    0.00    0.00    0.00     3      0.00      0.00   57168   10480   0.13      0.00     84.00     84.00       0  nginx
1791475973     33     23435    4.00    1.00    0.00    4.00    5.00     0     13.00      0.00   57564   11416   0.14      0.00     96.00     88.00       0  nginx
1791475973    113    107411   14.00   23.00    0.00    0.00   37.00     2     77.00      0.00  682592   61048   0.75      0.00      0.00      0.00       0  pdns_server
1791475973   1100    114808   35.00   32.00    0.00   25.00   67.00     0  15627.00      0.00 2049060   22668   0.28      0.00      0.00      0.00       0  isupipe

# Time        UID       PID    %usr %system  %guest   %wait    %CPU   CPU  minflt/s  majflt/s     VSZ     RSS   %MEM   kB_rd/s   kB_wr/s kB_ccwr/s iodelay  Command
1791475974    112     14307   78.00   57.00    0.00    1.00  135.00     0     27.00      0.00 2880764  890368  10.97      0.00   7308.00    584.00       0  mysqld
1791475974      0     17311    0.00    0.00    0.00    0.00    0.00     1      0.00      0.00   56800   12976   0.16      0.00      0.00      0.00       0  nginx
1791475974     33     23432    4.00   10.00    0.00   21.00   14.00     3      0.00      0.00   60164   13844   0.17      0.00    436.00    368.00       0  nginx
1791475974     33     23433    3.00    8.00    0.00   14.00   11.00     0     19.00      0.00   58384   12208   0.15      0.00    188.00    220.00       0  nginx
1791475974     33     23434    0.00    0.00    0.00    0.00    0.00     3      0.00      0.00   57168   10480   0.13      0.00      0.00      0.00       0  nginx
1791475974     33     23435    3.00    3.00    0.00    5.00    6.00     3     15.00      0.00   57564   11416   0.14      0.00    192.00    188.00       0  nginx
1791475974    113    107411   16.00   26.00    0.00    0.00   42.00     2    104.00      0.00  682592   61312   0.76      0.00      0.00      0.00       0  pdns_server
1791475974   1100    114808   35.00   36.00    0.00   14.00   71.00     2  14932.00      0.00 2049060   23244   0.29      0.00      0.00      0.00       0  isupipe

# Time        UID       PID    %usr %system  %guest   %wait    %CPU   CPU  minflt/s  majflt/s     VSZ     RSS   %MEM   kB_rd/s   kB_wr/s kB_ccwr/s iodelay  Command
1791475975    112     14307   89.00   51.00    0.00    1.00  140.00     2    364.00      0.00 2879736  890404  10.97      0.00   7256.00    868.00       0  mysqld
1791475975      0     17311    0.00    0.00    0.00    0.00    0.00     1      0.00      0.00   56800   12976   0.16      0.00      0.00      0.00       0  nginx
1791475975     33     23432    7.00   11.00    0.00   21.00   18.00     0      0.00      0.00   60164   13844   0.17      0.00    620.00    568.00       0  nginx
1791475975     33     23433    4.00    4.00    0.00    7.00    8.00     3      0.00      0.00   58384   12208   0.15      0.00    532.00    504.00       0  nginx
1791475975     33     23434    0.00    1.00    0.00    1.00    1.00     1      0.00      0.00   57168   10480   0.13      0.00     84.00     84.00       0  nginx
1791475975     33     23435    1.00    2.00    0.00    4.00    3.00     3      0.00      0.00   57564   11416   0.14      0.00     20.00      0.00       0  nginx
1791475975    113    107411   19.00   24.00    0.00    0.00   43.00     2    102.00      0.00  682592   61840   0.76      0.00      0.00      0.00       0  pdns_server
1791475975   1100    114808   47.00   27.00    0.00   30.00   74.00     0  20695.00      0.00 2049060   22676   0.28      0.00      0.00      0.00       0  isupipe

# Time        UID       PID    %usr %system  %guest   %wait    %CPU   CPU  minflt/s  majflt/s     VSZ     RSS   %MEM   kB_rd/s   kB_wr/s kB_ccwr/s iodelay  Command
1791475976    112     14307   90.10   52.48    0.00    1.98  142.57     0     14.85      0.00 2881792  890432  10.97      0.00   6110.89    823.76       0  mysqld
1791475976      0     17311    0.00    0.00    0.00    0.00    0.00     1      0.00      0.00   56800   12976   0.16      0.00      0.00      0.00       0  nginx
1791475976     33     23432    8.91    7.92    0.00   17.82   16.83     3      0.00      0.00   60164   13844   0.17      0.00    641.58    550.50       0  nginx
1791475976     33     23433    0.99    7.92    0.00    7.92    8.91     3      2.97      0.00   58384   12208   0.15      0.00    257.43     79.21       0  nginx
1791475976     33     23434    0.00    0.99    0.00    0.00    0.99     1      0.00      0.00   57168   10480   0.13      0.00      0.00      0.00       0  nginx
1791475976     33     23435    0.00    0.99    0.00    1.98    0.99     3      0.00      0.00   57564   11416   0.14      0.00    277.23    277.23       0  nginx
1791475976    113    107411   15.84   22.77    0.00    0.00   38.61     2     36.63      0.00  682592   61840   0.76      0.00      0.00      0.00       0  pdns_server
1791475976   1100    114808   37.62   37.62    0.00   27.72   75.25     0  15421.78      0.00 2049060   17672   0.22      0.00      0.00      0.00       0  isupipe

# Time        UID       PID    %usr %system  %guest   %wait    %CPU   CPU  minflt/s  majflt/s     VSZ     RSS   %MEM   kB_rd/s   kB_wr/s kB_ccwr/s iodelay  Command
1791475977    112     14307   84.00   48.00    0.00    1.00  132.00     0    268.00      0.00 2881792  890644  10.97      0.00   5856.00    764.00       0  mysqld
1791475977      0     17311    0.00    0.00    0.00    0.00    0.00     1      0.00      0.00   56800   12976   0.16      0.00      0.00      0.00       0  nginx
1791475977     33     23432    3.00   13.00    0.00   18.00   16.00     3      0.00      0.00   60164   13844   0.17      0.00    532.00    472.00       0  nginx
1791475977     33     23433    3.00    6.00    0.00    8.00    9.00     3     12.00      0.00   58528   12208   0.15      0.00    360.00    508.00       0  nginx
1791475977     33     23434    0.00    0.00    0.00    1.00    0.00     3      0.00      0.00   57168   10480   0.13      0.00      4.00      0.00       0  nginx
1791475977     33     23435    3.00    2.00    0.00    4.00    5.00     2      0.00      0.00   57564   11416   0.14      0.00     24.00      0.00       0  nginx
1791475977    113    107411   21.00   22.00    0.00    0.00   43.00     2     25.00      0.00  682592   61840   0.76      0.00      0.00      0.00       0  pdns_server
1791475977   1100    114808   37.00   41.00    0.00   19.00   78.00     1  18435.00      0.00 2049060   17756   0.22      0.00      0.00      0.00       0  isupipe

# Time        UID       PID    %usr %system  %guest   %wait    %CPU   CPU  minflt/s  majflt/s     VSZ     RSS   %MEM   kB_rd/s   kB_wr/s kB_ccwr/s iodelay  Command
1791475978    112     14307   77.00   71.00    0.00    1.00  148.00     1     22.00      0.00 2882820  890432  10.97      0.00   7880.00    736.00       0  mysqld
1791475978      0     17311    0.00    0.00    0.00    0.00    0.00     1      0.00      0.00   56800   12976   0.16      0.00      0.00      0.00       0  nginx
1791475978     33     23432    3.00    9.00    0.00   14.00   12.00     1      0.00      0.00   60164   13844   0.17      0.00    260.00     96.00       0  nginx
1791475978     33     23433    2.00    6.00    0.00    6.00    8.00     3      4.00      0.00   58528   12208   0.15      0.00    592.00    584.00       0  nginx
1791475978     33     23434    1.00    1.00    0.00    1.00    2.00     3      0.00      0.00   57168   10480   0.13      0.00     12.00      0.00       0  nginx
1791475978     33     23435    1.00    1.00    0.00    3.00    2.00     3      0.00      0.00   57564   11416   0.14      0.00    104.00     96.00       0  nginx
1791475978    113    107411   23.00   26.00    0.00    0.00   49.00     2     27.00      0.00  682592   62104   0.76      0.00      0.00      0.00       0  pdns_server
1791475978   1100    114808   32.00   37.00    0.00    5.00   69.00     0   9830.00      0.00 2049060   19108   0.24      0.00      0.00      0.00       0  isupipe

# Time        UID       PID    %usr %system  %guest   %wait    %CPU   CPU  minflt/s  majflt/s     VSZ     RSS   %MEM   kB_rd/s   kB_wr/s kB_ccwr/s iodelay  Command
1791475979    112     14307   95.00   56.00    0.00    1.00  151.00     2    122.00      0.00 2878708  890456  10.97      0.00   7576.00    856.00       0  mysqld
1791475979      0     17311    0.00    0.00    0.00    0.00    0.00     1      0.00      0.00   56800   12976   0.16      0.00      0.00      0.00       0  nginx
1791475979     33     23432    4.00   11.00    0.00   16.00   15.00     0      0.00      0.00   60164   13844   0.17      0.00    208.00    264.00       0  nginx
1791475979     33     23433    3.00    6.00    0.00   10.00    9.00     0      6.00      0.00   58528   12208   0.15      0.00    404.00    384.00       0  nginx
1791475979     33     23434    0.00    0.00    0.00    1.00    0.00     2      0.00      0.00   57168   10480   0.13      0.00      0.00      0.00       0  nginx
1791475979     33     23435    2.00    3.00    0.00    4.00    5.00     3      1.00      0.00   57564   11416   0.14      0.00    520.00    496.00       0  nginx
1791475979    113    107411   22.00   24.00    0.00    0.00   46.00     2     22.00      0.00  682592   62104   0.76      0.00      0.00      0.00       0  pdns_server
1791475979   1100    114808   38.00   28.00    0.00   22.00   66.00     1  16600.00      0.00 2049060   24048   0.30      0.00      0.00      0.00       0  isupipe

# Time        UID       PID    %usr %system  %guest   %wait    %CPU   CPU  minflt/s  majflt/s     VSZ     RSS   %MEM   kB_rd/s   kB_wr/s kB_ccwr/s iodelay  Command
1791475980    112     14307   95.00   51.00    0.00    0.00  146.00     0     33.00      0.00 2879736  890456  10.97      0.00   6380.00    724.00       0  mysqld
1791475980      0     17311    0.00    0.00    0.00    0.00    0.00     1      0.00      0.00   56800   12976   0.16      0.00      0.00      0.00       0  nginx
1791475980     33     23432    6.00   11.00    0.00   16.00   17.00     1      0.00      0.00   60164   13844   0.17      0.00    908.00    780.00       0  nginx
1791475980     33     23433    4.00    6.00    0.00    9.00   10.00     3      2.00      0.00   58528   12208   0.15      0.00    120.00    100.00       0  nginx
1791475980     33     23434    1.00    0.00    0.00    0.00    1.00     2      0.00      0.00   57168   10480   0.13      0.00      4.00      0.00       0  nginx
1791475980     33     23435    3.00    3.00    0.00    4.00    6.00     3      2.00      0.00   57564   11416   0.14      0.00    124.00     80.00       0  nginx
1791475980    113    107411   21.00   24.00    0.00    0.00   45.00     2     22.00      0.00  682592   62104   0.76      0.00      0.00      0.00       0  pdns_server
1791475980   1100    114808   36.00   38.00    0.00   26.00   74.00     2  17557.00      0.00 2122852   25168   0.31      0.00      0.00      0.00       0  isupipe

# Time        UID       PID    %usr %system  %guest   %wait    %CPU   CPU  minflt/s  majflt/s     VSZ     RSS   %MEM   kB_rd/s   kB_wr/s kB_ccwr/s iodelay  Command
1791475981    112     14307   97.00   58.00    0.00    1.00  155.00     3     21.00      0.00 2879736  890456  10.97      0.00   7248.00    960.00       0  mysqld
1791475981      0     17311    0.00    0.00    0.00    0.00    0.00     1      0.00      0.00   56800   12976   0.16      0.00      0.00      0.00       0  nginx
1791475981     33     23432    6.00   11.00    0.00   17.00   17.00     3      0.00      0.00   60164   13844   0.17      0.00   1056.00   1016.00       0  nginx
1791475981     33     23433    6.00    4.00    0.00    8.00   10.00     3      0.00      0.00   58528   12208   0.15      0.00    108.00     80.00       0  nginx
1791475981     33     23434    1.00    1.00    0.00    1.00    2.00     1      4.00      0.00   57168   10480   0.13      0.00    112.00    104.00       0  nginx
1791475981     33     23435    1.00    2.00    0.00    4.00    3.00     3      3.00      0.00   57564   11416   0.14      0.00     12.00      0.00       0  nginx
1791475981    113    107411   23.00   21.00    0.00    0.00   44.00     2     24.00      0.00  682592   62368   0.77      0.00      0.00      0.00       0  pdns_server
1791475981   1100    114808   37.00   31.00    0.00   23.00   68.00     2  17026.00      0.00 2122852   22912   0.28      0.00      0.00      0.00       0  isupipe

# Time        UID       PID    %usr %system  %guest   %wait    %CPU   CPU  minflt/s  majflt/s     VSZ     RSS   %MEM   kB_rd/s   kB_wr/s kB_ccwr/s iodelay  Command
1791475982    112     14307   92.00   43.00    0.00    3.00  135.00     3     19.00      0.00 2882820  890456  10.97      0.00   7288.00    560.00       0  mysqld
1791475982      0     17311    0.00    0.00    0.00    0.00    0.00     1      0.00      0.00   56800   12976   0.16      0.00      0.00      0.00       0  nginx
1791475982     33     23432    7.00   10.00    0.00   20.00   17.00     3      0.00      0.00   60164   13844   0.17      0.00    476.00    500.00       0  nginx
1791475982     33     23433    5.00    6.00    0.00   16.00   11.00     3      0.00      0.00   58528   12208   0.15      0.00    308.00    188.00       0  nginx
1791475982     33     23434    1.00    1.00    0.00    3.00    2.00     0      0.00      0.00   57168   10480   0.13      0.00      0.00      0.00       0  nginx
1791475982     33     23435    0.00    2.00    0.00    3.00    2.00     3      0.00      0.00   57564   11416   0.14      0.00     12.00      0.00       0  nginx
1791475982    113    107411   18.00   18.00    0.00    0.00   36.00     2     15.00      0.00  682592   62368   0.77      0.00      0.00      0.00       0  pdns_server
1791475982   1100    114808   36.00   35.00    0.00   12.00   71.00     1  11208.00      0.00 2122852   21296   0.26      0.00      0.00      0.00       0  isupipe

# Time        UID       PID    %usr %system  %guest   %wait    %CPU   CPU  minflt/s  majflt/s     VSZ     RSS   %MEM   kB_rd/s   kB_wr/s kB_ccwr/s iodelay  Command
1791475983    112     14307   94.00   47.00    0.00    1.00  141.00     0     90.00      0.00 2878708  890456  10.97      0.00   6816.00    644.00       0  mysqld
1791475983      0     17311    0.00    0.00    0.00    0.00    0.00     1      0.00      0.00   56800   12976   0.16      0.00      0.00      0.00       0  nginx
1791475983     33     23432    5.00   12.00    0.00   26.00   17.00     2      0.00      0.00   60164   13844   0.17      0.00    440.00    332.00       0  nginx
1791475983     33     23433    4.00    9.00    0.00   13.00   13.00     3      0.00      0.00   58528   12208   0.15      0.00    276.00    344.00       0  nginx
1791475983     33     23434    0.00    2.00    0.00    1.00    2.00     3      3.00      0.00   57168   10896   0.13      0.00      0.00      0.00       0  nginx
1791475983     33     23435    2.00    1.00    0.00    3.00    3.00     3     13.00      0.00   57700   11416   0.14      0.00    172.00    164.00       0  nginx
1791475983    113    107411   18.00   24.00    0.00    0.00   42.00     2     22.00      0.00  682592   62632   0.77      0.00      0.00      0.00       0  pdns_server
1791475983   1100    114808   38.00   39.00    0.00   18.00   77.00     0  13210.00      0.00 2122852   19372   0.24      0.00      0.00      0.00       0  isupipe

# Time        UID       PID    %usr %system  %guest   %wait    %CPU   CPU  minflt/s  majflt/s     VSZ     RSS   %MEM   kB_rd/s   kB_wr/s kB_ccwr/s iodelay  Command
1791475984    112     14307   82.00   57.00    0.00    2.00  139.00     1    131.00      0.00 2880764  890680  10.97      0.00   7092.00    768.00       0  mysqld
1791475984      0     17311    0.00    0.00    0.00    0.00    0.00     1      0.00      0.00   56800   12976   0.16      0.00      0.00      0.00       0  nginx
1791475984     33     23432    7.00    5.00    0.00   19.00   12.00     3      0.00      0.00   60164   13844   0.17      0.00    524.00    536.00       0  nginx
1791475984     33     23433    2.00    9.00    0.00   19.00   11.00     3      7.00      0.00   58528   12208   0.15      0.00    148.00    104.00       0  nginx
1791475984     33     23434    0.00    1.00    0.00    3.00    1.00     3      2.00      0.00   57168   10896   0.13      0.00      4.00      0.00       0  nginx
1791475984     33     23435    3.00    3.00    0.00    5.00    6.00     3      3.00      0.00   57700   11416   0.14      0.00    296.00    288.00       0  nginx
1791475984    113    107411   18.00   21.00    0.00    0.00   39.00     2     15.00      0.00  682592   62632   0.77      0.00      0.00      0.00       0  pdns_server
1791475984   1100    114808   43.00   34.00    0.00   38.00   77.00     0  18075.00      0.00 2122852   24296   0.30      0.00      0.00      0.00       0  isupipe

# Time        UID       PID    %usr %system  %guest   %wait    %CPU   CPU  minflt/s  majflt/s     VSZ     RSS   %MEM   kB_rd/s   kB_wr/s kB_ccwr/s iodelay  Command
1791475985    112     14307   94.00   47.00    0.00    1.00  141.00     2     83.00      0.00 2878708  890628  10.97      0.00   5652.00    516.00       0  mysqld
1791475985      0     17311    0.00    0.00    0.00    0.00    0.00     1      0.00      0.00   56800   12976   0.16      0.00      0.00      0.00       0  nginx
1791475985     33     23432    4.00    6.00    0.00   19.00   10.00     3      3.00      0.00   60164   13844   0.17      0.00    640.00    544.00       0  nginx
1791475985     33     23433    3.00    7.00    0.00   18.00   10.00     3      4.00      0.00   58528   12472   0.15      0.00     28.00      0.00       0  nginx
1791475985     33     23434    1.00    3.00    0.00    6.00    4.00     3      1.00      0.00   57168   10896   0.13      0.00     80.00     68.00       0  nginx
1791475985     33     23435    2.00    4.00    0.00    9.00    6.00     3     15.00      0.00   57700   11416   0.14      0.00    104.00     72.00       0  nginx
1791475985    113    107411   17.00   26.00    0.00    0.00   43.00     2      5.00      0.00  682592   62896   0.77      0.00      0.00      0.00       0  pdns_server
1791475985   1100    114808   36.00   31.00    0.00   19.00   67.00     1  16760.00      0.00 2122852   22036   0.27      0.00      0.00      0.00       0  isupipe

# Time        UID       PID    %usr %system  %guest   %wait    %CPU   CPU  minflt/s  majflt/s     VSZ     RSS   %MEM   kB_rd/s   kB_wr/s kB_ccwr/s iodelay  Command
1791475986    112     14307   93.00   54.00    0.00    1.00  147.00     2    159.00      0.00 2878708  890628  10.97      0.00   6288.00    704.00       0  mysqld
1791475986      0     17311    0.00    0.00    0.00    0.00    0.00     1      0.00      0.00   56800   12976   0.16      0.00      0.00      0.00       0  nginx
1791475986     33     23432    8.00    7.00    0.00   19.00   15.00     3     36.00      0.00   60296   14108   0.17      0.00    636.00    660.00       0  nginx
1791475986     33     23433    4.00    5.00    0.00   13.00    9.00     3      0.00      0.00   58528   12472   0.15      0.00    296.00    268.00       0  nginx
1791475986     33     23434    0.00    2.00    0.00    3.00    2.00     3      0.00      0.00   57168   10896   0.13      0.00      0.00      0.00       0  nginx
1791475986     33     23435    2.00    3.00    0.00    7.00    5.00     3      3.00      0.00   57700   11416   0.14      0.00     12.00      0.00       0  nginx
1791475986    113    107411   21.00   24.00    0.00    0.00   45.00     2      7.00      0.00  682592   62896   0.77      0.00      0.00      0.00       0  pdns_server
1791475986   1100    114808   34.00   33.00    0.00    0.00   67.00     1  16795.00      0.00 2122852   22600   0.28      0.00      0.00      0.00       0  isupipe

# Time        UID       PID    %usr %system  %guest   %wait    %CPU   CPU  minflt/s  majflt/s     VSZ     RSS   %MEM   kB_rd/s   kB_wr/s kB_ccwr/s iodelay  Command
1791475987    112     14307   87.00   54.00    0.00    2.00  141.00     2     15.00      0.00 2878708  890628  10.97      0.00   8176.00    640.00       0  mysqld
1791475987      0     17311    0.00    0.00    0.00    0.00    0.00     1      0.00      0.00   56800   12976   0.16      0.00      0.00      0.00       0  nginx
1791475987     33     23432    4.00    7.00    0.00   14.00   11.00     3      0.00      0.00   60296   14108   0.17      0.00    188.00    160.00       0  nginx
1791475987     33     23433    3.00    7.00    0.00    9.00   10.00     3      6.00      0.00   58660   12472   0.15      0.00    356.00    328.00       0  nginx
1791475987     33     23434    1.00    1.00    0.00    1.00    2.00     2      0.00      0.00   57168   10896   0.13      0.00      4.00      0.00       0  nginx
1791475987     33     23435    1.00    5.00    0.00    5.00    6.00     3      1.00      0.00   57700   11416   0.14      0.00    308.00    156.00       0  nginx
1791475987    113    107411   23.00   21.00    0.00    0.00   44.00     2      7.00      0.00  682592   62896   0.77      0.00      0.00      0.00       0  pdns_server
1791475987   1100    114808   36.00   31.00    0.00    1.00   67.00     0  16320.00      0.00 2122852   23772   0.29      0.00      0.00      0.00       0  isupipe

# Time        UID       PID    %usr %system  %guest   %wait    %CPU   CPU  minflt/s  majflt/s     VSZ     RSS   %MEM   kB_rd/s   kB_wr/s kB_ccwr/s iodelay  Command
1791475988    112     14307   98.00   54.00    0.00    0.00  152.00     0     55.00      0.00 2882820  890628  10.97      0.00   7712.00    884.00       0  mysqld
1791475988      0     17311    0.00    0.00    0.00    0.00    0.00     1      0.00      0.00   56800   12976   0.16      0.00      0.00      0.00       0  nginx
1791475988     33     23432    5.00   10.00    0.00   20.00   15.00     3     40.00      0.00   60432   14372   0.18      0.00    276.00    252.00       0  nginx
1791475988     33     23433    1.00    6.00    0.00   14.00    7.00     3      1.00      0.00   58660   12472   0.15      0.00    548.00    396.00       0  nginx
1791475988     33     23434    1.00    0.00    0.00    2.00    1.00     3      6.00      0.00   57168   10896   0.13      0.00    172.00    172.00       0  nginx
1791475988     33     23435    1.00    3.00    0.00    6.00    4.00     3      2.00      0.00   57700   11416   0.14      0.00    108.00    212.00       0  nginx
1791475988    113    107411   25.00   24.00    0.00    0.00   49.00     2      8.00      0.00  682592   62896   0.77      0.00      0.00      0.00       0  pdns_server
1791475988   1100    114808   36.00   27.00    0.00   27.00   63.00     2  22842.00      0.00 2122852   29816   0.37      0.00      0.00      0.00       0  isupipe

# Time        UID       PID    %usr %system  %guest   %wait    %CPU   CPU  minflt/s  majflt/s     VSZ     RSS   %MEM   kB_rd/s   kB_wr/s kB_ccwr/s iodelay  Command
1791475989    112     14307   88.00   53.00    0.00    2.00  141.00     1      6.00      0.00 2879736  890628  10.97      0.00  11576.00    832.00       0  mysqld
1791475989      0     17311    0.00    0.00    0.00    0.00    0.00     1      0.00      0.00   56800   12976   0.16      0.00      0.00      0.00       0  nginx
1791475989     33     23432    6.00    8.00    0.00   20.00   14.00     3      7.00      0.00   60432   14372   0.18      0.00    584.00    548.00       0  nginx
1791475989     33     23433    4.00    6.00    0.00    8.00   10.00     3      8.00      0.00   58660   12472   0.15      0.00    336.00    416.00       0  nginx
1791475989     33     23434    0.00    1.00    0.00    1.00    1.00     3      0.00      0.00   57168   10896   0.13      0.00      4.00      0.00       0  nginx
1791475989     33     23435    2.00    4.00    0.00    8.00    6.00     3      0.00      0.00   57700   11416   0.14      0.00     80.00     68.00       0  nginx
1791475989    113    107411   17.00   23.00    0.00    0.00   40.00     2      9.00      0.00  682592   62896   0.77      0.00      0.00      0.00       0  pdns_server
1791475989   1100    114808   37.00   29.00    0.00   32.00   66.00     2  16038.00      0.00 2122852   26812   0.33      0.00      0.00      0.00       0  isupipe

# Time        UID       PID    %usr %system  %guest   %wait    %CPU   CPU  minflt/s  majflt/s     VSZ     RSS   %MEM   kB_rd/s   kB_wr/s kB_ccwr/s iodelay  Command
1791475990    112     14307   88.00   52.00    0.00    2.00  140.00     1      6.00      0.00 2879736  890688  10.97      0.00   6480.00    800.00       0  mysqld
1791475990      0     17311    0.00    0.00    0.00    0.00    0.00     1      0.00      0.00   56800   12976   0.16      0.00      0.00      0.00       0  nginx
1791475990     33     23432    6.00   10.00    0.00   18.00   16.00     3      0.00      0.00   60432   14372   0.18      0.00    584.00    544.00       0  nginx
1791475990     33     23433    4.00    5.00    0.00    9.00    9.00     3     45.00      0.00   58792   12472   0.15      0.00    244.00    216.00       0  nginx
1791475990     33     23434    0.00    0.00    0.00    1.00    0.00     3      0.00      0.00   57168   10896   0.13      0.00    104.00    100.00       0  nginx
1791475990     33     23435    1.00    5.00    0.00    6.00    6.00     3      0.00      0.00   57700   11416   0.14      0.00     16.00      0.00       0  nginx
1791475990    113    107411   22.00   19.00    0.00    0.00   41.00     2      8.00      0.00  682592   62896   0.77      0.00      0.00      0.00       0  pdns_server
1791475990   1100    114808   38.00   28.00    0.00   14.00   66.00     0  20208.00      0.00 2122852   26236   0.32      0.00      0.00      0.00       0  isupipe

# Time        UID       PID    %usr %system  %guest   %wait    %CPU   CPU  minflt/s  majflt/s     VSZ     RSS   %MEM   kB_rd/s   kB_wr/s kB_ccwr/s iodelay  Command
1791475991    112     14307   89.00   61.00    0.00    1.00  150.00     1     18.00      0.00 2879736  890688  10.97      0.00   6164.00    608.00       0  mysqld
1791475991      0     17311    0.00    0.00    0.00    0.00    0.00     1      0.00      0.00   56800   12976   0.16      0.00      0.00      0.00       0  nginx
1791475991     33     23432    3.00   11.00    0.00   20.00   14.00     3      1.00      0.00   60432   14372   0.18      0.00    792.00    728.00       0  nginx
1791475991     33     23433    2.00    7.00    0.00   10.00    9.00     3     41.00      0.00   58924   12736   0.16      0.00    100.00     72.00       0  nginx
1791475991     33     23434    0.00    0.00    0.00    0.00    0.00     3      0.00      0.00   57168   10896   0.13      0.00      0.00      0.00       0  nginx
1791475991     33     23435    1.00    2.00    0.00    5.00    3.00     3      0.00      0.00   57700   11416   0.14      0.00      8.00      0.00       0  nginx
1791475991    113    107411   23.00   22.00    0.00    0.00   45.00     2      6.00      0.00  682592   62896   0.77      0.00      0.00      0.00       0  pdns_server
1791475991   1100    114808   36.00   30.00    0.00    0.00   66.00     0  14082.00      0.00 2122852   24520   0.30      0.00      0.00      0.00       0  isupipe
1791475991   1100    121390    0.00    0.00    0.00    0.00    0.00     1      0.00      0.00 2122852   24520   0.30      0.00      0.00      0.00       0  isupipe

# Time        UID       PID    %usr %system  %guest   %wait    %CPU   CPU  minflt/s  majflt/s     VSZ     RSS   %MEM   kB_rd/s   kB_wr/s kB_ccwr/s iodelay  Command
1791475992    112     14307  105.00   48.00    0.00    1.00  153.00     1    102.00      0.00 2880764  890904  10.97      0.00   5952.00    644.00       0  mysqld
1791475992      0     17311    0.00    0.00    0.00    0.00    0.00     1      0.00      0.00   56800   12976   0.16      0.00      0.00      0.00       0  nginx
1791475992     33     23432    6.00    8.00    0.00   16.00   14.00     2      0.00      0.00   60432   14372   0.18      0.00    488.00    376.00       0  nginx
1791475992     33     23433    4.00    7.00    0.00   14.00   11.00     3      7.00      0.00   59068   12736   0.16      0.00    276.00    252.00       0  nginx
1791475992     33     23434    0.00    0.00    0.00    0.00    0.00     3      0.00      0.00   57168   10896   0.13      0.00      0.00      0.00       0  nginx
1791475992     33     23435    1.00    3.00    0.00    3.00    4.00     0      0.00      0.00   57700   11416   0.14      0.00    104.00     88.00       0  nginx
1791475992    113    107411   20.00   28.00    0.00    0.00   48.00     2      7.00      0.00  682592   62896   0.77      0.00      0.00      0.00       0  pdns_server
1791475992   1100    114808   34.00   33.00    0.00   20.00   67.00     2  13871.00      0.00 2123108   18424   0.23      0.00      0.00      0.00       0  isupipe

# Time        UID       PID    %usr %system  %guest   %wait    %CPU   CPU  minflt/s  majflt/s     VSZ     RSS   %MEM   kB_rd/s   kB_wr/s kB_ccwr/s iodelay  Command
1791475993    112     14307   92.00   52.00    0.00    3.00  144.00     3      9.00      0.00 2879736  890688  10.97      0.00   5936.00    516.00       0  mysqld
1791475993      0     17311    0.00    0.00    0.00    0.00    0.00     1      0.00      0.00   56800   12976   0.16      0.00      0.00      0.00       0  nginx
1791475993     33     23432    3.00    9.00    0.00   15.00   12.00     3      0.00      0.00   60432   14372   0.18      0.00    616.00    644.00       0  nginx
1791475993     33     23433    3.00    8.00    0.00   11.00   11.00     0      3.00      0.00   59068   12736   0.16      0.00    140.00    100.00       0  nginx
1791475993     33     23434    0.00    1.00    0.00    1.00    1.00     0      2.00      0.00   57168   10896   0.13      0.00      0.00      0.00       0  nginx
1791475993     33     23435    3.00    2.00    0.00    6.00    5.00     3     14.00      0.00   57832   11680   0.14      0.00     12.00      0.00       0  nginx
1791475993    113    107411   19.00   16.00    0.00    0.00   35.00     2      3.00      0.00  682592   62896   0.77      0.00      0.00      0.00       0  pdns_server
1791475993   1100    114808   35.00   34.00    0.00   27.00   69.00     0  17328.00      0.00 2123108   25548   0.31      0.00      0.00      0.00       0  isupipe

# Time        UID       PID    %usr %system  %guest   %wait    %CPU   CPU  minflt/s  majflt/s     VSZ     RSS   %MEM   kB_rd/s   kB_wr/s kB_ccwr/s iodelay  Command
1791475994    112     14307   90.00   53.00    0.00    1.00  143.00     0    109.00      0.00 2880764  890688  10.97      0.00   6488.00    720.00       0  mysqld
1791475994      0     17311    0.00    0.00    0.00    0.00    0.00     1      0.00      0.00   56800   12976   0.16      0.00      0.00      0.00       0  nginx
1791475994     33     23432    6.00   10.00    0.00   15.00   16.00     0     48.00      0.00   60704   14372   0.18      0.00    692.00    628.00       0  nginx
1791475994     33     23433    4.00    3.00    0.00    8.00    7.00     3      0.00      0.00   59068   12736   0.16      0.00    120.00     96.00       0  nginx
1791475994     33     23434    0.00    0.00    0.00    0.00    0.00     0      0.00      0.00   57168   10896   0.13      0.00     72.00     72.00       0  nginx
1791475994     33     23435    0.00    4.00    0.00    4.00    4.00     3      0.00      0.00   57832   11680   0.14      0.00     92.00     80.00       0  nginx
1791475994    113    107411   24.00   24.00    0.00    0.00   48.00     2      3.00      0.00  682592   62896   0.77      0.00      0.00      0.00       0  pdns_server
1791475994   1100    114808   42.00   27.00    0.00    0.00   69.00     0  17596.00      0.00 2123108   26080   0.32      0.00      0.00      0.00       0  isupipe

# Time        UID       PID    %usr %system  %guest   %wait    %CPU   CPU  minflt/s  majflt/s     VSZ     RSS   %MEM   kB_rd/s   kB_wr/s kB_ccwr/s iodelay  Command
1791475995    112     14307   90.00   45.00    0.00    2.00  135.00     0     15.00      0.00 2879736  890688  10.97      0.00   6668.00    824.00       0  mysqld
1791475995      0     17311    0.00    0.00    0.00    0.00    0.00     1      0.00      0.00   56800   12976   0.16      0.00      0.00      0.00       0  nginx
1791475995     33     23432    6.00   11.00    0.00   18.00   17.00     3     45.00      0.00   60836   14636   0.18      0.00    596.00    532.00       0  nginx
1791475995     33     23433    4.00    6.00    0.00    9.00   10.00     3      2.00      0.00   59068   12736   0.16      0.00    428.00    388.00       0  nginx
1791475995     33     23434    0.00    0.00    0.00    0.00    0.00     0      0.00      0.00   57168   10896   0.13      0.00      0.00      0.00       0  nginx
1791475995     33     23435    3.00    0.00    0.00    2.00    3.00     3      0.00      0.00   57832   11680   0.14      0.00     64.00     64.00       0  nginx
1791475995    113    107411   23.00   28.00    0.00    0.00   51.00     2      6.00      0.00  682592   62896   0.77      0.00      0.00      0.00       0  pdns_server
1791475995   1100    114808   35.00   35.00    0.00    0.00   70.00     0  17479.00      0.00 2123108   18648   0.23      0.00      0.00      0.00       0  isupipe

# Time        UID       PID    %usr %system  %guest   %wait    %CPU   CPU  minflt/s  majflt/s     VSZ     RSS   %MEM   kB_rd/s   kB_wr/s kB_ccwr/s iodelay  Command
1791475996    112     14307   87.00   49.00    0.00    2.00  136.00     1    170.00      0.00 2880764  890884  10.97      0.00   6088.00    708.00       0  mysqld
1791475996      0     17311    0.00    0.00    0.00    0.00    0.00     1      0.00      0.00   56800   12976   0.16      0.00      0.00      0.00       0  nginx
1791475996     33     23432    4.00   10.00    0.00   17.00   14.00     3      0.00      0.00   60836   14636   0.18      0.00    600.00    548.00       0  nginx
1791475996     33     23433    3.00    6.00    0.00   13.00    9.00     3      5.00      0.00   59068   12736   0.16      0.00    400.00    376.00       0  nginx
1791475996     33     23434    1.00    0.00    0.00    0.00    1.00     0      2.00      0.00   57168   10896   0.13      0.00      0.00      0.00       0  nginx
1791475996     33     23435    2.00    1.00    0.00    3.00    3.00     2      4.00      0.00   57832   11680   0.14      0.00      8.00      0.00       0  nginx
1791475996    113    107411   23.00   25.00    0.00    0.00   48.00     2      6.00      0.00  682592   63160   0.78      0.00      0.00      0.00       0  pdns_server
1791475996   1100    114808   36.00   35.00    0.00    0.00   71.00     0  15921.00      0.00 2123108   17812   0.22      0.00      0.00      0.00       0  isupipe

# Time        UID       PID    %usr %system  %guest   %wait    %CPU   CPU  minflt/s  majflt/s     VSZ     RSS   %MEM   kB_rd/s   kB_wr/s kB_ccwr/s iodelay  Command
1791475997    112     14307   85.00   49.00    0.00    2.00  134.00     0     12.00      0.00 2880764  890688  10.97      0.00   5800.00    604.00       0  mysqld
1791475997      0     17311    0.00    0.00    0.00    0.00    0.00     1      0.00      0.00   56800   12976   0.16      0.00      0.00      0.00       0  nginx
1791475997     33     23432    6.00    9.00    0.00   18.00   15.00     3      0.00      0.00   60836   14636   0.18      0.00    520.00    472.00       0  nginx
1791475997     33     23433    4.00    7.00    0.00   12.00   11.00     3      0.00      0.00   59068   12736   0.16      0.00    204.00    116.00       0  nginx
1791475997     33     23434    0.00    1.00    0.00    2.00    1.00     3      0.00      0.00   57168   10896   0.13      0.00      0.00      0.00       0  nginx
1791475997     33     23435    2.00    2.00    0.00    3.00    4.00     3      8.00      0.00   57832   11680   0.14      0.00    220.00    212.00       0  nginx
1791475997    113    107411   22.00   25.00    0.00    0.00   47.00     2      4.00      0.00  682592   63160   0.78      0.00      0.00      0.00       0  pdns_server
1791475997   1100    114808   30.00   38.00    0.00    0.00   68.00     0  14544.00      0.00 2123108   25008   0.31      0.00      0.00      0.00       0  isupipe

# Time        UID       PID    %usr %system  %guest   %wait    %CPU   CPU  minflt/s  majflt/s     VSZ     RSS   %MEM   kB_rd/s   kB_wr/s kB_ccwr/s iodelay  Command
1791475998    112     14307   78.00   56.00    0.00    3.00  134.00     1      9.00      0.00 2879736  890688  10.97      0.00   7036.00    704.00       0  mysqld
1791475998      0     17311    0.00    0.00    0.00    0.00    0.00     1      0.00      0.00   56800   12976   0.16      0.00      0.00      0.00       0  nginx
1791475998     33     23432    6.00    9.00    0.00   24.00   15.00     3      0.00      0.00   60836   14636   0.18      0.00    588.00    432.00       0  nginx
1791475998     33     23433    4.00    4.00    0.00   14.00    8.00     3      0.00      0.00   59068   12736   0.16      0.00    384.00    428.00       0  nginx
1791475998     33     23434    1.00    1.00    0.00    3.00    2.00     3      1.00      0.00   57168   10896   0.13      0.00    104.00    104.00       0  nginx
1791475998     33     23435    4.00    2.00    0.00    9.00    6.00     0     18.00      0.00   57964   11680   0.14      0.00     16.00      0.00       0  nginx
1791475998    113    107411   23.00   25.00    0.00    0.00   48.00     2      3.00      0.00  682592   63160   0.78      0.00      0.00      0.00       0  pdns_server
1791475998   1100    114808   40.00   34.00    0.00    0.00   74.00     0  13722.00      0.00 2123108   22584   0.28      0.00      0.00      0.00       0  isupipe
1791475998   1100    121611    0.00    0.00    0.00    0.00    0.00     2      1.00      0.00 2123108   22584   0.28      0.00      0.00      0.00       0  isupipe

# Time        UID       PID    %usr %system  %guest   %wait    %CPU   CPU  minflt/s  majflt/s     VSZ     RSS   %MEM   kB_rd/s   kB_wr/s kB_ccwr/s iodelay  Command
1791475999    112     14307   82.00   48.00    0.00    1.00  130.00     0     12.00      0.00 2878708  890688  10.97      0.00   7380.00    764.00       0  mysqld
1791475999      0     17311    0.00    0.00    0.00    0.00    0.00     1      0.00      0.00   56800   12976   0.16      0.00      0.00      0.00       0  nginx
1791475999     33     23432    8.00   12.00    0.00   20.00   20.00     3      0.00      0.00   60836   14636   0.18      0.00    564.00    608.00       0  nginx
1791475999     33     23433    5.00    4.00    0.00    6.00    9.00     3      0.00      0.00   59068   12736   0.16      0.00    348.00    320.00       0  nginx
1791475999     33     23434    0.00    0.00    0.00    0.00    0.00     3      0.00      0.00   57168   10896   0.13      0.00      0.00      0.00       0  nginx
1791475999     33     23435    1.00    1.00    0.00    4.00    2.00     3      0.00      0.00   57964   11680   0.14      0.00     84.00     80.00       0  nginx
1791475999    113    107411   23.00   18.00    0.00    0.00   41.00     2      3.00      0.00  682592   63160   0.78      0.00      0.00      0.00       0  pdns_server
1791475999   1100    114808   42.00   32.00    0.00    0.00   74.00     0  18473.00      0.00 2123108   18712   0.23      0.00      0.00      0.00       0  isupipe

# Time        UID       PID    %usr %system  %guest   %wait    %CPU   CPU  minflt/s  majflt/s     VSZ     RSS   %MEM   kB_rd/s   kB_wr/s kB_ccwr/s iodelay  Command
1791476000    112     14307   71.00   56.00    0.00    1.00  127.00     1     12.00      0.00 2879736  890688  10.97      0.00   6216.00    696.00       0  mysqld
1791476000      0     17311    0.00    0.00    0.00    0.00    0.00     1      0.00      0.00   56800   12976   0.16      0.00      0.00      0.00       0  nginx
1791476000     33     23432    8.00    8.00    0.00   21.00   16.00     3      0.00      0.00   60836   14636   0.18      0.00    336.00    272.00       0  nginx
1791476000     33     23433    5.00    6.00    0.00   11.00   11.00     3      0.00      0.00   59068   12736   0.16      0.00    252.00    236.00       0  nginx
1791476000     33     23434    1.00    1.00    0.00    1.00    2.00     0      1.00      0.00   57168   10896   0.13      0.00      0.00      0.00       0  nginx
1791476000     33     23435    2.00    4.00    0.00    3.00    6.00     3      0.00      0.00   57964   11680   0.14      0.00    432.00    420.00       0  nginx
1791476000    113    107411   20.00   20.00    0.00    0.00   40.00     2      3.00      0.00  682592   63160   0.78      0.00      0.00      0.00       0  pdns_server
1791476000   1100    114808   36.00   38.00    0.00    0.00   74.00     0  15709.00      0.00 2123108   20216   0.25      0.00      0.00      0.00       0  isupipe

# Time        UID       PID    %usr %system  %guest   %wait    %CPU   CPU  minflt/s  majflt/s     VSZ     RSS   %MEM   kB_rd/s   kB_wr/s kB_ccwr/s iodelay  Command
1791476001    112     14307   75.00   51.00    0.00    2.00  126.00     2     83.00      0.00 2878708  890688  10.97      0.00   8248.00    928.00       0  mysqld
1791476001      0     17311    0.00    0.00    0.00    0.00    0.00     1      0.00      0.00   56800   12976   0.16      0.00      0.00      0.00       0  nginx
1791476001     33     23432    6.00    9.00    0.00   20.00   15.00     3      0.00      0.00   60836   14636   0.18      0.00    664.00    620.00       0  nginx
1791476001     33     23433    4.00    4.00    0.00   10.00    8.00     3      0.00      0.00   59068   12736   0.16      0.00    180.00    160.00       0  nginx
1791476001     33     23434    0.00    1.00    0.00    2.00    1.00     3     19.00      0.00   57168   10896   0.13      0.00    136.00    132.00       0  nginx
1791476001     33     23435    3.00    3.00    0.00    7.00    6.00     3      5.00      0.00   57964   11680   0.14      0.00    220.00    192.00       0  nginx
1791476001    113    107411   19.00   21.00    0.00    0.00   40.00     2      3.00      0.00  682592   63160   0.78      0.00      0.00      0.00       0  pdns_server
1791476001   1100    114808   42.00   31.00    0.00    0.00   73.00     0  21350.00      0.00 2123108   20252   0.25      0.00      0.00      0.00       0  isupipe

# Time        UID       PID    %usr %system  %guest   %wait    %CPU   CPU  minflt/s  majflt/s     VSZ     RSS   %MEM   kB_rd/s   kB_wr/s kB_ccwr/s iodelay  Command
1791476002    112     14307   90.00   44.00    0.00    2.00  134.00     1      9.00      0.00 2880764  890688  10.97      0.00   7700.00    520.00       0  mysqld
1791476002      0     17311    0.00    0.00    0.00    0.00    0.00     1      0.00      0.00   56800   12976   0.16      0.00      0.00      0.00       0  nginx
1791476002     33     23432    7.00    9.00    0.00   19.00   16.00     3      0.00      0.00   60836   14636   0.18      0.00    640.00    600.00       0  nginx
1791476002     33     23433    4.00    5.00    0.00    8.00    9.00     3      0.00      0.00   59068   12736   0.16      0.00     32.00      0.00       0  nginx
1791476002     33     23434    1.00    1.00    0.00    1.00    2.00     3      0.00      0.00   57168   10896   0.13      0.00      0.00      0.00       0  nginx
1791476002     33     23435    2.00    3.00    0.00    4.00    5.00     3     16.00      0.00   57964   11680   0.14      0.00    108.00     92.00       0  nginx
1791476002    113    107411   17.00   29.00    0.00    0.00   46.00     2      2.00      0.00  682592   63160   0.78      0.00      0.00      0.00       0  pdns_server
1791476002   1100    114808   39.00   32.00    0.00    0.00   71.00     0  19554.00      0.00 2123108   30988   0.38      0.00      0.00      0.00       0  isupipe

# Time        UID       PID    %usr %system  %guest   %wait    %CPU   CPU  minflt/s  majflt/s     VSZ     RSS   %MEM   kB_rd/s   kB_wr/s kB_ccwr/s iodelay  Command
1791476003    112     14307   80.00   51.00    0.00    3.00  131.00     1      9.00      0.00 2878708  890688  10.97      0.00  10212.00    732.00       0  mysqld
1791476003      0     17311    0.00    0.00    0.00    0.00    0.00     1      0.00      0.00   56800   12976   0.16      0.00      0.00      0.00       0  nginx
1791476003     33     23432    5.00   10.00    0.00   19.00   15.00     0      0.00      0.00   60836   14636   0.18      0.00    716.00    648.00       0  nginx
1791476003     33     23433    5.00    7.00    0.00   10.00   12.00     3      5.00      0.00   59068   12736   0.16      0.00    120.00     96.00       0  nginx
1791476003     33     23434    0.00    0.00    0.00    1.00    0.00     0      2.00      0.00   57168   10896   0.13      0.00      4.00      0.00       0  nginx
1791476003     33     23435    2.00    3.00    0.00    5.00    5.00     3      0.00      0.00   57964   11680   0.14      0.00    156.00    156.00       0  nginx
1791476003    113    107411   26.00   23.00    0.00    0.00   49.00     2      3.00      0.00  682592   63160   0.78      0.00      0.00      0.00       0  pdns_server
1791476003   1100    114808   37.00   36.00    0.00    0.00   73.00     0  15601.00      0.00 2123108   19292   0.24      0.00      0.00      0.00       0  isupipe

# Time        UID       PID    %usr %system  %guest   %wait    %CPU   CPU  minflt/s  majflt/s     VSZ     RSS   %MEM   kB_rd/s   kB_wr/s kB_ccwr/s iodelay  Command
1791476004    112     14307   81.00   45.00    0.00    4.00  126.00     1     22.00      0.00 2880764  890688  10.97      0.00   6320.00    700.00       0  mysqld
1791476004      0     17311    0.00    0.00    0.00    0.00    0.00     1      0.00      0.00   56800   12976   0.16      0.00      0.00      0.00       0  nginx
1791476004     33     23432    5.00   12.00    0.00   22.00   17.00     3      0.00      0.00   60836   14636   0.18      0.00    576.00    532.00       0  nginx
1791476004     33     23433    5.00    6.00    0.00   10.00   11.00     3     16.00      0.00   59068   13000   0.16      0.00    264.00    228.00       0  nginx
1791476004     33     23434    1.00    2.00    0.00    1.00    3.00     3      6.00      0.00   57168   10896   0.13      0.00    152.00    152.00       0  nginx
1791476004     33     23435    4.00    3.00    0.00    5.00    7.00     3      0.00      0.00   57964   11680   0.14      0.00     24.00      0.00       0  nginx
1791476004    113    107411   21.00   17.00    0.00    0.00   38.00     2      2.00      0.00  682592   63160   0.78      0.00      0.00      0.00       0  pdns_server
1791476004   1100    114808   45.00   31.00    0.00    0.00   76.00     0  18989.00      0.00 2123108   16412   0.20      0.00      0.00      0.00       0  isupipe

# Time        UID       PID    %usr %system  %guest   %wait    %CPU   CPU  minflt/s  majflt/s     VSZ     RSS   %MEM   kB_rd/s   kB_wr/s kB_ccwr/s iodelay  Command
1791476005    112     14307   86.00   53.00    0.00    2.00  139.00     1    550.00      0.00 2879736  891484  10.98      0.00  13712.00    792.00       0  mysqld
1791476005      0     17311    0.00    0.00    0.00    0.00    0.00     1      0.00      0.00   56800   12976   0.16      0.00      0.00      0.00       0  nginx
1791476005     33     23432    5.00    8.00    0.00   18.00   13.00     3      0.00      0.00   60836   14636   0.18      0.00    376.00    352.00       0  nginx
1791476005     33     23433    4.00    7.00    0.00   13.00   11.00     1      0.00      0.00   59068   13000   0.16      0.00    280.00    256.00       0  nginx
1791476005     33     23434    1.00    3.00    0.00    5.00    4.00     3     18.00      0.00   57300   10896   0.13      0.00    216.00    192.00       0  nginx
1791476005     33     23435    1.00    4.00    0.00    6.00    5.00     1      0.00      0.00   57964   11680   0.14      0.00    156.00    136.00       0  nginx
1791476005    113    107411   24.00   27.00    0.00    0.00   51.00     2      2.00      0.00  682592   63160   0.78      0.00      0.00      0.00       0  pdns_server
1791476005   1100    114808   39.00   36.00    0.00    0.00   75.00     0  17940.00      0.00 2123108   24584   0.30      0.00      0.00      0.00       0  isupipe

# Time        UID       PID    %usr %system  %guest   %wait    %CPU   CPU  minflt/s  majflt/s     VSZ     RSS   %MEM   kB_rd/s   kB_wr/s kB_ccwr/s iodelay  Command
1791476006    112     14307   80.00   62.00    0.00    2.00  142.00     0      9.00      0.00 2878708  891440  10.98      0.00   4928.00    376.00       0  mysqld
1791476006      0     17311    0.00    0.00    0.00    0.00    0.00     1      0.00      0.00   56800   12976   0.16      0.00      0.00      0.00       0  nginx
1791476006     33     23432    7.00    7.00    0.00   18.00   14.00     3      0.00      0.00   60836   14636   0.18      0.00    244.00    200.00       0  nginx
1791476006     33     23433    4.00    4.00    0.00    8.00    8.00     3      0.00      0.00   59068   13000   0.16      0.00    232.00    220.00       0  nginx
1791476006     33     23434    2.00    3.00    0.00    7.00    5.00     2      6.00      0.00   57300   11152   0.14      0.00      4.00      0.00       0  nginx
1791476006     33     23435    2.00    3.00    0.00    8.00    5.00     3      0.00      0.00   57964   11680   0.14      0.00     84.00      0.00       0  nginx
1791476006    113    107411   23.00   22.00    0.00    0.00   45.00     2      2.00      0.00  682592   63160   0.78      0.00      0.00      0.00       0  pdns_server
1791476006   1100    114808   35.00   33.00    0.00    0.00   68.00     0  12653.00      0.00 2123108   18200   0.22      0.00      0.00      0.00       0  isupipe

# Time        UID       PID    %usr %system  %guest   %wait    %CPU   CPU  minflt/s  majflt/s     VSZ     RSS   %MEM   kB_rd/s   kB_wr/s kB_ccwr/s iodelay  Command
1791476007    112     14307   81.00   57.00    0.00    2.00  138.00     1    105.00      0.00 2879736  891440  10.98      0.00   5944.00    636.00       0  mysqld
1791476007      0     17311    0.00    0.00    0.00    0.00    0.00     1      0.00      0.00   56800   12976   0.16      0.00      0.00      0.00       0  nginx
1791476007     33     23432    8.00    6.00    0.00   16.00   14.00     3      0.00      0.00   60836   14636   0.18      0.00    548.00    512.00       0  nginx
1791476007     33     23433    5.00    7.00    0.00   13.00   12.00     3      0.00      0.00   59068   13000   0.16      0.00     16.00      0.00       0  nginx
1791476007     33     23434    2.00    2.00    0.00    6.00    4.00     3      2.00      0.00   57300   11152   0.14      0.00     20.00      0.00       0  nginx
1791476007     33     23435    3.00    0.00    0.00    6.00    3.00     3      0.00      0.00   57964   11680   0.14      0.00    252.00    320.00       0  nginx
1791476007    113    107411   21.00   26.00    0.00    0.00   47.00     2      4.00      0.00  682592   63160   0.78      0.00      0.00      0.00       0  pdns_server
1791476007   1100    114808   32.00   34.00    0.00    0.00   66.00     0  15989.00      0.00 2123108   19432   0.24      0.00      0.00      0.00       0  isupipe

# Time        UID       PID    %usr %system  %guest   %wait    %CPU   CPU  minflt/s  majflt/s     VSZ     RSS   %MEM   kB_rd/s   kB_wr/s kB_ccwr/s iodelay  Command
1791476008    112     14307   79.00   55.00    0.00    1.00  134.00     1     15.00      0.00 2878708  891440  10.98      0.00   7132.00    988.00       0  mysqld
1791476008      0     17311    0.00    0.00    0.00    0.00    0.00     1      0.00      0.00   56800   12976   0.16      0.00      0.00      0.00       0  nginx
1791476008     33     23432    7.00    9.00    0.00   18.00   16.00     3      0.00      0.00   60836   14636   0.18      0.00    432.00    388.00       0  nginx
1791476008     33     23433    3.00    6.00    0.00   11.00    9.00     3      0.00      0.00   59068   13000   0.16      0.00    408.00    384.00       0  nginx
1791476008     33     23434    1.00    2.00    0.00    3.00    3.00     3     16.00      0.00   57300   11152   0.14      0.00     12.00      0.00       0  nginx
1791476008     33     23435    3.00    3.00    0.00    4.00    6.00     3      0.00      0.00   57964   11680   0.14      0.00    332.00    320.00       0  nginx
1791476008    113    107411   19.00   18.00    0.00    0.00   37.00     2      1.00      0.00  682592   63160   0.78      0.00      0.00      0.00       0  pdns_server
1791476008   1100    114808   43.00   31.00    0.00    0.00   74.00     0  17931.00      0.00 2123108   23424   0.29      0.00      0.00      0.00       0  isupipe

# Time        UID       PID    %usr %system  %guest   %wait    %CPU   CPU  minflt/s  majflt/s     VSZ     RSS   %MEM   kB_rd/s   kB_wr/s kB_ccwr/s iodelay  Command
1791476009    112     14307   85.00   58.00    0.00    0.00  143.00     0     63.00      0.00 2878708  891440  10.98      0.00  10132.00    608.00       0  mysqld
1791476009      0     17311    0.00    0.00    0.00    0.00    0.00     1      0.00      0.00   56800   12976   0.16      0.00      0.00      0.00       0  nginx
1791476009     33     23432    8.00   10.00    0.00   18.00   18.00     3      0.00      0.00   60836   14636   0.18      0.00    596.00    540.00       0  nginx
1791476009     33     23433    5.00    4.00    0.00   10.00    9.00     3      0.00      0.00   59068   13000   0.16      0.00    272.00    172.00       0  nginx
1791476009     33     23434    3.00    2.00    0.00    6.00    5.00     3      0.00      0.00   57300   11152   0.14      0.00    104.00     92.00       0  nginx
1791476009     33     23435    1.00    2.00    0.00    4.00    3.00     3      0.00      0.00   57964   11680   0.14      0.00      4.00      0.00       0  nginx
1791476009    113    107411   22.00   28.00    0.00    0.00   50.00     2      4.00      0.00  682592   63160   0.78      0.00      0.00      0.00       0  pdns_server
1791476009   1100    114808   36.00   34.00    0.00    0.00   70.00     0  18162.00      0.00 2123108   23268   0.29      0.00      0.00      0.00       0  isupipe

# Time        UID       PID    %usr %system  %guest   %wait    %CPU   CPU  minflt/s  majflt/s     VSZ     RSS   %MEM   kB_rd/s   kB_wr/s kB_ccwr/s iodelay  Command
1791476010    112     14307   82.00   52.00    0.00    2.00  134.00     1     12.00      0.00 2879736  891676  10.98      0.00   7352.00   1160.00       0  mysqld
1791476010      0     17311    0.00    0.00    0.00    0.00    0.00     1      0.00      0.00   56800   12976   0.16      0.00      0.00      0.00       0  nginx
1791476010     33     23432    5.00   12.00    0.00   19.00   17.00     3      0.00      0.00   60836   14636   0.18      0.00    600.00    540.00       0  nginx
1791476010     33     23433    5.00    5.00    0.00    9.00   10.00     3      0.00      0.00   59068   13000   0.16      0.00    380.00    424.00       0  nginx
1791476010     33     23434    0.00    2.00    0.00    3.00    2.00     3      0.00      0.00   57300   11152   0.14      0.00      4.00      0.00       0  nginx
1791476010     33     23435    3.00    0.00    0.00    4.00    3.00     3      0.00      0.00   57964   11680   0.14      0.00    284.00    280.00       0  nginx
1791476010    113    107411   24.00   25.00    0.00    0.00   49.00     2      3.00      0.00  682592   63160   0.78      0.00      0.00      0.00       0  pdns_server
1791476010   1100    114808   40.00   29.00    0.00    0.00   69.00     0  18650.00      0.00 2123108   19036   0.23      0.00      0.00      0.00       0  isupipe

# Time        UID       PID    %usr %system  %guest   %wait    %CPU   CPU  minflt/s  majflt/s     VSZ     RSS   %MEM   kB_rd/s   kB_wr/s kB_ccwr/s iodelay  Command
1791476011    112     14307   82.00   57.00    0.00    1.00  139.00     1    170.00      0.00 2880764  891888  10.99      0.00   6388.00    764.00       0  mysqld
1791476011      0     17311    0.00    0.00    0.00    0.00    0.00     1      0.00      0.00   56800   12976   0.16      0.00      0.00      0.00       0  nginx
1791476011     33     23432    6.00    8.00    0.00   17.00   14.00     3      0.00      0.00   60836   14636   0.18      0.00    508.00    464.00       0  nginx
1791476011     33     23433    5.00    5.00    0.00   14.00   10.00     3      0.00      0.00   59068   13000   0.16      0.00    320.00    284.00       0  nginx
1791476011     33     23434    1.00    1.00    0.00    2.00    2.00     3      0.00      0.00   57300   11152   0.14      0.00     72.00     72.00       0  nginx
1791476011     33     23435    5.00    1.00    0.00    3.00    6.00     3     20.00      0.00   58100   11944   0.15      0.00    116.00    100.00       0  nginx
1791476011    113    107411   22.00   26.00    0.00    0.00   48.00     2      2.00      0.00  682592   63160   0.78      0.00      0.00      0.00       0  pdns_server
1791476011   1100    114808   37.00   38.00    0.00    0.00   75.00     0  17453.00      0.00 2123108   19488   0.24      0.00      0.00      0.00       0  isupipe

# Time        UID       PID    %usr %system  %guest   %wait    %CPU   CPU  minflt/s  majflt/s     VSZ     RSS   %MEM   kB_rd/s   kB_wr/s kB_ccwr/s iodelay  Command
1791476012    112     14307   84.00   47.00    0.00    2.00  131.00     0     89.00      0.00 2878708  891676  10.98      0.00   5968.00    668.00       0  mysqld
1791476012      0     17311    0.00    0.00    0.00    0.00    0.00     1      0.00      0.00   56800   12976   0.16      0.00      0.00      0.00       0  nginx
1791476012     33     23432    6.00    6.00    0.00   22.00   12.00     3      0.00      0.00   60836   14636   0.18      0.00    628.00    600.00       0  nginx
1791476012     33     23433    3.00    7.00    0.00   16.00   10.00     3      0.00      0.00   59068   13000   0.16      0.00    128.00    104.00       0  nginx
1791476012     33     23434    2.00    3.00    0.00    5.00    5.00     2      0.00      0.00   57300   11152   0.14      0.00     84.00     76.00       0  nginx
1791476012     33     23435    5.00    4.00    0.00   12.00    9.00     3     26.00      0.00   58232   11944   0.15      0.00    124.00    100.00       0  nginx
1791476012    113    107411   22.00   24.00    0.00    0.00   46.00     2      2.00      0.00  682592   63160   0.78      0.00      0.00      0.00       0  pdns_server
1791476012   1100    114808   38.00   33.00    0.00    0.00   71.00     0  18498.00      0.00 2123108   20792   0.26      0.00      0.00      0.00       0  isupipe

# Time        UID       PID    %usr %system  %guest   %wait    %CPU   CPU  minflt/s  majflt/s     VSZ     RSS   %MEM   kB_rd/s   kB_wr/s kB_ccwr/s iodelay  Command
1791476013    112     14307   90.00   43.00    0.00    3.00  133.00     0     15.00      0.00 2880764  891676  10.98      0.00   6088.00    628.00       0  mysqld
1791476013      0     17311    0.00    0.00    0.00    0.00    0.00     1      0.00      0.00   56800   12976   0.16      0.00      0.00      0.00       0  nginx
1791476013     33     23432    8.00    4.00    0.00   16.00   12.00     3      0.00      0.00   60836   14636   0.18      0.00    424.00    372.00       0  nginx
1791476013     33     23433    2.00    7.00    0.00   14.00    9.00     1      0.00      0.00   59068   13000   0.16      0.00    128.00    100.00       0  nginx
1791476013     33     23434    3.00    2.00    0.00    5.00    5.00     3     12.00      0.00   57432   11152   0.14      0.00    112.00    108.00       0  nginx
1791476013     33     23435    2.00    5.00    0.00    8.00    7.00     3      7.00      0.00   58232   11944   0.15      0.00    256.00    248.00       0  nginx
1791476013    113    107411   26.00   22.00    0.00    0.00   48.00     2      3.00      0.00  682592   63160   0.78      0.00      0.00      0.00       0  pdns_server
1791476013   1100    114808   38.00   35.00    0.00    0.00   73.00     0  17307.00      0.00 2123108   23632   0.29      0.00      0.00      0.00       0  isupipe

# Time        UID       PID    %usr %system  %guest   %wait    %CPU   CPU  minflt/s  majflt/s     VSZ     RSS   %MEM   kB_rd/s   kB_wr/s kB_ccwr/s iodelay  Command
1791476014    112     14307   80.00   55.00    0.00    1.00  135.00     0      9.00      0.00 2878708  891676  10.98      0.00   6544.00    788.00       0  mysqld
1791476014      0     17311    0.00    0.00    0.00    0.00    0.00     1      0.00      0.00   56800   12976   0.16      0.00      0.00      0.00       0  nginx
1791476014     33     23432    8.00    4.00    0.00   25.00   12.00     3      0.00      0.00   60836   14636   0.18      0.00    548.00    496.00       0  nginx
1791476014     33     23433    4.00    7.00    0.00   20.00   11.00     3      0.00      0.00   59068   13000   0.16      0.00     28.00      0.00       0  nginx
1791476014     33     23434    1.00    1.00    0.00    5.00    2.00     3      0.00      0.00   57432   11152   0.14      0.00    164.00    160.00       0  nginx
1791476014     33     23435    5.00    5.00    0.00   13.00   10.00     3      0.00      0.00   58232   11944   0.15      0.00    288.00    272.00       0  nginx
1791476014    113    107411   21.00   21.00    0.00    0.00   42.00     2      2.00      0.00  682592   63424   0.78      0.00      0.00      0.00       0  pdns_server
1791476014   1100    114808   41.00   30.00    0.00    0.00   71.00     0  20280.00      0.00 2123108   21716   0.27      0.00      0.00      0.00       0  isupipe

# Time        UID       PID    %usr %system  %guest   %wait    %CPU   CPU  minflt/s  majflt/s     VSZ     RSS   %MEM   kB_rd/s   kB_wr/s kB_ccwr/s iodelay  Command
1791476015    112     14307   80.00   51.00    0.00    3.00  131.00     0     18.00      0.00 2879736  891676  10.98      0.00  10544.00    704.00       0  mysqld
1791476015      0     17311    0.00    0.00    0.00    0.00    0.00     1      0.00      0.00   56800   12976   0.16      0.00      0.00      0.00       0  nginx
1791476015     33     23432    6.00    8.00    0.00   18.00   14.00     3      0.00      0.00   60836   14636   0.18      0.00    536.00    504.00       0  nginx
1791476015     33     23433    6.00    4.00    0.00   11.00   10.00     3      0.00      0.00   59068   13000   0.16      0.00    232.00     92.00       0  nginx
1791476015     33     23434    1.00    0.00    0.00    1.00    1.00     2      0.00      0.00   57432   11152   0.14      0.00      4.00      0.00       0  nginx
1791476015     33     23435    2.00    5.00    0.00    5.00    7.00     0      0.00      0.00   58232   11944   0.15      0.00    244.00    164.00       0  nginx
1791476015    113    107411   22.00   24.00    0.00    0.00   46.00     2      0.00      0.00  682592   63424   0.78      0.00      0.00      0.00       0  pdns_server
1791476015   1100    114808   40.00   30.00    0.00    0.00   70.00     0  17498.00      0.00 2123108   17196   0.21      0.00      0.00      0.00       0  isupipe

# Time        UID       PID    %usr %system  %guest   %wait    %CPU   CPU  minflt/s  majflt/s     VSZ     RSS   %MEM   kB_rd/s   kB_wr/s kB_ccwr/s iodelay  Command
1791476016    112     14307   85.00   50.00    0.00    1.00  135.00     1      3.00      0.00 2879736  891676  10.98      0.00   5016.00    364.00       0  mysqld
1791476016      0     17311    0.00    0.00    0.00    0.00    0.00     1      0.00      0.00   56800   12976   0.16      0.00      0.00      0.00       0  nginx
1791476016     33     23432    3.00    7.00    0.00   17.00   10.00     2      0.00      0.00   60836   14636   0.18      0.00    280.00    256.00       0  nginx
1791476016     33     23433    3.00    6.00    0.00   16.00    9.00     3      0.00      0.00   59068   13000   0.16      0.00    240.00    272.00       0  nginx
1791476016     33     23434    2.00    1.00    0.00    4.00    3.00     3     14.00      0.00   57432   11152   0.14      0.00      4.00      0.00       0  nginx
1791476016     33     23435    1.00    4.00    0.00    9.00    5.00     3      0.00      0.00   58232   11944   0.15      0.00     24.00     68.00       0  nginx
1791476016    113    107411   17.00   29.00    0.00    0.00   46.00     2      2.00      0.00  682592   63424   0.78      0.00      0.00      0.00       0  pdns_server
1791476016   1100    114808   39.00   34.00    0.00    0.00   73.00     0  16171.00      0.00 2123108   23968   0.30      0.00      0.00      0.00       0  isupipe

# Time        UID       PID    %usr %system  %guest   %wait    %CPU   CPU  minflt/s  majflt/s     VSZ     RSS   %MEM   kB_rd/s   kB_wr/s kB_ccwr/s iodelay  Command
1791476017    112     14307   79.00   49.00    0.00    2.00  128.00     0     12.00      0.00 2880764  891676  10.98      0.00   6224.00    608.00       0  mysqld
1791476017      0     17311    0.00    0.00    0.00    0.00    0.00     1      0.00      0.00   56800   12976   0.16      0.00      0.00      0.00       0  nginx
1791476017     33     23432    4.00    9.00    0.00   20.00   13.00     2      0.00      0.00   60836   14636   0.18      0.00    312.00    272.00       0  nginx
1791476017     33     23433    4.00    7.00    0.00   15.00   11.00     3      0.00      0.00   59068   13000   0.16      0.00    296.00    332.00       0  nginx
1791476017     33     23434    1.00    2.00    0.00    6.00    3.00     2      0.00      0.00   57432   11152   0.14      0.00    156.00    152.00       0  nginx
1791476017     33     23435    2.00    6.00    0.00   10.00    8.00     2      0.00      0.00   58232   11944   0.15      0.00    124.00    104.00       0  nginx
1791476017    113    107411   20.00   20.00    0.00    0.00   40.00     2      2.00      0.00  682592   63424   0.78      0.00      0.00      0.00       0  pdns_server
1791476017   1100    114808   34.00   33.00    0.00    0.00   67.00     0  16686.00      0.00 2123108   23748   0.29      0.00      0.00      0.00       0  isupipe

# Time        UID       PID    %usr %system  %guest   %wait    %CPU   CPU  minflt/s  majflt/s     VSZ     RSS   %MEM   kB_rd/s   kB_wr/s kB_ccwr/s iodelay  Command
1791476018    112     14307   78.00   48.00    0.00    2.00  126.00     1     98.00      0.00 2878708  891676  10.98      0.00  10704.00    676.00       0  mysqld
1791476018      0     17311    0.00    0.00    0.00    0.00    0.00     1      0.00      0.00   56800   12976   0.16      0.00      0.00      0.00       0  nginx
1791476018     33     23432    6.00    7.00    0.00   26.00   13.00     0      0.00      0.00   60836   14636   0.18      0.00    408.00    368.00       0  nginx
1791476018     33     23433    4.00    6.00    0.00   17.00   10.00     3      0.00      0.00   59068   13000   0.16      0.00    508.00    368.00       0  nginx
1791476018     33     23434    1.00    2.00    0.00    5.00    3.00     3      0.00      0.00   57432   11152   0.14      0.00      4.00      0.00       0  nginx
1791476018     33     23435    4.00    3.00    0.00   11.00    7.00     3      0.00      0.00   58232   11944   0.15      0.00    160.00    156.00       0  nginx
1791476018    113    107411   25.00   22.00    0.00    0.00   47.00     2      1.00      0.00  682592   63424   0.78      0.00      0.00      0.00       0  pdns_server
1791476018   1100    114808   34.00   32.00    0.00    0.00   66.00     0  16174.00      0.00 2123108   21276   0.26      0.00      0.00      0.00       0  isupipe

# Time        UID       PID    %usr %system  %guest   %wait    %CPU   CPU  minflt/s  majflt/s     VSZ     RSS   %MEM   kB_rd/s   kB_wr/s kB_ccwr/s iodelay  Command
1791476019    112     14307   72.00   55.00    0.00    3.00  127.00     2     18.00      0.00 2879736  891676  10.98      0.00   6876.00    868.00       0  mysqld
1791476019      0     17311    0.00    0.00    0.00    0.00    0.00     1      0.00      0.00   56800   12976   0.16      0.00      0.00      0.00       0  nginx
1791476019     33     23432    6.00    6.00    0.00   23.00   12.00     3      0.00      0.00   60836   14636   0.18      0.00    612.00    520.00       0  nginx
1791476019     33     23433    4.00    5.00    0.00   15.00    9.00     3      0.00      0.00   59068   13000   0.16      0.00    280.00    360.00       0  nginx
1791476019     33     23434    1.00    4.00    0.00   10.00    5.00     3     22.00      0.00   57564   11416   0.14      0.00     24.00      0.00       0  nginx
1791476019     33     23435    1.00    7.00    0.00   14.00    8.00     3      0.00      0.00   58232   11944   0.15      0.00    124.00    104.00       0  nginx
1791476019    113    107411   20.00   23.00    0.00    0.00   43.00     2      2.00      0.00  682592   63424   0.78      0.00      0.00      0.00       0  pdns_server
1791476019   1100    114808   41.00   27.00    0.00    0.00   68.00     0  18266.00      0.00 2123108   20648   0.25      0.00      0.00      0.00       0  isupipe

# Time        UID       PID    %usr %system  %guest   %wait    %CPU   CPU  minflt/s  majflt/s     VSZ     RSS   %MEM   kB_rd/s   kB_wr/s kB_ccwr/s iodelay  Command
1791476020    112     14307   74.00   59.00    0.00    2.00  133.00     0     51.00      0.00 2879736  891676  10.98      0.00   6384.00    628.00       0  mysqld
1791476020      0     17311    0.00    0.00    0.00    0.00    0.00     1      0.00      0.00   56800   12976   0.16      0.00      0.00      0.00       0  nginx
1791476020     33     23432    6.00    7.00    0.00   22.00   13.00     3      0.00      0.00   60836   14636   0.18      0.00    728.00    680.00       0  nginx
1791476020     33     23433    4.00    5.00    0.00   13.00    9.00     3      0.00      0.00   59068   13000   0.16      0.00    256.00    152.00       0  nginx
1791476020     33     23434    2.00    2.00    0.00    4.00    4.00     3      0.00      0.00   57564   11416   0.14      0.00      8.00      0.00       0  nginx
1791476020     33     23435    3.00    3.00    0.00    6.00    6.00     3      0.00      0.00   58232   11944   0.15      0.00     16.00      0.00       0  nginx
1791476020    113    107411   21.00   29.00    0.00    0.00   50.00     2      2.00      0.00  682592   63688   0.78      0.00      0.00      0.00       0  pdns_server
1791476020   1100    114808   42.00   29.00    0.00    0.00   71.00     0  16203.00      0.00 2123108   24144   0.30      0.00      0.00      0.00       0  isupipe

# Time        UID       PID    %usr %system  %guest   %wait    %CPU   CPU  minflt/s  majflt/s     VSZ     RSS   %MEM   kB_rd/s   kB_wr/s kB_ccwr/s iodelay  Command
1791476021    112     14307   82.00   50.00    0.00    1.00  132.00     2     92.00      0.00 2878708  891676  10.98      0.00   6508.00    632.00       0  mysqld
1791476021      0     17311    0.00    0.00    0.00    0.00    0.00     1      0.00      0.00   56800   12976   0.16      0.00      0.00      0.00       0  nginx
1791476021     33     23432    9.00    8.00    0.00   19.00   17.00     3      0.00      0.00   60836   14636   0.18      0.00    404.00    284.00       0  nginx
1791476021     33     23433    4.00    5.00    0.00   10.00    9.00     0      0.00      0.00   59068   13000   0.16      0.00    432.00    396.00       0  nginx
1791476021     33     23434    2.00    2.00    0.00    5.00    4.00     3     15.00      0.00   57564   11416   0.14      0.00      8.00      0.00       0  nginx
1791476021     33     23435    1.00    2.00    0.00    6.00    3.00     3      0.00      0.00   58232   11944   0.15      0.00     80.00     68.00       0  nginx
1791476021    113    107411   19.00   27.00    0.00    0.00   46.00     2      1.00      0.00  682592   63688   0.78      0.00      0.00      0.00       0  pdns_server
1791476021   1100    114808   43.00   33.00    0.00    0.00   76.00     0  20148.00      0.00 2123108   18328   0.23      0.00      0.00      0.00       0  isupipe

# Time        UID       PID    %usr %system  %guest   %wait    %CPU   CPU  minflt/s  majflt/s     VSZ     RSS   %MEM   kB_rd/s   kB_wr/s kB_ccwr/s iodelay  Command
1791476022    112     14307   77.00   50.00    0.00    2.00  127.00     0     12.00      0.00 2878708  891676  10.98      0.00   5752.00    512.00       0  mysqld
1791476022      0     17311    0.00    0.00    0.00    0.00    0.00     1      0.00      0.00   56800   12976   0.16      0.00      0.00      0.00       0  nginx
1791476022     33     23432    6.00   10.00    0.00   19.00   16.00     3      0.00      0.00   60836   14636   0.18      0.00    632.00    560.00       0  nginx
1791476022     33     23433    2.00    4.00    0.00    7.00    6.00     3      0.00      0.00   59068   13000   0.16      0.00    124.00    196.00       0  nginx
1791476022     33     23434    0.00    1.00    0.00    2.00    1.00     3      0.00      0.00   57564   11416   0.14      0.00      0.00      0.00       0  nginx
1791476022     33     23435    1.00    3.00    0.00    4.00    4.00     3      0.00      0.00   58232   11944   0.15      0.00      8.00      0.00       0  nginx
1791476022    113    107411   26.00   21.00    0.00    0.00   47.00     2      2.00      0.00  682592   63688   0.78      0.00      0.00      0.00       0  pdns_server
1791476022   1100    114808   29.00   34.00    0.00    0.00   63.00     0  14787.00      0.00 2123108   22860   0.28      0.00      0.00      0.00       0  isupipe

# Time        UID       PID    %usr %system  %guest   %wait    %CPU   CPU  minflt/s  majflt/s     VSZ     RSS   %MEM   kB_rd/s   kB_wr/s kB_ccwr/s iodelay  Command
1791476023    112     14307   54.00   45.00    0.00    3.00   99.00     0     15.00      0.00 2878708  891844  10.99      0.00   5324.00    516.00       0  mysqld
1791476023      0     17311    0.00    0.00    0.00    0.00    0.00     1      0.00      0.00   56800   12976   0.16      0.00      0.00      0.00       0  nginx
1791476023     33     23432    4.00   10.00    0.00   15.00   14.00     0      0.00      0.00   60836   14636   0.18      0.00    336.00    380.00       0  nginx
1791476023     33     23433    6.00    2.00    0.00    7.00    8.00     1      0.00      0.00   59068   13000   0.16      0.00    128.00    116.00       0  nginx
1791476023     33     23434    0.00    1.00    0.00    2.00    1.00     2      0.00      0.00   57564   11416   0.14      0.00      0.00      0.00       0  nginx
1791476023     33     23435    1.00    2.00    0.00    2.00    3.00     0      0.00      0.00   58232   11944   0.15      0.00    180.00    180.00       0  nginx
1791476023    113    107411   12.00   19.00    0.00    0.00   31.00     2      1.00      0.00  682592   63688   0.78      0.00      0.00      0.00       0  pdns_server
1791476023   1100    114808   29.00   22.00    0.00    0.00   51.00     0  12105.00      0.00 2123108   16480   0.20      0.00      0.00      0.00       0  isupipe

# Time        UID       PID    %usr %system  %guest   %wait    %CPU   CPU  minflt/s  majflt/s     VSZ     RSS   %MEM   kB_rd/s   kB_wr/s kB_ccwr/s iodelay  Command
1791476024    112     14307    0.00    0.99    0.00    0.00    0.99     0      0.00      0.00 2878708  891844  10.99      0.00   2851.49      0.00       0  mysqld
1791476024      0     17311    0.00    0.00    0.00    0.00    0.00     1      0.00      0.00   56800   12976   0.16      0.00      0.00      0.00       0  nginx
1791476024     33     23432    0.00    0.00    0.00    0.00    0.00     1      0.00      0.00   60836   14636   0.18      0.00      0.00      0.00       0  nginx
1791476024     33     23433    0.99    0.00    0.00    0.00    0.99     0      0.00      0.00   59068   13000   0.16      0.00      0.00      0.00       0  nginx
1791476024     33     23434    0.00    0.99    0.00    0.00    0.99     0      0.00      0.00   57564   11416   0.14      0.00      0.00      0.00       0  nginx
1791476024     33     23435    0.00    0.00    0.00    0.00    0.00     2      0.00      0.00   58232   11944   0.15      0.00      0.00      0.00       0  nginx
1791476024    113    107411    0.00    0.00    0.00    0.00    0.00     2      0.00      0.00  682592   63688   0.78      0.00      0.00      0.00       0  pdns_server
1791476024   1100    114808    0.00    0.00    0.00    0.00    0.00     0      0.00      0.00 2123108   16480   0.20      0.00      0.00      0.00       0  isupipe
