Linux 5.15.0-198-generic (isucon13-app) 	10/08/26 	_aarch64_	(4 CPU)

# Time        UID       PID    %usr %system  %guest   %wait    %CPU   CPU  minflt/s  majflt/s     VSZ     RSS   %MEM   kB_rd/s   kB_wr/s kB_ccwr/s iodelay  Command
1791477304    112     14307    6.00   11.00    0.00    0.00   17.00     2      4.00      0.00 2902812  999764  12.31      0.00   9072.00      0.00       0  mysqld
1791477304      0     17311    0.00    0.00    0.00    0.00    0.00     1      0.00      0.00   56800   12976   0.16      0.00      0.00      0.00       0  nginx
1791477304     33     23432    0.00    0.00    0.00    0.00    0.00     0      0.00      0.00   62224   16048   0.20      0.00      0.00      0.00       0  nginx
1791477304     33     23433    0.00    0.00    0.00    0.00    0.00     3      0.00      0.00   60284   14056   0.17      0.00      0.00      0.00       0  nginx
1791477304     33     23434    0.00    0.00    0.00    0.00    0.00     3      0.00      0.00   58948   12736   0.16      0.00      0.00      0.00       0  nginx
1791477304     33     23435    0.00    0.00    0.00    0.00    0.00     1      0.00      0.00   59320   13000   0.16      0.00      0.00      0.00       0  nginx
1791477304    113    151301    1.00    0.00    0.00    0.00    1.00     0      0.00      0.00  682592   63944   0.79      0.00      0.00      0.00       0  pdns_server
1791477304   1100    169029    0.00    0.00    0.00    0.00    0.00     2      0.00      0.00 1753396   13748   0.17      0.00      0.00      0.00       0  isupipe

# Time        UID       PID    %usr %system  %guest   %wait    %CPU   CPU  minflt/s  majflt/s     VSZ     RSS   %MEM   kB_rd/s   kB_wr/s kB_ccwr/s iodelay  Command
1791477305    112     14307    9.00    6.00    0.00    0.00   15.00     2      0.00      0.00 2902812  999764  12.31      0.00   7144.00      0.00       0  mysqld
1791477305      0     17311    0.00    0.00    0.00    0.00    0.00     1      0.00      0.00   56800   12976   0.16      0.00      0.00      0.00       0  nginx
1791477305     33     23432    0.00    0.00    0.00    0.00    0.00     0      0.00      0.00   62224   16048   0.20      0.00      0.00      0.00       0  nginx
1791477305     33     23433    0.00    0.00    0.00    0.00    0.00     3      0.00      0.00   60284   14056   0.17      0.00      0.00      0.00       0  nginx
1791477305     33     23434    0.00    0.00    0.00    0.00    0.00     3      0.00      0.00   58948   12736   0.16      0.00      0.00      0.00       0  nginx
1791477305     33     23435    0.00    0.00    0.00    0.00    0.00     1      0.00      0.00   59320   13000   0.16      0.00      0.00      0.00       0  nginx
1791477305    113    151301    0.00    0.00    0.00    0.00    0.00     0      0.00      0.00  682592   63944   0.79      0.00      0.00      0.00       0  pdns_server
1791477305   1100    169029    0.00    0.00    0.00    0.00    0.00     2      0.00      0.00 1753396   13748   0.17      0.00      0.00      0.00       0  isupipe

# Time        UID       PID    %usr %system  %guest   %wait    %CPU   CPU  minflt/s  majflt/s     VSZ     RSS   %MEM   kB_rd/s   kB_wr/s kB_ccwr/s iodelay  Command
1791477306    112     14307    7.00    9.00    0.00    0.00   16.00     2      0.00      0.00 2902812  999764  12.31      0.00   7060.00      0.00       0  mysqld
1791477306      0     17311    0.00    0.00    0.00    0.00    0.00     1      0.00      0.00   56800   12976   0.16      0.00      0.00      0.00       0  nginx
1791477306     33     23432    0.00    0.00    0.00    0.00    0.00     0      0.00      0.00   62224   16048   0.20      0.00      0.00      0.00       0  nginx
1791477306     33     23433    0.00    0.00    0.00    0.00    0.00     3      0.00      0.00   60284   14056   0.17      0.00      0.00      0.00       0  nginx
1791477306     33     23434    0.00    0.00    0.00    0.00    0.00     3      0.00      0.00   58948   12736   0.16      0.00      0.00      0.00       0  nginx
1791477306     33     23435    0.00    0.00    0.00    0.00    0.00     1      0.00      0.00   59320   13000   0.16      0.00      0.00      0.00       0  nginx
1791477306    113    151301    0.00    0.00    0.00    0.00    0.00     0      0.00      0.00  682592   63944   0.79      0.00      0.00      0.00       0  pdns_server
1791477306   1100    169029    0.00    0.00    0.00    0.00    0.00     2      0.00      0.00 1753396   13748   0.17      0.00      0.00      0.00       0  isupipe

# Time        UID       PID    %usr %system  %guest   %wait    %CPU   CPU  minflt/s  majflt/s     VSZ     RSS   %MEM   kB_rd/s   kB_wr/s kB_ccwr/s iodelay  Command
1791477307    112     14307   14.00    7.00    0.00    0.00   21.00     2   4160.00      0.00 2902812  985616  12.14      0.00  23900.00   1948.00       0  mysqld
1791477307      0     17311    0.00    0.00    0.00    0.00    0.00     1      0.00      0.00   56800   12976   0.16      0.00      0.00      0.00       0  nginx
1791477307     33     23432    0.00    0.00    0.00    0.00    0.00     0      0.00      0.00   62224   16048   0.20      0.00      0.00      0.00       0  nginx
1791477307     33     23433    0.00    0.00    0.00    0.00    0.00     3      0.00      0.00   60284   14056   0.17      0.00      0.00      0.00       0  nginx
1791477307     33     23434    0.00    0.00    0.00    0.00    0.00     3      0.00      0.00   58948   12736   0.16      0.00      0.00      0.00       0  nginx
1791477307     33     23435    0.00    0.00    0.00    0.00    0.00     1      0.00      0.00   59320   13000   0.16      0.00      0.00      0.00       0  nginx
1791477307    113    151301    0.00    0.00    0.00    0.00    0.00     0      0.00      0.00  682592   63944   0.79      0.00      0.00      0.00       0  pdns_server
1791477307   1100    169029    0.00    0.00    0.00    0.00    0.00     2      0.00      0.00 1753396   13748   0.17      0.00      0.00      0.00       0  isupipe

# Time        UID       PID    %usr %system  %guest   %wait    %CPU   CPU  minflt/s  majflt/s     VSZ     RSS   %MEM   kB_rd/s   kB_wr/s kB_ccwr/s iodelay  Command
1791477308    112     14307   36.00   11.00    0.00    0.00   47.00     2   8382.00      0.00 2903840 1019088  12.55      0.00  37028.00   1536.00       0  mysqld
1791477308      0     17311    0.00    0.00    0.00    0.00    0.00     1      0.00      0.00   56800   12976   0.16      0.00      0.00      0.00       0  nginx
1791477308     33     23432    1.00    1.00    0.00    0.00    2.00     2      0.00      0.00   62224   16048   0.20      0.00      8.00      0.00       0  nginx
1791477308     33     23433    0.00    0.00    0.00    0.00    0.00     3      0.00      0.00   60284   14056   0.17      0.00      0.00      0.00       0  nginx
1791477308     33     23434    0.00    0.00    0.00    0.00    0.00     3      0.00      0.00   58948   12736   0.16      0.00      0.00      0.00       0  nginx
1791477308     33     23435    0.00    0.00    0.00    0.00    0.00     1      0.00      0.00   59320   13000   0.16      0.00      0.00      0.00       0  nginx
1791477308    113    151301    0.00    0.00    0.00    0.00    0.00     0      0.00      0.00  682592   63944   0.79      0.00      0.00      0.00       0  pdns_server
1791477308   1100    169029    5.00    1.00    0.00    0.00    6.00     2    254.00      0.00 1753396   14252   0.18      0.00     52.00     52.00       0  isupipe

# Time        UID       PID    %usr %system  %guest   %wait    %CPU   CPU  minflt/s  majflt/s     VSZ     RSS   %MEM   kB_rd/s   kB_wr/s kB_ccwr/s iodelay  Command
1791477309    112     14307    4.95    0.00    0.00    0.00    4.95     2      0.00      0.00 2903840 1019088  12.55      0.00   2994.06     63.37       0  mysqld
1791477309      0     17311    0.00    0.00    0.00    0.00    0.00     1      0.00      0.00   56800   12976   0.16      0.00      0.00      0.00       0  nginx
1791477309     33     23432    0.00    0.00    0.00    0.00    0.00     0      0.00      0.00   62224   16048   0.20      0.00     87.13     83.17       0  nginx
1791477309     33     23433    0.00    0.00    0.00    0.00    0.00     3      0.00      0.00   60284   14056   0.17      0.00      0.00      0.00       0  nginx
1791477309     33     23434    0.00    0.00    0.00    0.00    0.00     3      0.00      0.00   58948   12736   0.16      0.00      0.00      0.00       0  nginx
1791477309     33     23435    0.00    0.00    0.00    0.00    0.00     1      0.00      0.00   59320   13000   0.16      0.00      0.00      0.00       0  nginx
1791477309    113    151301    0.00    0.99    0.00    0.00    0.99     0      0.00      0.00  682592   63944   0.79      0.00      0.00      0.00       0  pdns_server
1791477309   1100    169029    1.98    2.97    0.00    0.99    4.95     2    260.40      0.00 1753396   14464   0.18      0.00      0.00      0.00       0  isupipe

# Time        UID       PID    %usr %system  %guest   %wait    %CPU   CPU  minflt/s  majflt/s     VSZ     RSS   %MEM   kB_rd/s   kB_wr/s kB_ccwr/s iodelay  Command
1791477310    112     14307    0.00    1.92    0.00    0.00    1.92     2      0.00      0.00 2903840 1019088  12.55      0.00   2953.85      0.00       0  mysqld
1791477310      0     17311    0.00    0.00    0.00    0.00    0.00     1      0.00      0.00   56800   12976   0.16      0.00      0.00      0.00       0  nginx
1791477310     33     23432    0.00    0.00    0.00    0.00    0.00     0      0.00      0.00   62224   16048   0.20      0.00      0.00      0.00       0  nginx
1791477310     33     23433    0.00    0.00    0.00    0.00    0.00     3      0.00      0.00   60284   14056   0.17      0.00      0.00      0.00       0  nginx
1791477310     33     23434    0.00    0.00    0.00    0.00    0.00     3      0.00      0.00   58948   12736   0.16      0.00      0.00      0.00       0  nginx
1791477310     33     23435    0.00    0.00    0.00    0.00    0.00     1      0.00      0.00   59320   13000   0.16      0.00      0.00      0.00       0  nginx
1791477310    113    151301    0.00    0.00    0.00    0.00    0.00     0      0.00      0.00  682592   63944   0.79      0.00      0.00      0.00       0  pdns_server
1791477310   1100    169029    0.00    0.00    0.00    0.00    0.00     2      0.00      0.00 1753396   14464   0.18      0.00      0.00      0.00       0  isupipe

# Time        UID       PID    %usr %system  %guest   %wait    %CPU   CPU  minflt/s  majflt/s     VSZ     RSS   %MEM   kB_rd/s   kB_wr/s kB_ccwr/s iodelay  Command
1791477311    112     14307    2.91    1.94    0.00    0.00    4.85     2      0.00      0.00 2903840 1019088  12.55      0.00   6866.02     69.90       0  mysqld
1791477311      0     17311    0.00    0.00    0.00    0.00    0.00     1      0.00      0.00   56800   12976   0.16      0.00      0.00      0.00       0  nginx
1791477311     33     23432    0.00    0.97    0.00    0.00    0.97     2      0.00      0.00   62224   16048   0.20      0.00    104.85     93.20       0  nginx
1791477311     33     23433    0.00    0.00    0.00    0.00    0.00     3      0.00      0.00   60284   14056   0.17      0.00      0.00      0.00       0  nginx
1791477311     33     23434    0.00    0.00    0.00    0.00    0.00     3      0.00      0.00   58948   12736   0.16      0.00      0.00      0.00       0  nginx
1791477311     33     23435    0.00    0.00    0.00    0.00    0.00     1      0.00      0.00   59320   13000   0.16      0.00      0.00      0.00       0  nginx
1791477311    113    151301    0.00    0.00    0.00    0.00    0.00     0      0.00      0.00  682592   63944   0.79      0.00      0.00      0.00       0  pdns_server
1791477311   1100    169029    2.91    1.94    0.00    0.00    4.85     0    158.25      0.00 1753396   14568   0.18      0.00      0.00      0.00       0  isupipe

# Time        UID       PID    %usr %system  %guest   %wait    %CPU   CPU  minflt/s  majflt/s     VSZ     RSS   %MEM   kB_rd/s   kB_wr/s kB_ccwr/s iodelay  Command
1791477312    112     14307    0.00    0.99    0.00    0.00    0.99     2      0.00      0.00 2903840 1019088  12.55      0.00   2661.39      0.00       0  mysqld
1791477312      0     17311    0.00    0.00    0.00    0.00    0.00     1      0.00      0.00   56800   12976   0.16      0.00      0.00      0.00       0  nginx
1791477312     33     23432    0.00    0.00    0.00    0.00    0.00     2      0.00      0.00   62224   16048   0.20      0.00      0.00      0.00       0  nginx
1791477312     33     23433    0.00    0.00    0.00    0.00    0.00     3      0.00      0.00   60284   14056   0.17      0.00      0.00      0.00       0  nginx
1791477312     33     23434    0.00    0.00    0.00    0.00    0.00     3      0.00      0.00   58948   12736   0.16      0.00      0.00      0.00       0  nginx
1791477312     33     23435    0.00    0.00    0.00    0.00    0.00     1      0.00      0.00   59320   13000   0.16      0.00      0.00      0.00       0  nginx
1791477312    113    151301    0.00    0.00    0.00    0.00    0.00     0      0.00      0.00  682592   63944   0.79      0.00      0.00      0.00       0  pdns_server
1791477312   1100    169029    0.00    0.00    0.00    0.00    0.00     0      0.00      0.00 1753396   14568   0.18      0.00      0.00      0.00       0  isupipe

# Time        UID       PID    %usr %system  %guest   %wait    %CPU   CPU  minflt/s  majflt/s     VSZ     RSS   %MEM   kB_rd/s   kB_wr/s kB_ccwr/s iodelay  Command
1791477313    112     14307   27.00   18.00    0.00    0.00   45.00     0      6.00      0.00 2905896 1019088  12.55      0.00  10680.00    956.00       0  mysqld
1791477313      0     17311    0.00    0.00    0.00    0.00    0.00     1      0.00      0.00   56800   12976   0.16      0.00      0.00      0.00       0  nginx
1791477313     33     23432    6.00    4.00    0.00    3.00   10.00     3      0.00      0.00   62224   16048   0.20      0.00    612.00    580.00       0  nginx
1791477313     33     23433    1.00    2.00    0.00    1.00    3.00     3      0.00      0.00   60284   14056   0.17      0.00    492.00    368.00       0  nginx
1791477313     33     23434    0.00    0.00    0.00    0.00    0.00     3      0.00      0.00   58948   12736   0.16      0.00      0.00      0.00       0  nginx
1791477313     33     23435    0.00    0.00    0.00    0.00    0.00     1      0.00      0.00   59320   13000   0.16      0.00      0.00      0.00       0  nginx
1791477313    113    151301    6.00    9.00    0.00    0.00   15.00     0      0.00      0.00  682592   63944   0.79      0.00      0.00      0.00       0  pdns_server
1791477313   1100    169029   12.00   13.00    0.00    5.00   25.00     2   1027.00      0.00 2048820   15052   0.19      0.00      0.00      0.00       0  isupipe

# Time        UID       PID    %usr %system  %guest   %wait    %CPU   CPU  minflt/s  majflt/s     VSZ     RSS   %MEM   kB_rd/s   kB_wr/s kB_ccwr/s iodelay  Command
1791477314    112     14307   68.00   33.00    0.00    0.00  101.00     2    225.00      0.00 2905896 1019736  12.56      0.00  14108.00   2032.00       0  mysqld
1791477314      0     17311    0.00    0.00    0.00    0.00    0.00     1      0.00      0.00   56800   12976   0.16      0.00      0.00      0.00       0  nginx
1791477314     33     23432    6.00   18.00    0.00   23.00   24.00     3      0.00      0.00   62224   16048   0.20      0.00   1580.00   1400.00       0  nginx
1791477314     33     23433    5.00    5.00    0.00   12.00   10.00     3      0.00      0.00   60284   14056   0.17      0.00    708.00    732.00       0  nginx
1791477314     33     23434    0.00    1.00    0.00    1.00    1.00     3      0.00      0.00   58948   12736   0.16      0.00    124.00    120.00       0  nginx
1791477314     33     23435    2.00    6.00    0.00    9.00    8.00     3      0.00      0.00   59320   13000   0.16      0.00    208.00    168.00       0  nginx
1791477314    113    151301   15.00   12.00    0.00    0.00   27.00     0      0.00      0.00  682592   63944   0.79      0.00      0.00      0.00       0  pdns_server
1791477314   1100    169029   41.00   26.00    0.00    0.00   67.00     3   3154.00      0.00 2048820   15812   0.19      0.00      0.00      0.00       0  isupipe

# Time        UID       PID    %usr %system  %guest   %wait    %CPU   CPU  minflt/s  majflt/s     VSZ     RSS   %MEM   kB_rd/s   kB_wr/s kB_ccwr/s iodelay  Command
1791477315    112     14307   71.00   35.00    0.00    0.00  106.00     2     89.00      0.00 2908980 1019944  12.56      0.00  12272.00   1364.00       0  mysqld
1791477315      0     17311    0.00    0.00    0.00    0.00    0.00     1      0.00      0.00   56800   12976   0.16      0.00      0.00      0.00       0  nginx
1791477315     33     23432    7.00   13.00    0.00   30.00   20.00     3      0.00      0.00   62224   16048   0.20      0.00   1144.00    968.00       0  nginx
1791477315     33     23433    7.00    6.00    0.00   18.00   13.00     3      0.00      0.00   60284   14056   0.17      0.00    464.00    400.00       0  nginx
1791477315     33     23434    2.00    0.00    0.00    2.00    2.00     3      0.00      0.00   58948   12736   0.16      0.00      4.00      0.00       0  nginx
1791477315     33     23435    2.00    7.00    0.00   13.00    9.00     3      0.00      0.00   59320   13000   0.16      0.00    360.00    292.00       0  nginx
1791477315    113    151301   15.00   17.00    0.00    0.00   32.00     0      0.00      0.00  682592   63944   0.79      0.00      0.00      0.00       0  pdns_server
1791477315   1100    169029   32.00   33.00    0.00    0.00   65.00     3   1940.00      0.00 2048820   17556   0.22      0.00      0.00      0.00       0  isupipe

# Time        UID       PID    %usr %system  %guest   %wait    %CPU   CPU  minflt/s  majflt/s     VSZ     RSS   %MEM   kB_rd/s   kB_wr/s kB_ccwr/s iodelay  Command
1791477316    112     14307   76.00   35.00    0.00    1.00  111.00     2     75.00      0.00 2908980 1020168  12.57      0.00  13384.00   1604.00       0  mysqld
1791477316      0     17311    0.00    0.00    0.00    0.00    0.00     1      0.00      0.00   56800   12976   0.16      0.00      0.00      0.00       0  nginx
1791477316     33     23432    7.00   10.00    0.00   34.00   17.00     3      0.00      0.00   62224   16048   0.20      0.00    848.00    724.00       0  nginx
1791477316     33     23433    6.00    8.00    0.00   28.00   14.00     3      0.00      0.00   60284   14056   0.17      0.00    580.00    488.00       0  nginx
1791477316     33     23434    3.00    4.00    0.00   10.00    7.00     3      0.00      0.00   58948   12736   0.16      0.00     28.00      0.00       0  nginx
1791477316     33     23435    3.00    6.00    0.00   14.00    9.00     3      0.00      0.00   59320   13000   0.16      0.00    812.00    756.00       0  nginx
1791477316    113    151301   11.00   23.00    0.00    0.00   34.00     0      0.00      0.00  682592   63944   0.79      0.00      0.00      0.00       0  pdns_server
1791477316   1100    169029   42.00   24.00    0.00    0.00   66.00     3   2800.00      0.00 2048820   17292   0.21      0.00      0.00      0.00       0  isupipe

# Time        UID       PID    %usr %system  %guest   %wait    %CPU   CPU  minflt/s  majflt/s     VSZ     RSS   %MEM   kB_rd/s   kB_wr/s kB_ccwr/s iodelay  Command
1791477317    112     14307   77.00   32.00    0.00    2.00  109.00     1      5.00      0.00 2908980 1020168  12.57      0.00  12460.00   1528.00       0  mysqld
1791477317      0     17311    0.00    0.00    0.00    0.00    0.00     1      0.00      0.00   56800   12976   0.16      0.00      0.00      0.00       0  nginx
1791477317     33     23432    6.00   10.00    0.00   44.00   16.00     3      0.00      0.00   62224   16048   0.20      0.00    788.00    652.00       0  nginx
1791477317     33     23433    2.00   10.00    0.00   29.00   12.00     3      0.00      0.00   60284   14056   0.17      0.00    636.00    456.00       0  nginx
1791477317     33     23434    2.00    4.00    0.00   12.00    6.00     3      0.00      0.00   58948   12736   0.16      0.00    388.00    352.00       0  nginx
1791477317     33     23435    4.00    6.00    0.00   19.00   10.00     3      0.00      0.00   59320   13000   0.16      0.00    332.00    280.00       0  nginx
1791477317    113    151301   17.00   19.00    0.00    0.00   36.00     0      0.00      0.00  682592   63944   0.79      0.00      0.00      0.00       0  pdns_server
1791477317   1100    169029   35.00   28.00    0.00    0.00   63.00     3   2172.00      0.00 2048820   17776   0.22      0.00      0.00      0.00       0  isupipe

# Time        UID       PID    %usr %system  %guest   %wait    %CPU   CPU  minflt/s  majflt/s     VSZ     RSS   %MEM   kB_rd/s   kB_wr/s kB_ccwr/s iodelay  Command
1791477318    112     14307   70.00   39.00    0.00    1.00  109.00     1      0.00      0.00 2908980 1020168  12.57      0.00  12332.00   1512.00       0  mysqld
1791477318      0     17311    0.00    0.00    0.00    0.00    0.00     1      0.00      0.00   56800   12976   0.16      0.00      0.00      0.00       0  nginx
1791477318     33     23432    8.00   10.00    0.00   34.00   18.00     3      0.00      0.00   62224   16048   0.20      0.00    760.00    592.00       0  nginx
1791477318     33     23433    3.00    8.00    0.00   23.00   11.00     3      0.00      0.00   60284   14056   0.17      0.00    712.00    768.00       0  nginx
1791477318     33     23434    1.00    6.00    0.00   14.00    7.00     3      0.00      0.00   58948   12736   0.16      0.00    144.00    112.00       0  nginx
1791477318     33     23435    2.00    7.00    0.00   17.00    9.00     3      0.00      0.00   59320   13000   0.16      0.00    248.00    212.00       0  nginx
1791477318    113    151301   18.00   20.00    0.00    0.00   38.00     0      0.00      0.00  682592   63944   0.79      0.00      0.00      0.00       0  pdns_server
1791477318   1100    169029   32.00   28.00    0.00   17.00   60.00     2   2033.00      0.00 2048820   17960   0.22      0.00      0.00      0.00       0  isupipe

# Time        UID       PID    %usr %system  %guest   %wait    %CPU   CPU  minflt/s  majflt/s     VSZ     RSS   %MEM   kB_rd/s   kB_wr/s kB_ccwr/s iodelay  Command
1791477319    112     14307   71.00   34.00    0.00    1.00  105.00     1    215.00      0.00 2908980 1020764  12.57      0.00  11316.00   1724.00       0  mysqld
1791477319      0     17311    0.00    0.00    0.00    0.00    0.00     1      0.00      0.00   56800   12976   0.16      0.00      0.00      0.00       0  nginx
1791477319     33     23432    4.00   12.00    0.00   42.00   16.00     3      0.00      0.00   62224   16048   0.20      0.00    808.00    704.00       0  nginx
1791477319     33     23433    4.00    8.00    0.00   28.00   12.00     3      0.00      0.00   60284   14056   0.17      0.00    616.00    548.00       0  nginx
1791477319     33     23434    3.00    6.00    0.00   16.00    9.00     3      0.00      0.00   58948   12736   0.16      0.00    148.00     76.00       0  nginx
1791477319     33     23435    3.00    6.00    0.00   19.00    9.00     3      0.00      0.00   59320   13000   0.16      0.00    756.00    672.00       0  nginx
1791477319    113    151301   13.00   14.00    0.00    0.00   27.00     0      1.00      0.00  682592   63944   0.79      0.00      0.00      0.00       0  pdns_server
1791477319   1100    169029   32.00   35.00    0.00    9.00   67.00     3   3338.00      0.00 2122612   17332   0.21      0.00      0.00      0.00       0  isupipe

# Time        UID       PID    %usr %system  %guest   %wait    %CPU   CPU  minflt/s  majflt/s     VSZ     RSS   %MEM   kB_rd/s   kB_wr/s kB_ccwr/s iodelay  Command
1791477320    112     14307   76.24   42.57    0.00    0.00  118.81     0      0.00      0.00 2908980 1020764  12.57      0.00  16784.16   1520.79       0  mysqld
1791477320      0     17311    0.00    0.00    0.00    0.00    0.00     1      0.00      0.00   56800   12976   0.16      0.00      0.00      0.00       0  nginx
1791477320     33     23432    6.93    9.90    0.00   22.77   16.83     3      0.00      0.00   62224   16048   0.20      0.00   1207.92   1112.87       0  nginx
1791477320     33     23433    5.94    7.92    0.00   20.79   13.86     3      0.00      0.00   60284   14056   0.17      0.00    332.67    237.62       0  nginx
1791477320     33     23434    1.98    4.95    0.00    5.94    6.93     3      0.00      0.00   58948   12736   0.16      0.00     43.56      0.00       0  nginx
1791477320     33     23435    5.94    4.95    0.00   10.89   10.89     3      0.00      0.00   59320   13000   0.16      0.00    308.91    261.39       0  nginx
1791477320    113    151301   19.80   19.80    0.00    0.00   39.60     0      0.00      0.00  682592   63944   0.79      0.00      0.00      0.00       0  pdns_server
1791477320   1100    169029   38.61   24.75    0.00   17.82   63.37     2   2351.49      0.00 2123124   18436   0.23      0.00      0.00      0.00       0  isupipe

# Time        UID       PID    %usr %system  %guest   %wait    %CPU   CPU  minflt/s  majflt/s     VSZ     RSS   %MEM   kB_rd/s   kB_wr/s kB_ccwr/s iodelay  Command
1791477321    112     14307   77.00   35.00    0.00    0.00  112.00     1      0.00      0.00 2908980 1020764  12.57      0.00   7236.00    632.00       0  mysqld
1791477321      0     17311    0.00    0.00    0.00    0.00    0.00     1      0.00      0.00   56800   12976   0.16      0.00      0.00      0.00       0  nginx
1791477321     33     23432    6.00    7.00    0.00   16.00   13.00     3      0.00      0.00   62224   16048   0.20      0.00    648.00    536.00       0  nginx
1791477321     33     23433    2.00    6.00    0.00   13.00    8.00     3      0.00      0.00   60284   14056   0.17      0.00    180.00    128.00       0  nginx
1791477321     33     23434    0.00    1.00    0.00    2.00    1.00     3      0.00      0.00   58948   12736   0.16      0.00    108.00     96.00       0  nginx
1791477321     33     23435    0.00    3.00    0.00    6.00    3.00     3      0.00      0.00   59320   13000   0.16      0.00     12.00      0.00       0  nginx
1791477321    113    151301   27.00   31.00    0.00    0.00   58.00     0      1.00      0.00  682592   63944   0.79      0.00      0.00      0.00       0  pdns_server
1791477321   1100    169029   20.00   13.00    0.00   18.00   33.00     0    656.00      0.00 2123124   18140   0.22      0.00      0.00      0.00       0  isupipe

# Time        UID       PID    %usr %system  %guest   %wait    %CPU   CPU  minflt/s  majflt/s     VSZ     RSS   %MEM   kB_rd/s   kB_wr/s kB_ccwr/s iodelay  Command
1791477322    112     14307   88.00   41.00    0.00    0.00  129.00     1      1.00      0.00 2908980 1020764  12.57      0.00   8984.00   1076.00       0  mysqld
1791477322      0     17311    0.00    0.00    0.00    0.00    0.00     1      0.00      0.00   56800   12976   0.16      0.00      0.00      0.00       0  nginx
1791477322     33     23432    5.00    8.00    0.00   34.00   13.00     3      0.00      0.00   62224   16048   0.20      0.00    756.00    652.00       0  nginx
1791477322     33     23433    4.00    5.00    0.00   23.00    9.00     3      0.00      0.00   60284   14056   0.17      0.00    488.00    456.00       0  nginx
1791477322     33     23434    1.00    4.00    0.00    9.00    5.00     3      0.00      0.00   58948   12736   0.16      0.00    268.00    228.00       0  nginx
1791477322     33     23435    3.00    5.00    0.00   16.00    8.00     3      0.00      0.00   59320   13000   0.16      0.00     40.00      0.00       0  nginx
1791477322    113    151301   31.00   31.00    0.00    0.00   62.00     0      1.00      0.00  682592   63944   0.79      0.00      0.00      0.00       0  pdns_server
1791477322   1100    169029   29.00   21.00    0.00   30.00   50.00     2   1067.00      0.00 2123124   18872   0.23      0.00      0.00      0.00       0  isupipe

# Time        UID       PID    %usr %system  %guest   %wait    %CPU   CPU  minflt/s  majflt/s     VSZ     RSS   %MEM   kB_rd/s   kB_wr/s kB_ccwr/s iodelay  Command
1791477323    112     14307   89.00   41.00    0.00    1.00  130.00     0     25.00      0.00 2908980 1020764  12.57      0.00   9884.00   1168.00       0  mysqld
1791477323      0     17311    0.00    0.00    0.00    0.00    0.00     1      0.00      0.00   56800   12976   0.16      0.00      0.00      0.00       0  nginx
1791477323     33     23432    6.00   10.00    0.00   38.00   16.00     3      0.00      0.00   62224   16048   0.20      0.00   1028.00    836.00       0  nginx
1791477323     33     23433    4.00    6.00    0.00   29.00   10.00     1      0.00      0.00   60284   14056   0.17      0.00    228.00    164.00       0  nginx
1791477323     33     23434    1.00    4.00    0.00   12.00    5.00     3      0.00      0.00   58948   12736   0.16      0.00    136.00    100.00       0  nginx
1791477323     33     23435    3.00    5.00    0.00   15.00    8.00     3      0.00      0.00   59320   13000   0.16      0.00    392.00    340.00       0  nginx
1791477323    113    151301   24.00   37.00    0.00    0.00   61.00     0      1.00      0.00  682592   63944   0.79      0.00      0.00      0.00       0  pdns_server
1791477323   1100    169029   26.00   27.00    0.00   10.00   53.00     0   1638.00      0.00 2123124   18052   0.22      0.00      0.00      0.00       0  isupipe

# Time        UID       PID    %usr %system  %guest   %wait    %CPU   CPU  minflt/s  majflt/s     VSZ     RSS   %MEM   kB_rd/s   kB_wr/s kB_ccwr/s iodelay  Command
1791477324    112     14307   97.00   39.00    0.00    0.00  136.00     0     24.00      0.00 2908980 1020764  12.57      0.00  10036.00   1344.00       0  mysqld
1791477324      0     17311    0.00    0.00    0.00    0.00    0.00     1      0.00      0.00   56800   12976   0.16      0.00      0.00      0.00       0  nginx
1791477324     33     23432    8.00   10.00    0.00   22.00   18.00     3      0.00      0.00   62224   16048   0.20      0.00   1020.00   1012.00       0  nginx
1791477324     33     23433    6.00    5.00    0.00   16.00   11.00     3      0.00      0.00   60284   14056   0.17      0.00    428.00    332.00       0  nginx
1791477324     33     23434    1.00    1.00    0.00    1.00    2.00     3      0.00      0.00   58948   12736   0.16      0.00     12.00      0.00       0  nginx
1791477324     33     23435    4.00    3.00    0.00    8.00    7.00     3      0.00      0.00   59320   13000   0.16      0.00    220.00    184.00       0  nginx
1791477324    113    151301   29.00   35.00    0.00    0.00   64.00     0      1.00      0.00  682592   63944   0.79      0.00      0.00      0.00       0  pdns_server
1791477324   1100    169029   34.00   19.00    0.00   34.00   53.00     3   1526.00      0.00 2123124   18572   0.23      0.00      0.00      0.00       0  isupipe

# Time        UID       PID    %usr %system  %guest   %wait    %CPU   CPU  minflt/s  majflt/s     VSZ     RSS   %MEM   kB_rd/s   kB_wr/s kB_ccwr/s iodelay  Command
1791477325    112     14307   89.00   40.00    0.00    0.00  129.00     0      9.00      0.00 2908980 1020764  12.57      0.00  15660.00   1192.00       0  mysqld
1791477325      0     17311    0.00    0.00    0.00    0.00    0.00     1      0.00      0.00   56800   12976   0.16      0.00      0.00      0.00       0  nginx
1791477325     33     23432    7.00   11.00    0.00   26.00   18.00     3      0.00      0.00   62224   16048   0.20      0.00   1176.00    944.00       0  nginx
1791477325     33     23433    7.00    6.00    0.00   16.00   13.00     1      0.00      0.00   60284   14056   0.17      0.00    392.00    320.00       0  nginx
1791477325     33     23434    0.00    5.00    0.00    6.00    5.00     3      0.00      0.00   58948   12736   0.16      0.00     52.00      0.00       0  nginx
1791477325     33     23435    2.00    4.00    0.00    7.00    6.00     3      0.00      0.00   59320   13000   0.16      0.00     32.00      0.00       0  nginx
1791477325    113    151301   26.00   33.00    0.00    0.00   59.00     0      0.00      0.00  682592   63944   0.79      0.00      0.00      0.00       0  pdns_server
1791477325   1100    169029   39.00   19.00    0.00    4.00   58.00     3   1402.00      0.00 2123124   19140   0.24      0.00      0.00      0.00       0  isupipe

# Time        UID       PID    %usr %system  %guest   %wait    %CPU   CPU  minflt/s  majflt/s     VSZ     RSS   %MEM   kB_rd/s   kB_wr/s kB_ccwr/s iodelay  Command
1791477326    112     14307   99.00   43.00    0.00    1.00  142.00     0      0.00      0.00 2908980 1020764  12.57      0.00   9724.00   1444.00       0  mysqld
1791477326      0     17311    0.00    0.00    0.00    0.00    0.00     1      0.00      0.00   56800   12976   0.16      0.00      0.00      0.00       0  nginx
1791477326     33     23432    8.00    7.00    0.00   26.00   15.00     3      0.00      0.00   62224   16048   0.20      0.00   1220.00   1264.00       0  nginx
1791477326     33     23433    2.00    8.00    0.00   16.00   10.00     3      0.00      0.00   60284   14056   0.17      0.00    324.00    232.00       0  nginx
1791477326     33     23434    1.00    0.00    0.00    2.00    1.00     3      0.00      0.00   58948   12736   0.16      0.00    124.00    116.00       0  nginx
1791477326     33     23435    4.00    2.00    0.00    8.00    6.00     0      0.00      0.00   59320   13000   0.16      0.00     48.00      0.00       0  nginx
1791477326    113    151301   38.00   34.00    0.00    0.00   72.00     0      1.00      0.00  682592   63944   0.79      0.00      0.00      0.00       0  pdns_server
1791477326   1100    169029   27.00   23.00    0.00    2.00   50.00     3   1723.00      0.00 2123124   18444   0.23      0.00      0.00      0.00       0  isupipe

# Time        UID       PID    %usr %system  %guest   %wait    %CPU   CPU  minflt/s  majflt/s     VSZ     RSS   %MEM   kB_rd/s   kB_wr/s kB_ccwr/s iodelay  Command
1791477327    112     14307   92.00   38.00    0.00    0.00  130.00     0     29.00      0.00 2908980 1020764  12.57      0.00  10644.00   1304.00       0  mysqld
1791477327      0     17311    0.00    0.00    0.00    0.00    0.00     1      0.00      0.00   56800   12976   0.16      0.00      0.00      0.00       0  nginx
1791477327     33     23432    5.00   15.00    0.00   36.00   20.00     3      0.00      0.00   62224   16048   0.20      0.00   1004.00    848.00       0  nginx
1791477327     33     23433    6.00    4.00    0.00   21.00   10.00     3      0.00      0.00   60284   14056   0.17      0.00    672.00    632.00       0  nginx
1791477327     33     23434    1.00    3.00    0.00    8.00    4.00     3      0.00      0.00   58948   12736   0.16      0.00     28.00      0.00       0  nginx
1791477327     33     23435    2.00    6.00    0.00   15.00    8.00     1      0.00      0.00   59320   13000   0.16      0.00    140.00     96.00       0  nginx
1791477327    113    151301   29.00   24.00    0.00    0.00   53.00     0      0.00      0.00  682592   63944   0.79      0.00      0.00      0.00       0  pdns_server
1791477327   1100    169029   36.00   27.00    0.00   27.00   63.00     1   1596.00      0.00 2123124   18452   0.23      0.00      0.00      0.00       0  isupipe

# Time        UID       PID    %usr %system  %guest   %wait    %CPU   CPU  minflt/s  majflt/s     VSZ     RSS   %MEM   kB_rd/s   kB_wr/s kB_ccwr/s iodelay  Command
1791477328    112     14307   79.00   43.00    0.00    1.00  122.00     0      7.00      0.00 2908980 1020764  12.57      0.00  10532.00   1116.00       0  mysqld
1791477328      0     17311    0.00    0.00    0.00    0.00    0.00     1      0.00      0.00   56800   12976   0.16      0.00      0.00      0.00       0  nginx
1791477328     33     23432    6.00   14.00    0.00   36.00   20.00     3      0.00      0.00   62224   16048   0.20      0.00    604.00    368.00       0  nginx
1791477328     33     23433    4.00    9.00    0.00   27.00   13.00     3      0.00      0.00   60284   14056   0.17      0.00    440.00    356.00       0  nginx
1791477328     33     23434    0.00    5.00    0.00    7.00    5.00     3      0.00      0.00   58948   12736   0.16      0.00    480.00    468.00       0  nginx
1791477328     33     23435    5.00    4.00    0.00   13.00    9.00     3      0.00      0.00   59320   13000   0.16      0.00    264.00    212.00       0  nginx
1791477328    113    151301   21.00   27.00    0.00    0.00   48.00     0      0.00      0.00  682592   63944   0.79      0.00      0.00      0.00       0  pdns_server
1791477328   1100    169029   32.00   27.00    0.00   28.00   59.00     2   1543.00      0.00 2123124   19000   0.23      0.00      0.00      0.00       0  isupipe

# Time        UID       PID    %usr %system  %guest   %wait    %CPU   CPU  minflt/s  majflt/s     VSZ     RSS   %MEM   kB_rd/s   kB_wr/s kB_ccwr/s iodelay  Command
1791477329    112     14307   75.00   37.00    0.00    0.00  112.00     0      0.00      0.00 2908980 1020764  12.57      0.00  10140.00    956.00       0  mysqld
1791477329      0     17311    0.00    0.00    0.00    0.00    0.00     1      0.00      0.00   56800   12976   0.16      0.00      0.00      0.00       0  nginx
1791477329     33     23432    5.00   13.00    0.00   46.00   18.00     3      0.00      0.00   62224   16048   0.20      0.00    640.00    472.00       0  nginx
1791477329     33     23433    5.00    9.00    0.00   35.00   14.00     3      0.00      0.00   60284   14056   0.17      0.00    436.00    352.00       0  nginx
1791477329     33     23434    4.00    6.00    0.00   16.00   10.00     3      0.00      0.00   58948   12736   0.16      0.00     40.00      0.00       0  nginx
1791477329     33     23435    2.00    9.00    0.00   24.00   11.00     3      0.00      0.00   59320   13000   0.16      0.00    512.00    436.00       0  nginx
1791477329    113    151301   18.00   17.00    0.00    0.00   35.00     0      1.00      0.00  682592   63944   0.79      0.00      0.00      0.00       0  pdns_server
1791477329   1100    169029   37.00   29.00    0.00   25.00   66.00     0   1608.00      0.00 2123124   19120   0.24      0.00      0.00      0.00       0  isupipe

# Time        UID       PID    %usr %system  %guest   %wait    %CPU   CPU  minflt/s  majflt/s     VSZ     RSS   %MEM   kB_rd/s   kB_wr/s kB_ccwr/s iodelay  Command
1791477330    112     14307   83.00   42.00    0.00    1.00  125.00     1      3.00      0.00 2908980 1020764  12.57      0.00  11092.00   1352.00       0  mysqld
1791477330      0     17311    0.00    0.00    0.00    0.00    0.00     1      0.00      0.00   56800   12976   0.16      0.00      0.00      0.00       0  nginx
1791477330     33     23432    7.00   10.00    0.00   36.00   17.00     3      0.00      0.00   62224   16048   0.20      0.00    944.00    924.00       0  nginx
1791477330     33     23433    3.00    9.00    0.00   23.00   12.00     0      0.00      0.00   60284   14056   0.17      0.00    500.00    432.00       0  nginx
1791477330     33     23434    2.00    4.00    0.00    6.00    6.00     2      0.00      0.00   58948   12736   0.16      0.00    324.00    296.00       0  nginx
1791477330     33     23435    3.00    6.00    0.00   13.00    9.00     3      0.00      0.00   59320   13000   0.16      0.00    124.00     84.00       0  nginx
1791477330    113    151301   23.00   23.00    0.00    0.00   46.00     0      0.00      0.00  682592   63944   0.79      0.00      0.00      0.00       0  pdns_server
1791477330   1100    169029   35.00   28.00    0.00   23.00   63.00     1   1304.00      0.00 2123124   19476   0.24      0.00      0.00      0.00       0  isupipe

# Time        UID       PID    %usr %system  %guest   %wait    %CPU   CPU  minflt/s  majflt/s     VSZ     RSS   %MEM   kB_rd/s   kB_wr/s kB_ccwr/s iodelay  Command
1791477331    112     14307   88.00   45.00    0.00    0.00  133.00     0      0.00      0.00 2908980 1020764  12.57      0.00  16216.00   1132.00       0  mysqld
1791477331      0     17311    0.00    0.00    0.00    0.00    0.00     1      0.00      0.00   56800   12976   0.16      0.00      0.00      0.00       0  nginx
1791477331     33     23432    7.00   13.00    0.00   25.00   20.00     3      0.00      0.00   62224   16048   0.20      0.00    932.00    716.00       0  nginx
1791477331     33     23433    4.00    7.00    0.00   19.00   11.00     3      0.00      0.00   60284   14056   0.17      0.00    412.00    328.00       0  nginx
1791477331     33     23434    3.00    4.00    0.00    6.00    7.00     3      0.00      0.00   58948   12736   0.16      0.00    184.00    156.00       0  nginx
1791477331     33     23435    5.00    5.00    0.00   13.00   10.00     3      0.00      0.00   59320   13000   0.16      0.00    244.00    196.00       0  nginx
1791477331    113    151301   24.00   28.00    0.00    0.00   52.00     0      2.00      0.00  682592   63944   0.79      0.00      0.00      0.00       0  pdns_server
1791477331   1100    169029   42.00   20.00    0.00   35.00   62.00     2   1518.00      0.00 2123124   19124   0.24      0.00      0.00      0.00       0  isupipe

# Time        UID       PID    %usr %system  %guest   %wait    %CPU   CPU  minflt/s  majflt/s     VSZ     RSS   %MEM   kB_rd/s   kB_wr/s kB_ccwr/s iodelay  Command
1791477332    112     14307   91.00   45.00    0.00    1.00  136.00     1    111.00      0.00 2908980 1020956  12.58      0.00  11484.00   1468.00       0  mysqld
1791477332      0     17311    0.00    0.00    0.00    0.00    0.00     1      0.00      0.00   56800   12976   0.16      0.00      0.00      0.00       0  nginx
1791477332     33     23432    6.00   15.00    0.00   31.00   21.00     3      0.00      0.00   62224   16048   0.20      0.00    708.00    604.00       0  nginx
1791477332     33     23433    6.00    7.00    0.00   17.00   13.00     3      0.00      0.00   60284   14056   0.17      0.00    704.00    644.00       0  nginx
1791477332     33     23434    1.00    2.00    0.00    5.00    3.00     3      0.00      0.00   58948   12736   0.16      0.00      4.00      0.00       0  nginx
1791477332     33     23435    2.00    6.00    0.00   11.00    8.00     3      0.00      0.00   59320   13000   0.16      0.00    424.00    392.00       0  nginx
1791477332    113    151301   30.00   27.00    0.00    0.00   57.00     0      1.00      0.00  682592   63944   0.79      0.00      0.00      0.00       0  pdns_server
1791477332   1100    169029   33.00   27.00    0.00   12.00   60.00     2   1813.00      0.00 2123124   18572   0.23      0.00      0.00      0.00       0  isupipe

# Time        UID       PID    %usr %system  %guest   %wait    %CPU   CPU  minflt/s  majflt/s     VSZ     RSS   %MEM   kB_rd/s   kB_wr/s kB_ccwr/s iodelay  Command
1791477333    112     14307   97.00   33.00    0.00    0.00  130.00     1     37.00      0.00 2908980 1020956  12.58      0.00  11488.00   1264.00       0  mysqld
1791477333      0     17311    0.00    0.00    0.00    0.00    0.00     1      0.00      0.00   56800   12976   0.16      0.00      0.00      0.00       0  nginx
1791477333     33     23432    9.00    8.00    0.00   36.00   17.00     2      0.00      0.00   62224   16048   0.20      0.00   1148.00    976.00       0  nginx
1791477333     33     23433    3.00    9.00    0.00   29.00   12.00     3      0.00      0.00   60284   14056   0.17      0.00    332.00    264.00       0  nginx
1791477333     33     23434    2.00    6.00    0.00   16.00    8.00     3      0.00      0.00   58948   12736   0.16      0.00    316.00    260.00       0  nginx
1791477333     33     23435    2.00    9.00    0.00   27.00   11.00     3      0.00      0.00   59320   13000   0.16      0.00     92.00      0.00       0  nginx
1791477333    113    151301   27.00   25.00    0.00    0.00   52.00     0      0.00      0.00  682592   63944   0.79      0.00      0.00      0.00       0  pdns_server
1791477333   1100    169029   34.00   27.00    0.00   21.00   61.00     3   1733.00      0.00 2123124   20328   0.25      0.00      0.00      0.00       0  isupipe

# Time        UID       PID    %usr %system  %guest   %wait    %CPU   CPU  minflt/s  majflt/s     VSZ     RSS   %MEM   kB_rd/s   kB_wr/s kB_ccwr/s iodelay  Command
1791477334    112     14307   79.00   40.00    0.00    0.00  119.00     1     29.00      0.00 2908980 1020956  12.58      0.00  12356.00   1484.00       0  mysqld
1791477334      0     17311    0.00    0.00    0.00    0.00    0.00     1      0.00      0.00   56800   12976   0.16      0.00      0.00      0.00       0  nginx
1791477334     33     23432    8.00   10.00    0.00   33.00   18.00     3      0.00      0.00   62224   16048   0.20      0.00   1244.00   1212.00       0  nginx
1791477334     33     23433    5.00    8.00    0.00   20.00   13.00     3      0.00      0.00   60284   14056   0.17      0.00    348.00    268.00       0  nginx
1791477334     33     23434    4.00    3.00    0.00   10.00    7.00     3      0.00      0.00   58948   12736   0.16      0.00    116.00     84.00       0  nginx
1791477334     33     23435    3.00    5.00    0.00   13.00    8.00     2      0.00      0.00   59320   13000   0.16      0.00     32.00      0.00       0  nginx
1791477334    113    151301   25.00   21.00    0.00    0.00   46.00     0      1.00      0.00  682592   63944   0.79      0.00      0.00      0.00       0  pdns_server
1791477334   1100    169029   34.00   28.00    0.00   18.00   62.00     1   1193.00      0.00 2123124   19616   0.24      0.00      0.00      0.00       0  isupipe

# Time        UID       PID    %usr %system  %guest   %wait    %CPU   CPU  minflt/s  majflt/s     VSZ     RSS   %MEM   kB_rd/s   kB_wr/s kB_ccwr/s iodelay  Command
1791477335    112     14307   75.00   48.00    0.00    1.00  123.00     1     13.00      0.00 2908980 1020956  12.58      0.00  10804.00   1084.00       0  mysqld
1791477335      0     17311    0.00    0.00    0.00    0.00    0.00     1      0.00      0.00   56800   12976   0.16      0.00      0.00      0.00       0  nginx
1791477335     33     23432    5.00   12.00    0.00   26.00   17.00     3      0.00      0.00   62224   16048   0.20      0.00    772.00    672.00       0  nginx
1791477335     33     23433    4.00    8.00    0.00   20.00   12.00     3      0.00      0.00   60284   14056   0.17      0.00    552.00    456.00       0  nginx
1791477335     33     23434    2.00    4.00    0.00   10.00    6.00     3      0.00      0.00   58948   12736   0.16      0.00     44.00      0.00       0  nginx
1791477335     33     23435    2.00   10.00    0.00   16.00   12.00     3      0.00      0.00   59320   13000   0.16      0.00    280.00    216.00       0  nginx
1791477335    113    151301   20.00   27.00    0.00    0.00   47.00     0      0.00      0.00  682592   63944   0.79      0.00      0.00      0.00       0  pdns_server
1791477335   1100    169029   35.00   29.00    0.00   28.00   64.00     1   2406.00      0.00 2123124   18776   0.23      0.00      0.00      0.00       0  isupipe

# Time        UID       PID    %usr %system  %guest   %wait    %CPU   CPU  minflt/s  majflt/s     VSZ     RSS   %MEM   kB_rd/s   kB_wr/s kB_ccwr/s iodelay  Command
1791477336    112     14307   80.00   41.00    0.00    0.00  121.00     0      4.00      0.00 2908980 1020956  12.58      0.00  15372.00   1356.00       0  mysqld
1791477336      0     17311    0.00    0.00    0.00    0.00    0.00     1      0.00      0.00   56800   12976   0.16      0.00      0.00      0.00       0  nginx
1791477336     33     23432    8.00   11.00    0.00   35.00   19.00     3      0.00      0.00   62224   16048   0.20      0.00   1044.00    932.00       0  nginx
1791477336     33     23433    3.00    8.00    0.00   17.00   11.00     3      0.00      0.00   60284   14056   0.17      0.00    412.00    352.00       0  nginx
1791477336     33     23434    3.00    7.00    0.00   14.00   10.00     0      0.00      0.00   58948   12736   0.16      0.00    120.00     72.00       0  nginx
1791477336     33     23435    3.00    7.00    0.00   22.00   10.00     3      0.00      0.00   59320   13000   0.16      0.00    236.00    148.00       0  nginx
1791477336    113    151301   18.00   24.00    0.00    0.00   42.00     0      0.00      0.00  682592   63944   0.79      0.00      0.00      0.00       0  pdns_server
1791477336   1100    169029   35.00   27.00    0.00   11.00   62.00     0   1707.00      0.00 2123380   19324   0.24      0.00      0.00      0.00       0  isupipe

# Time        UID       PID    %usr %system  %guest   %wait    %CPU   CPU  minflt/s  majflt/s     VSZ     RSS   %MEM   kB_rd/s   kB_wr/s kB_ccwr/s iodelay  Command
1791477337    112     14307   80.00   40.00    0.00    1.00  120.00     0     10.00      0.00 2908980 1020956  12.58      0.00  12648.00   1388.00       0  mysqld
1791477337      0     17311    0.00    0.00    0.00    0.00    0.00     1      0.00      0.00   56800   12976   0.16      0.00      0.00      0.00       0  nginx
1791477337     33     23432    6.00   10.00    0.00   47.00   16.00     3      0.00      0.00   62224   16048   0.20      0.00    828.00    752.00       0  nginx
1791477337     33     23433    5.00    6.00    0.00   39.00   11.00     1      0.00      0.00   60284   14056   0.17      0.00    252.00     68.00       0  nginx
1791477337     33     23434    5.00    5.00    0.00   17.00   10.00     3      0.00      0.00   58948   12736   0.16      0.00    388.00    348.00       0  nginx
1791477337     33     23435    6.00    6.00    0.00   34.00   12.00     3      0.00      0.00   59320   13000   0.16      0.00    404.00    312.00       0  nginx
1791477337    113    151301   18.00   27.00    0.00    0.00   45.00     0      1.00      0.00  682592   63944   0.79      0.00      0.00      0.00       0  pdns_server
1791477337   1100    169029   31.00   31.00    0.00   23.00   62.00     1   1555.00      0.00 2123380   20380   0.25      0.00      0.00      0.00       0  isupipe

# Time        UID       PID    %usr %system  %guest   %wait    %CPU   CPU  minflt/s  majflt/s     VSZ     RSS   %MEM   kB_rd/s   kB_wr/s kB_ccwr/s iodelay  Command
1791477338    112     14307   94.00   40.00    0.00    0.00  134.00     0     10.00      0.00 2908980 1020956  12.58      0.00  15984.00    756.00       0  mysqld
1791477338      0     17311    0.00    0.00    0.00    0.00    0.00     1      0.00      0.00   56800   12976   0.16      0.00      0.00      0.00       0  nginx
1791477338     33     23432    4.00    9.00    0.00   32.00   13.00     3      0.00      0.00   62224   16048   0.20      0.00    264.00    184.00       0  nginx
1791477338     33     23433    4.00    7.00    0.00   25.00   11.00     3      0.00      0.00   60284   14056   0.17      0.00    384.00    400.00       0  nginx
1791477338     33     23434    3.00    4.00    0.00   12.00    7.00     3      0.00      0.00   58948   12736   0.16      0.00    168.00    128.00       0  nginx
1791477338     33     23435    2.00    4.00    0.00   10.00    6.00     3      0.00      0.00   59320   13000   0.16      0.00    488.00    392.00       0  nginx
1791477338    113    151301   19.00   25.00    0.00    0.00   44.00     0      1.00      0.00  682592   63944   0.79      0.00      0.00      0.00       0  pdns_server
1791477338   1100    169029   30.00   27.00    0.00   23.00   57.00     0   1362.00      0.00 2123380   20304   0.25      0.00      0.00      0.00       0  isupipe

# Time        UID       PID    %usr %system  %guest   %wait    %CPU   CPU  minflt/s  majflt/s     VSZ     RSS   %MEM   kB_rd/s   kB_wr/s kB_ccwr/s iodelay  Command
1791477339    112     14307   80.00   42.00    0.00    0.00  122.00     0      9.00      0.00 2908980 1020956  12.58      0.00   9520.00    592.00       0  mysqld
1791477339      0     17311    0.00    0.00    0.00    0.00    0.00     1      0.00      0.00   56800   12976   0.16      0.00      0.00      0.00       0  nginx
1791477339     33     23432    4.00   10.00    0.00   18.00   14.00     3      0.00      0.00   62224   16048   0.20      0.00    496.00    396.00       0  nginx
1791477339     33     23433    4.00    5.00    0.00   13.00    9.00     3      0.00      0.00   60284   14056   0.17      0.00    276.00    200.00       0  nginx
1791477339     33     23434    2.00    4.00    0.00    7.00    6.00     2      0.00      0.00   58948   12736   0.16      0.00     44.00      0.00       0  nginx
1791477339     33     23435    2.00    7.00    0.00   12.00    9.00     3      0.00      0.00   59320   13000   0.16      0.00    132.00    180.00       0  nginx
1791477339    113    151301   27.00   24.00    0.00    0.00   51.00     0      0.00      0.00  682592   63944   0.79      0.00      0.00      0.00       0  pdns_server
1791477339   1100    169029   27.00   20.00    0.00   18.00   47.00     2   1037.00      0.00 2123380   20024   0.25      0.00      0.00      0.00       0  isupipe

# Time        UID       PID    %usr %system  %guest   %wait    %CPU   CPU  minflt/s  majflt/s     VSZ     RSS   %MEM   kB_rd/s   kB_wr/s kB_ccwr/s iodelay  Command
1791477340    112     14307   92.00   42.00    0.00    0.00  134.00     2      3.00      0.00 2908980 1020956  12.58      0.00  13292.00   1152.00       0  mysqld
1791477340      0     17311    0.00    0.00    0.00    0.00    0.00     1      0.00      0.00   56800   12976   0.16      0.00      0.00      0.00       0  nginx
1791477340     33     23432    9.00    9.00    0.00   19.00   18.00     3      0.00      0.00   62224   16048   0.20      0.00    600.00    480.00       0  nginx
1791477340     33     23433    3.00    6.00    0.00   10.00    9.00     3      0.00      0.00   60284   14056   0.17      0.00    524.00    468.00       0  nginx
1791477340     33     23434    1.00    1.00    0.00    3.00    2.00     3      0.00      0.00   58948   12736   0.16      0.00      8.00      0.00       0  nginx
1791477340     33     23435    1.00    4.00    0.00    5.00    5.00     3      0.00      0.00   59320   13000   0.16      0.00    284.00    260.00       0  nginx
1791477340    113    151301   36.00   29.00    0.00    0.00   65.00     0      0.00      0.00  682592   63944   0.79      0.00      0.00      0.00       0  pdns_server
1791477340   1100    169029   28.00   18.00    0.00   15.00   46.00     1   1064.00      0.00 2123380   20200   0.25      0.00      0.00      0.00       0  isupipe

# Time        UID       PID    %usr %system  %guest   %wait    %CPU   CPU  minflt/s  majflt/s     VSZ     RSS   %MEM   kB_rd/s   kB_wr/s kB_ccwr/s iodelay  Command
1791477341    112     14307   93.00   38.00    0.00    1.00  131.00     2      0.00      0.00 2908980 1020956  12.58      0.00   6700.00    784.00       0  mysqld
1791477341      0     17311    0.00    0.00    0.00    0.00    0.00     1      0.00      0.00   56800   12976   0.16      0.00      0.00      0.00       0  nginx
1791477341     33     23432    7.00    7.00    0.00   19.00   14.00     3      0.00      0.00   62224   16048   0.20      0.00    520.00    440.00       0  nginx
1791477341     33     23433    1.00    6.00    0.00   12.00    7.00     3      0.00      0.00   60284   14056   0.17      0.00    256.00    204.00       0  nginx
1791477341     33     23434    0.00    1.00    0.00    2.00    1.00     2      0.00      0.00   58948   12736   0.16      0.00     84.00     68.00       0  nginx
1791477341     33     23435    4.00    3.00    0.00    5.00    7.00     3      0.00      0.00   59320   13000   0.16      0.00    360.00    324.00       0  nginx
1791477341    113    151301   32.00   37.00    0.00    0.00   69.00     0      2.00      0.00  682592   63944   0.79      0.00      0.00      0.00       0  pdns_server
1791477341   1100    169029   19.00   21.00    0.00   15.00   40.00     0    638.00      0.00 2123380   20700   0.25      0.00      0.00      0.00       0  isupipe

# Time        UID       PID    %usr %system  %guest   %wait    %CPU   CPU  minflt/s  majflt/s     VSZ     RSS   %MEM   kB_rd/s   kB_wr/s kB_ccwr/s iodelay  Command
1791477342    112     14307   88.00   42.00    0.00    0.00  130.00     2     27.00      0.00 2908980 1020956  12.58      0.00   7868.00    584.00       0  mysqld
1791477342      0     17311    0.00    0.00    0.00    0.00    0.00     1      0.00      0.00   56800   12976   0.16      0.00      0.00      0.00       0  nginx
1791477342     33     23432    6.00    8.00    0.00   24.00   14.00     3      0.00      0.00   62224   16048   0.20      0.00    488.00    400.00       0  nginx
1791477342     33     23433    5.00    4.00    0.00   16.00    9.00     3      0.00      0.00   60284   14056   0.17      0.00    180.00    148.00       0  nginx
1791477342     33     23434    1.00    1.00    0.00    2.00    2.00     3      0.00      0.00   58948   12736   0.16      0.00      8.00      0.00       0  nginx
1791477342     33     23435    2.00    3.00    0.00    8.00    5.00     3      0.00      0.00   59320   13000   0.16      0.00    240.00    224.00       0  nginx
1791477342    113    151301   38.00   30.00    0.00    0.00   68.00     0      1.00      0.00  682592   63944   0.79      0.00      0.00      0.00       0  pdns_server
1791477342   1100    169029   17.00   20.00    0.00   16.00   37.00     1    757.00      0.00 2123380   20276   0.25      0.00      0.00      0.00       0  isupipe

# Time        UID       PID    %usr %system  %guest   %wait    %CPU   CPU  minflt/s  majflt/s     VSZ     RSS   %MEM   kB_rd/s   kB_wr/s kB_ccwr/s iodelay  Command
1791477343    112     14307   74.00   45.00    0.00    0.00  119.00     2     24.00      0.00 2908980 1020956  12.58      0.00  16640.00    964.00       0  mysqld
1791477343      0     17311    0.00    0.00    0.00    0.00    0.00     1      0.00      0.00   56800   12976   0.16      0.00      0.00      0.00       0  nginx
1791477343     33     23432    5.00   11.00    0.00   48.00   16.00     3      0.00      0.00   62224   16048   0.20      0.00    704.00    612.00       0  nginx
1791477343     33     23433    4.00    8.00    0.00   35.00   12.00     3      0.00      0.00   60284   14056   0.17      0.00    260.00    188.00       0  nginx
1791477343     33     23434    5.00    6.00    0.00   19.00   11.00     3      0.00      0.00   58948   12736   0.16      0.00    268.00    196.00       0  nginx
1791477343     33     23435    7.00    5.00    0.00   21.00   12.00     3      0.00      0.00   59320   13000   0.16      0.00    304.00    284.00       0  nginx
1791477343    113    151301   22.00   27.00    0.00    0.00   49.00     0      1.00      0.00  682592   63944   0.79      0.00      0.00      0.00       0  pdns_server
1791477343   1100    169029   26.00   28.00    0.00   24.00   54.00     3    944.00      0.00 2123380   21512   0.26      0.00      0.00      0.00       0  isupipe

# Time        UID       PID    %usr %system  %guest   %wait    %CPU   CPU  minflt/s  majflt/s     VSZ     RSS   %MEM   kB_rd/s   kB_wr/s kB_ccwr/s iodelay  Command
1791477344    112     14307   74.00   42.00    0.00    1.00  116.00     2     35.00      0.00 2908980 1020956  12.58      0.00   9388.00    856.00       0  mysqld
1791477344      0     17311    0.00    0.00    0.00    0.00    0.00     1      0.00      0.00   56800   12976   0.16      0.00      0.00      0.00       0  nginx
1791477344     33     23432    8.00   10.00    0.00   43.00   18.00     3      0.00      0.00   62224   16048   0.20      0.00    588.00    376.00       0  nginx
1791477344     33     23433    6.00    8.00    0.00   35.00   14.00     3      0.00      0.00   60284   14056   0.17      0.00    444.00    260.00       0  nginx
1791477344     33     23434    4.00    6.00    0.00   18.00   10.00     1      0.00      0.00   58948   12736   0.16      0.00    380.00    324.00       0  nginx
1791477344     33     23435    2.00    9.00    0.00   27.00   11.00     3      0.00      0.00   59320   13000   0.16      0.00    192.00    148.00       0  nginx
1791477344    113    151301   23.00   24.00    0.00    0.00   47.00     0      0.00      0.00  682592   63944   0.79      0.00      0.00      0.00       0  pdns_server
1791477344   1100    169029   28.00   30.00    0.00    9.00   58.00     1   1148.00      0.00 2123380   20336   0.25      0.00      0.00      0.00       0  isupipe

# Time        UID       PID    %usr %system  %guest   %wait    %CPU   CPU  minflt/s  majflt/s     VSZ     RSS   %MEM   kB_rd/s   kB_wr/s kB_ccwr/s iodelay  Command
1791477345    112     14307   86.00   39.00    0.00    0.00  125.00     2      0.00      0.00 2908980 1020956  12.58      0.00   9988.00   1172.00       0  mysqld
1791477345      0     17311    0.00    0.00    0.00    0.00    0.00     1      0.00      0.00   56800   12976   0.16      0.00      0.00      0.00       0  nginx
1791477345     33     23432    7.00    9.00    0.00   39.00   16.00     3      0.00      0.00   62224   16048   0.20      0.00    976.00   1008.00       0  nginx
1791477345     33     23433    6.00    6.00    0.00   31.00   12.00     3      0.00      0.00   60284   14056   0.17      0.00    272.00    208.00       0  nginx
1791477345     33     23434    3.00    4.00    0.00   15.00    7.00     3      0.00      0.00   58948   12736   0.16      0.00     16.00      0.00       0  nginx
1791477345     33     23435    6.00    5.00    0.00   24.00   11.00     3      0.00      0.00   59320   13000   0.16      0.00    412.00    336.00       0  nginx
1791477345    113    151301   20.00   31.00    0.00    0.00   51.00     0      1.00      0.00  682592   63944   0.79      0.00      0.00      0.00       0  pdns_server
1791477345   1100    169029   27.00   27.00    0.00   33.00   54.00     3   1508.00      0.00 2123380   20972   0.26      0.00      0.00      0.00       0  isupipe

# Time        UID       PID    %usr %system  %guest   %wait    %CPU   CPU  minflt/s  majflt/s     VSZ     RSS   %MEM   kB_rd/s   kB_wr/s kB_ccwr/s iodelay  Command
1791477346    112     14307   81.00   39.00    0.00    0.00  120.00     1      4.00      0.00 2908980 1020956  12.58      0.00  13304.00   1008.00       0  mysqld
1791477346      0     17311    0.00    0.00    0.00    0.00    0.00     1      0.00      0.00   56800   12976   0.16      0.00      0.00      0.00       0  nginx
1791477346     33     23432    9.00    8.00    0.00   36.00   17.00     3      0.00      0.00   62224   16048   0.20      0.00    800.00    712.00       0  nginx
1791477346     33     23433    5.00    7.00    0.00   31.00   12.00     3      0.00      0.00   60284   14056   0.17      0.00    244.00    172.00       0  nginx
1791477346     33     23434    4.00    8.00    0.00   20.00   12.00     3      0.00      0.00   58948   12736   0.16      0.00    388.00    220.00       0  nginx
1791477346     33     23435    5.00    7.00    0.00   29.00   12.00     0      0.00      0.00   59320   13000   0.16      0.00    244.00    168.00       0  nginx
1791477346    113    151301   21.00   27.00    0.00    0.00   48.00     0      0.00      0.00  682592   63944   0.79      0.00      0.00      0.00       0  pdns_server
1791477346   1100    169029   32.00   30.00    0.00    3.00   62.00     0    947.00      0.00 2123380   20848   0.26      0.00      0.00      0.00       0  isupipe

# Time        UID       PID    %usr %system  %guest   %wait    %CPU   CPU  minflt/s  majflt/s     VSZ     RSS   %MEM   kB_rd/s   kB_wr/s kB_ccwr/s iodelay  Command
1791477347    112     14307   78.00   38.00    0.00    1.00  116.00     0      0.00      0.00 2908980 1020956  12.58      0.00  10964.00   1060.00       0  mysqld
1791477347      0     17311    0.00    0.00    0.00    0.00    0.00     1      0.00      0.00   56800   12976   0.16      0.00      0.00      0.00       0  nginx
1791477347     33     23432    8.00    8.00    0.00   40.00   16.00     0      0.00      0.00   62224   16048   0.20      0.00    632.00    460.00       0  nginx
1791477347     33     23433    7.00    8.00    0.00   37.00   15.00     1      0.00      0.00   60284   14056   0.17      0.00    180.00     96.00       0  nginx
1791477347     33     23434    3.00    9.00    0.00   26.00   12.00     0      0.00      0.00   58948   12736   0.16      0.00    236.00    276.00       0  nginx
1791477347     33     23435    5.00    6.00    0.00   21.00   11.00     1      0.00      0.00   59320   13000   0.16      0.00    596.00    564.00       0  nginx
1791477347    113    151301   21.00   25.00    0.00    0.00   46.00     0      1.00      0.00  682592   63944   0.79      0.00      0.00      0.00       0  pdns_server
1791477347   1100    169029   27.00   27.00    0.00   19.00   54.00     0    961.00      0.00 2123380   20652   0.25      0.00      0.00      0.00       0  isupipe

# Time        UID       PID    %usr %system  %guest   %wait    %CPU   CPU  minflt/s  majflt/s     VSZ     RSS   %MEM   kB_rd/s   kB_wr/s kB_ccwr/s iodelay  Command
1791477348    112     14307   82.00   34.00    0.00    1.00  116.00     0      0.00      0.00 2908980 1020956  12.58      0.00  10472.00    940.00       0  mysqld
1791477348      0     17311    0.00    0.00    0.00    0.00    0.00     1      0.00      0.00   56800   12976   0.16      0.00      0.00      0.00       0  nginx
1791477348     33     23432    8.00   10.00    0.00   46.00   18.00     3      0.00      0.00   62224   16048   0.20      0.00    460.00    464.00       0  nginx
1791477348     33     23433    4.00    8.00    0.00   36.00   12.00     3      0.00      0.00   60284   14056   0.17      0.00    348.00    256.00       0  nginx
1791477348     33     23434    4.00    7.00    0.00   21.00   11.00     1      0.00      0.00   58948   12736   0.16      0.00    192.00    148.00       0  nginx
1791477348     33     23435    4.00    9.00    0.00   32.00   13.00     3      0.00      0.00   59320   13000   0.16      0.00    432.00    372.00       0  nginx
1791477348    113    151301   23.00   23.00    0.00    0.00   46.00     0      0.00      0.00  682592   63944   0.79      0.00      0.00      0.00       0  pdns_server
1791477348   1100    169029   30.00   27.00    0.00   16.00   57.00     0    520.00      0.00 2123380   20848   0.26      0.00      0.00      0.00       0  isupipe

# Time        UID       PID    %usr %system  %guest   %wait    %CPU   CPU  minflt/s  majflt/s     VSZ     RSS   %MEM   kB_rd/s   kB_wr/s kB_ccwr/s iodelay  Command
1791477349    112     14307   74.00   44.00    0.00    0.00  118.00     1     18.00      0.00 2908980 1020956  12.58      0.00  10896.00   1164.00       0  mysqld
1791477349      0     17311    0.00    0.00    0.00    0.00    0.00     1      0.00      0.00   56800   12976   0.16      0.00      0.00      0.00       0  nginx
1791477349     33     23432    5.00   11.00    0.00   45.00   16.00     3      0.00      0.00   62224   16048   0.20      0.00    676.00    580.00       0  nginx
1791477349     33     23433    6.00    9.00    0.00   37.00   15.00     2      0.00      0.00   60284   14056   0.17      0.00    488.00    400.00       0  nginx
1791477349     33     23434    2.00    6.00    0.00   24.00    8.00     2      0.00      0.00   58948   12736   0.16      0.00    348.00    336.00       0  nginx
1791477349     33     23435    3.00    7.00    0.00   30.00   10.00     2      0.00      0.00   59320   13000   0.16      0.00    200.00    136.00       0  nginx
1791477349    113    151301   21.00   28.00    0.00    0.00   49.00     0      1.00      0.00  682592   63944   0.79      0.00      0.00      0.00       0  pdns_server
1791477349   1100    169029   31.00   22.00    0.00   35.00   53.00     2   1432.00      0.00 2123380   19976   0.25      0.00      0.00      0.00       0  isupipe

# Time        UID       PID    %usr %system  %guest   %wait    %CPU   CPU  minflt/s  majflt/s     VSZ     RSS   %MEM   kB_rd/s   kB_wr/s kB_ccwr/s iodelay  Command
1791477350    112     14307   78.00   39.00    0.00    1.00  117.00     1      0.00      0.00 2908980 1020956  12.58      0.00  15136.00   1156.00       0  mysqld
1791477350      0     17311    0.00    0.00    0.00    0.00    0.00     1      0.00      0.00   56800   12976   0.16      0.00      0.00      0.00       0  nginx
1791477350     33     23432    6.00   11.00    0.00   51.00   17.00     3      0.00      0.00   62224   16048   0.20      0.00    432.00    344.00       0  nginx
1791477350     33     23433    4.00    7.00    0.00   36.00   11.00     3      0.00      0.00   60284   14056   0.17      0.00    428.00    352.00       0  nginx
1791477350     33     23434    5.00    8.00    0.00   39.00   13.00     3      0.00      0.00   58948   12736   0.16      0.00    276.00    196.00       0  nginx
1791477350     33     23435    5.00    8.00    0.00   40.00   13.00     3      0.00      0.00   59320   13000   0.16      0.00    612.00    560.00       0  nginx
1791477350    113    151301   19.00   26.00    0.00    0.00   45.00     0      2.00      0.00  682592   63944   0.79      0.00      0.00      0.00       0  pdns_server
1791477350   1100    169029   34.00   23.00    0.00   27.00   57.00     0   1373.00      0.00 2123380   20840   0.26      0.00      0.00      0.00       0  isupipe

# Time        UID       PID    %usr %system  %guest   %wait    %CPU   CPU  minflt/s  majflt/s     VSZ     RSS   %MEM   kB_rd/s   kB_wr/s kB_ccwr/s iodelay  Command
1791477351    112     14307   83.00   38.00    0.00    1.00  121.00     1      6.00      0.00 2908980 1020956  12.58      0.00  10328.00    928.00       0  mysqld
1791477351      0     17311    0.00    0.00    0.00    0.00    0.00     1      0.00      0.00   56800   12976   0.16      0.00      0.00      0.00       0  nginx
1791477351     33     23432   11.00    8.00    0.00   38.00   19.00     2      0.00      0.00   62224   16048   0.20      0.00    624.00    352.00       0  nginx
1791477351     33     23433    5.00    9.00    0.00   32.00   14.00     3      0.00      0.00   60284   14056   0.17      0.00    152.00     80.00       0  nginx
1791477351     33     23434    4.00    6.00    0.00   17.00   10.00     3      0.00      0.00   58948   12736   0.16      0.00    300.00    280.00       0  nginx
1791477351     33     23435    5.00    7.00    0.00   24.00   12.00     3      0.00      0.00   59320   13000   0.16      0.00    488.00    428.00       0  nginx
1791477351    113    151301   25.00   20.00    0.00    0.00   45.00     0      0.00      0.00  682592   63944   0.79      0.00      0.00      0.00       0  pdns_server
1791477351   1100    169029   36.00   20.00    0.00   17.00   56.00     2    628.00      0.00 2123380   21128   0.26      0.00      0.00      0.00       0  isupipe

# Time        UID       PID    %usr %system  %guest   %wait    %CPU   CPU  minflt/s  majflt/s     VSZ     RSS   %MEM   kB_rd/s   kB_wr/s kB_ccwr/s iodelay  Command
1791477352    112     14307   78.00   42.00    0.00    0.00  120.00     1     14.00      0.00 2908980 1020956  12.58      0.00  15140.00   1280.00       0  mysqld
1791477352      0     17311    0.00    0.00    0.00    0.00    0.00     1      0.00      0.00   56800   12976   0.16      0.00      0.00      0.00       0  nginx
1791477352     33     23432    7.00    9.00    0.00   46.00   16.00     3      0.00      0.00   62224   16048   0.20      0.00    796.00    884.00       0  nginx
1791477352     33     23433    7.00    8.00    0.00   39.00   15.00     0      0.00      0.00   60284   14056   0.17      0.00    424.00    332.00       0  nginx
1791477352     33     23434    3.00    7.00    0.00   25.00   10.00     3      0.00      0.00   58948   12736   0.16      0.00    120.00     80.00       0  nginx
1791477352     33     23435    5.00    8.00    0.00   32.00   13.00     3      0.00      0.00   59320   13000   0.16      0.00    492.00    400.00       0  nginx
1791477352    113    151301   26.00   25.00    0.00    0.00   51.00     0      0.00      0.00  682592   63944   0.79      0.00      0.00      0.00       0  pdns_server
1791477352   1100    169029   29.00   26.00    0.00   23.00   55.00     2    857.00      0.00 2123380   21612   0.27      0.00      0.00      0.00       0  isupipe

# Time        UID       PID    %usr %system  %guest   %wait    %CPU   CPU  minflt/s  majflt/s     VSZ     RSS   %MEM   kB_rd/s   kB_wr/s kB_ccwr/s iodelay  Command
1791477353    112     14307   83.00   46.00    0.00    1.00  129.00     1      0.00      0.00 2908980 1020956  12.58      0.00  11452.00   1288.00       0  mysqld
1791477353      0     17311    0.00    0.00    0.00    0.00    0.00     1      0.00      0.00   56800   12976   0.16      0.00      0.00      0.00       0  nginx
1791477353     33     23432    8.00   12.00    0.00   39.00   20.00     3      0.00      0.00   62224   16048   0.20      0.00    772.00    648.00       0  nginx
1791477353     33     23433    4.00    9.00    0.00   36.00   13.00     2      0.00      0.00   60284   14056   0.17      0.00    420.00    348.00       0  nginx
1791477353     33     23434    3.00    4.00    0.00   13.00    7.00     2      0.00      0.00   58948   12736   0.16      0.00    316.00    216.00       0  nginx
1791477353     33     23435    7.00    4.00    0.00   25.00   11.00     3      0.00      0.00   59320   13000   0.16      0.00    308.00    248.00       0  nginx
1791477353    113    151301   31.00   23.00    0.00    0.00   54.00     0      0.00      0.00  682592   63944   0.79      0.00      0.00      0.00       0  pdns_server
1791477353   1100    169029   39.00   18.00    0.00   25.00   57.00     2    570.00      0.00 2123380   20744   0.26      0.00      0.00      0.00       0  isupipe

# Time        UID       PID    %usr %system  %guest   %wait    %CPU   CPU  minflt/s  majflt/s     VSZ     RSS   %MEM   kB_rd/s   kB_wr/s kB_ccwr/s iodelay  Command
1791477354    112     14307   84.00   38.00    0.00    1.00  122.00     1      0.00      0.00 2908980 1020956  12.58      0.00  10848.00   1136.00       0  mysqld
1791477354      0     17311    0.00    0.00    0.00    0.00    0.00     1      0.00      0.00   56800   12976   0.16      0.00      0.00      0.00       0  nginx
1791477354     33     23432    6.00    9.00    0.00   48.00   15.00     3      0.00      0.00   62224   16048   0.20      0.00    608.00    520.00       0  nginx
1791477354     33     23433    5.00    7.00    0.00   42.00   12.00     3      0.00      0.00   60284   14056   0.17      0.00    280.00    192.00       0  nginx
1791477354     33     23434    4.00    6.00    0.00   26.00   10.00     3      0.00      0.00   58948   12736   0.16      0.00    136.00    164.00       0  nginx
1791477354     33     23435    4.00    6.00    0.00   32.00   10.00     3      0.00      0.00   59320   13000   0.16      0.00    644.00    604.00       0  nginx
1791477354    113    151301   23.00   29.00    0.00    0.00   52.00     0      1.00      0.00  682592   63944   0.79      0.00      0.00      0.00       0  pdns_server
1791477354   1100    169029   32.00   22.00    0.00   23.00   54.00     1   1038.00      0.00 2123380   21576   0.27      0.00      0.00      0.00       0  isupipe

# Time        UID       PID    %usr %system  %guest   %wait    %CPU   CPU  minflt/s  majflt/s     VSZ     RSS   %MEM   kB_rd/s   kB_wr/s kB_ccwr/s iodelay  Command
1791477355    112     14307   86.00   44.00    0.00    0.00  130.00     1     14.00      0.00 2908980 1020956  12.58      0.00  15144.00   1156.00       0  mysqld
1791477355      0     17311    0.00    0.00    0.00    0.00    0.00     1      0.00      0.00   56800   12976   0.16      0.00      0.00      0.00       0  nginx
1791477355     33     23432    9.00   10.00    0.00   47.00   19.00     3      0.00      0.00   62224   16048   0.20      0.00    296.00    184.00       0  nginx
1791477355     33     23433    5.00    8.00    0.00   34.00   13.00     3      0.00      0.00   60284   14056   0.17      0.00    580.00    404.00       0  nginx
1791477355     33     23434    4.00    6.00    0.00   20.00   10.00     3      0.00      0.00   58948   12736   0.16      0.00    416.00    260.00       0  nginx
1791477355     33     23435    6.00    5.00    0.00   21.00   11.00     3      0.00      0.00   59320   13000   0.16      0.00    544.00    520.00       0  nginx
1791477355    113    151301   28.00   27.00    0.00    0.00   55.00     0      0.00      0.00  682592   63944   0.79      0.00      0.00      0.00       0  pdns_server
1791477355   1100    169029   30.00   23.00    0.00   15.00   53.00     0   1158.00      0.00 2123380   21172   0.26      0.00      0.00      0.00       0  isupipe

# Time        UID       PID    %usr %system  %guest   %wait    %CPU   CPU  minflt/s  majflt/s     VSZ     RSS   %MEM   kB_rd/s   kB_wr/s kB_ccwr/s iodelay  Command
1791477356    112     14307   74.00   44.00    0.00    1.00  118.00     1      1.00      0.00 2908980 1020956  12.58      0.00  10680.00   1180.00       0  mysqld
1791477356      0     17311    0.00    0.00    0.00    0.00    0.00     1      0.00      0.00   56800   12976   0.16      0.00      0.00      0.00       0  nginx
1791477356     33     23432    5.00    9.00    0.00   55.00   14.00     3      0.00      0.00   62224   16048   0.20      0.00    528.00    464.00       0  nginx
1791477356     33     23433    6.00    7.00    0.00   54.00   13.00     3      0.00      0.00   60284   14056   0.17      0.00    288.00    320.00       0  nginx
1791477356     33     23434    7.00    5.00    0.00   40.00   12.00     3      0.00      0.00   58948   12736   0.16      0.00    392.00    428.00       0  nginx
1791477356     33     23435    4.00    7.00    0.00   49.00   11.00     3      0.00      0.00   59320   13000   0.16      0.00    424.00    272.00       0  nginx
1791477356    113    151301   29.00   25.00    0.00    0.00   54.00     0      2.00      0.00  682592   63944   0.79      0.00      0.00      0.00       0  pdns_server
1791477356   1100    169029   27.00   29.00    0.00   30.00   56.00     0   1300.00      0.00 2123380   21252   0.26      0.00      0.00      0.00       0  isupipe

# Time        UID       PID    %usr %system  %guest   %wait    %CPU   CPU  minflt/s  majflt/s     VSZ     RSS   %MEM   kB_rd/s   kB_wr/s kB_ccwr/s iodelay  Command
1791477357    112     14307   84.00   44.00    0.00    0.00  128.00     1      5.00      0.00 2908980 1020956  12.58      0.00  10496.00   1176.00       0  mysqld
1791477357      0     17311    0.00    0.00    0.00    0.00    0.00     1      0.00      0.00   56800   12976   0.16      0.00      0.00      0.00       0  nginx
1791477357     33     23432    6.00   11.00    0.00   36.00   17.00     3      0.00      0.00   62224   16048   0.20      0.00    484.00    400.00       0  nginx
1791477357     33     23433    5.00    8.00    0.00   31.00   13.00     3      0.00      0.00   60284   14056   0.17      0.00    492.00    436.00       0  nginx
1791477357     33     23434    5.00    4.00    0.00   20.00    9.00     3      0.00      0.00   58948   12736   0.16      0.00    272.00    232.00       0  nginx
1791477357     33     23435    5.00    7.00    0.00   22.00   12.00     0      0.00      0.00   59320   13000   0.16      0.00    356.00    288.00       0  nginx
1791477357    113    151301   26.00   29.00    0.00    0.00   55.00     0      0.00      0.00  682592   63944   0.79      0.00      0.00      0.00       0  pdns_server
1791477357   1100    169029   33.00   20.00    0.00   21.00   53.00     0    848.00      0.00 2123380   20932   0.26      0.00      0.00      0.00       0  isupipe

# Time        UID       PID    %usr %system  %guest   %wait    %CPU   CPU  minflt/s  majflt/s     VSZ     RSS   %MEM   kB_rd/s   kB_wr/s kB_ccwr/s iodelay  Command
1791477358    112     14307   71.00   44.00    0.00    2.00  115.00     0      0.00      0.00 2908980 1020956  12.58      0.00  11200.00   1184.00       0  mysqld
1791477358      0     17311    0.00    0.00    0.00    0.00    0.00     1      0.00      0.00   56800   12976   0.16      0.00      0.00      0.00       0  nginx
1791477358     33     23432    7.00   13.00    0.00   42.00   20.00     3      0.00      0.00   62224   16048   0.20      0.00    716.00    576.00       0  nginx
1791477358     33     23433    4.00    8.00    0.00   29.00   12.00     3      0.00      0.00   60284   14056   0.17      0.00    476.00    396.00       0  nginx
1791477358     33     23434    3.00    6.00    0.00   15.00    9.00     3      0.00      0.00   58948   12736   0.16      0.00    136.00     92.00       0  nginx
1791477358     33     23435    5.00    5.00    0.00   21.00   10.00     3      0.00      0.00   59320   13000   0.16      0.00    412.00    376.00       0  nginx
1791477358    113    151301   20.00   21.00    0.00    0.00   41.00     0      0.00      0.00  682592   63944   0.79      0.00      0.00      0.00       0  pdns_server
1791477358   1100    169029   35.00   29.00    0.00   15.00   64.00     0    734.00      0.00 2123380   21760   0.27      0.00      0.00      0.00       0  isupipe

# Time        UID       PID    %usr %system  %guest   %wait    %CPU   CPU  minflt/s  majflt/s     VSZ     RSS   %MEM   kB_rd/s   kB_wr/s kB_ccwr/s iodelay  Command
1791477359    112     14307   93.00   44.00    0.00    0.00  137.00     0     18.00      0.00 2908980 1020956  12.58      0.00  14012.00   1088.00       0  mysqld
1791477359      0     17311    0.00    0.00    0.00    0.00    0.00     1      0.00      0.00   56800   12976   0.16      0.00      0.00      0.00       0  nginx
1791477359     33     23432    7.00   12.00    0.00   29.00   19.00     3      0.00      0.00   62224   16048   0.20      0.00    536.00    408.00       0  nginx
1791477359     33     23433    4.00    9.00    0.00   18.00   13.00     2      0.00      0.00   60284   14056   0.17      0.00    344.00    312.00       0  nginx
1791477359     33     23434    1.00    4.00    0.00    6.00    5.00     0      0.00      0.00   58948   12736   0.16      0.00    200.00    180.00       0  nginx
1791477359     33     23435    4.00    5.00    0.00   12.00    9.00     2      0.00      0.00   59320   13000   0.16      0.00    324.00    380.00       0  nginx
1791477359    113    151301   25.00   27.00    0.00    0.00   52.00     0      1.00      0.00  682592   63944   0.79      0.00      0.00      0.00       0  pdns_server
1791477359   1100    169029   29.00   30.00    0.00   23.00   59.00     2    543.00      0.00 2123380   21448   0.26      0.00      0.00      0.00       0  isupipe

# Time        UID       PID    %usr %system  %guest   %wait    %CPU   CPU  minflt/s  majflt/s     VSZ     RSS   %MEM   kB_rd/s   kB_wr/s kB_ccwr/s iodelay  Command
1791477360    112     14307   76.00   40.00    0.00    0.00  116.00     0      3.00      0.00 2908980 1020956  12.58      0.00  11212.00   1264.00       0  mysqld
1791477360      0     17311    0.00    0.00    0.00    0.00    0.00     1      0.00      0.00   56800   12976   0.16      0.00      0.00      0.00       0  nginx
1791477360     33     23432    8.00   14.00    0.00   30.00   22.00     0      0.00      0.00   62224   16048   0.20      0.00   1204.00    840.00       0  nginx
1791477360     33     23433    5.00    9.00    0.00   27.00   14.00     3      0.00      0.00   60284   14056   0.17      0.00    368.00    288.00       0  nginx
1791477360     33     23434    3.00    5.00    0.00   15.00    8.00     3      0.00      0.00   58948   12736   0.16      0.00    120.00     88.00       0  nginx
1791477360     33     23435    4.00    8.00    0.00   16.00   12.00     0      3.00      0.00   59320   13000   0.16      0.00    188.00    136.00       0  nginx
1791477360    113    151301   22.00   24.00    0.00    0.00   46.00     0      0.00      0.00  682592   63944   0.79      0.00      0.00      0.00       0  pdns_server
1791477360   1100    169029   38.00   23.00    0.00   26.00   61.00     2   1639.00      0.00 2123380   21280   0.26      0.00      0.00      0.00       0  isupipe

# Time        UID       PID    %usr %system  %guest   %wait    %CPU   CPU  minflt/s  majflt/s     VSZ     RSS   %MEM   kB_rd/s   kB_wr/s kB_ccwr/s iodelay  Command
1791477361    112     14307   92.00   41.00    0.00    0.00  133.00     0      0.00      0.00 2908980 1020956  12.58      0.00   5000.00    416.00       0  mysqld
1791477361      0     17311    0.00    0.00    0.00    0.00    0.00     1      0.00      0.00   56800   12976   0.16      0.00      0.00      0.00       0  nginx
1791477361     33     23432    2.00    4.00    0.00   27.00    6.00     1      0.00      0.00   62224   16048   0.20      0.00    204.00    252.00       0  nginx
1791477361     33     23433    3.00    3.00    0.00   24.00    6.00     3      0.00      0.00   60284   14056   0.17      0.00     32.00      0.00       0  nginx
1791477361     33     23434    3.00    3.00    0.00   20.00    6.00     3      0.00      0.00   58948   12736   0.16      0.00    100.00     68.00       0  nginx
1791477361     33     23435    3.00    2.00    0.00   20.00    5.00     3      0.00      0.00   59320   13000   0.16      0.00    340.00    228.00       0  nginx
1791477361    113    151301   36.00   47.00    0.00    0.00   83.00     0      1.00      0.00  682592   63944   0.79      0.00      0.00      0.00       0  pdns_server
1791477361   1100    169029   20.00    6.00    0.00    1.00   26.00     2    199.00      0.00 2123380   21356   0.26      0.00      0.00      0.00       0  isupipe

# Time        UID       PID    %usr %system  %guest   %wait    %CPU   CPU  minflt/s  majflt/s     VSZ     RSS   %MEM   kB_rd/s   kB_wr/s kB_ccwr/s iodelay  Command
1791477362    112     14307   87.00   46.00    0.00    1.00  133.00     0     15.00      0.00 2908980 1021332  12.58      0.00  11576.00   1196.00       0  mysqld
1791477362      0     17311    0.00    0.00    0.00    0.00    0.00     1      0.00      0.00   56800   12976   0.16      0.00      0.00      0.00       0  nginx
1791477362     33     23432    7.00    8.00    0.00   31.00   15.00     3      0.00      0.00   62224   16048   0.20      0.00    748.00    560.00       0  nginx
1791477362     33     23433    4.00    6.00    0.00   25.00   10.00     3      0.00      0.00   60284   14056   0.17      0.00    224.00    156.00       0  nginx
1791477362     33     23434    3.00    2.00    0.00   13.00    5.00     0      0.00      0.00   58948   12736   0.16      0.00    124.00    100.00       0  nginx
1791477362     33     23435    5.00    3.00    0.00   13.00    8.00     3      0.00      0.00   59320   13000   0.16      0.00    464.00    528.00       0  nginx
1791477362    113    151301   32.00   27.00    0.00    0.00   59.00     0      2.00      0.00  682592   63944   0.79      0.00      0.00      0.00       0  pdns_server
1791477362   1100    169029   25.00   20.00    0.00    5.00   45.00     3    901.00      0.00 2123380   21516   0.27      0.00      0.00      0.00       0  isupipe

# Time        UID       PID    %usr %system  %guest   %wait    %CPU   CPU  minflt/s  majflt/s     VSZ     RSS   %MEM   kB_rd/s   kB_wr/s kB_ccwr/s iodelay  Command
1791477363    112     14307   84.00   38.00    0.00    0.00  122.00     0      0.00      0.00 2908980 1021332  12.58      0.00  10732.00   1112.00       0  mysqld
1791477363      0     17311    0.00    0.00    0.00    0.00    0.00     1      0.00      0.00   56800   12976   0.16      0.00      0.00      0.00       0  nginx
1791477363     33     23432    6.00   11.00    0.00   41.00   17.00     3      0.00      0.00   62224   16048   0.20      0.00    744.00    652.00       0  nginx
1791477363     33     23433    5.00    8.00    0.00   34.00   13.00     3      0.00      0.00   60284   14056   0.17      0.00    644.00    608.00       0  nginx
1791477363     33     23434    5.00    5.00    0.00   22.00   10.00     3      0.00      0.00   58948   12736   0.16      0.00    240.00    196.00       0  nginx
1791477363     33     23435    5.00    5.00    0.00   24.00   10.00     3      0.00      0.00   59320   13000   0.16      0.00    176.00    120.00       0  nginx
1791477363    113    151301   23.00   31.00    0.00    0.00   54.00     0      0.00      0.00  682592   63944   0.79      0.00      0.00      0.00       0  pdns_server
1791477363   1100    169029   30.00   22.00    0.00   26.00   52.00     2   1545.00      0.00 2123380   21704   0.27      0.00      0.00      0.00       0  isupipe

# Time        UID       PID    %usr %system  %guest   %wait    %CPU   CPU  minflt/s  majflt/s     VSZ     RSS   %MEM   kB_rd/s   kB_wr/s kB_ccwr/s iodelay  Command
1791477364    112     14307   84.00   43.00    0.00    0.00  127.00     2      0.00      0.00 2908980 1021332  12.58      0.00  10988.00   1236.00       0  mysqld
1791477364      0     17311    0.00    0.00    0.00    0.00    0.00     1      0.00      0.00   56800   12976   0.16      0.00      0.00      0.00       0  nginx
1791477364     33     23432    2.00   12.00    0.00   38.00   14.00     2      0.00      0.00   62224   16048   0.20      0.00    708.00    692.00       0  nginx
1791477364     33     23433    2.00    8.00    0.00   28.00   10.00     3      0.00      0.00   60284   14056   0.17      0.00    392.00    348.00       0  nginx
1791477364     33     23434    3.00    7.00    0.00   25.00   10.00     3      0.00      0.00   58948   12736   0.16      0.00    328.00    276.00       0  nginx
1791477364     33     23435    4.00    6.00    0.00   25.00   10.00     3      0.00      0.00   59320   13000   0.16      0.00    260.00    208.00       0  nginx
1791477364    113    151301   29.00   26.00    0.00    0.00   55.00     0      1.00      0.00  682592   63944   0.79      0.00      0.00      0.00       0  pdns_server
1791477364   1100    169029   22.00   32.00    0.00   28.00   54.00     2   1660.00      0.00 2123380   20224   0.25      0.00      0.00      0.00       0  isupipe

# Time        UID       PID    %usr %system  %guest   %wait    %CPU   CPU  minflt/s  majflt/s     VSZ     RSS   %MEM   kB_rd/s   kB_wr/s kB_ccwr/s iodelay  Command
1791477365    112     14307   81.00   29.00    0.00    1.00  110.00     2      7.00      0.00 2908980 1021332  12.58      0.00  10800.00   1100.00       0  mysqld
1791477365      0     17311    0.00    0.00    0.00    0.00    0.00     1      0.00      0.00   56800   12976   0.16      0.00      0.00      0.00       0  nginx
1791477365     33     23432    9.00    9.00    0.00   44.00   18.00     3      0.00      0.00   62224   16048   0.20      0.00    864.00    664.00       0  nginx
1791477365     33     23433    6.00    7.00    0.00   32.00   13.00     3      0.00      0.00   60284   14056   0.17      0.00    328.00    252.00       0  nginx
1791477365     33     23434    3.00    6.00    0.00   21.00    9.00     3      0.00      0.00   58948   12736   0.16      0.00    184.00    160.00       0  nginx
1791477365     33     23435    4.00    7.00    0.00   25.00   11.00     0      0.00      0.00   59320   13000   0.16      0.00    364.00    312.00       0  nginx
1791477365    113    151301   19.00   21.00    0.00    0.00   40.00     0      0.00      0.00  682592   63944   0.79      0.00      0.00      0.00       0  pdns_server
1791477365   1100    169029   31.00   24.00    0.00   26.00   55.00     0    862.00      0.00 2123380   20712   0.26      0.00      0.00      0.00       0  isupipe

# Time        UID       PID    %usr %system  %guest   %wait    %CPU   CPU  minflt/s  majflt/s     VSZ     RSS   %MEM   kB_rd/s   kB_wr/s kB_ccwr/s iodelay  Command
1791477366    112     14307   83.00   41.00    0.00    0.00  124.00     2      5.00      0.00 2908980 1021512  12.58      0.00  14580.00   1216.00       0  mysqld
1791477366      0     17311    0.00    0.00    0.00    0.00    0.00     1      0.00      0.00   56800   12976   0.16      0.00      0.00      0.00       0  nginx
1791477366     33     23432   11.00    7.00    0.00   36.00   18.00     3      0.00      0.00   62224   16048   0.20      0.00    748.00    748.00       0  nginx
1791477366     33     23433    7.00    6.00    0.00   27.00   13.00     1      0.00      0.00   60284   14056   0.17      0.00    312.00    260.00       0  nginx
1791477366     33     23434    4.00    6.00    0.00   22.00   10.00     3      0.00      0.00   58948   12736   0.16      0.00    212.00    160.00       0  nginx
1791477366     33     23435    4.00    5.00    0.00   22.00    9.00     3      0.00      0.00   59320   13000   0.16      0.00    320.00    264.00       0  nginx
1791477366    113    151301   24.00   26.00    0.00    0.00   50.00     0      1.00      0.00  682592   63944   0.79      0.00      0.00      0.00       0  pdns_server
1791477366   1100    169029   34.00   20.00    0.00   24.00   54.00     2    586.00      0.00 2123380   21172   0.26      0.00      0.00      0.00       0  isupipe

# Time        UID       PID    %usr %system  %guest   %wait    %CPU   CPU  minflt/s  majflt/s     VSZ     RSS   %MEM   kB_rd/s   kB_wr/s kB_ccwr/s iodelay  Command
1791477367    112     14307   84.00   40.00    0.00    0.00  124.00     2      4.00      0.00 2908980 1021512  12.58      0.00  14484.00   1196.00       0  mysqld
1791477367      0     17311    0.00    0.00    0.00    0.00    0.00     1      0.00      0.00   56800   12976   0.16      0.00      0.00      0.00       0  nginx
1791477367     33     23432    5.00   11.00    0.00   44.00   16.00     3      0.00      0.00   62224   16048   0.20      0.00    272.00    160.00       0  nginx
1791477367     33     23433    3.00    8.00    0.00   29.00   11.00     0      0.00      0.00   60284   14056   0.17      0.00    596.00    552.00       0  nginx
1791477367     33     23434    4.00    5.00    0.00   16.00    9.00     3      0.00      0.00   58948   12736   0.16      0.00    420.00    284.00       0  nginx
1791477367     33     23435    4.00    6.00    0.00   18.00   10.00     3      0.00      0.00   59320   13000   0.16      0.00    420.00    376.00       0  nginx
1791477367    113    151301   30.00   23.00    0.00    0.00   53.00     0      0.00      0.00  682592   63944   0.79      0.00      0.00      0.00       0  pdns_server
1791477367   1100    169029   33.00   19.00    0.00   16.00   52.00     0    699.00      0.00 2123380   21124   0.26      0.00      0.00      0.00       0  isupipe

# Time        UID       PID    %usr %system  %guest   %wait    %CPU   CPU  minflt/s  majflt/s     VSZ     RSS   %MEM   kB_rd/s   kB_wr/s kB_ccwr/s iodelay  Command
1791477368    112     14307   88.00   33.00    0.00    0.00  121.00     2      0.00      0.00 2908980 1021512  12.58      0.00  11556.00   1436.00       0  mysqld
1791477368      0     17311    0.00    0.00    0.00    0.00    0.00     1      0.00      0.00   56800   12976   0.16      0.00      0.00      0.00       0  nginx
1791477368     33     23432    9.00    6.00    0.00   46.00   15.00     3      0.00      0.00   62224   16048   0.20      0.00    492.00    452.00       0  nginx
1791477368     33     23433    5.00    7.00    0.00   35.00   12.00     3      0.00      0.00   60284   14056   0.17      0.00    740.00    668.00       0  nginx
1791477368     33     23434    5.00    6.00    0.00   30.00   11.00     3      0.00      0.00   58948   12736   0.16      0.00    244.00    284.00       0  nginx
1791477368     33     23435    4.00    8.00    0.00   42.00   12.00     3      0.00      0.00   59320   13000   0.16      0.00    416.00    332.00       0  nginx
1791477368    113    151301   19.00   32.00    0.00    0.00   51.00     0      0.00      0.00  682592   63944   0.79      0.00      0.00      0.00       0  pdns_server
1791477368   1100    169029   28.00   27.00    0.00   12.00   55.00     3   1060.00      0.00 2123380   21340   0.26      0.00      0.00      0.00       0  isupipe

# Time        UID       PID    %usr %system  %guest   %wait    %CPU   CPU  minflt/s  majflt/s     VSZ     RSS   %MEM   kB_rd/s   kB_wr/s kB_ccwr/s iodelay  Command
1791477369    112     14307   80.00   46.00    0.00    1.00  126.00     1      3.00      0.00 2908980 1021512  12.58      0.00  11216.00   1288.00       0  mysqld
1791477369      0     17311    0.00    0.00    0.00    0.00    0.00     1      0.00      0.00   56800   12976   0.16      0.00      0.00      0.00       0  nginx
1791477369     33     23432    7.00   14.00    0.00   34.00   21.00     3      0.00      0.00   62224   16048   0.20      0.00    680.00    572.00       0  nginx
1791477369     33     23433    4.00    8.00    0.00   23.00   12.00     3      0.00      0.00   60284   14056   0.17      0.00    692.00    568.00       0  nginx
1791477369     33     23434    2.00    7.00    0.00   16.00    9.00     3      0.00      0.00   58948   12736   0.16      0.00    120.00     84.00       0  nginx
1791477369     33     23435    4.00    7.00    0.00   17.00   11.00     3      0.00      0.00   59320   13000   0.16      0.00    400.00    360.00       0  nginx
1791477369    113    151301   22.00   25.00    0.00    0.00   47.00     0      0.00      0.00  682592   63944   0.79      0.00      0.00      0.00       0  pdns_server
1791477369   1100    169029   34.00   24.00    0.00   24.00   58.00     2   1565.00      0.00 2123380   21076   0.26      0.00      0.00      0.00       0  isupipe

# Time        UID       PID    %usr %system  %guest   %wait    %CPU   CPU  minflt/s  majflt/s     VSZ     RSS   %MEM   kB_rd/s   kB_wr/s kB_ccwr/s iodelay  Command
1791477370    112     14307   80.00   35.00    0.00    0.00  115.00     2      0.00      0.00 2908980 1021512  12.58      0.00  15740.00   1448.00       0  mysqld
1791477370      0     17311    0.00    0.00    0.00    0.00    0.00     1      0.00      0.00   56800   12976   0.16      0.00      0.00      0.00       0  nginx
1791477370     33     23432    9.00    7.00    0.00   45.00   16.00     3      0.00      0.00   62224   16048   0.20      0.00    660.00    560.00       0  nginx
1791477370     33     23433    6.00    9.00    0.00   38.00   15.00     2      0.00      0.00   60284   14056   0.17      0.00    464.00    476.00       0  nginx
1791477370     33     23434    5.00    6.00    0.00   26.00   11.00     3      0.00      0.00   58948   12736   0.16      0.00    524.00    476.00       0  nginx
1791477370     33     23435    2.00    9.00    0.00   32.00   11.00     1      0.00      0.00   59320   13000   0.16      0.00    288.00    200.00       0  nginx
1791477370    113    151301   23.00   27.00    0.00    0.00   50.00     0      0.00      0.00  682592   63944   0.79      0.00      0.00      0.00       0  pdns_server
1791477370   1100    169029   37.00   23.00    0.00   20.00   60.00     2    853.00      0.00 2123380   22172   0.27      0.00      0.00      0.00       0  isupipe

# Time        UID       PID    %usr %system  %guest   %wait    %CPU   CPU  minflt/s  majflt/s     VSZ     RSS   %MEM   kB_rd/s   kB_wr/s kB_ccwr/s iodelay  Command
1791477371    112     14307   74.00   46.00    0.00    1.00  120.00     2     16.00      0.00 2908980 1021708  12.58      0.00  10400.00   1020.00       0  mysqld
1791477371      0     17311    0.00    0.00    0.00    0.00    0.00     1      0.00      0.00   56800   12976   0.16      0.00      0.00      0.00       0  nginx
1791477371     33     23432    4.00   13.00    0.00   40.00   17.00     3      0.00      0.00   62224   16048   0.20      0.00    564.00    460.00       0  nginx
1791477371     33     23433    3.00    9.00    0.00   32.00   12.00     3      0.00      0.00   60284   14056   0.17      0.00    336.00    292.00       0  nginx
1791477371     33     23434    5.00    7.00    0.00   24.00   12.00     3      0.00      0.00   58948   12736   0.16      0.00    408.00    320.00       0  nginx
1791477371     33     23435    5.00    7.00    0.00   25.00   12.00     3      0.00      0.00   59320   13000   0.16      0.00    320.00    280.00       0  nginx
1791477371    113    151301   21.00   24.00    0.00    0.00   45.00     0      1.00      0.00  682592   63944   0.79      0.00      0.00      0.00       0  pdns_server
1791477371   1100    169029   33.00   26.00    0.00   28.00   59.00     2    848.00      0.00 2123380   21988   0.27      0.00      0.00      0.00       0  isupipe

# Time        UID       PID    %usr %system  %guest   %wait    %CPU   CPU  minflt/s  majflt/s     VSZ     RSS   %MEM   kB_rd/s   kB_wr/s kB_ccwr/s iodelay  Command
1791477372    112     14307   84.00   34.00    0.00    0.00  118.00     2      5.00      0.00 2908980 1021708  12.58      0.00  10660.00   1172.00       0  mysqld
1791477372      0     17311    0.00    0.00    0.00    0.00    0.00     1      0.00      0.00   56800   12976   0.16      0.00      0.00      0.00       0  nginx
1791477372     33     23432   10.00    8.00    0.00   36.00   18.00     0      0.00      0.00   62224   16048   0.20      0.00   1072.00    912.00       0  nginx
1791477372     33     23433    7.00    5.00    0.00   27.00   12.00     3      0.00      0.00   60284   14056   0.17      0.00    172.00    132.00       0  nginx
1791477372     33     23434    4.00    7.00    0.00   22.00   11.00     3      0.00      0.00   58948   12736   0.16      0.00     68.00      0.00       0  nginx
1791477372     33     23435    6.00    5.00    0.00   24.00   11.00     3      0.00      0.00   59320   13000   0.16      0.00    304.00    256.00       0  nginx
1791477372    113    151301   24.00   28.00    0.00    0.00   52.00     0      0.00      0.00  682592   63944   0.79      0.00      0.00      0.00       0  pdns_server
1791477372   1100    169029   32.00   24.00    0.00   29.00   56.00     0   1355.00      0.00 2123380   20776   0.26      0.00      0.00      0.00       0  isupipe

# Time        UID       PID    %usr %system  %guest   %wait    %CPU   CPU  minflt/s  majflt/s     VSZ     RSS   %MEM   kB_rd/s   kB_wr/s kB_ccwr/s iodelay  Command
1791477373    112     14307   53.00   22.00    0.00    0.00   75.00     2      3.00      0.00 2907952 1021320  12.58      0.00   8644.00    716.00       0  mysqld
1791477373      0     17311    0.00    0.00    0.00    0.00    0.00     1      0.00      0.00   56800   12976   0.16      0.00      0.00      0.00       0  nginx
1791477373     33     23432    4.00    6.00    0.00   22.00   10.00     2      0.00      0.00   62224   16048   0.20      0.00    228.00    236.00       0  nginx
1791477373     33     23433    2.00    6.00    0.00   25.00    8.00     0      0.00      0.00   60284   14056   0.17      0.00    484.00    432.00       0  nginx
1791477373     33     23434    2.00    5.00    0.00   17.00    7.00     1      0.00      0.00   58948   12736   0.16      0.00     24.00      0.00       0  nginx
1791477373     33     23435    4.00    5.00    0.00   16.00    9.00     2      0.00      0.00   59320   13000   0.16      0.00    240.00    204.00       0  nginx
1791477373    113    151301   13.00   14.00    0.00    0.00   27.00     0      1.00      0.00  682592   63944   0.79      0.00      0.00      0.00       0  pdns_server
1791477373   1100    169029   20.00   15.00    0.00   18.00   35.00     0    561.00      0.00 2123380   20696   0.25      0.00      0.00      0.00       0  isupipe

# Time        UID       PID    %usr %system  %guest   %wait    %CPU   CPU  minflt/s  majflt/s     VSZ     RSS   %MEM   kB_rd/s   kB_wr/s kB_ccwr/s iodelay  Command
1791477374    112     14307    0.00    1.00    0.00    0.00    1.00     2      0.00      0.00 2907952 1021320  12.58      0.00   4384.00      0.00       0  mysqld
1791477374      0     17311    0.00    0.00    0.00    0.00    0.00     1      0.00      0.00   56800   12976   0.16      0.00      0.00      0.00       0  nginx
1791477374     33     23432    1.00    0.00    0.00    0.00    1.00     0      0.00      0.00   61296   15328   0.19      0.00      0.00      0.00       0  nginx
1791477374     33     23433    1.00    0.00    0.00    0.00    1.00     1      0.00      0.00   60284   14056   0.17      0.00      0.00      0.00       0  nginx
1791477374     33     23434    0.00    1.00    0.00    0.00    1.00     3      0.00      0.00   58948   12736   0.16      0.00      0.00      0.00       0  nginx
1791477374     33     23435    0.00    0.00    0.00    0.00    0.00     2      0.00      0.00   59320   13000   0.16      0.00      0.00      0.00       0  nginx
1791477374    113    151301    0.00    0.00    0.00    0.00    0.00     0      0.00      0.00  682592   63944   0.79      0.00      0.00      0.00       0  pdns_server
1791477374   1100    169029    0.00    0.00    0.00    0.00    0.00     0      0.00      0.00 2123380   20696   0.25      0.00      0.00      0.00       0  isupipe

# Time        UID       PID    %usr %system  %guest   %wait    %CPU   CPU  minflt/s  majflt/s     VSZ     RSS   %MEM   kB_rd/s   kB_wr/s kB_ccwr/s iodelay  Command
1791477375    112     14307    0.99    0.99    0.00    0.00    1.98     3      0.00      0.00 2907952 1021320  12.58      0.00   4000.00      0.00       0  mysqld
1791477375      0     17311    0.00    0.00    0.00    0.00    0.00     1      0.00      0.00   56800   12976   0.16      0.00      0.00      0.00       0  nginx
1791477375     33     23432    0.00    0.00    0.00    0.00    0.00     0      0.00      0.00   61296   15328   0.19      0.00      0.00      0.00       0  nginx
1791477375     33     23433    0.00    0.00    0.00    0.00    0.00     1      0.00      0.00   60284   14056   0.17      0.00      0.00      0.00       0  nginx
1791477375     33     23434    0.00    0.00    0.00    0.00    0.00     3      0.00      0.00   58948   12736   0.16      0.00      0.00      0.00       0  nginx
1791477375     33     23435    0.00    0.00    0.00    0.00    0.00     2      0.00      0.00   59320   13000   0.16      0.00      0.00      0.00       0  nginx
1791477375    113    151301    0.00    0.00    0.00    0.00    0.00     0      0.00      0.00  682592   63944   0.79      0.00      0.00      0.00       0  pdns_server
1791477375   1100    169029    0.00    0.00    0.00    0.00    0.00     0      0.00      0.00 2123380   20696   0.25      0.00      0.00      0.00       0  isupipe
