Linux 5.15.0-198-generic (isucon13-app) 	10/08/26 	_aarch64_	(4 CPU)

# Time        UID       PID    %usr %system  %guest   %wait    %CPU   CPU  minflt/s  majflt/s     VSZ     RSS   %MEM   kB_rd/s   kB_wr/s kB_ccwr/s iodelay  Command
1791494285      0        13    0.00    0.00    0.00    0.00    0.00     0      0.00      0.00       0       0   0.00      0.00      0.00      0.00       0  ksoftirqd/0
1791494285      0        22    0.00    0.00    0.00    0.00    0.00     1      0.00      0.00       0       0   0.00      0.00      0.00      0.00       0  ksoftirqd/1
1791494285      0        28    0.00    0.00    0.00    0.00    0.00     2      0.00      0.00       0       0   0.00      0.00      0.00      0.00       0  ksoftirqd/2
1791494285      0        34    0.00    0.00    0.00    0.00    0.00     3      0.00      0.00       0       0   0.00      0.00      0.00      0.00       0  ksoftirqd/3
1791494285      0       342    0.00    2.00    0.00    0.00    2.00     0      0.00      0.00       0       0   0.00      0.00     68.00      0.00       0  jbd2/sda1-8
1791494285      0       415    0.00    0.00    0.00    0.00    0.00     3      0.00      4.00  177304  117884   1.45      0.00     16.00      0.00       0  systemd-journal
1791494285    104       739    0.00    0.00    0.00    0.00    0.00     0      0.00      0.00  222072    5200   0.06      0.00      0.00      0.00       0  rsyslogd
1791494285      0     17311    0.00    0.00    0.00    0.00    0.00     0      0.00      0.00   57076   12824   0.16      0.00      0.00      0.00       0  nginx
1791494285    112    244183   25.00   13.00    0.00    0.00   38.00     2  15661.00      0.00 2858004  787844   9.70      0.00  33544.00      0.00       0  mysqld
1791494285     33    537871    0.00    0.00    0.00    0.00    0.00     2      0.00      0.00   61424   15188   0.19      0.00      0.00      0.00       0  nginx
1791494285     33    537872    1.00    0.00    0.00    0.00    1.00     0     39.00      0.00   66860   20728   0.26      0.00      0.00      0.00       0  nginx
1791494285     33    537873    0.00    0.00    0.00    0.00    0.00     1      0.00      0.00   59908   13604   0.17      0.00      0.00      0.00       0  nginx
1791494285     33    537874    0.00    0.00    0.00    0.00    0.00     3      0.00      0.00   63048   16772   0.21      0.00      0.00      0.00       0  nginx
1791494285   1100    553266    0.00    0.00    0.00    0.00    0.00     0      1.00      0.00 1754240   15660   0.19      0.00      0.00      0.00       0  isupipe

# Time        UID       PID    %usr %system  %guest   %wait    %CPU   CPU  minflt/s  majflt/s     VSZ     RSS   %MEM   kB_rd/s   kB_wr/s kB_ccwr/s iodelay  Command
1791494286      0        13    0.00    0.00    0.00    0.00    0.00     0      0.00      0.00       0       0   0.00      0.00      0.00      0.00       0  ksoftirqd/0
1791494286      0        22    0.00    0.00    0.00    0.00    0.00     1      0.00      0.00       0       0   0.00      0.00      0.00      0.00       0  ksoftirqd/1
1791494286      0        28    0.00    0.00    0.00    0.00    0.00     2      0.00      0.00       0       0   0.00      0.00      0.00      0.00       0  ksoftirqd/2
1791494286      0        34    0.00    0.00    0.00    0.00    0.00     3      0.00      0.00       0       0   0.00      0.00      0.00      0.00       0  ksoftirqd/3
1791494286      0       342    0.00    0.96    0.00    0.96    0.96     2      0.00      0.00       0       0   0.00      0.00     15.38      0.00       0  jbd2/sda1-8
1791494286      0       415    0.00    0.00    0.00    0.00    0.00     3      0.00      0.00  177304  117884   1.45      0.00      0.00      0.00       0  systemd-journal
1791494286    104       739    0.00    0.00    0.00    0.00    0.00     0      0.00      0.00  222072    5200   0.06      0.00      0.00      0.00       0  rsyslogd
1791494286      0     17311    0.00    0.00    0.00    0.00    0.00     0      0.00      0.00   57076   12824   0.16      0.00      0.00      0.00       0  nginx
1791494286    112    244183   25.00    6.73    0.00    0.00   31.73     3    600.00      0.00 2859032  789612   9.73      0.00  20473.08      0.00       0  mysqld
1791494286     33    537871    0.00    0.00    0.00    0.00    0.00     2      0.00      0.00   61424   15188   0.19      0.00      0.00      0.00       0  nginx
1791494286     33    537872    0.96    0.00    0.00    0.00    0.96     2      3.85      0.00   66860   20728   0.26      0.00     96.15     96.15       0  nginx
1791494286     33    537873    0.00    0.00    0.00    0.00    0.00     1      0.00      0.00   59908   13604   0.17      0.00      0.00      0.00       0  nginx
1791494286     33    537874    0.00    0.00    0.00    0.00    0.00     3      0.00      0.00   63048   16772   0.21      0.00      0.00      0.00       0  nginx
1791494286   1100    553266    6.73    5.77    0.00    0.00   12.50     0    697.12      0.00 1754240   16152   0.20    123.08     50.00     50.00       0  isupipe

# Time        UID       PID    %usr %system  %guest   %wait    %CPU   CPU  minflt/s  majflt/s     VSZ     RSS   %MEM   kB_rd/s   kB_wr/s kB_ccwr/s iodelay  Command
1791494287      0        13    0.00    0.00    0.00    0.00    0.00     0      0.00      0.00       0       0   0.00      0.00      0.00      0.00       0  ksoftirqd/0
1791494287      0        22    0.00    0.00    0.00    0.00    0.00     1      0.00      0.00       0       0   0.00      0.00      0.00      0.00       0  ksoftirqd/1
1791494287      0        28    0.00    0.00    0.00    0.00    0.00     2      0.00      0.00       0       0   0.00      0.00      0.00      0.00       0  ksoftirqd/2
1791494287      0        34    0.00    0.00    0.00    0.00    0.00     3      0.00      0.00       0       0   0.00      0.00      0.00      0.00       0  ksoftirqd/3
1791494287      0       342    0.00    0.00    0.00    0.00    0.00     1      0.00      0.00       0       0   0.00      0.00      0.00      0.00       0  jbd2/sda1-8
1791494287      0       415    0.00    0.00    0.00    0.00    0.00     3      0.00      0.00  177304  117884   1.45      0.00      0.00      0.00       0  systemd-journal
1791494287    104       739    0.00    0.00    0.00    0.00    0.00     0      0.00      0.00  222072    5200   0.06      0.00      0.00      0.00       0  rsyslogd
1791494287      0     17311    0.00    0.00    0.00    0.00    0.00     0      0.00      0.00   57076   12824   0.16      0.00      0.00      0.00       0  nginx
1791494287    112    244183    0.00    2.00    0.00    0.00    2.00     3    289.00      0.00 2859032  789612   9.73      0.00   3616.00      0.00       0  mysqld
1791494287     33    537871    0.00    0.00    0.00    0.00    0.00     2      0.00      0.00   61424   15188   0.19      0.00      0.00      0.00       0  nginx
1791494287     33    537872    0.00    0.00    0.00    0.00    0.00     1      0.00      0.00   66860   20728   0.26      0.00     12.00      0.00       0  nginx
1791494287     33    537873    0.00    0.00    0.00    0.00    0.00     1      0.00      0.00   59908   13604   0.17      0.00      0.00      0.00       0  nginx
1791494287     33    537874    0.00    0.00    0.00    0.00    0.00     3      0.00      0.00   63048   16772   0.21      0.00      0.00      0.00       0  nginx
1791494287   1100    553266    0.00    0.00    0.00    0.00    0.00     0      0.00      0.00 1754240   16180   0.20      0.00      0.00      0.00       0  isupipe

# Time        UID       PID    %usr %system  %guest   %wait    %CPU   CPU  minflt/s  majflt/s     VSZ     RSS   %MEM   kB_rd/s   kB_wr/s kB_ccwr/s iodelay  Command
1791494288      0        13    0.00    0.00    0.00    0.00    0.00     0      0.00      0.00       0       0   0.00      0.00      0.00      0.00       0  ksoftirqd/0
1791494288      0        22    0.00    0.00    0.00    0.00    0.00     1      0.00      0.00       0       0   0.00      0.00      0.00      0.00       0  ksoftirqd/1
1791494288      0        28    0.00    0.00    0.00    0.00    0.00     2      0.00      0.00       0       0   0.00      0.00      0.00      0.00       0  ksoftirqd/2
1791494288      0        34    0.00    0.00    0.00    0.00    0.00     3      0.00      0.00       0       0   0.00      0.00      0.00      0.00       0  ksoftirqd/3
1791494288      0       342    0.00    0.00    0.00    0.00    0.00     3      0.00      0.00       0       0   0.00      0.00     69.90      0.00       0  jbd2/sda1-8
1791494288      0       415    0.00    0.00    0.00    0.00    0.00     3      0.00      0.00  177304  117884   1.45      0.00      0.00      0.00       0  systemd-journal
1791494288    104       739    0.00    0.00    0.00    0.00    0.00     0      0.00      0.00  222072    5200   0.06      0.00      0.00      0.00       0  rsyslogd
1791494288      0     17311    0.00    0.00    0.00    0.00    0.00     0      0.00      0.00   57076   12824   0.16      0.00      0.00      0.00       0  nginx
1791494288    112    244183    1.94    0.97    0.00    0.00    2.91     3      5.83      0.00 2859032  789612   9.73      0.00   3242.72      0.00       0  mysqld
1791494288     33    537871    0.00    0.00    0.00    0.00    0.00     2      0.00      0.00   61424   15188   0.19      0.00      0.00      0.00       0  nginx
1791494288     33    537872    0.97    0.97    0.00    0.00    1.94     3      0.97      0.00   66860   20728   0.26      0.00     66.02     66.02       0  nginx
1791494288     33    537873    0.00    0.00    0.00    0.00    0.00     1      0.00      0.00   59908   13604   0.17      0.00      0.00      0.00       0  nginx
1791494288     33    537874    0.00    0.00    0.00    0.00    0.00     3      0.00      0.00   63048   16772   0.21      0.00      0.00      0.00       0  nginx
1791494288   1100    553266    1.94    2.91    0.00    0.00    4.85     2    190.29      0.00 1754240   15856   0.20      0.00      0.00      0.00       0  isupipe

# Time        UID       PID    %usr %system  %guest   %wait    %CPU   CPU  minflt/s  majflt/s     VSZ     RSS   %MEM   kB_rd/s   kB_wr/s kB_ccwr/s iodelay  Command
1791494289      0        13    0.00    0.00    0.00    0.00    0.00     0      0.00      0.00       0       0   0.00      0.00      0.00      0.00       0  ksoftirqd/0
1791494289      0        22    0.00    0.00    0.00    0.00    0.00     1      0.00      0.00       0       0   0.00      0.00      0.00      0.00       0  ksoftirqd/1
1791494289      0        28    0.00    0.00    0.00    0.00    0.00     2      0.00      0.00       0       0   0.00      0.00      0.00      0.00       0  ksoftirqd/2
1791494289      0        34    0.00    0.00    0.00    0.00    0.00     3      0.00      0.00       0       0   0.00      0.00      0.00      0.00       0  ksoftirqd/3
1791494289      0       342    0.00    0.00    0.00    0.00    0.00     0      0.00      0.00       0       0   0.00      0.00     11.65      0.00       0  jbd2/sda1-8
1791494289      0       415    0.00    0.00    0.00    0.00    0.00     3      0.00      0.00  177304  117884   1.45      0.00      0.00      0.00       0  systemd-journal
1791494289    104       739    0.00    0.00    0.00    0.00    0.00     0      0.00      0.00  222072    5200   0.06      0.00      0.00      0.00       0  rsyslogd
1791494289      0     17311    0.00    0.00    0.00    0.00    0.00     0      0.00      0.00   57076   12824   0.16      0.00      0.00      0.00       0  nginx
1791494289    112    244183    0.00    1.94    0.00    0.00    1.94     3      0.97      0.00 2859032  789612   9.73      0.00   6213.59      0.00       0  mysqld
1791494289     33    537871    0.00    0.00    0.00    0.00    0.00     2      0.00      0.00   61424   15188   0.19      0.00      0.00      0.00       0  nginx
1791494289     33    537872    0.00    0.00    0.00    0.00    0.00     1      0.00      0.00   66860   20728   0.26      0.00     11.65      0.00       0  nginx
1791494289     33    537873    0.00    0.00    0.00    0.00    0.00     1      0.00      0.00   59908   13604   0.17      0.00      0.00      0.00       0  nginx
1791494289     33    537874    0.00    0.00    0.00    0.00    0.00     3      0.00      0.00   63048   16772   0.21      0.00      0.00      0.00       0  nginx
1791494289   1100    553266    0.00    0.00    0.00    0.00    0.00     2      0.00      0.00 1754240   15856   0.20      0.00      0.00      0.00       0  isupipe

# Time        UID       PID    %usr %system  %guest   %wait    %CPU   CPU  minflt/s  majflt/s     VSZ     RSS   %MEM   kB_rd/s   kB_wr/s kB_ccwr/s iodelay  Command
1791494290      0        13    0.00    0.00    0.00    0.00    0.00     0      0.00      0.00       0       0   0.00      0.00      0.00      0.00       0  ksoftirqd/0
1791494290      0        22    0.00    0.00    0.00    0.00    0.00     1      0.00      0.00       0       0   0.00      0.00      0.00      0.00       0  ksoftirqd/1
1791494290      0        28    0.00    0.00    0.00    0.00    0.00     2      0.00      0.00       0       0   0.00      0.00      0.00      0.00       0  ksoftirqd/2
1791494290      0        34    0.00    0.00    0.00    0.00    0.00     3      0.00      0.00       0       0   0.00      0.00      0.00      0.00       0  ksoftirqd/3
1791494290      0       342    0.00    0.00    0.00    0.00    0.00     3      0.00      0.00       0       0   0.00      0.00     16.00      0.00       0  jbd2/sda1-8
1791494290      0       415    0.00    0.00    0.00    0.00    0.00     1      0.00     34.00  177304  117900   1.45      0.00    136.00      0.00       0  systemd-journal
1791494290    104       739    0.00    0.00    0.00    0.00    0.00     0      0.00      0.00  222072    5200   0.06      0.00      0.00      0.00       0  rsyslogd
1791494290      0     17311    0.00    0.00    0.00    0.00    0.00     0      0.00      0.00   57076   12824   0.16      0.00      0.00      0.00       0  nginx
1791494290    112    244183    3.00    1.00    0.00    0.00    4.00     2      0.00      0.00 2859032  789612   9.73      0.00   2264.00      0.00       0  mysqld
1791494290     33    537871    0.00    0.00    0.00    0.00    0.00     2      0.00      0.00   61424   15188   0.19      0.00      0.00      0.00       0  nginx
1791494290     33    537872    0.00    2.00    0.00    0.00    2.00     1      0.00      0.00   66860   20728   0.26      0.00      0.00      0.00       0  nginx
1791494290     33    537873    0.00    0.00    0.00    0.00    0.00     1      0.00      0.00   59908   13604   0.17      0.00      0.00      0.00       0  nginx
1791494290     33    537874    0.00    0.00    0.00    0.00    0.00     3      0.00      0.00   63048   16772   0.21      0.00      0.00      0.00       0  nginx
1791494290   1100    553266    1.00    3.00    0.00    0.00    4.00     1    166.00      0.00 1754240   16012   0.20      0.00      0.00      0.00       0  isupipe

# Time        UID       PID    %usr %system  %guest   %wait    %CPU   CPU  minflt/s  majflt/s     VSZ     RSS   %MEM   kB_rd/s   kB_wr/s kB_ccwr/s iodelay  Command
1791494291      0        13    0.00    0.00    0.00    0.00    0.00     0      0.00      0.00       0       0   0.00      0.00      0.00      0.00       0  ksoftirqd/0
1791494291      0        22    0.00    1.00    0.00    0.00    1.00     1      0.00      0.00       0       0   0.00      0.00      0.00      0.00       0  ksoftirqd/1
1791494291      0        28    0.00    0.00    0.00    0.00    0.00     2      0.00      0.00       0       0   0.00      0.00      0.00      0.00       0  ksoftirqd/2
1791494291      0        34    0.00    0.00    0.00    0.00    0.00     3      0.00      0.00       0       0   0.00      0.00      0.00      0.00       0  ksoftirqd/3
1791494291      0       342    0.00    1.00    0.00    0.00    1.00     0      0.00      0.00       0       0   0.00      0.00     56.00      0.00       0  jbd2/sda1-8
1791494291      0       415    0.00    0.00    0.00    0.00    0.00     1      0.00      6.00  177304  117904   1.45      0.00     24.00      0.00       0  systemd-journal
1791494291    104       739    0.00    0.00    0.00    0.00    0.00     0      0.00      0.00  222072    5200   0.06      0.00      0.00      0.00       0  rsyslogd
1791494291      0     17311    0.00    0.00    0.00    0.00    0.00     0      0.00      0.00   57076   12824   0.16      0.00      0.00      0.00       0  nginx
1791494291    112    244183   73.00   23.00    0.00    0.00   96.00     0   1222.00      0.00 2860060  792164   9.76      0.00  15724.00      0.00       0  mysqld
1791494291     33    537871    5.00    5.00    0.00    9.00   10.00     0     33.00      0.00   61424   15188   0.19      0.00    524.00    524.00       0  nginx
1791494291     33    537872   13.00   13.00    0.00   19.00   26.00     3      4.00      0.00   66860   20728   0.26      0.00   2752.00   2440.00       0  nginx
1791494291     33    537873    1.00    3.00    0.00    2.00    4.00     2     23.00      0.00   59908   13604   0.17      0.00    252.00    252.00       0  nginx
1791494291     33    537874    6.00    7.00    0.00   16.00   13.00     1     37.00      0.00   63048   16904   0.21      0.00    468.00    468.00       0  nginx
1791494291   1100    553266   54.00   30.00    0.00   22.00   84.00     0   4608.00      0.00 2049920   20472   0.25      0.00      0.00      0.00       0  isupipe

# Time        UID       PID    %usr %system  %guest   %wait    %CPU   CPU  minflt/s  majflt/s     VSZ     RSS   %MEM   kB_rd/s   kB_wr/s kB_ccwr/s iodelay  Command
1791494292      0        13    0.00    0.00    0.00    0.00    0.00     0      0.00      0.00       0       0   0.00      0.00      0.00      0.00       0  ksoftirqd/0
1791494292      0        22    0.00    1.00    0.00    0.00    1.00     1      0.00      0.00       0       0   0.00      0.00      0.00      0.00       0  ksoftirqd/1
1791494292      0        28    0.00    0.00    0.00    0.00    0.00     2      0.00      0.00       0       0   0.00      0.00      0.00      0.00       0  ksoftirqd/2
1791494292      0        34    0.00    0.00    0.00    0.00    0.00     3      0.00      0.00       0       0   0.00      0.00      0.00      0.00       0  ksoftirqd/3
1791494292      0       342    0.00    1.00    0.00    0.00    1.00     0      0.00      0.00       0       0   0.00      0.00     12.00      0.00       0  jbd2/sda1-8
1791494292      0       415    0.00    0.00    0.00    0.00    0.00     1      0.00      0.00  177304  117904   1.45      0.00      0.00      0.00       0  systemd-journal
1791494292    104       739    0.00    0.00    0.00    0.00    0.00     0      0.00      0.00  222072    5200   0.06      0.00      0.00      0.00       0  rsyslogd
1791494292      0     17311    0.00    0.00    0.00    0.00    0.00     0      0.00      0.00   57076   12824   0.16      0.00      0.00      0.00       0  nginx
1791494292    112    244183   89.00   19.00    0.00    2.00  108.00     2    961.00      0.00 2861088  794344   9.78      0.00  10580.00      0.00       0  mysqld
1791494292     33    537871    7.00   10.00    0.00   21.00   17.00     1      0.00      0.00   61424   15188   0.19      0.00    932.00    812.00       0  nginx
1791494292     33    537872   10.00   15.00    0.00   39.00   25.00     1      3.00      0.00   66860   20728   0.26      0.00   1908.00   1760.00       0  nginx
1791494292     33    537873    5.00    6.00    0.00   11.00   11.00     2      0.00      0.00   59908   13604   0.17      0.00    464.00    408.00       0  nginx
1791494292     33    537874    9.00   12.00    0.00   32.00   21.00     3      0.00      0.00   63048   16904   0.21      0.00    692.00    568.00       0  nginx
1791494292   1100    553266   63.00   29.00    0.00   24.00   92.00     0   3669.00      0.00 2049920   20972   0.26      0.00      0.00      0.00       0  isupipe

# Time        UID       PID    %usr %system  %guest   %wait    %CPU   CPU  minflt/s  majflt/s     VSZ     RSS   %MEM   kB_rd/s   kB_wr/s kB_ccwr/s iodelay  Command
1791494293      0        13    0.00    0.00    0.00    0.00    0.00     0      0.00      0.00       0       0   0.00      0.00      0.00      0.00       0  ksoftirqd/0
1791494293      0        22    0.00    0.00    0.00    0.00    0.00     1      0.00      0.00       0       0   0.00      0.00      0.00      0.00       0  ksoftirqd/1
1791494293      0        28    0.00    0.00    0.00    0.00    0.00     2      0.00      0.00       0       0   0.00      0.00      0.00      0.00       0  ksoftirqd/2
1791494293      0        34    0.00    0.00    0.00    0.00    0.00     3      0.00      0.00       0       0   0.00      0.00      0.00      0.00       0  ksoftirqd/3
1791494293      0       342    0.00    0.00    0.00    0.00    0.00     0      0.00      0.00       0       0   0.00      0.00      0.00      0.00       0  jbd2/sda1-8
1791494293      0       415    0.00    0.00    0.00    0.00    0.00     1      0.00      1.00  177304  117904   1.45      0.00      4.00      0.00       0  systemd-journal
1791494293    104       739    0.00    0.00    0.00    0.00    0.00     0      0.00      0.00  222072    5200   0.06      0.00      0.00      0.00       0  rsyslogd
1791494293      0     17311    0.00    0.00    0.00    0.00    0.00     0      0.00      0.00   57076   12824   0.16      0.00      0.00      0.00       0  nginx
1791494293    112    244183   98.00   12.00    0.00    0.00  110.00     3    553.00      0.00 2861088  795164   9.79      0.00   8168.00      0.00       0  mysqld
1791494293     33    537871    4.00   13.00    0.00   19.00   17.00     1      1.00      0.00   61424   15188   0.19      0.00    504.00    380.00       0  nginx
1791494293     33    537872   11.00   12.00    0.00   33.00   23.00     1      0.00      0.00   66860   20728   0.26      0.00   1948.00   1720.00       0  nginx
1791494293     33    537873    8.00    5.00    0.00   14.00   13.00     1      3.00      0.00   59908   13604   0.17      0.00    740.00    632.00       0  nginx
1791494293     33    537874    9.00    9.00    0.00   25.00   18.00     1      1.00      0.00   63048   16904   0.21      0.00   1156.00    980.00       0  nginx
1791494293   1100    553266   60.00   30.00    0.00    5.00   90.00     2   3480.00      0.00 2049920   21688   0.27      0.00      0.00      0.00       0  isupipe

# Time        UID       PID    %usr %system  %guest   %wait    %CPU   CPU  minflt/s  majflt/s     VSZ     RSS   %MEM   kB_rd/s   kB_wr/s kB_ccwr/s iodelay  Command
1791494294      0        13    0.00    1.00    0.00    0.00    1.00     0      0.00      0.00       0       0   0.00      0.00      0.00      0.00       0  ksoftirqd/0
1791494294      0        22    0.00    1.00    0.00    0.00    1.00     1      0.00      0.00       0       0   0.00      0.00      0.00      0.00       0  ksoftirqd/1
1791494294      0        28    0.00    0.00    0.00    0.00    0.00     2      0.00      0.00       0       0   0.00      0.00      0.00      0.00       0  ksoftirqd/2
1791494294      0        34    0.00    1.00    0.00    0.00    1.00     3      0.00      0.00       0       0   0.00      0.00      0.00      0.00       0  ksoftirqd/3
1791494294      0       342    0.00    1.00    0.00    0.00    1.00     3      0.00      0.00       0       0   0.00      0.00      0.00      0.00       0  jbd2/sda1-8
1791494294      0       415    0.00    0.00    0.00    0.00    0.00     2      0.00      5.00  177304  117904   1.45      0.00     20.00      0.00       0  systemd-journal
1791494294    104       739    0.00    0.00    0.00    0.00    0.00     0      0.00      0.00  222072    5200   0.06      0.00      0.00      0.00       0  rsyslogd
1791494294      0     17311    0.00    0.00    0.00    0.00    0.00     0      0.00      0.00   57076   12824   0.16      0.00      0.00      0.00       0  nginx
1791494294    112    244183   86.00   20.00    0.00    1.00  106.00     2    282.00      0.00 2861088  795728   9.80      0.00  13392.00      0.00       0  mysqld
1791494294     33    537871    7.00   10.00    0.00   20.00   17.00     2      9.00      0.00   61424   15188   0.19      0.00    876.00    716.00       0  nginx
1791494294     33    537872   10.00   11.00    0.00   37.00   21.00     1      2.00      0.00   66860   20728   0.26      0.00   1564.00   1380.00       0  nginx
1791494294     33    537873    9.00    6.00    0.00   16.00   15.00     1      3.00      0.00   59908   13604   0.17      0.00    812.00    608.00       0  nginx
1791494294     33    537874    9.00    9.00    0.00   34.00   18.00     1      3.00      0.00   63048   16904   0.21      0.00    736.00    588.00       0  nginx
1791494294   1100    553266   59.00   30.00    0.00    0.00   89.00     2   3155.00      0.00 2049920   22836   0.28      0.00      0.00      0.00       0  isupipe

# Time        UID       PID    %usr %system  %guest   %wait    %CPU   CPU  minflt/s  majflt/s     VSZ     RSS   %MEM   kB_rd/s   kB_wr/s kB_ccwr/s iodelay  Command
1791494295      0        13    0.00    0.00    0.00    0.00    0.00     0      0.00      0.00       0       0   0.00      0.00      0.00      0.00       0  ksoftirqd/0
1791494295      0        22    0.00    1.00    0.00    0.00    1.00     1      0.00      0.00       0       0   0.00      0.00      0.00      0.00       0  ksoftirqd/1
1791494295      0        28    0.00    1.00    0.00    0.00    1.00     2      0.00      0.00       0       0   0.00      0.00      0.00      0.00       0  ksoftirqd/2
1791494295      0        34    0.00    0.00    0.00    0.00    0.00     3      0.00      0.00       0       0   0.00      0.00      0.00      0.00       0  ksoftirqd/3
1791494295      0       342    0.00    0.00    0.00    1.00    0.00     3      0.00      0.00       0       0   0.00      0.00      4.00      0.00       0  jbd2/sda1-8
1791494295      0       415    0.00    0.00    0.00    0.00    0.00     2      0.00      0.00  177304  117904   1.45      0.00      0.00      0.00       0  systemd-journal
1791494295    104       739    0.00    0.00    0.00    0.00    0.00     0      0.00      0.00  222072    5200   0.06      0.00      0.00      0.00       0  rsyslogd
1791494295      0     17311    0.00    0.00    0.00    0.00    0.00     0      0.00      0.00   57076   12824   0.16      0.00      0.00      0.00       0  nginx
1791494295    112    244183  112.00   19.00    0.00    1.00  131.00     3    139.00      0.00 2861088  795728   9.80      0.00   6472.00      0.00       0  mysqld
1791494295     33    537871    6.00   10.00    0.00   16.00   16.00     1      0.00      0.00   61424   15188   0.19      0.00    296.00    168.00       0  nginx
1791494295     33    537872    7.00   14.00    0.00   37.00   21.00     1      4.00      0.00   66860   20728   0.26      0.00   1484.00   1296.00       0  nginx
1791494295     33    537873    5.00    6.00    0.00    9.00   11.00     1      0.00      0.00   59908   13604   0.17      0.00    808.00    804.00       0  nginx
1791494295     33    537874    6.00   11.00    0.00   26.00   17.00     1      3.00      0.00   63048   16904   0.21      0.00   1200.00   1000.00       0  nginx
1791494295   1100    553266   57.00   30.00    0.00    0.00   87.00     2   2204.00      0.00 2049920   23152   0.29      0.00      0.00      0.00       0  isupipe

# Time        UID       PID    %usr %system  %guest   %wait    %CPU   CPU  minflt/s  majflt/s     VSZ     RSS   %MEM   kB_rd/s   kB_wr/s kB_ccwr/s iodelay  Command
1791494296      0        13    0.00    0.00    0.00    0.00    0.00     0      0.00      0.00       0       0   0.00      0.00      0.00      0.00       0  ksoftirqd/0
1791494296      0        22    0.00    1.00    0.00    0.00    1.00     1      0.00      0.00       0       0   0.00      0.00      0.00      0.00       0  ksoftirqd/1
1791494296      0        28    0.00    0.00    0.00    0.00    0.00     2      0.00      0.00       0       0   0.00      0.00      0.00      0.00       0  ksoftirqd/2
1791494296      0        34    0.00    0.00    0.00    0.00    0.00     3      0.00      0.00       0       0   0.00      0.00      0.00      0.00       0  ksoftirqd/3
1791494296      0       342    0.00    1.00    0.00    0.00    1.00     2      0.00      0.00       0       0   0.00      0.00      0.00      0.00       0  jbd2/sda1-8
1791494296      0       415    0.00    0.00    0.00    0.00    0.00     2      0.00      2.00  177304  117904   1.45      0.00      8.00      0.00       0  systemd-journal
1791494296    104       739    0.00    0.00    0.00    0.00    0.00     0      0.00      0.00  222072    5200   0.06      0.00      0.00      0.00       0  rsyslogd
1791494296      0     17311    0.00    0.00    0.00    0.00    0.00     0      0.00      0.00   57076   12824   0.16      0.00      0.00      0.00       0  nginx
1791494296    112    244183   82.00   25.00    0.00    0.00  107.00     0    455.00      0.00 2861088  796500   9.81      0.00  11736.00      0.00       0  mysqld
1791494296     33    537871    6.00   11.00    0.00   26.00   17.00     1      0.00      0.00   61424   15188   0.19      0.00    884.00    756.00       0  nginx
1791494296     33    537872   13.00   11.00    0.00   39.00   24.00     1      0.00      0.00   66860   20728   0.26      0.00   1484.00   1244.00       0  nginx
1791494296     33    537873    4.00    7.00    0.00   11.00   11.00     1      0.00      0.00   59908   13604   0.17      0.00    468.00    388.00       0  nginx
1791494296     33    537874    7.00   10.00    0.00   31.00   17.00     1      0.00      0.00   63048   16904   0.21      0.00    808.00    656.00       0  nginx
1791494296   1100    553266   55.00   34.00    0.00   21.00   89.00     0   2270.00      0.00 2049920   23424   0.29      0.00      0.00      0.00       0  isupipe

# Time        UID       PID    %usr %system  %guest   %wait    %CPU   CPU  minflt/s  majflt/s     VSZ     RSS   %MEM   kB_rd/s   kB_wr/s kB_ccwr/s iodelay  Command
1791494297      0        13    0.00    0.00    0.00    0.00    0.00     0      0.00      0.00       0       0   0.00      0.00      0.00      0.00       0  ksoftirqd/0
1791494297      0        22    0.00    1.00    0.00    0.00    1.00     1      0.00      0.00       0       0   0.00      0.00      0.00      0.00       0  ksoftirqd/1
1791494297      0        28    0.00    0.00    0.00    0.00    0.00     2      0.00      0.00       0       0   0.00      0.00      0.00      0.00       0  ksoftirqd/2
1791494297      0        34    0.00    0.00    0.00    0.00    0.00     3      0.00      0.00       0       0   0.00      0.00      0.00      0.00       0  ksoftirqd/3
1791494297      0       342    0.00    0.00    0.00    0.00    0.00     3      0.00      0.00       0       0   0.00      0.00      0.00      0.00       0  jbd2/sda1-8
1791494297      0       415    0.00    0.00    0.00    0.00    0.00     2      0.00      4.00  177304  117904   1.45      0.00     16.00      0.00       0  systemd-journal
1791494297    104       739    0.00    0.00    0.00    0.00    0.00     0      0.00      0.00  222072    5200   0.06      0.00      0.00      0.00       0  rsyslogd
1791494297      0     17311    0.00    0.00    0.00    0.00    0.00     0      0.00      0.00   57076   12824   0.16      0.00      0.00      0.00       0  nginx
1791494297    112    244183   87.00   21.00    0.00    1.00  108.00     2    146.00      0.00 2861088  796976   9.82      0.00   7184.00      0.00       0  mysqld
1791494297     33    537871    6.00    9.00    0.00   18.00   15.00     1      0.00      0.00   61424   15188   0.19      0.00    472.00    332.00       0  nginx
1791494297     33    537872    9.00   15.00    0.00   38.00   24.00     1      1.00      0.00   66860   20728   0.26      0.00   1724.00   1532.00       0  nginx
1791494297     33    537873    7.00    8.00    0.00   14.00   15.00     1      0.00      0.00   59908   13604   0.17      0.00    348.00    248.00       0  nginx
1791494297     33    537874    9.00    9.00    0.00   30.00   18.00     1      1.00      0.00   63048   16904   0.21      0.00   1132.00    896.00       0  nginx
1791494297   1100    553266   55.00   32.00    0.00   18.00   87.00     2   2438.00      0.00 2049920   22028   0.27      0.00      0.00      0.00       0  isupipe

# Time        UID       PID    %usr %system  %guest   %wait    %CPU   CPU  minflt/s  majflt/s     VSZ     RSS   %MEM   kB_rd/s   kB_wr/s kB_ccwr/s iodelay  Command
1791494298      0        13    0.00    0.00    0.00    0.00    0.00     0      0.00      0.00       0       0   0.00      0.00      0.00      0.00       0  ksoftirqd/0
1791494298      0        22    0.00    1.00    0.00    0.00    1.00     1      0.00      0.00       0       0   0.00      0.00      0.00      0.00       0  ksoftirqd/1
1791494298      0        28    0.00    0.00    0.00    0.00    0.00     2      0.00      0.00       0       0   0.00      0.00      0.00      0.00       0  ksoftirqd/2
1791494298      0        34    0.00    0.00    0.00    0.00    0.00     3      0.00      0.00       0       0   0.00      0.00      0.00      0.00       0  ksoftirqd/3
1791494298      0       342    0.00    1.00    0.00    0.00    1.00     0      0.00      0.00       0       0   0.00      0.00      4.00      0.00       0  jbd2/sda1-8
1791494298      0       415    0.00    0.00    0.00    0.00    0.00     2      0.00      0.00  177304  117904   1.45      0.00      0.00      0.00       0  systemd-journal
1791494298    104       739    0.00    0.00    0.00    0.00    0.00     0      0.00      0.00  222072    5200   0.06      0.00      0.00      0.00       0  rsyslogd
1791494298      0     17311    0.00    0.00    0.00    0.00    0.00     0      0.00      0.00   57076   12824   0.16      0.00      0.00      0.00       0  nginx
1791494298    112    244183   80.00   24.00    0.00    1.00  104.00     2    468.00      0.00 2861088  797768   9.83      0.00  12312.00      0.00       0  mysqld
1791494298     33    537871    7.00    9.00    0.00   20.00   16.00     1      0.00      0.00   61424   15188   0.19      0.00    852.00    716.00       0  nginx
1791494298     33    537872   11.00   11.00    0.00   36.00   22.00     1      0.00      0.00   66860   20728   0.26      0.00   1592.00   1348.00       0  nginx
1791494298     33    537873    4.00    7.00    0.00   11.00   11.00     1      0.00      0.00   59908   13604   0.17      0.00    352.00    272.00       0  nginx
1791494298     33    537874    6.00   13.00    0.00   31.00   19.00     1      0.00      0.00   63048   16904   0.21      0.00   1032.00    968.00       0  nginx
1791494298   1100    553266   60.00   26.00    0.00   32.00   86.00     2   3324.00      0.00 2049920   22056   0.27      0.00      0.00      0.00       0  isupipe

# Time        UID       PID    %usr %system  %guest   %wait    %CPU   CPU  minflt/s  majflt/s     VSZ     RSS   %MEM   kB_rd/s   kB_wr/s kB_ccwr/s iodelay  Command
1791494299      0        13    0.00    0.00    0.00    0.00    0.00     0      0.00      0.00       0       0   0.00      0.00      0.00      0.00       0  ksoftirqd/0
1791494299      0        22    0.00    1.00    0.00    1.00    1.00     1      0.00      0.00       0       0   0.00      0.00      0.00      0.00       0  ksoftirqd/1
1791494299      0        28    0.00    0.00    0.00    0.00    0.00     2      0.00      0.00       0       0   0.00      0.00      0.00      0.00       0  ksoftirqd/2
1791494299      0        34    0.00    0.00    0.00    0.00    0.00     3      0.00      0.00       0       0   0.00      0.00      0.00      0.00       0  ksoftirqd/3
1791494299      0       342    0.00    1.00    0.00    0.00    1.00     3      0.00      0.00       0       0   0.00      0.00      0.00      0.00       0  jbd2/sda1-8
1791494299      0       415    0.00    0.00    0.00    0.00    0.00     2      0.00      0.00  177304  117904   1.45      0.00      0.00      0.00       0  systemd-journal
1791494299    104       739    0.00    0.00    0.00    0.00    0.00     0      0.00      0.00  222072    5200   0.06      0.00      0.00      0.00       0  rsyslogd
1791494299      0     17311    0.00    0.00    0.00    0.00    0.00     0      0.00      0.00   57076   12824   0.16      0.00      0.00      0.00       0  nginx
1791494299    112    244183   85.00   22.00    0.00    0.00  107.00     1     49.00      0.00 2861088  797768   9.83      4.00   8948.00      0.00       0  mysqld
1791494299     33    537871    9.00    7.00    0.00   21.00   16.00     1      0.00      0.00   61424   15188   0.19      0.00    864.00    732.00       0  nginx
1791494299     33    537872   12.00   11.00    0.00   38.00   23.00     1      0.00      0.00   66860   20728   0.26      0.00   1040.00    784.00       0  nginx
1791494299     33    537873    5.00    8.00    0.00   10.00   13.00     1      0.00      0.00   59908   13604   0.17      0.00   1276.00   1168.00       0  nginx
1791494299     33    537874    8.00   10.00    0.00   27.00   18.00     1      1.00      0.00   63048   16904   0.21      0.00    752.00    592.00       0  nginx
1791494299   1100    553266   60.00   28.00    0.00   15.00   88.00     3   4694.00      0.00 2049920   22396   0.28      0.00      0.00      0.00       0  isupipe

# Time        UID       PID    %usr %system  %guest   %wait    %CPU   CPU  minflt/s  majflt/s     VSZ     RSS   %MEM   kB_rd/s   kB_wr/s kB_ccwr/s iodelay  Command
1791494300      0        13    0.00    1.00    0.00    0.00    1.00     0      0.00      0.00       0       0   0.00      0.00      0.00      0.00       0  ksoftirqd/0
1791494300      0        22    0.00    1.00    0.00    0.00    1.00     1      0.00      0.00       0       0   0.00      0.00      0.00      0.00       0  ksoftirqd/1
1791494300      0        28    0.00    0.00    0.00    0.00    0.00     2      0.00      0.00       0       0   0.00      0.00      0.00      0.00       0  ksoftirqd/2
1791494300      0        34    0.00    0.00    0.00    0.00    0.00     3      0.00      0.00       0       0   0.00      0.00      0.00      0.00       0  ksoftirqd/3
1791494300      0       342    0.00    1.00    0.00    1.00    1.00     0      0.00      0.00       0       0   0.00      0.00      0.00      0.00       0  jbd2/sda1-8
1791494300      0       415    0.00    0.00    0.00    0.00    0.00     2      0.00      0.00  177304  117904   1.45      0.00      0.00      0.00       0  systemd-journal
1791494300    104       739    0.00    0.00    0.00    0.00    0.00     0      0.00      0.00  222072    5200   0.06      0.00      0.00      0.00       0  rsyslogd
1791494300      0     17311    0.00    0.00    0.00    0.00    0.00     0      0.00      0.00   57076   12824   0.16      0.00      0.00      0.00       0  nginx
1791494300    112    244183   83.00   21.00    0.00    2.00  104.00     2    144.00      0.00 2861088  797800   9.83      4.00  13516.00      0.00       0  mysqld
1791494300     33    537871    7.00    8.00    0.00   22.00   15.00     1      0.00      0.00   61424   15188   0.19      0.00    624.00    500.00       0  nginx
1791494300     33    537872   10.00   15.00    0.00   40.00   25.00     1      0.00      0.00   66860   20728   0.26      0.00    816.00    560.00       0  nginx
1791494300     33    537873    7.00    6.00    0.00   13.00   13.00     1      0.00      0.00   59908   13604   0.17      0.00    484.00    412.00       0  nginx
1791494300     33    537874    7.00   10.00    0.00   28.00   17.00     1      1.00      0.00   63048   16904   0.21      0.00   1908.00   1760.00       0  nginx
1791494300   1100    553266   62.00   23.00    0.00   11.00   85.00     3   2868.00      0.00 2050176   22624   0.28      0.00      0.00      0.00       0  isupipe

# Time        UID       PID    %usr %system  %guest   %wait    %CPU   CPU  minflt/s  majflt/s     VSZ     RSS   %MEM   kB_rd/s   kB_wr/s kB_ccwr/s iodelay  Command
1791494301      0        13    0.00    0.00    0.00    0.00    0.00     0      0.00      0.00       0       0   0.00      0.00      0.00      0.00       0  ksoftirqd/0
1791494301      0        22    0.00    1.00    0.00    0.00    1.00     1      0.00      0.00       0       0   0.00      0.00      0.00      0.00       0  ksoftirqd/1
1791494301      0        28    0.00    0.00    0.00    0.00    0.00     2      0.00      0.00       0       0   0.00      0.00      0.00      0.00       0  ksoftirqd/2
1791494301      0        34    0.00    1.00    0.00    0.00    1.00     3      0.00      0.00       0       0   0.00      0.00      0.00      0.00       0  ksoftirqd/3
1791494301      0       342    0.00    0.00    0.00    0.00    0.00     2      0.00      0.00       0       0   0.00      0.00    112.00      0.00       0  jbd2/sda1-8
1791494301      0       415    0.00    0.00    0.00    0.00    0.00     2      0.00      0.00  177304  117904   1.45      0.00      0.00      0.00       0  systemd-journal
1791494301    104       739    0.00    0.00    0.00    0.00    0.00     0      0.00      0.00  222072    5200   0.06      0.00      0.00      0.00       0  rsyslogd
1791494301      0     17311    0.00    0.00    0.00    0.00    0.00     0      0.00      0.00   57076   12824   0.16      0.00      0.00      0.00       0  nginx
1791494301    112    244183   79.00   26.00    0.00    0.00  105.00     2    102.00      0.00 2861088  797932   9.83      0.00   9272.00      0.00       0  mysqld
1791494301     33    537871    3.00   13.00    0.00   17.00   16.00     1      0.00      0.00   61424   15188   0.19      0.00    760.00    644.00       0  nginx
1791494301     33    537872   12.00   10.00    0.00   36.00   22.00     2      2.00      0.00   66860   20728   0.26      0.00   1168.00    976.00       0  nginx
1791494301     33    537873    4.00    9.00    0.00   14.00   13.00     1      0.00      0.00   59908   13604   0.17      0.00    456.00    348.00       0  nginx
1791494301     33    537874    9.00   11.00    0.00   29.00   20.00     1      0.00      0.00   63048   16904   0.21      0.00    680.00    576.00       0  nginx
1791494301   1100    553266   58.00   30.00    0.00   35.00   88.00     1   3941.00      0.00 2050176   22712   0.28      0.00      0.00      0.00       0  isupipe

# Time        UID       PID    %usr %system  %guest   %wait    %CPU   CPU  minflt/s  majflt/s     VSZ     RSS   %MEM   kB_rd/s   kB_wr/s kB_ccwr/s iodelay  Command
1791494302      0        13    0.00    0.00    0.00    1.00    0.00     0      0.00      0.00       0       0   0.00      0.00      0.00      0.00       0  ksoftirqd/0
1791494302      0        22    0.00    1.00    0.00    0.00    1.00     1      0.00      0.00       0       0   0.00      0.00      0.00      0.00       0  ksoftirqd/1
1791494302      0        28    0.00    1.00    0.00    0.00    1.00     2      0.00      0.00       0       0   0.00      0.00      0.00      0.00       0  ksoftirqd/2
1791494302      0        34    0.00    0.00    0.00    0.00    0.00     3      0.00      0.00       0       0   0.00      0.00      0.00      0.00       0  ksoftirqd/3
1791494302      0       342    0.00    2.00    0.00    0.00    2.00     0      0.00      0.00       0       0   0.00      0.00      4.00      0.00       0  jbd2/sda1-8
1791494302      0       415    0.00    0.00    0.00    0.00    0.00     2      0.00      0.00  177304  117904   1.45      0.00      0.00      0.00       0  systemd-journal
1791494302    104       739    0.00    0.00    0.00    0.00    0.00     0      0.00      0.00  222072    5200   0.06      0.00      0.00      0.00       0  rsyslogd
1791494302      0     17311    0.00    0.00    0.00    0.00    0.00     0      0.00      0.00   57076   12824   0.16      0.00      0.00      0.00       0  nginx
1791494302    112    244183   76.00   25.00    0.00    1.00  101.00     0    213.00      0.00 2861088  798188   9.83      4.00  23952.00      0.00       0  mysqld
1791494302     33    537871    8.00    8.00    0.00   17.00   16.00     1     58.00      0.00   61424   15280   0.19      0.00    956.00    848.00       0  nginx
1791494302     33    537872   10.00   15.00    0.00   38.00   25.00     1     70.00      0.00   66860   20740   0.26      0.00   1644.00   1312.00       0  nginx
1791494302     33    537873    6.00    8.00    0.00   12.00   14.00     1     38.00      0.00   59908   13744   0.17      0.00    404.00    324.00       0  nginx
1791494302     33    537874    7.00    9.00    0.00   31.00   16.00     3     73.00      0.00   63048   16924   0.21      0.00    440.00    292.00       0  nginx
1791494302   1100    553266   53.00   37.00    0.00   32.00   90.00     2   2983.00      0.00 2123968   23352   0.29      0.00      0.00      0.00       0  isupipe

# Time        UID       PID    %usr %system  %guest   %wait    %CPU   CPU  minflt/s  majflt/s     VSZ     RSS   %MEM   kB_rd/s   kB_wr/s kB_ccwr/s iodelay  Command
1791494303      0        13    0.00    0.00    0.00    0.00    0.00     0      0.00      0.00       0       0   0.00      0.00      0.00      0.00       0  ksoftirqd/0
1791494303      0        22    0.00    1.00    0.00    0.00    1.00     1      0.00      0.00       0       0   0.00      0.00      0.00      0.00       0  ksoftirqd/1
1791494303      0        28    0.00    0.00    0.00    0.00    0.00     2      0.00      0.00       0       0   0.00      0.00      0.00      0.00       0  ksoftirqd/2
1791494303      0        34    0.00    0.00    0.00    0.00    0.00     3      0.00      0.00       0       0   0.00      0.00      0.00      0.00       0  ksoftirqd/3
1791494303      0       342    0.00    0.00    0.00    0.00    0.00     0      0.00      0.00       0       0   0.00      0.00      4.00      0.00       0  jbd2/sda1-8
1791494303      0       415    0.00    0.00    0.00    0.00    0.00     2     12.00      1.00  177304  117904   1.45      0.00      4.00      0.00       0  systemd-journal
1791494303    104       739    0.00    0.00    0.00    0.00    0.00     0      0.00      0.00  222072    5200   0.06      0.00      4.00      0.00       0  rsyslogd
1791494303      0     17311    0.00    0.00    0.00    0.00    0.00     0      0.00      0.00   57076   12824   0.16      0.00      0.00      0.00       0  nginx
1791494303    112    244183   83.00   22.00    0.00    2.00  105.00     2    224.00      0.00 2861088  798532   9.84      0.00  15136.00      0.00       0  mysqld
1791494303     33    537871    6.00   10.00    0.00   23.00   16.00     1     52.00      0.00   61424   15280   0.19      0.00    572.00    464.00       0  nginx
1791494303     33    537872    9.00   11.00    0.00   41.00   20.00     3     70.00      0.00   66860   20740   0.26      0.00   1460.00   1364.00       0  nginx
1791494303     33    537873    8.00    7.00    0.00   19.00   15.00     1     23.00      0.00   59908   13744   0.17      0.00    280.00    160.00       0  nginx
1791494303     33    537874    8.00    9.00    0.00   36.00   17.00     0     71.00      0.00   63048   16924   0.21      0.00   1220.00   1076.00       0  nginx
1791494303   1100    553266   67.00   26.00    0.00   26.00   93.00     2   3112.00      0.00 2123968   23460   0.29      0.00      0.00      0.00       0  isupipe

# Time        UID       PID    %usr %system  %guest   %wait    %CPU   CPU  minflt/s  majflt/s     VSZ     RSS   %MEM   kB_rd/s   kB_wr/s kB_ccwr/s iodelay  Command
1791494304      0        13    0.00    0.00    0.00    0.00    0.00     0      0.00      0.00       0       0   0.00      0.00      0.00      0.00       0  ksoftirqd/0
1791494304      0        22    0.00    0.00    0.00    0.00    0.00     1      0.00      0.00       0       0   0.00      0.00      0.00      0.00       0  ksoftirqd/1
1791494304      0        28    0.00    0.00    0.00    0.00    0.00     2      0.00      0.00       0       0   0.00      0.00      0.00      0.00       0  ksoftirqd/2
1791494304      0        34    0.00    0.00    0.00    0.00    0.00     3      0.00      0.00       0       0   0.00      0.00      0.00      0.00       0  ksoftirqd/3
1791494304      0       342    0.00    2.00    0.00    1.00    2.00     3      0.00      0.00       0       0   0.00      0.00      0.00      0.00       0  jbd2/sda1-8
1791494304      0       415    0.00    0.00    0.00    0.00    0.00     2      0.00      0.00  177304  117904   1.45      0.00      0.00      0.00       0  systemd-journal
1791494304    104       739    0.00    0.00    0.00    0.00    0.00     0      0.00      0.00  222072    5200   0.06      0.00      0.00      0.00       0  rsyslogd
1791494304      0     17311    0.00    0.00    0.00    0.00    0.00     0      0.00      0.00   57076   12824   0.16      0.00      0.00      0.00       0  nginx
1791494304    112    244183   83.00   19.00    0.00    0.00  102.00     1     35.00      0.00 2861088  798616   9.84      0.00  16892.00      0.00       0  mysqld
1791494304     33    537871    8.00    6.00    0.00   23.00   14.00     1     11.00      0.00   61424   15280   0.19      0.00    684.00    560.00       0  nginx
1791494304     33    537872   11.00   12.00    0.00   37.00   23.00     1     31.00      0.00   66860   20740   0.26      0.00   1344.00   1148.00       0  nginx
1791494304     33    537873    5.00    6.00    0.00   14.00   11.00     1     11.00      0.00   59908   13744   0.17      0.00    672.00    544.00       0  nginx
1791494304     33    537874    8.00    9.00    0.00   26.00   17.00     1     34.00      0.00   63048   16924   0.21      0.00   1088.00    932.00       0  nginx
1791494304   1100    553266   55.00   33.00    0.00   18.00   88.00     0   2630.00      0.00 2123968   23468   0.29      0.00      0.00      0.00       0  isupipe

# Time        UID       PID    %usr %system  %guest   %wait    %CPU   CPU  minflt/s  majflt/s     VSZ     RSS   %MEM   kB_rd/s   kB_wr/s kB_ccwr/s iodelay  Command
1791494305      0        13    0.00    0.00    0.00    0.00    0.00     0      0.00      0.00       0       0   0.00      0.00      0.00      0.00       0  ksoftirqd/0
1791494305      0        22    0.00    1.00    0.00    0.00    1.00     1      0.00      0.00       0       0   0.00      0.00      0.00      0.00       0  ksoftirqd/1
1791494305      0        28    0.00    0.00    0.00    0.00    0.00     2      0.00      0.00       0       0   0.00      0.00      0.00      0.00       0  ksoftirqd/2
1791494305      0        34    0.00    0.00    0.00    0.00    0.00     3      0.00      0.00       0       0   0.00      0.00      0.00      0.00       0  ksoftirqd/3
1791494305      0       342    0.00    1.00    0.00    0.00    1.00     0      0.00      0.00       0       0   0.00      0.00      0.00      0.00       0  jbd2/sda1-8
1791494305      0       415    0.00    0.00    0.00    0.00    0.00     3      0.00      1.00  177304  117904   1.45      0.00      4.00      0.00       0  systemd-journal
1791494305    104       739    0.00    0.00    0.00    0.00    0.00     0      0.00      0.00  222072    5200   0.06      0.00      0.00      0.00       0  rsyslogd
1791494305      0     17311    0.00    0.00    0.00    0.00    0.00     0      0.00      0.00   57076   12824   0.16      0.00      0.00      0.00       0  nginx
1791494305    112    244183   92.00   19.00    0.00    1.00  111.00     0    143.00      0.00 2861088  798656   9.84      0.00  14352.00      0.00       0  mysqld
1791494305     33    537871    6.00    9.00    0.00   22.00   15.00     1      1.00      0.00   61424   15280   0.19      0.00    648.00    524.00       0  nginx
1791494305     33    537872   10.00   17.00    0.00   38.00   27.00     0     15.00      0.00   66860   20740   0.26      0.00   1864.00   1612.00       0  nginx
1791494305     33    537873    5.00    6.00    0.00   12.00   11.00     1      3.00      0.00   59908   13748   0.17      0.00    340.00    296.00       0  nginx
1791494305     33    537874    9.00    9.00    0.00   24.00   18.00     1      5.00      0.00   63048   16924   0.21      0.00    980.00    840.00       0  nginx
1791494305   1100    553266   55.00   33.00    0.00   23.00   88.00     0   3234.00      0.00 2124224   23756   0.29      0.00      0.00      0.00       0  isupipe

# Time        UID       PID    %usr %system  %guest   %wait    %CPU   CPU  minflt/s  majflt/s     VSZ     RSS   %MEM   kB_rd/s   kB_wr/s kB_ccwr/s iodelay  Command
1791494306      0        13    0.00    1.00    0.00    0.00    1.00     0      0.00      0.00       0       0   0.00      0.00      0.00      0.00       0  ksoftirqd/0
1791494306      0        22    0.00    1.00    0.00    0.00    1.00     1      0.00      0.00       0       0   0.00      0.00      0.00      0.00       0  ksoftirqd/1
1791494306      0        28    0.00    0.00    0.00    0.00    0.00     2      0.00      0.00       0       0   0.00      0.00      0.00      0.00       0  ksoftirqd/2
1791494306      0        34    0.00    0.00    0.00    0.00    0.00     3      0.00      0.00       0       0   0.00      0.00      0.00      0.00       0  ksoftirqd/3
1791494306      0       342    0.00    0.00    0.00    0.00    0.00     3      0.00      0.00       0       0   0.00      0.00      0.00      0.00       0  jbd2/sda1-8
1791494306      0       415    0.00    0.00    0.00    0.00    0.00     3      0.00      0.00  177304  117904   1.45      0.00      0.00      0.00       0  systemd-journal
1791494306    104       739    0.00    0.00    0.00    0.00    0.00     0      0.00      0.00  222072    5200   0.06      0.00      0.00      0.00       0  rsyslogd
1791494306      0     17311    0.00    0.00    0.00    0.00    0.00     0      0.00      0.00   57076   12824   0.16      0.00      0.00      0.00       0  nginx
1791494306    112    244183   82.00   24.00    0.00    1.00  106.00     0     72.00      0.00 2861088  798656   9.84      0.00   9864.00      0.00       0  mysqld
1791494306     33    537871    4.00    9.00    0.00   14.00   13.00     1      0.00      0.00   61424   15280   0.19      0.00    948.00    824.00       0  nginx
1791494306     33    537872    9.00   16.00    0.00   40.00   25.00     1     14.00      0.00   66860   20740   0.26      0.00   1616.00   1380.00       0  nginx
1791494306     33    537873    5.00    6.00    0.00   13.00   11.00     1      6.00      0.00   59908   13748   0.17      0.00    276.00    168.00       0  nginx
1791494306     33    537874    6.00   10.00    0.00   30.00   16.00     1      3.00      0.00   63048   16924   0.21      0.00    824.00    688.00       0  nginx
1791494306   1100    553266   55.00   33.00    0.00    5.00   88.00     0   2817.00      0.00 2124224   23112   0.28      0.00      0.00      0.00       0  isupipe

# Time        UID       PID    %usr %system  %guest   %wait    %CPU   CPU  minflt/s  majflt/s     VSZ     RSS   %MEM   kB_rd/s   kB_wr/s kB_ccwr/s iodelay  Command
1791494307      0        13    0.00    0.00    0.00    0.00    0.00     0      0.00      0.00       0       0   0.00      0.00      0.00      0.00       0  ksoftirqd/0
1791494307      0        22    0.00    1.00    0.00    0.00    1.00     1      0.00      0.00       0       0   0.00      0.00      0.00      0.00       0  ksoftirqd/1
1791494307      0        28    0.00    0.00    0.00    0.00    0.00     2      0.00      0.00       0       0   0.00      0.00      0.00      0.00       0  ksoftirqd/2
1791494307      0        34    0.00    1.00    0.00    0.00    1.00     3      0.00      0.00       0       0   0.00      0.00      0.00      0.00       0  ksoftirqd/3
1791494307      0       342    0.00    1.00    0.00    0.00    1.00     3      0.00      0.00       0       0   0.00      0.00      0.00      0.00       0  jbd2/sda1-8
1791494307      0       415    0.00    0.00    0.00    0.00    0.00     3      0.00      0.00  177304  117904   1.45      0.00      0.00      0.00       0  systemd-journal
1791494307    104       739    0.00    0.00    0.00    0.00    0.00     0      0.00      0.00  222072    5200   0.06      0.00      0.00      0.00       0  rsyslogd
1791494307      0     17311    0.00    0.00    0.00    0.00    0.00     0      0.00      0.00   57076   12824   0.16      0.00      0.00      0.00       0  nginx
1791494307    112    244183   83.00   25.00    0.00    1.00  108.00     1    118.00      0.00 2861088  798736   9.84      0.00  14456.00      0.00       0  mysqld
1791494307     33    537871    7.00    9.00    0.00   17.00   16.00     3      8.00      0.00   61424   15280   0.19      0.00    904.00    828.00       0  nginx
1791494307     33    537872   10.00   13.00    0.00   44.00   23.00     1      2.00      0.00   66860   20740   0.26      0.00   1184.00    936.00       0  nginx
1791494307     33    537873    4.00   10.00    0.00   13.00   14.00     1      3.00      0.00   59908   13748   0.17      0.00    700.00    628.00       0  nginx
1791494307     33    537874    8.00   10.00    0.00   34.00   18.00     1      5.00      0.00   63048   16924   0.21      0.00   1116.00    976.00       0  nginx
1791494307   1100    553266   54.00   34.00    0.00   23.00   88.00     0   3468.00      0.00 2124224   24484   0.30      0.00      0.00      0.00       0  isupipe

# Time        UID       PID    %usr %system  %guest   %wait    %CPU   CPU  minflt/s  majflt/s     VSZ     RSS   %MEM   kB_rd/s   kB_wr/s kB_ccwr/s iodelay  Command
1791494308      0        13    0.00    0.00    0.00    0.00    0.00     0      0.00      0.00       0       0   0.00      0.00      0.00      0.00       0  ksoftirqd/0
1791494308      0        22    0.00    1.00    0.00    0.00    1.00     1      0.00      0.00       0       0   0.00      0.00      0.00      0.00       0  ksoftirqd/1
1791494308      0        28    0.00    1.00    0.00    0.00    1.00     2      0.00      0.00       0       0   0.00      0.00      0.00      0.00       0  ksoftirqd/2
1791494308      0        34    0.00    0.00    0.00    0.00    0.00     3      0.00      0.00       0       0   0.00      0.00      0.00      0.00       0  ksoftirqd/3
1791494308      0       342    0.00    1.00    0.00    1.00    1.00     0      0.00      0.00       0       0   0.00      0.00      0.00      0.00       0  jbd2/sda1-8
1791494308      0       415    0.00    0.00    0.00    0.00    0.00     2      0.00      3.00  177304  117904   1.45      0.00     12.00      0.00       0  systemd-journal
1791494308    104       739    0.00    0.00    0.00    0.00    0.00     0      0.00      0.00  222072    5200   0.06      0.00      0.00      0.00       0  rsyslogd
1791494308      0     17311    0.00    0.00    0.00    0.00    0.00     0      0.00      0.00   57076   12824   0.16      0.00      0.00      0.00       0  nginx
1791494308    112    244183   83.00   21.00    0.00    1.00  104.00     0    118.00      0.00 2861088  798784   9.84      0.00   9932.00      0.00       0  mysqld
1791494308     33    537871    6.00    8.00    0.00   22.00   14.00     1      0.00      0.00   61424   15280   0.19      0.00    704.00    476.00       0  nginx
1791494308     33    537872   10.00   11.00    0.00   36.00   21.00     1      0.00      0.00   66860   20740   0.26      0.00   1580.00   1376.00       0  nginx
1791494308     33    537873    6.00    6.00    0.00   14.00   12.00     1      1.00      0.00   59908   13748   0.17      0.00    504.00    408.00       0  nginx
1791494308     33    537874    7.00    9.00    0.00   29.00   16.00     1      0.00      0.00   63048   16924   0.21      0.00    652.00    484.00       0  nginx
1791494308   1100    553266   54.00   30.00    0.00    8.00   84.00     0   2277.00      0.00 2124224   23376   0.29      0.00      0.00      0.00       0  isupipe

# Time        UID       PID    %usr %system  %guest   %wait    %CPU   CPU  minflt/s  majflt/s     VSZ     RSS   %MEM   kB_rd/s   kB_wr/s kB_ccwr/s iodelay  Command
1791494309      0        13    0.00    0.00    0.00    0.00    0.00     0      0.00      0.00       0       0   0.00      0.00      0.00      0.00       0  ksoftirqd/0
1791494309      0        22    0.00    1.00    0.00    0.00    1.00     1      0.00      0.00       0       0   0.00      0.00      0.00      0.00       0  ksoftirqd/1
1791494309      0        28    0.00    0.00    0.00    0.00    0.00     2      0.00      0.00       0       0   0.00      0.00      0.00      0.00       0  ksoftirqd/2
1791494309      0        34    0.00    0.00    0.00    0.00    0.00     3      0.00      0.00       0       0   0.00      0.00      0.00      0.00       0  ksoftirqd/3
1791494309      0       342    0.00    1.00    0.00    0.00    1.00     0      0.00      0.00       0       0   0.00      0.00      0.00      0.00       0  jbd2/sda1-8
1791494309      0       415    0.00    0.00    0.00    0.00    0.00     2      0.00      0.00  177304  117904   1.45      0.00      0.00      0.00       0  systemd-journal
1791494309    104       739    0.00    0.00    0.00    0.00    0.00     0      0.00      0.00  222072    5200   0.06      0.00      0.00      0.00       0  rsyslogd
1791494309      0     17311    0.00    0.00    0.00    0.00    0.00     0      0.00      0.00   57076   12824   0.16      0.00      0.00      0.00       0  nginx
1791494309    112    244183   92.00   18.00    0.00    2.00  110.00     0    149.00      0.00 2861088  798784   9.84      0.00  14348.00      0.00       0  mysqld
1791494309     33    537871    9.00    7.00    0.00   20.00   16.00     1      1.00      0.00   61424   15280   0.19      0.00    892.00    876.00       0  nginx
1791494309     33    537872   12.00   12.00    0.00   41.00   24.00     1     14.00      0.00   66860   20740   0.26      0.00   1580.00   1372.00       0  nginx
1791494309     33    537873    5.00    6.00    0.00   13.00   11.00     1      1.00      0.00   59908   13748   0.17      0.00    500.00    420.00       0  nginx
1791494309     33    537874    8.00   11.00    0.00   34.00   19.00     1      1.00      0.00   63048   16924   0.21      0.00    624.00    480.00       0  nginx
1791494309   1100    553266   56.00   34.00    0.00    1.00   90.00     3   2771.00      0.00 2124224   23580   0.29      0.00      0.00      0.00       0  isupipe

# Time        UID       PID    %usr %system  %guest   %wait    %CPU   CPU  minflt/s  majflt/s     VSZ     RSS   %MEM   kB_rd/s   kB_wr/s kB_ccwr/s iodelay  Command
1791494310      0        13    0.00    0.00    0.00    0.00    0.00     0      0.00      0.00       0       0   0.00      0.00      0.00      0.00       0  ksoftirqd/0
1791494310      0        22    0.00    1.00    0.00    0.00    1.00     1      0.00      0.00       0       0   0.00      0.00      0.00      0.00       0  ksoftirqd/1
1791494310      0        28    0.00    0.00    0.00    0.00    0.00     2      0.00      0.00       0       0   0.00      0.00      0.00      0.00       0  ksoftirqd/2
1791494310      0        34    0.00    0.00    0.00    0.00    0.00     3      0.00      0.00       0       0   0.00      0.00      0.00      0.00       0  ksoftirqd/3
1791494310      0       342    0.00    0.00    0.00    0.00    0.00     3      0.00      0.00       0       0   0.00      0.00      0.00      0.00       0  jbd2/sda1-8
1791494310      0       415    0.00    0.00    0.00    0.00    0.00     2      0.00      0.00  177304  117904   1.45      0.00      0.00      0.00       0  systemd-journal
1791494310    104       739    0.00    0.00    0.00    0.00    0.00     0      0.00      0.00  222072    5200   0.06      0.00      0.00      0.00       0  rsyslogd
1791494310      0     17311    0.00    0.00    0.00    0.00    0.00     0      0.00      0.00   57076   12824   0.16      0.00      0.00      0.00       0  nginx
1791494310    112    244183   85.00   23.00    0.00    0.00  108.00     0    108.00      0.00 2861088  798828   9.84      0.00  10648.00      0.00       0  mysqld
1791494310     33    537871    5.00   12.00    0.00   24.00   17.00     1      3.00      0.00   61424   15280   0.19      0.00    824.00    704.00       0  nginx
1791494310     33    537872    9.00   13.00    0.00   44.00   22.00     1      2.00      0.00   66860   20740   0.26      0.00   1400.00   1180.00       0  nginx
1791494310     33    537873    8.00    7.00    0.00   14.00   15.00     1      0.00      0.00   59908   13748   0.17      0.00    768.00    652.00       0  nginx
1791494310     33    537874    7.00   12.00    0.00   36.00   19.00     1      0.00      0.00   63048   16924   0.21      0.00   1212.00   1024.00       0  nginx
1791494310   1100    553266   57.00   28.00    0.00   13.00   85.00     1   3060.00      0.00 2124224   23324   0.29      0.00      0.00      0.00       0  isupipe

# Time        UID       PID    %usr %system  %guest   %wait    %CPU   CPU  minflt/s  majflt/s     VSZ     RSS   %MEM   kB_rd/s   kB_wr/s kB_ccwr/s iodelay  Command
1791494311      0        13    0.00    0.00    0.00    0.00    0.00     0      0.00      0.00       0       0   0.00      0.00      0.00      0.00       0  ksoftirqd/0
1791494311      0        22    0.00    1.00    0.00    0.00    1.00     1      0.00      0.00       0       0   0.00      0.00      0.00      0.00       0  ksoftirqd/1
1791494311      0        28    0.00    0.00    0.00    0.00    0.00     2      0.00      0.00       0       0   0.00      0.00      0.00      0.00       0  ksoftirqd/2
1791494311      0        34    0.00    0.00    0.00    0.00    0.00     3      0.00      0.00       0       0   0.00      0.00      0.00      0.00       0  ksoftirqd/3
1791494311      0       342    0.00    1.00    0.00    0.00    1.00     3      0.00      0.00       0       0   0.00      0.00      4.00      0.00       0  jbd2/sda1-8
1791494311      0       415    0.00    0.00    0.00    0.00    0.00     2      0.00      2.00  177304  117904   1.45      0.00      8.00      0.00       0  systemd-journal
1791494311    104       739    0.00    0.00    0.00    0.00    0.00     0      0.00      0.00  222072    5200   0.06      0.00      0.00      0.00       0  rsyslogd
1791494311      0     17311    0.00    0.00    0.00    0.00    0.00     0      0.00      0.00   57076   12824   0.16      0.00      0.00      0.00       0  nginx
1791494311    112    244183   90.00   17.00    0.00    1.00  107.00     0     96.00      0.00 2861088  798908   9.84      0.00  14660.00      0.00       0  mysqld
1791494311     33    537871    8.00   10.00    0.00   30.00   18.00     1      0.00      0.00   61424   15280   0.19      0.00    700.00    556.00       0  nginx
1791494311     33    537872   10.00   11.00    0.00   42.00   21.00     1      0.00      0.00   66860   20740   0.26      0.00   1948.00   1712.00       0  nginx
1791494311     33    537873    8.00    8.00    0.00   26.00   16.00     1      3.00      0.00   59908   13748   0.17      0.00    496.00    384.00       0  nginx
1791494311     33    537874    7.00    9.00    0.00   35.00   16.00     1      1.00      0.00   63048   16924   0.21      0.00    728.00    576.00       0  nginx
1791494311   1100    553266   56.00   32.00    0.00   25.00   88.00     0   1858.00      0.00 2124224   23748   0.29      0.00      0.00      0.00       0  isupipe

# Time        UID       PID    %usr %system  %guest   %wait    %CPU   CPU  minflt/s  majflt/s     VSZ     RSS   %MEM   kB_rd/s   kB_wr/s kB_ccwr/s iodelay  Command
1791494312      0        13    0.00    0.00    0.00    0.00    0.00     0      0.00      0.00       0       0   0.00      0.00      0.00      0.00       0  ksoftirqd/0
1791494312      0        22    0.00    1.00    0.00    0.00    1.00     1      0.00      0.00       0       0   0.00      0.00      0.00      0.00       0  ksoftirqd/1
1791494312      0        28    0.00    0.00    0.00    0.00    0.00     2      0.00      0.00       0       0   0.00      0.00      0.00      0.00       0  ksoftirqd/2
1791494312      0        34    0.00    0.00    0.00    0.00    0.00     3      0.00      0.00       0       0   0.00      0.00      0.00      0.00       0  ksoftirqd/3
1791494312      0       342    0.00    1.00    0.00    1.00    1.00     0      0.00      0.00       0       0   0.00      0.00      4.00      0.00       0  jbd2/sda1-8
1791494312      0       415    0.00    0.00    0.00    0.00    0.00     2      0.00      0.00  177304  117904   1.45      0.00      0.00      0.00       0  systemd-journal
1791494312    104       739    0.00    0.00    0.00    0.00    0.00     0      0.00      0.00  222072    5200   0.06      0.00      0.00      0.00       0  rsyslogd
1791494312      0     17311    0.00    0.00    0.00    0.00    0.00     0      0.00      0.00   57076   12824   0.16      0.00      0.00      0.00       0  nginx
1791494312    112    244183   86.00   20.00    0.00    0.00  106.00     0     37.00      0.00 2861088  798908   9.84      0.00  11720.00      0.00       0  mysqld
1791494312     33    537871    6.00   10.00    0.00   25.00   16.00     2      0.00      0.00   61424   15280   0.19      0.00    592.00    448.00       0  nginx
1791494312     33    537872   12.00   14.00    0.00   41.00   26.00     1      4.00      0.00   66860   20740   0.26      0.00   1244.00   1088.00       0  nginx
1791494312     33    537873    6.00    8.00    0.00   20.00   14.00     2      0.00      0.00   59908   13748   0.17      0.00    676.00    572.00       0  nginx
1791494312     33    537874   11.00    8.00    0.00   33.00   19.00     2      1.00      0.00   63048   16924   0.21      0.00   1308.00   1176.00       0  nginx
1791494312   1100    553266   62.00   29.00    0.00   27.00   91.00     2   2568.00      0.00 2124224   25072   0.31      0.00      0.00      0.00       0  isupipe

# Time        UID       PID    %usr %system  %guest   %wait    %CPU   CPU  minflt/s  majflt/s     VSZ     RSS   %MEM   kB_rd/s   kB_wr/s kB_ccwr/s iodelay  Command
1791494313      0        13    0.00    0.00    0.00    0.00    0.00     0      0.00      0.00       0       0   0.00      0.00      0.00      0.00       0  ksoftirqd/0
1791494313      0        22    0.00    0.00    0.00    0.00    0.00     1      0.00      0.00       0       0   0.00      0.00      0.00      0.00       0  ksoftirqd/1
1791494313      0        28    0.00    0.00    0.00    0.00    0.00     2      0.00      0.00       0       0   0.00      0.00      0.00      0.00       0  ksoftirqd/2
1791494313      0        34    0.00    0.00    0.00    0.00    0.00     3      0.00      0.00       0       0   0.00      0.00      0.00      0.00       0  ksoftirqd/3
1791494313      0       342    0.00    1.00    0.00    0.00    1.00     2      0.00      0.00       0       0   0.00      0.00     16.00      0.00       0  jbd2/sda1-8
1791494313      0       415    0.00    0.00    0.00    0.00    0.00     0      1.00     30.00  177304  117916   1.45      0.00    120.00      0.00       0  systemd-journal
1791494313    104       739    0.00    0.00    0.00    0.00    0.00     0      0.00      0.00  222072    5200   0.06      0.00      4.00      0.00       0  rsyslogd
1791494313      0     17311    0.00    0.00    0.00    0.00    0.00     0      0.00      0.00   57076   12824   0.16      0.00      0.00      0.00       0  nginx
1791494313    112    244183   84.00   23.00    0.00    1.00  107.00     3     64.00      0.00 2861088  798908   9.84      0.00  14856.00      0.00       0  mysqld
1791494313     33    537871    8.00   10.00    0.00   25.00   18.00     1      0.00      0.00   61424   15280   0.19      0.00   1256.00   1132.00       0  nginx
1791494313     33    537872   10.00   12.00    0.00   43.00   22.00     2      0.00      0.00   66860   20740   0.26      0.00   1276.00   1088.00       0  nginx
1791494313     33    537873    6.00    9.00    0.00   19.00   15.00     1      3.00      0.00   60044   13748   0.17      0.00    312.00    212.00       0  nginx
1791494313     33    537874    7.00   10.00    0.00   33.00   17.00     2      1.00      0.00   63048   16924   0.21      0.00    884.00    740.00       0  nginx
1791494313   1100    553266   59.00   30.00    0.00   31.00   89.00     0   3941.00      0.00 2124224   23660   0.29      0.00      0.00      0.00       0  isupipe

# Time        UID       PID    %usr %system  %guest   %wait    %CPU   CPU  minflt/s  majflt/s     VSZ     RSS   %MEM   kB_rd/s   kB_wr/s kB_ccwr/s iodelay  Command
1791494314      0        13    0.00    1.00    0.00    0.00    1.00     0      0.00      0.00       0       0   0.00      0.00      0.00      0.00       0  ksoftirqd/0
1791494314      0        22    0.00    1.00    0.00    0.00    1.00     1      0.00      0.00       0       0   0.00      0.00      0.00      0.00       0  ksoftirqd/1
1791494314      0        28    0.00    1.00    0.00    0.00    1.00     2      0.00      0.00       0       0   0.00      0.00      0.00      0.00       0  ksoftirqd/2
1791494314      0        34    0.00    1.00    0.00    0.00    1.00     3      0.00      0.00       0       0   0.00      0.00      0.00      0.00       0  ksoftirqd/3
1791494314      0       342    0.00    1.00    0.00    0.00    1.00     2      0.00      0.00       0       0   0.00      0.00      0.00      0.00       0  jbd2/sda1-8
1791494314      0       415    0.00    1.00    0.00    0.00    1.00     0      3.00     59.00  177304  117940   1.45      0.00    236.00      0.00       0  systemd-journal
1791494314    104       739    0.00    0.00    0.00    0.00    0.00     0      0.00      0.00  222072    5200   0.06      0.00     12.00      0.00       0  rsyslogd
1791494314      0     17311    0.00    0.00    0.00    0.00    0.00     0      0.00      0.00   57076   12824   0.16      0.00      0.00      0.00       0  nginx
1791494314    112    244183   77.00   24.00    0.00    2.00  101.00     0     98.00      0.00 2861088  799060   9.84      0.00  10880.00      0.00       0  mysqld
1791494314     33    537871    7.00    9.00    0.00   29.00   16.00     2      1.00      0.00   61424   15280   0.19      0.00    532.00    416.00       0  nginx
1791494314     33    537872   10.00   13.00    0.00   48.00   23.00     0      1.00      0.00   66860   20740   0.26      0.00   1840.00   1648.00       0  nginx
1791494314     33    537873    7.00   10.00    0.00   21.00   17.00     0     70.00      0.00   60324   13948   0.17      0.00    704.00    592.00       0  nginx
1791494314     33    537874    8.00   11.00    0.00   39.00   19.00     1      2.00      0.00   63048   16924   0.21      0.00    860.00    696.00       0  nginx
1791494314   1100    553266   65.00   26.00    0.00   31.00   91.00     2   2955.00      0.00 2124224   24332   0.30      0.00      0.00      0.00       0  isupipe

# Time        UID       PID    %usr %system  %guest   %wait    %CPU   CPU  minflt/s  majflt/s     VSZ     RSS   %MEM   kB_rd/s   kB_wr/s kB_ccwr/s iodelay  Command
1791494315      0        13    0.00    0.00    0.00    0.00    0.00     0      0.00      0.00       0       0   0.00      0.00      0.00      0.00       0  ksoftirqd/0
1791494315      0        22    0.00    1.00    0.00    0.00    1.00     1      0.00      0.00       0       0   0.00      0.00      0.00      0.00       0  ksoftirqd/1
1791494315      0        28    0.00    0.00    0.00    0.00    0.00     2      0.00      0.00       0       0   0.00      0.00      0.00      0.00       0  ksoftirqd/2
1791494315      0        34    0.00    0.00    0.00    0.00    0.00     3      0.00      0.00       0       0   0.00      0.00      0.00      0.00       0  ksoftirqd/3
1791494315      0       342    0.00    2.00    0.00    0.00    2.00     3      0.00      0.00       0       0   0.00      0.00      4.00      0.00       0  jbd2/sda1-8
1791494315      0       415    1.00    0.00    0.00    0.00    1.00     1      5.00     44.00  177304  117964   1.45      0.00    176.00      0.00       0  systemd-journal
1791494315    104       739    1.00    0.00    0.00    0.00    1.00     0      0.00      0.00  222072    5200   0.06      0.00     12.00      0.00       0  rsyslogd
1791494315      0     17311    0.00    0.00    0.00    0.00    0.00     0      0.00      0.00   57076   12824   0.16      0.00      0.00      0.00       0  nginx
1791494315    112    244183   80.00   21.00    0.00    1.00  101.00     2     35.00      0.00 2861088  799060   9.84      0.00  16448.00      0.00       0  mysqld
1791494315     33    537871    6.00   10.00    0.00   17.00   16.00     1      6.00      0.00   61424   15280   0.19      0.00    928.00    808.00       0  nginx
1791494315     33    537872    9.00   15.00    0.00   41.00   24.00     1      2.00      0.00   66860   20740   0.26      0.00    904.00    672.00       0  nginx
1791494315     33    537873    6.00    7.00    0.00   14.00   13.00     1      8.00      0.00   60324   13948   0.17      0.00    624.00    512.00       0  nginx
1791494315     33    537874    8.00   10.00    0.00   28.00   18.00     1      3.00      0.00   63048   16924   0.21      0.00   1296.00   1164.00       0  nginx
1791494315   1100    553266   59.00   31.00    0.00   24.00   90.00     0   1442.00      0.00 2124224   25404   0.31      0.00      0.00      0.00       0  isupipe

# Time        UID       PID    %usr %system  %guest   %wait    %CPU   CPU  minflt/s  majflt/s     VSZ     RSS   %MEM   kB_rd/s   kB_wr/s kB_ccwr/s iodelay  Command
1791494316      0        13    0.00    0.00    0.00    0.00    0.00     0      0.00      0.00       0       0   0.00      0.00      0.00      0.00       0  ksoftirqd/0
1791494316      0        22    0.00    1.00    0.00    0.00    1.00     1      0.00      0.00       0       0   0.00      0.00      0.00      0.00       0  ksoftirqd/1
1791494316      0        28    0.00    0.00    0.00    0.00    0.00     2      0.00      0.00       0       0   0.00      0.00      0.00      0.00       0  ksoftirqd/2
1791494316      0        34    0.00    0.00    0.00    0.00    0.00     3      0.00      0.00       0       0   0.00      0.00      0.00      0.00       0  ksoftirqd/3
1791494316      0       342    0.00    1.00    0.00    1.00    1.00     3      0.00      0.00       0       0   0.00      0.00     28.00      0.00       0  jbd2/sda1-8
1791494316      0       415    1.00    0.00    0.00    0.00    1.00     1      2.00     36.00  177304  118000   1.45      0.00    144.00      0.00       0  systemd-journal
1791494316    104       739    0.00    1.00    0.00    0.00    1.00     0      0.00      0.00  222072    5200   0.06      0.00      8.00      0.00       0  rsyslogd
1791494316      0     17311    0.00    0.00    0.00    0.00    0.00     0      0.00      0.00   57076   12824   0.16      0.00      0.00      0.00       0  nginx
1791494316    112    244183   71.00   26.00    0.00    0.00   97.00     3     92.00      0.00 2861088  799108   9.84      0.00  16388.00      0.00       0  mysqld
1791494316     33    537871    7.00    9.00    0.00   17.00   16.00     1      2.00      0.00   61424   15280   0.19      0.00    928.00    804.00       0  nginx
1791494316     33    537872   15.00   12.00    0.00   35.00   27.00     1      2.00      0.00   66860   20740   0.26      0.00   1620.00   1368.00       0  nginx
1791494316     33    537873    5.00    6.00    0.00   11.00   11.00     1      2.00      0.00   60324   13948   0.17      0.00    328.00    252.00       0  nginx
1791494316     33    537874    7.00   11.00    0.00   24.00   18.00     2      3.00      0.00   63048   16924   0.21      0.00   1048.00    904.00       0  nginx
1791494316   1100    553266   60.00   30.00    0.00   19.00   90.00     2   1788.00      0.00 2124224   25408   0.31      0.00      0.00      0.00       0  isupipe

# Time        UID       PID    %usr %system  %guest   %wait    %CPU   CPU  minflt/s  majflt/s     VSZ     RSS   %MEM   kB_rd/s   kB_wr/s kB_ccwr/s iodelay  Command
1791494317      0        13    0.00    0.00    0.00    0.00    0.00     0      0.00      0.00       0       0   0.00      0.00      0.00      0.00       0  ksoftirqd/0
1791494317      0        22    0.00    1.00    0.00    0.00    1.00     1      0.00      0.00       0       0   0.00      0.00      0.00      0.00       0  ksoftirqd/1
1791494317      0        28    0.00    0.00    0.00    0.00    0.00     2      0.00      0.00       0       0   0.00      0.00      0.00      0.00       0  ksoftirqd/2
1791494317      0        34    0.00    0.00    0.00    0.00    0.00     3      0.00      0.00       0       0   0.00      0.00      0.00      0.00       0  ksoftirqd/3
1791494317      0       342    0.00    1.00    0.00    0.00    1.00     0      0.00      0.00       0       0   0.00      0.00      0.00      0.00       0  jbd2/sda1-8
1791494317      0       415    1.00    1.00    0.00    1.00    2.00     1      5.00     68.00  177304  118044   1.45      0.00    272.00      0.00       0  systemd-journal
1791494317    104       739    0.00    0.00    0.00    0.00    0.00     0      0.00      0.00  222072    5200   0.06      0.00     20.00      0.00       0  rsyslogd
1791494317      0     17311    0.00    0.00    0.00    0.00    0.00     0      0.00      0.00   57076   12824   0.16      0.00      0.00      0.00       0  nginx
1791494317    112    244183   75.00   22.00    0.00    2.00   97.00     2     69.00      0.00 2861088  799108   9.84      0.00  12032.00      0.00       0  mysqld
1791494317     33    537871    8.00    8.00    0.00   25.00   16.00     1      1.00      0.00   61424   15280   0.19      0.00    660.00    532.00       0  nginx
1791494317     33    537872   10.00   12.00    0.00   34.00   22.00     1      0.00      0.00   66860   20740   0.26      0.00   1648.00   1452.00       0  nginx
1791494317     33    537873    6.00    7.00    0.00   17.00   13.00     1     10.00      0.00   60324   13948   0.17      0.00    484.00    392.00       0  nginx
1791494317     33    537874    6.00   13.00    0.00   30.00   19.00     2      2.00      0.00   63048   16924   0.21      0.00    948.00    820.00       0  nginx
1791494317   1100    553266   56.00   34.00    0.00   25.00   90.00     3   3484.00      0.00 2124224   24456   0.30      0.00      0.00      0.00       0  isupipe

# Time        UID       PID    %usr %system  %guest   %wait    %CPU   CPU  minflt/s  majflt/s     VSZ     RSS   %MEM   kB_rd/s   kB_wr/s kB_ccwr/s iodelay  Command
1791494318      0        13    0.00    0.00    0.00    0.00    0.00     0      0.00      0.00       0       0   0.00      0.00      0.00      0.00       0  ksoftirqd/0
1791494318      0        22    0.00    1.00    0.00    0.00    1.00     1      0.00      0.00       0       0   0.00      0.00      0.00      0.00       0  ksoftirqd/1
1791494318      0        28    0.00    0.00    0.00    0.00    0.00     2      0.00      0.00       0       0   0.00      0.00      0.00      0.00       0  ksoftirqd/2
1791494318      0        34    0.00    0.00    0.00    0.00    0.00     3      0.00      0.00       0       0   0.00      0.00      0.00      0.00       0  ksoftirqd/3
1791494318      0       342    0.00    1.00    0.00    1.00    1.00     3      0.00      0.00       0       0   0.00      0.00      0.00      0.00       0  jbd2/sda1-8
1791494318      0       415    0.00    1.00    0.00    0.00    1.00     2      3.00     87.00  177304  118116   1.45      0.00    348.00      0.00       0  systemd-journal
1791494318    104       739    1.00    0.00    0.00    0.00    1.00     0      0.00      0.00  222072    5200   0.06      0.00     28.00      0.00       0  rsyslogd
1791494318      0     17311    0.00    0.00    0.00    0.00    0.00     0      0.00      0.00   57076   12824   0.16      0.00      0.00      0.00       0  nginx
1791494318    112    244183   67.00   22.00    0.00    0.00   89.00     0     23.00      0.00 2861088  799108   9.84      0.00  16104.00      0.00       0  mysqld
1791494318     33    537871    7.00   11.00    0.00   28.00   18.00     1      0.00      0.00   61424   15280   0.19      0.00    652.00    528.00       0  nginx
1791494318     33    537872   13.00   13.00    0.00   38.00   26.00     1      2.00      0.00   66860   20740   0.26      0.00   1452.00   1260.00       0  nginx
1791494318     33    537873    7.00    8.00    0.00   14.00   15.00     1     11.00      0.00   60460   13948   0.17      0.00    952.00    868.00       0  nginx
1791494318     33    537874    7.00   13.00    0.00   34.00   20.00     1      0.00      0.00   63048   16924   0.21      0.00    924.00    776.00       0  nginx
1791494318   1100    553266   58.00   33.00    0.00   32.00   91.00     0   3004.00      0.00 2124224   24836   0.31      0.00      0.00      0.00       0  isupipe

# Time        UID       PID    %usr %system  %guest   %wait    %CPU   CPU  minflt/s  majflt/s     VSZ     RSS   %MEM   kB_rd/s   kB_wr/s kB_ccwr/s iodelay  Command
1791494319      0        13    0.00    1.00    0.00    0.00    1.00     0      0.00      0.00       0       0   0.00      0.00      0.00      0.00       0  ksoftirqd/0
1791494319      0        22    0.00    1.00    0.00    0.00    1.00     1      0.00      0.00       0       0   0.00      0.00      0.00      0.00       0  ksoftirqd/1
1791494319      0        28    0.00    0.00    0.00    0.00    0.00     2      0.00      0.00       0       0   0.00      0.00      0.00      0.00       0  ksoftirqd/2
1791494319      0        34    0.00    1.00    0.00    0.00    1.00     3      0.00      0.00       0       0   0.00      0.00      0.00      0.00       0  ksoftirqd/3
1791494319      0       342    0.00    2.00    0.00    0.00    2.00     2      0.00      0.00       0       0   0.00      0.00    104.00      0.00       0  jbd2/sda1-8
1791494319      0       415    1.00    0.00    0.00    1.00    1.00     0     10.00     82.00  177304  118188   1.46      0.00    328.00      0.00       0  systemd-journal
1791494319    104       739    0.00    0.00    0.00    0.00    0.00     0      0.00      0.00  222072    5200   0.06      0.00     28.00      0.00       0  rsyslogd
1791494319      0     17311    0.00    0.00    0.00    0.00    0.00     0      0.00      0.00   57076   12824   0.16      0.00      0.00      0.00       0  nginx
1791494319    112    244183   67.00   25.00    0.00    1.00   92.00     0     43.00      0.00 2861088  799136   9.84      0.00  11956.00      0.00       0  mysqld
1791494319     33    537871    7.00    7.00    0.00   21.00   14.00     1      0.00      0.00   61424   15280   0.19      0.00    828.00    680.00       0  nginx
1791494319     33    537872   10.00   12.00    0.00   41.00   22.00     1     10.00      0.00   66860   20740   0.26      0.00   1764.00   1552.00       0  nginx
1791494319     33    537873    4.00   10.00    0.00   20.00   14.00     1     21.00      0.00   60460   14212   0.18      0.00    784.00    672.00       0  nginx
1791494319     33    537874    7.00   10.00    0.00   32.00   17.00     1      0.00      0.00   63048   16924   0.21      0.00    768.00    608.00       0  nginx
1791494319   1100    553266   58.00   35.00    0.00   19.00   93.00     3   3259.00      0.00 2124224   23480   0.29      0.00      0.00      0.00       0  isupipe

# Time        UID       PID    %usr %system  %guest   %wait    %CPU   CPU  minflt/s  majflt/s     VSZ     RSS   %MEM   kB_rd/s   kB_wr/s kB_ccwr/s iodelay  Command
1791494320      0        13    0.00    0.00    0.00    0.00    0.00     0      0.00      0.00       0       0   0.00      0.00      0.00      0.00       0  ksoftirqd/0
1791494320      0        22    0.00    1.00    0.00    1.00    1.00     1      0.00      0.00       0       0   0.00      0.00      0.00      0.00       0  ksoftirqd/1
1791494320      0        28    0.00    1.00    0.00    0.00    1.00     2      0.00      0.00       0       0   0.00      0.00      0.00      0.00       0  ksoftirqd/2
1791494320      0        34    0.00    0.00    0.00    1.00    0.00     3      0.00      0.00       0       0   0.00      0.00      0.00      0.00       0  ksoftirqd/3
1791494320      0       342    0.00    1.00    0.00    0.00    1.00     0      0.00      0.00       0       0   0.00      0.00     12.00      0.00       0  jbd2/sda1-8
1791494320      0       415    1.00    1.00    0.00    0.00    2.00     1      0.00     65.00  177304  118260   1.46      0.00    260.00      0.00       0  systemd-journal
1791494320    104       739    0.00    0.00    0.00    0.00    0.00     0      0.00      0.00  222072    5200   0.06      0.00     28.00      0.00       0  rsyslogd
1791494320      0     17311    0.00    0.00    0.00    0.00    0.00     0      0.00      0.00   57076   12824   0.16      0.00      0.00      0.00       0  nginx
1791494320    112    244183   68.00   24.00    0.00    1.00   92.00     1     46.00      0.00 2861088  799136   9.84      0.00  15876.00      0.00       0  mysqld
1791494320     33    537871   10.00    7.00    0.00   31.00   17.00     1      0.00      0.00   61424   15280   0.19      0.00    752.00    644.00       0  nginx
1791494320     33    537872   11.00   10.00    0.00   39.00   21.00     2      5.00      0.00   66860   20740   0.26      0.00   1632.00   1480.00       0  nginx
1791494320     33    537873    6.00   11.00    0.00   21.00   17.00     1      0.00      0.00   60460   14212   0.18      0.00    628.00    528.00       0  nginx
1791494320     33    537874    8.00   10.00    0.00   38.00   18.00     1      0.00      0.00   63048   16924   0.21      0.00   1036.00    884.00       0  nginx
1791494320   1100    553266   61.00   34.00    0.00   28.00   95.00     3   3674.00      0.00 2124224   24020   0.30      0.00      0.00      0.00       0  isupipe

# Time        UID       PID    %usr %system  %guest   %wait    %CPU   CPU  minflt/s  majflt/s     VSZ     RSS   %MEM   kB_rd/s   kB_wr/s kB_ccwr/s iodelay  Command
1791494321      0        13    0.00    0.00    0.00    0.00    0.00     0      0.00      0.00       0       0   0.00      0.00      0.00      0.00       0  ksoftirqd/0
1791494321      0        22    0.00    1.00    0.00    0.00    1.00     1      0.00      0.00       0       0   0.00      0.00      0.00      0.00       0  ksoftirqd/1
1791494321      0        28    0.00    0.00    0.00    0.00    0.00     2      0.00      0.00       0       0   0.00      0.00      0.00      0.00       0  ksoftirqd/2
1791494321      0        34    0.00    0.00    0.00    0.00    0.00     3      0.00      0.00       0       0   0.00      0.00      0.00      0.00       0  ksoftirqd/3
1791494321      0       342    0.00    1.00    0.00    1.00    1.00     2      0.00      0.00       0       0   0.00      0.00      0.00      0.00       0  jbd2/sda1-8
1791494321      0       415    1.00    1.00    0.00    0.00    2.00     3      3.00     96.00  177304  118348   1.46      0.00    384.00      0.00       0  systemd-journal
1791494321    104       739    0.00    1.00    0.00    0.00    1.00     0      0.00      0.00  222072    5200   0.06      0.00     32.00      0.00       0  rsyslogd
1791494321      0     17311    0.00    0.00    0.00    0.00    0.00     0      0.00      0.00   57076   12824   0.16      0.00      0.00      0.00       0  nginx
1791494321    112    244183   71.00   19.00    0.00    1.00   90.00     0     47.00      0.00 2861088  799136   9.84      0.00  11596.00      0.00       0  mysqld
1791494321     33    537871   11.00    6.00    0.00   22.00   17.00     2      9.00      0.00   61564   15280   0.19      0.00   1272.00   1140.00       0  nginx
1791494321     33    537872   11.00   10.00    0.00   42.00   21.00     1      0.00      0.00   66860   20740   0.26      0.00   1660.00   1496.00       0  nginx
1791494321     33    537873    5.00   11.00    0.00   15.00   16.00     1      5.00      0.00   60460   14212   0.18      0.00    540.00    416.00       0  nginx
1791494321     33    537874    9.00   10.00    0.00   39.00   19.00     2      0.00      0.00   63048   16924   0.21      0.00    644.00    488.00       0  nginx
1791494321   1100    553266   61.00   30.00    0.00   16.00   91.00     2   2216.00      0.00 2124224   24412   0.30      0.00      0.00      0.00       0  isupipe

# Time        UID       PID    %usr %system  %guest   %wait    %CPU   CPU  minflt/s  majflt/s     VSZ     RSS   %MEM   kB_rd/s   kB_wr/s kB_ccwr/s iodelay  Command
1791494322      0        13    0.00    0.00    0.00    0.00    0.00     0      0.00      0.00       0       0   0.00      0.00      0.00      0.00       0  ksoftirqd/0
1791494322      0        22    0.00    1.00    0.00    0.00    1.00     1      0.00      0.00       0       0   0.00      0.00      0.00      0.00       0  ksoftirqd/1
1791494322      0        28    0.00    0.00    0.00    0.00    0.00     2      0.00      0.00       0       0   0.00      0.00      0.00      0.00       0  ksoftirqd/2
1791494322      0        34    0.00    0.00    0.00    0.00    0.00     3      0.00      0.00       0       0   0.00      0.00      0.00      0.00       0  ksoftirqd/3
1791494322      0       342    0.00    1.00    0.00    0.00    1.00     3      0.00      0.00       0       0   0.00      0.00     32.00      0.00       0  jbd2/sda1-8
1791494322      0       415    0.00    1.00    0.00    1.00    1.00     2      4.00    115.00  177304  118400   1.46      0.00    460.00      0.00       0  systemd-journal
1791494322    104       739    0.00    1.00    0.00    0.00    1.00     0      0.00      0.00  222072    5200   0.06      0.00     28.00      0.00       0  rsyslogd
1791494322      0     17311    0.00    0.00    0.00    0.00    0.00     0      0.00      0.00   57076   12824   0.16      0.00      0.00      0.00       0  nginx
1791494322    112    244183   67.00   24.00    0.00    1.00   91.00     3    148.00      0.00 2861088  799208   9.84      0.00  15668.00      0.00       0  mysqld
1791494322     33    537871    5.00    9.00    0.00   16.00   14.00     1     38.00      0.00   61696   15280   0.19      0.00    996.00    904.00       0  nginx
1791494322     33    537872    9.00   17.00    0.00   37.00   26.00     2      0.00      0.00   66860   20740   0.26      0.00   1752.00   1508.00       0  nginx
1791494322     33    537873    5.00    8.00    0.00   17.00   13.00     1      2.00      0.00   60460   14212   0.18      0.00    416.00    312.00       0  nginx
1791494322     33    537874    7.00   12.00    0.00   28.00   19.00     1      0.00      0.00   63048   16924   0.21      0.00   1076.00    880.00       0  nginx
1791494322   1100    553266   55.00   36.00    0.00   17.00   91.00     3   3794.00      0.00 2124224   25672   0.32      0.00      0.00      0.00       0  isupipe

# Time        UID       PID    %usr %system  %guest   %wait    %CPU   CPU  minflt/s  majflt/s     VSZ     RSS   %MEM   kB_rd/s   kB_wr/s kB_ccwr/s iodelay  Command
1791494323      0        13    0.00    0.00    0.00    0.00    0.00     0      0.00      0.00       0       0   0.00      0.00      0.00      0.00       0  ksoftirqd/0
1791494323      0        22    0.00    1.00    0.00    0.00    1.00     1      0.00      0.00       0       0   0.00      0.00      0.00      0.00       0  ksoftirqd/1
1791494323      0        28    0.00    0.00    0.00    0.00    0.00     2      0.00      0.00       0       0   0.00      0.00      0.00      0.00       0  ksoftirqd/2
1791494323      0        34    0.00    0.00    0.00    0.00    0.00     3      0.00      0.00       0       0   0.00      0.00      0.00      0.00       0  ksoftirqd/3
1791494323      0       342    0.00    1.00    0.00    0.00    1.00     1      0.00      0.00       0       0   0.00      0.00      8.00      0.00       0  jbd2/sda1-8
1791494323      0       415    1.00    0.00    0.00    0.00    1.00     3      7.00    104.00  177304  118488   1.46      0.00    416.00      0.00       0  systemd-journal
1791494323    104       739    1.00    0.00    0.00    0.00    1.00     0      0.00      0.00  222072    5200   0.06      0.00     28.00      0.00       0  rsyslogd
1791494323      0     17311    0.00    0.00    0.00    0.00    0.00     0      0.00      0.00   57076   12824   0.16      0.00      0.00      0.00       0  nginx
1791494323    112    244183   65.00   27.00    0.00    1.00   92.00     0     42.00      0.00 2861088  799272   9.85      0.00  19832.00      0.00       0  mysqld
1791494323     33    537871   10.00    6.00    0.00   19.00   16.00     0     66.00      0.00   61972   15520   0.19      0.00   1040.00    952.00       0  nginx
1791494323     33    537872    9.00   16.00    0.00   38.00   25.00     2      0.00      0.00   66860   20740   0.26      0.00   1240.00   1020.00       0  nginx
1791494323     33    537873    5.00   11.00    0.00   14.00   16.00     3      0.00      0.00   60460   14212   0.18      0.00    412.00    328.00       0  nginx
1791494323     33    537874    8.00   11.00    0.00   36.00   19.00     0      0.00      0.00   63048   16924   0.21      0.00   1284.00   1128.00       0  nginx
1791494323   1100    553266   59.00   29.00    0.00   33.00   88.00     2   2972.00      0.00 2124224   24032   0.30      0.00      0.00      0.00       0  isupipe

# Time        UID       PID    %usr %system  %guest   %wait    %CPU   CPU  minflt/s  majflt/s     VSZ     RSS   %MEM   kB_rd/s   kB_wr/s kB_ccwr/s iodelay  Command
1791494324      0        13    0.00    0.00    0.00    0.00    0.00     0      0.00      0.00       0       0   0.00      0.00      0.00      0.00       0  ksoftirqd/0
1791494324      0        22    0.00    1.98    0.00    0.00    1.98     1      0.00      0.00       0       0   0.00      0.00      0.00      0.00       0  ksoftirqd/1
1791494324      0        28    0.00    0.00    0.00    0.00    0.00     2      0.00      0.00       0       0   0.00      0.00      0.00      0.00       0  ksoftirqd/2
1791494324      0        34    0.00    0.00    0.00    0.00    0.00     3      0.00      0.00       0       0   0.00      0.00      0.00      0.00       0  ksoftirqd/3
1791494324      0       342    0.00    1.98    0.00    0.99    1.98     0      0.00      0.00       0       0   0.00      0.00      0.00      0.00       0  jbd2/sda1-8
1791494324      0       415    0.99    1.98    0.00    0.99    2.97     3      2.97     88.12  177304  118540   1.46      0.00    352.48      0.00       0  systemd-journal
1791494324    104       739    0.00    0.00    0.00    0.00    0.00     0      0.00      0.00  222072    5200   0.06      0.00     27.72      0.00       0  rsyslogd
1791494324      0     17311    0.00    0.00    0.00    0.00    0.00     0      0.00      0.00   57076   12824   0.16      0.00      0.00      0.00       0  nginx
1791494324    112    244183   70.30   19.80    0.00    1.98   90.10     1     21.78      0.00 2861088  799272   9.85      0.00  15275.25      0.00       0  mysqld
1791494324     33    537871    8.91    7.92    0.00   21.78   16.83     1      2.97      0.00   61972   15520   0.19      0.00    704.95    499.01       0  nginx
1791494324     33    537872    7.92   15.84    0.00   37.62   23.76     1      1.98      0.00   66860   20740   0.26      0.00   1683.17   1465.35       0  nginx
1791494324     33    537873    5.94    6.93    0.00    8.91   12.87     1     31.68      0.00   60592   14212   0.18      0.00    431.68    324.75       0  nginx
1791494324     33    537874    9.90    6.93    0.00   31.68   16.83     0      0.00      0.00   63048   16924   0.21      0.00    958.42    815.84       0  nginx
1791494324   1100    553266   62.38   28.71    0.00   21.78   91.09     2   3343.56      0.00 2124224   24572   0.30      0.00      0.00      0.00       0  isupipe

# Time        UID       PID    %usr %system  %guest   %wait    %CPU   CPU  minflt/s  majflt/s     VSZ     RSS   %MEM   kB_rd/s   kB_wr/s kB_ccwr/s iodelay  Command
1791494325      0        13    0.00    1.00    0.00    0.00    1.00     0      0.00      0.00       0       0   0.00      0.00      0.00      0.00       0  ksoftirqd/0
1791494325      0        22    0.00    1.00    0.00    0.00    1.00     1      0.00      0.00       0       0   0.00      0.00      0.00      0.00       0  ksoftirqd/1
1791494325      0        28    0.00    0.00    0.00    0.00    0.00     2      0.00      0.00       0       0   0.00      0.00      0.00      0.00       0  ksoftirqd/2
1791494325      0        34    0.00    0.00    0.00    0.00    0.00     3      0.00      0.00       0       0   0.00      0.00      0.00      0.00       0  ksoftirqd/3
1791494325      0       342    0.00    0.00    0.00    0.00    0.00     0      0.00      0.00       0       0   0.00      0.00      4.00      0.00       0  jbd2/sda1-8
1791494325      0       415    0.00    1.00    0.00    0.00    1.00     0      0.00     74.00  177304  118632   1.46      0.00    296.00      0.00       0  systemd-journal
1791494325    104       739    1.00    0.00    0.00    0.00    1.00     0      0.00      0.00  222072    5200   0.06      0.00     32.00      0.00       0  rsyslogd
1791494325      0     17311    0.00    0.00    0.00    0.00    0.00     0      0.00      0.00   57076   12824   0.16      0.00      0.00      0.00       0  nginx
1791494325    112    244183   66.00   23.00    0.00    2.00   89.00     2     84.00      0.00 2861088  799272   9.85      0.00  12552.00      0.00       0  mysqld
1791494325     33    537871    8.00   10.00    0.00   26.00   18.00     1     41.00      0.00   62108   15784   0.19      0.00    972.00    908.00       0  nginx
1791494325     33    537872    9.00   14.00    0.00   40.00   23.00     2      0.00      0.00   66860   20740   0.26      0.00   1196.00    896.00       0  nginx
1791494325     33    537873    5.00   10.00    0.00   21.00   15.00     1     14.00      0.00   60724   14212   0.18      0.00    684.00    600.00       0  nginx
1791494325     33    537874    8.00   13.00    0.00   32.00   21.00     1      0.00      0.00   63048   16924   0.21      0.00   1092.00    940.00       0  nginx
1791494325   1100    553266   63.00   28.00    0.00   28.00   91.00     0   2822.00      0.00 2124224   26076   0.32      0.00      0.00      0.00       0  isupipe

# Time        UID       PID    %usr %system  %guest   %wait    %CPU   CPU  minflt/s  majflt/s     VSZ     RSS   %MEM   kB_rd/s   kB_wr/s kB_ccwr/s iodelay  Command
1791494326      0        13    0.00    0.00    0.00    0.00    0.00     0      0.00      0.00       0       0   0.00      0.00      0.00      0.00       0  ksoftirqd/0
1791494326      0        22    0.00    1.00    0.00    0.00    1.00     1      0.00      0.00       0       0   0.00      0.00      0.00      0.00       0  ksoftirqd/1
1791494326      0        28    0.00    1.00    0.00    0.00    1.00     2      0.00      0.00       0       0   0.00      0.00      0.00      0.00       0  ksoftirqd/2
1791494326      0        34    0.00    1.00    0.00    0.00    1.00     3      0.00      0.00       0       0   0.00      0.00      0.00      0.00       0  ksoftirqd/3
1791494326      0       342    0.00    1.00    0.00    0.00    1.00     2      0.00      0.00       0       0   0.00      0.00      0.00      0.00       0  jbd2/sda1-8
1791494326      0       415    1.00    1.00    0.00    1.00    2.00     0      1.00     67.00  177304  118712   1.46      0.00    268.00      0.00       0  systemd-journal
1791494326    104       739    1.00    0.00    0.00    0.00    1.00     0      0.00      0.00  222072    5200   0.06      0.00     32.00      0.00       0  rsyslogd
1791494326      0     17311    0.00    0.00    0.00    0.00    0.00     0      0.00      0.00   57076   12824   0.16      0.00      0.00      0.00       0  nginx
1791494326    112    244183   76.00   23.00    0.00    0.00   99.00     2     58.00      0.00 2861088  799272   9.85      0.00  15996.00      0.00       0  mysqld
1791494326     33    537871    7.00   10.00    0.00   20.00   17.00     1      1.00      0.00   62108   15784   0.19      0.00   1308.00   1092.00       0  nginx
1791494326     33    537872   12.00   14.00    0.00   40.00   26.00     1      0.00      0.00   66860   20740   0.26      0.00   1320.00   1208.00       0  nginx
1791494326     33    537873    6.00    7.00    0.00   12.00   13.00     1      0.00      0.00   60724   14212   0.18      0.00    656.00    536.00       0  nginx
1791494326     33    537874    9.00   13.00    0.00   30.00   22.00     1     40.00      0.00   63184   16924   0.21      0.00   1128.00    940.00       0  nginx
1791494326   1100    553266   62.00   32.00    0.00   23.00   94.00     0   2531.00      0.00 2124224   25676   0.32      0.00      0.00      0.00       0  isupipe

# Time        UID       PID    %usr %system  %guest   %wait    %CPU   CPU  minflt/s  majflt/s     VSZ     RSS   %MEM   kB_rd/s   kB_wr/s kB_ccwr/s iodelay  Command
1791494327      0        13    0.00    0.00    0.00    0.00    0.00     0      0.00      0.00       0       0   0.00      0.00      0.00      0.00       0  ksoftirqd/0
1791494327      0        22    0.00    1.00    0.00    0.00    1.00     1      0.00      0.00       0       0   0.00      0.00      0.00      0.00       0  ksoftirqd/1
1791494327      0        28    0.00    0.00    0.00    0.00    0.00     2      0.00      0.00       0       0   0.00      0.00      0.00      0.00       0  ksoftirqd/2
1791494327      0        34    0.00    0.00    0.00    0.00    0.00     3      0.00      0.00       0       0   0.00      0.00      0.00      0.00       0  ksoftirqd/3
1791494327      0       342    0.00    1.00    0.00    1.00    1.00     1      0.00      0.00       0       0   0.00      0.00      0.00      0.00       0  jbd2/sda1-8
1791494327      0       415    1.00    1.00    0.00    0.00    2.00     0      3.00     72.00  177304  118780   1.46      0.00    288.00      0.00       0  systemd-journal
1791494327    104       739    0.00    1.00    0.00    0.00    1.00     0      0.00      0.00  222072    5200   0.06      0.00     28.00      0.00       0  rsyslogd
1791494327      0     17311    0.00    0.00    0.00    0.00    0.00     0      0.00      0.00   57076   12824   0.16      0.00      0.00      0.00       0  nginx
1791494327    112    244183   73.00   19.00    0.00    0.00   92.00     3    105.00      0.00 2861088  799336   9.85      0.00  12052.00      0.00       0  mysqld
1791494327     33    537871   10.00    8.00    0.00   21.00   18.00     1     69.00      0.00   62384   16048   0.20      0.00   1004.00    992.00       0  nginx
1791494327     33    537872   14.00   13.00    0.00   39.00   27.00     0      0.00      0.00   66860   20740   0.26      0.00   1816.00   1564.00       0  nginx
1791494327     33    537873    7.00    8.00    0.00   22.00   15.00     1      0.00      0.00   60724   14212   0.18      0.00    808.00    704.00       0  nginx
1791494327     33    537874    7.00    9.00    0.00   35.00   16.00     1     45.00      0.00   63460   17104   0.21      0.00    752.00    476.00       0  nginx
1791494327   1100    553266   59.00   37.00    0.00   20.00   96.00     0   3709.00      0.00 2124224   25472   0.31      0.00      0.00      0.00       0  isupipe

# Time        UID       PID    %usr %system  %guest   %wait    %CPU   CPU  minflt/s  majflt/s     VSZ     RSS   %MEM   kB_rd/s   kB_wr/s kB_ccwr/s iodelay  Command
1791494328      0        13    0.00    0.00    0.00    1.00    0.00     0      0.00      0.00       0       0   0.00      0.00      0.00      0.00       0  ksoftirqd/0
1791494328      0        22    0.00    1.00    0.00    0.00    1.00     1      0.00      0.00       0       0   0.00      0.00      0.00      0.00       0  ksoftirqd/1
1791494328      0        28    0.00    0.00    0.00    0.00    0.00     2      0.00      0.00       0       0   0.00      0.00      0.00      0.00       0  ksoftirqd/2
1791494328      0        34    0.00    0.00    0.00    0.00    0.00     3      0.00      0.00       0       0   0.00      0.00      0.00      0.00       0  ksoftirqd/3
1791494328      0       342    0.00    1.00    0.00    0.00    1.00     3      0.00      0.00       0       0   0.00      0.00      4.00      0.00       0  jbd2/sda1-8
1791494328      0       415    0.00    0.00    0.00    1.00    0.00     0      1.00     57.00  177304  118856   1.46      0.00    228.00      0.00       0  systemd-journal
1791494328    104       739    0.00    0.00    0.00    0.00    0.00     0      0.00      0.00  222072    5200   0.06      0.00     28.00      0.00       0  rsyslogd
1791494328      0     17311    0.00    0.00    0.00    0.00    0.00     0      0.00      0.00   57076   12824   0.16      0.00      0.00      0.00       0  nginx
1791494328    112    244183   64.00   27.00    0.00    1.00   91.00     1     42.00      0.00 2861088  799372   9.85      0.00  16936.00      0.00       0  mysqld
1791494328     33    537871    6.00   12.00    0.00   27.00   18.00     1     14.00      0.00   62384   16048   0.20      0.00    692.00    572.00       0  nginx
1791494328     33    537872   12.00   14.00    0.00   41.00   26.00     1      0.00      0.00   66860   20740   0.26      0.00   1728.00   1400.00       0  nginx
1791494328     33    537873    5.00    8.00    0.00   15.00   13.00     1      0.00      0.00   60724   14212   0.18      0.00    792.00    708.00       0  nginx
1791494328     33    537874   10.00    9.00    0.00   30.00   19.00     1      0.00      0.00   63460   17104   0.21      0.00   1244.00   1168.00       0  nginx
1791494328   1100    553266   64.00   30.00    0.00   32.00   94.00     3   3531.00      0.00 2124480   24232   0.30      0.00      0.00      0.00       0  isupipe

# Time        UID       PID    %usr %system  %guest   %wait    %CPU   CPU  minflt/s  majflt/s     VSZ     RSS   %MEM   kB_rd/s   kB_wr/s kB_ccwr/s iodelay  Command
1791494329      0        13    0.00    0.00    0.00    0.00    0.00     0      0.00      0.00       0       0   0.00      0.00      0.00      0.00       0  ksoftirqd/0
1791494329      0        22    0.00    1.00    0.00    0.00    1.00     1      0.00      0.00       0       0   0.00      0.00      0.00      0.00       0  ksoftirqd/1
1791494329      0        28    0.00    0.00    0.00    0.00    0.00     2      0.00      0.00       0       0   0.00      0.00      0.00      0.00       0  ksoftirqd/2
1791494329      0        34    0.00    0.00    0.00    0.00    0.00     3      0.00      0.00       0       0   0.00      0.00      0.00      0.00       0  ksoftirqd/3
1791494329      0       342    0.00    1.00    0.00    0.00    1.00     2      0.00      0.00       0       0   0.00      0.00      8.00      0.00       0  jbd2/sda1-8
1791494329      0       415    1.00    1.00    0.00    0.00    2.00     0      1.00     64.00  177304  118940   1.47      0.00    256.00      0.00       0  systemd-journal
1791494329    104       739    0.00    0.00    0.00    0.00    0.00     0      0.00      0.00  222072    5200   0.06      0.00     32.00      0.00       0  rsyslogd
1791494329      0     17311    0.00    0.00    0.00    0.00    0.00     0      0.00      0.00   57076   12824   0.16      0.00      0.00      0.00       0  nginx
1791494329    112    244183   68.00   25.00    0.00    2.00   93.00     2     24.00      0.00 2861088  799420   9.85      0.00  15984.00      0.00       0  mysqld
1791494329     33    537871    9.00    6.00    0.00   27.00   15.00     2      0.00      0.00   62384   16048   0.20      0.00    748.00    592.00       0  nginx
1791494329     33    537872   12.00   11.00    0.00   38.00   23.00     2      0.00      0.00   66860   20740   0.26      0.00   1828.00   1720.00       0  nginx
1791494329     33    537873    7.00    8.00    0.00   17.00   15.00     3     33.00      0.00   60868   14476   0.18      0.00    976.00    884.00       0  nginx
1791494329     33    537874    8.00   11.00    0.00   35.00   19.00     1     23.00      0.00   63460   17104   0.21      0.00    904.00    772.00       0  nginx
1791494329   1100    553266   54.00   34.00    0.00   15.00   88.00     1   1741.00      0.00 2124480   24744   0.30      0.00      0.00      0.00       0  isupipe

# Time        UID       PID    %usr %system  %guest   %wait    %CPU   CPU  minflt/s  majflt/s     VSZ     RSS   %MEM   kB_rd/s   kB_wr/s kB_ccwr/s iodelay  Command
1791494330      0        13    0.00    0.00    0.00    0.00    0.00     0      0.00      0.00       0       0   0.00      0.00      0.00      0.00       0  ksoftirqd/0
1791494330      0        22    0.00    1.00    0.00    0.00    1.00     1      0.00      0.00       0       0   0.00      0.00      0.00      0.00       0  ksoftirqd/1
1791494330      0        28    0.00    0.00    0.00    0.00    0.00     2      0.00      0.00       0       0   0.00      0.00      0.00      0.00       0  ksoftirqd/2
1791494330      0        34    0.00    0.00    0.00    0.00    0.00     3      0.00      0.00       0       0   0.00      0.00      0.00      0.00       0  ksoftirqd/3
1791494330      0       342    0.00    1.00    0.00    1.00    1.00     1      0.00      0.00       0       0   0.00      0.00      0.00      0.00       0  jbd2/sda1-8
1791494330      0       415    1.00    1.00    0.00    1.00    2.00     1      0.00     55.00  177304  118976   1.47      0.00    220.00      0.00       0  systemd-journal
1791494330    104       739    1.00    0.00    0.00    0.00    1.00     0      0.00      0.00  222072    5200   0.06      0.00     32.00      0.00       0  rsyslogd
1791494330      0     17311    0.00    0.00    0.00    0.00    0.00     0      0.00      0.00   57076   12824   0.16      0.00      0.00      0.00       0  nginx
1791494330    112    244183   71.00   23.00    0.00    1.00   94.00     3      9.00      0.00 2861088  799420   9.85      0.00  11508.00      0.00       0  mysqld
1791494330     33    537871    8.00   10.00    0.00   18.00   18.00     1      0.00      0.00   62384   16048   0.20      0.00    736.00    616.00       0  nginx
1791494330     33    537872   11.00   15.00    0.00   37.00   26.00     1      0.00      0.00   66860   20740   0.26      0.00   1408.00   1160.00       0  nginx
1791494330     33    537873    7.00    4.00    0.00    8.00   11.00     1      0.00      0.00   60868   14476   0.18      0.00    464.00    368.00       0  nginx
1791494330     33    537874    9.00   10.00    0.00   24.00   19.00     1     54.00      0.00   63724   17368   0.21      0.00   1412.00   1264.00       0  nginx
1791494330   1100    553266   59.00   33.00    0.00   23.00   92.00     3   3351.00      0.00 2124480   24292   0.30      0.00      0.00      0.00       0  isupipe

# Time        UID       PID    %usr %system  %guest   %wait    %CPU   CPU  minflt/s  majflt/s     VSZ     RSS   %MEM   kB_rd/s   kB_wr/s kB_ccwr/s iodelay  Command
1791494331      0        13    0.00    1.00    0.00    0.00    1.00     0      0.00      0.00       0       0   0.00      0.00      0.00      0.00       0  ksoftirqd/0
1791494331      0        22    0.00    1.00    0.00    0.00    1.00     1      0.00      0.00       0       0   0.00      0.00      0.00      0.00       0  ksoftirqd/1
1791494331      0        28    0.00    0.00    0.00    0.00    0.00     2      0.00      0.00       0       0   0.00      0.00      0.00      0.00       0  ksoftirqd/2
1791494331      0        34    0.00    1.00    0.00    0.00    1.00     3      0.00      0.00       0       0   0.00      0.00      0.00      0.00       0  ksoftirqd/3
1791494331      0       342    0.00    1.00    0.00    0.00    1.00     0      0.00      0.00       0       0   0.00      0.00      0.00      0.00       0  jbd2/sda1-8
1791494331      0       415    1.00    0.00    0.00    0.00    1.00     1      1.00     42.00  177304  119072   1.47      0.00    168.00      0.00       0  systemd-journal
1791494331    104       739    0.00    1.00    0.00    0.00    1.00     0      0.00      0.00  222072    5200   0.06      0.00     28.00      0.00       0  rsyslogd
1791494331      0     17311    0.00    0.00    0.00    0.00    0.00     0      0.00      0.00   57076   12824   0.16      0.00      0.00      0.00       0  nginx
1791494331    112    244183   68.00   23.00    0.00    1.00   91.00     2      9.00      0.00 2861088  799420   9.85      0.00  16280.00      0.00       0  mysqld
1791494331     33    537871    8.00    7.00    0.00   18.00   15.00     1      0.00      0.00   62384   16048   0.20      0.00    916.00    800.00       0  nginx
1791494331     33    537872   12.00   14.00    0.00   40.00   26.00     3      1.00      0.00   66860   20740   0.26      0.00   2228.00   1908.00       0  nginx
1791494331     33    537873    6.00    9.00    0.00   15.00   15.00     0     15.00      0.00   60868   14476   0.18      0.00    680.00    604.00       0  nginx
1791494331     33    537874    9.00    9.00    0.00   35.00   18.00     1     14.00      0.00   63724   17368   0.21      0.00    800.00    660.00       0  nginx
1791494331   1100    553266   59.00   33.00    0.00   10.00   92.00     2   2599.00      0.00 2124480   25568   0.31      0.00      0.00      0.00       0  isupipe

# Time        UID       PID    %usr %system  %guest   %wait    %CPU   CPU  minflt/s  majflt/s     VSZ     RSS   %MEM   kB_rd/s   kB_wr/s kB_ccwr/s iodelay  Command
1791494332      0        13    0.00    0.00    0.00    0.00    0.00     0      0.00      0.00       0       0   0.00      0.00      0.00      0.00       0  ksoftirqd/0
1791494332      0        22    0.00    1.00    0.00    0.00    1.00     1      0.00      0.00       0       0   0.00      0.00      0.00      0.00       0  ksoftirqd/1
1791494332      0        28    0.00    1.00    0.00    0.00    1.00     2      0.00      0.00       0       0   0.00      0.00      0.00      0.00       0  ksoftirqd/2
1791494332      0        34    0.00    0.00    0.00    0.00    0.00     3      0.00      0.00       0       0   0.00      0.00      0.00      0.00       0  ksoftirqd/3
1791494332      0       342    0.00    1.00    0.00    1.00    1.00     3      0.00      0.00       0       0   0.00      0.00      4.00      0.00       0  jbd2/sda1-8
1791494332      0       415    0.00    1.00    0.00    0.00    1.00     2      3.00    138.00  177304  119140   1.47      0.00    552.00      0.00       0  systemd-journal
1791494332    104       739    1.00    0.00    0.00    0.00    1.00     0      0.00      0.00  222072    5200   0.06      0.00     24.00      0.00       0  rsyslogd
1791494332      0     17311    0.00    0.00    0.00    0.00    0.00     0      0.00      0.00   57076   12824   0.16      0.00      0.00      0.00       0  nginx
1791494332    112    244183   63.00   27.00    0.00    0.00   90.00     0     41.00      0.00 2861088  799420   9.85      0.00  15752.00      0.00       0  mysqld
1791494332     33    537871    8.00    9.00    0.00   19.00   17.00     1      0.00      0.00   62384   16048   0.20      0.00   1204.00   1080.00       0  nginx
1791494332     33    537872   12.00   14.00    0.00   41.00   26.00     1     11.00      0.00   66860   20740   0.26      0.00   1400.00   1164.00       0  nginx
1791494332     33    537873    4.00    9.00    0.00   21.00   13.00     1      7.00      0.00   60868   14476   0.18      0.00    260.00    140.00       0  nginx
1791494332     33    537874    8.00   10.00    0.00   27.00   18.00     1     45.00      0.00   64000   17632   0.22      0.00   1164.00   1020.00       0  nginx
1791494332   1100    553266   59.00   33.00    0.00    9.00   92.00     1   2778.00      0.00 2124480   24952   0.31      0.00      0.00      0.00       0  isupipe

# Time        UID       PID    %usr %system  %guest   %wait    %CPU   CPU  minflt/s  majflt/s     VSZ     RSS   %MEM   kB_rd/s   kB_wr/s kB_ccwr/s iodelay  Command
1791494333      0        13    0.00    0.00    0.00    0.00    0.00     0      0.00      0.00       0       0   0.00      0.00      0.00      0.00       0  ksoftirqd/0
1791494333      0        22    0.00    1.00    0.00    1.00    1.00     1      0.00      0.00       0       0   0.00      0.00      0.00      0.00       0  ksoftirqd/1
1791494333      0        28    0.00    0.00    0.00    0.00    0.00     2      0.00      0.00       0       0   0.00      0.00      0.00      0.00       0  ksoftirqd/2
1791494333      0        34    0.00    0.00    0.00    0.00    0.00     3      0.00      0.00       0       0   0.00      0.00      0.00      0.00       0  ksoftirqd/3
1791494333      0       342    0.00    1.00    0.00    0.00    1.00     3      0.00      0.00       0       0   0.00      0.00      0.00      0.00       0  jbd2/sda1-8
1791494333      0       415    1.00    1.00    0.00    1.00    2.00     2     17.00    130.00  182600  120116   1.48      0.00    492.00      0.00       0  systemd-journal
1791494333    104       739    0.00    1.00    0.00    0.00    1.00     0      0.00      0.00  222072    5200   0.06      0.00     32.00      0.00       0  rsyslogd
1791494333      0     17311    0.00    0.00    0.00    0.00    0.00     0      0.00      0.00   57076   12824   0.16      0.00      0.00      0.00       0  nginx
1791494333    112    244183   70.00   23.00    0.00    0.00   93.00     0     15.00      0.00 2861088  799420   9.85      0.00  13420.00      0.00       0  mysqld
1791494333     33    537871    5.00   12.00    0.00   30.00   17.00     1      0.00      0.00   62384   16048   0.20      0.00    424.00    304.00       0  nginx
1791494333     33    537872    9.00   14.00    0.00   42.00   23.00     1      1.00      0.00   66860   20740   0.26      0.00   1468.00   1252.00       0  nginx
1791494333     33    537873    8.00    7.00    0.00   14.00   15.00     1     60.00      0.00   61144   14740   0.18      0.00    772.00    684.00       0  nginx
1791494333     33    537874   11.00    9.00    0.00   37.00   20.00     1     43.00      0.00   64132   17896   0.22      0.00   1020.00    884.00       0  nginx
1791494333   1100    553266   58.00   36.00    0.00   35.00   94.00     0   3330.00      0.00 2124736   25916   0.32      0.00      0.00      0.00       0  isupipe

# Time        UID       PID    %usr %system  %guest   %wait    %CPU   CPU  minflt/s  majflt/s     VSZ     RSS   %MEM   kB_rd/s   kB_wr/s kB_ccwr/s iodelay  Command
1791494334      0        13    0.00    0.00    0.00    0.00    0.00     0      0.00      0.00       0       0   0.00      0.00      0.00      0.00       0  ksoftirqd/0
1791494334      0        22    0.00    1.00    0.00    0.00    1.00     1      0.00      0.00       0       0   0.00      0.00      0.00      0.00       0  ksoftirqd/1
1791494334      0        28    0.00    0.00    0.00    0.00    0.00     2      0.00      0.00       0       0   0.00      0.00      0.00      0.00       0  ksoftirqd/2
1791494334      0        34    0.00    0.00    0.00    0.00    0.00     3      0.00      0.00       0       0   0.00      0.00      0.00      0.00       0  ksoftirqd/3
1791494334      0       342    0.00    2.00    0.00    1.00    2.00     2      0.00      0.00       0       0   0.00      0.00      0.00      0.00       0  jbd2/sda1-8
1791494334      0       415    1.00    1.00    0.00    1.00    2.00     1     11.00     93.00  182600  120820   1.49      0.00    372.00      0.00       0  systemd-journal
1791494334    104       739    0.00    0.00    0.00    0.00    0.00     0      0.00      0.00  222072    5200   0.06      0.00     32.00      0.00       0  rsyslogd
1791494334      0     17311    0.00    0.00    0.00    0.00    0.00     0      0.00      0.00   57076   12824   0.16      0.00      0.00      0.00       0  nginx
1791494334    112    244183   65.00   27.00    0.00    1.00   92.00     2      3.00      0.00 2861088  799420   9.85      0.00  11512.00      0.00       0  mysqld
1791494334     33    537871    9.00    8.00    0.00   21.00   17.00     1     29.00      0.00   62524   16312   0.20      0.00    876.00    736.00       0  nginx
1791494334     33    537872   13.00   11.00    0.00   43.00   24.00     1     33.00      0.00   66996   20820   0.26      0.00   1564.00   1372.00       0  nginx
1791494334     33    537873    7.00    6.00    0.00   20.00   13.00     1     17.00      0.00   61276   14740   0.18      0.00    720.00    584.00       0  nginx
1791494334     33    537874    9.00   11.00    0.00   39.00   20.00     1      1.00      0.00   64132   17896   0.22      0.00    828.00    656.00       0  nginx
1791494334   1100    553266   60.00   30.00    0.00   24.00   90.00     3   2250.00      0.00 2124736   26680   0.33      0.00      0.00      0.00       0  isupipe
1791494334   1100    556469    0.00    0.00    0.00    0.00    0.00     0      0.00      0.00 2124736   26680   0.33      0.00      0.00      0.00       0  isupipe

# Time        UID       PID    %usr %system  %guest   %wait    %CPU   CPU  minflt/s  majflt/s     VSZ     RSS   %MEM   kB_rd/s   kB_wr/s kB_ccwr/s iodelay  Command
1791494335      0        13    0.00    0.00    0.00    0.00    0.00     0      0.00      0.00       0       0   0.00      0.00      0.00      0.00       0  ksoftirqd/0
1791494335      0        22    0.00    1.00    0.00    0.00    1.00     1      0.00      0.00       0       0   0.00      0.00      0.00      0.00       0  ksoftirqd/1
1791494335      0        28    0.00    0.00    0.00    0.00    0.00     2      0.00      0.00       0       0   0.00      0.00      0.00      0.00       0  ksoftirqd/2
1791494335      0        34    0.00    0.00    0.00    0.00    0.00     3      0.00      0.00       0       0   0.00      0.00      0.00      0.00       0  ksoftirqd/3
1791494335      0       342    0.00    0.00    0.00    0.00    0.00     2      0.00      0.00       0       0   0.00      0.00      4.00      0.00       0  jbd2/sda1-8
1791494335      0       415    0.00    1.00    0.00    0.00    1.00     3      7.00     69.00  182600  121384   1.50      0.00    272.00      0.00       0  systemd-journal
1791494335    104       739    0.00    1.00    0.00    0.00    1.00     0      0.00      0.00  222072    5200   0.06      0.00     24.00      0.00       0  rsyslogd
1791494335      0     17311    0.00    0.00    0.00    0.00    0.00     0      0.00      0.00   57076   12824   0.16      0.00      0.00      0.00       0  nginx
1791494335    112    244183   65.00   29.00    0.00    1.00   94.00     0      2.00      0.00 2861088  799420   9.85      4.00  15404.00      0.00       0  mysqld
1791494335     33    537871    6.00    8.00    0.00   20.00   14.00     1      3.00      0.00   62524   16312   0.20      0.00    624.00    508.00       0  nginx
1791494335     33    537872   14.00   12.00    0.00   33.00   26.00     1     65.00      0.00   67268   21084   0.26      0.00   1620.00   1392.00       0  nginx
1791494335     33    537873    5.00    6.00    0.00   11.00   11.00     1     29.00      0.00   61276   15004   0.18      0.00    524.00    456.00       0  nginx
1791494335     33    537874    8.00    9.00    0.00   31.00   17.00     1      2.00      0.00   64132   17896   0.22      0.00    948.00    784.00       0  nginx
1791494335   1100    553266   59.00   31.00    0.00   17.00   90.00     0   1755.00      0.00 2124736   26260   0.32      0.00      0.00      0.00       0  isupipe

# Time        UID       PID    %usr %system  %guest   %wait    %CPU   CPU  minflt/s  majflt/s     VSZ     RSS   %MEM   kB_rd/s   kB_wr/s kB_ccwr/s iodelay  Command
1791494336      0        13    0.00    1.00    0.00    0.00    1.00     0      0.00      0.00       0       0   0.00      0.00      0.00      0.00       0  ksoftirqd/0
1791494336      0        22    0.00    1.00    0.00    0.00    1.00     1      0.00      0.00       0       0   0.00      0.00      0.00      0.00       0  ksoftirqd/1
1791494336      0        28    0.00    0.00    0.00    0.00    0.00     2      0.00      0.00       0       0   0.00      0.00      0.00      0.00       0  ksoftirqd/2
1791494336      0        34    0.00    0.00    0.00    0.00    0.00     3      0.00      0.00       0       0   0.00      0.00      0.00      0.00       0  ksoftirqd/3
1791494336      0       342    0.00    1.00    0.00    0.00    1.00     3      0.00      0.00       0       0   0.00      0.00     12.00      0.00       0  jbd2/sda1-8
1791494336      0       415    1.00    1.00    0.00    0.00    2.00     3      3.00     55.00  182600  121584   1.50      0.00    220.00      0.00       0  systemd-journal
1791494336    104       739    0.00    0.00    0.00    0.00    0.00     0      0.00      0.00  222072    5200   0.06      0.00     28.00      0.00       0  rsyslogd
1791494336      0     17311    0.00    0.00    0.00    0.00    0.00     0      0.00      0.00   57076   12824   0.16      0.00      0.00      0.00       0  nginx
1791494336    112    244183   72.00   19.00    0.00    1.00   91.00     0      2.00      0.00 2861088  799420   9.85      0.00  12052.00      0.00       0  mysqld
1791494336     33    537871    7.00   12.00    0.00   23.00   19.00     0     16.00      0.00   62664   16312   0.20      0.00   1012.00    924.00       0  nginx
1791494336     33    537872   11.00   13.00    0.00   45.00   24.00     1     24.00      0.00   67412   21084   0.26      0.00   1340.00   1124.00       0  nginx
1791494336     33    537873    6.00   10.00    0.00   15.00   16.00     1     25.00      0.00   61420   15004   0.18      0.00    452.00    376.00       0  nginx
1791494336     33    537874    9.00   10.00    0.00   31.00   19.00     1      0.00      0.00   64132   17896   0.22      0.00    888.00    740.00       0  nginx
1791494336   1100    553266   59.00   33.00    0.00   27.00   92.00     2   2638.00      0.00 2124736   27292   0.34      0.00      0.00      0.00       0  isupipe

# Time        UID       PID    %usr %system  %guest   %wait    %CPU   CPU  minflt/s  majflt/s     VSZ     RSS   %MEM   kB_rd/s   kB_wr/s kB_ccwr/s iodelay  Command
1791494337      0        13    0.00    0.00    0.00    0.00    0.00     0      0.00      0.00       0       0   0.00      0.00      0.00      0.00       0  ksoftirqd/0
1791494337      0        22    0.00    1.00    0.00    0.00    1.00     1      0.00      0.00       0       0   0.00      0.00      0.00      0.00       0  ksoftirqd/1
1791494337      0        28    0.00    1.00    0.00    0.00    1.00     2      0.00      0.00       0       0   0.00      0.00      0.00      0.00       0  ksoftirqd/2
1791494337      0        34    0.00    1.00    0.00    0.00    1.00     3      0.00      0.00       0       0   0.00      0.00      0.00      0.00       0  ksoftirqd/3
1791494337      0       342    0.00    1.00    0.00    0.00    1.00     0      0.00      0.00       0       0   0.00      0.00      4.00      0.00       0  jbd2/sda1-8
1791494337      0       415    1.00    1.00    0.00    1.00    2.00     1     10.00     60.00  182600  121980   1.50      0.00    240.00      0.00       0  systemd-journal
1791494337    104       739    1.00    1.00    0.00    0.00    2.00     0      0.00      0.00  222072    5200   0.06      0.00     32.00      0.00       0  rsyslogd
1791494337      0     17311    0.00    0.00    0.00    0.00    0.00     0      0.00      0.00   57076   12824   0.16      0.00      0.00      0.00       0  nginx
1791494337    112    244183   65.00   24.00    0.00    2.00   89.00     1      8.00      0.00 2861088  799420   9.85      0.00  15136.00      0.00       0  mysqld
1791494337     33    537871    8.00    8.00    0.00   29.00   16.00     1     10.00      0.00   62664   16312   0.20      0.00    668.00    540.00       0  nginx
1791494337     33    537872    9.00   14.00    0.00   44.00   23.00     1     41.00      0.00   67544   21348   0.26      0.00   1844.00   1644.00       0  nginx
1791494337     33    537873    8.00    8.00    0.00   15.00   16.00     1     84.00      0.00   61696   15532   0.19      0.00    432.00    324.00       0  nginx
1791494337     33    537874   10.00   12.00    0.00   38.00   22.00     1      0.00      0.00   64132   17896   0.22      0.00   1040.00    900.00       0  nginx
1791494337   1100    553266   61.00   27.00    0.00   24.00   88.00     2   2304.00      0.00 2124736   25516   0.31      0.00      0.00      0.00       0  isupipe

# Time        UID       PID    %usr %system  %guest   %wait    %CPU   CPU  minflt/s  majflt/s     VSZ     RSS   %MEM   kB_rd/s   kB_wr/s kB_ccwr/s iodelay  Command
1791494338      0        13    0.00    0.00    0.00    0.00    0.00     0      0.00      0.00       0       0   0.00      0.00      0.00      0.00       0  ksoftirqd/0
1791494338      0        22    0.00    1.00    0.00    0.00    1.00     1      0.00      0.00       0       0   0.00      0.00      0.00      0.00       0  ksoftirqd/1
1791494338      0        28    0.00    0.00    0.00    1.00    0.00     2      0.00      0.00       0       0   0.00      0.00      0.00      0.00       0  ksoftirqd/2
1791494338      0        34    0.00    0.00    0.00    0.00    0.00     3      0.00      0.00       0       0   0.00      0.00      0.00      0.00       0  ksoftirqd/3
1791494338      0       342    0.00    1.00    0.00    1.00    1.00     0      0.00      0.00       0       0   0.00      0.00      0.00      0.00       0  jbd2/sda1-8
1791494338      0       415    2.00    0.00    0.00    1.00    2.00     2     13.00     58.00  182600  122564   1.51      0.00    232.00      0.00       0  systemd-journal
1791494338    104       739    0.00    0.00    0.00    0.00    0.00     0      0.00      0.00  222072    5200   0.06      0.00     28.00      0.00       0  rsyslogd
1791494338      0     17311    0.00    0.00    0.00    0.00    0.00     0      0.00      0.00   57076   12824   0.16      0.00      0.00      0.00       0  nginx
1791494338    112    244183   70.00   21.00    0.00    0.00   91.00     2      5.00      0.00 2861088  799420   9.85      0.00  15412.00      0.00       0  mysqld
1791494338     33    537871    8.00    8.00    0.00   22.00   16.00     1      0.00      0.00   62664   16312   0.20      0.00   1176.00   1040.00       0  nginx
1791494338     33    537872   13.00   12.00    0.00   40.00   25.00     1     78.00      0.00   67816   21612   0.27      0.00   1756.00   1576.00       0  nginx
1791494338     33    537873    8.00    8.00    0.00   29.00   16.00     1     19.00      0.00   61832   15532   0.19      0.00    560.00    320.00       0  nginx
1791494338     33    537874   13.00    6.00    0.00   38.00   19.00     1      0.00      0.00   64132   17896   0.22      0.00   1000.00    816.00       0  nginx
1791494338   1100    553266   63.00   33.00    0.00    0.00   96.00     0   3819.00      0.00 2124736   24864   0.31      0.00      0.00      0.00       0  isupipe

# Time        UID       PID    %usr %system  %guest   %wait    %CPU   CPU  minflt/s  majflt/s     VSZ     RSS   %MEM   kB_rd/s   kB_wr/s kB_ccwr/s iodelay  Command
1791494339      0        13    0.00    0.00    0.00    1.00    0.00     0      0.00      0.00       0       0   0.00      0.00      0.00      0.00       0  ksoftirqd/0
1791494339      0        22    0.00    1.00    0.00    0.00    1.00     1      0.00      0.00       0       0   0.00      0.00      0.00      0.00       0  ksoftirqd/1
1791494339      0        28    0.00    0.00    0.00    0.00    0.00     2      0.00      0.00       0       0   0.00      0.00      0.00      0.00       0  ksoftirqd/2
1791494339      0        34    0.00    0.00    0.00    0.00    0.00     3      0.00      0.00       0       0   0.00      0.00      0.00      0.00       0  ksoftirqd/3
1791494339      0       342    0.00    1.00    0.00    0.00    1.00     0      0.00      0.00       0       0   0.00      0.00      0.00      0.00       0  jbd2/sda1-8
1791494339      0       415    0.00    1.00    0.00    1.00    1.00     0      2.00     61.00  182600  122756   1.51      0.00    244.00      0.00       0  systemd-journal
1791494339    104       739    0.00    1.00    0.00    0.00    1.00     0      0.00      0.00  222072    5200   0.06      0.00     32.00      0.00       0  rsyslogd
1791494339      0     17311    0.00    0.00    0.00    0.00    0.00     0      0.00      0.00   57076   12824   0.16      0.00      0.00      0.00       0  nginx
1791494339    112    244183   64.00   24.00    0.00    1.00   88.00     0      7.00      0.00 2861088  799480   9.85      0.00  11828.00      0.00       0  mysqld
1791494339     33    537871    7.00   10.00    0.00   29.00   17.00     1     55.00      0.00   62944   16576   0.20      0.00   1080.00    976.00       0  nginx
1791494339     33    537872   10.00   14.00    0.00   44.00   24.00     1      7.00      0.00   67816   21612   0.27      0.00   2264.00   1936.00       0  nginx
1791494339     33    537873    8.00    8.00    0.00   16.00   16.00     1      0.00      0.00   61832   15532   0.19      0.00    644.00    632.00       0  nginx
1791494339     33    537874    9.00   10.00    0.00   41.00   19.00     1      0.00      0.00   64132   17896   0.22      0.00    724.00    556.00       0  nginx
1791494339   1100    553266   62.00   33.00    0.00    0.00   95.00     0   2998.00      0.00 2124736   25372   0.31      0.00      0.00      0.00       0  isupipe

# Time        UID       PID    %usr %system  %guest   %wait    %CPU   CPU  minflt/s  majflt/s     VSZ     RSS   %MEM   kB_rd/s   kB_wr/s kB_ccwr/s iodelay  Command
1791494340      0        13    0.00    0.00    0.00    0.00    0.00     0      0.00      0.00       0       0   0.00      0.00      0.00      0.00       0  ksoftirqd/0
1791494340      0        22    0.00    1.00    0.00    0.00    1.00     1      0.00      0.00       0       0   0.00      0.00      0.00      0.00       0  ksoftirqd/1
1791494340      0        28    0.00    0.00    0.00    0.00    0.00     2      0.00      0.00       0       0   0.00      0.00      0.00      0.00       0  ksoftirqd/2
1791494340      0        34    0.00    0.00    0.00    0.00    0.00     3      0.00      0.00       0       0   0.00      0.00      0.00      0.00       0  ksoftirqd/3
1791494340      0       342    0.00    1.00    0.00    0.00    1.00     3      0.00      0.00       0       0   0.00      0.00      0.00      0.00       0  jbd2/sda1-8
1791494340      0       415    1.00    0.00    0.00    0.00    1.00     0      5.00     70.00  182600  122944   1.51      0.00    280.00      0.00       0  systemd-journal
1791494340    104       739    0.00    0.00    0.00    0.00    0.00     0      0.00      0.00  222072    5200   0.06      0.00     28.00      0.00       0  rsyslogd
1791494340      0     17311    0.00    0.00    0.00    0.00    0.00     0      0.00      0.00   57076   12824   0.16      0.00      0.00      0.00       0  nginx
1791494340    112    244183   67.00   30.00    0.00    0.00   97.00     3      2.00      0.00 2861088  799480   9.85      0.00  15600.00      0.00       0  mysqld
1791494340     33    537871    6.00   12.00    0.00   23.00   18.00     1     32.00      0.00   62944   16576   0.20      0.00    944.00    828.00       0  nginx
1791494340     33    537872   13.00    7.00    0.00   40.00   20.00     2      0.00      0.00   67816   21612   0.27      0.00   1596.00   1548.00       0  nginx
1791494340     33    537873    6.00    9.00    0.00   23.00   15.00     2      2.00      0.00   61832   15532   0.19      0.00    876.00    772.00       0  nginx
1791494340     33    537874    8.00   11.00    0.00   38.00   19.00     1     13.00      0.00   64264   17896   0.22      0.00    456.00    284.00       0  nginx
1791494340   1100    553266   57.00   31.00    0.00    0.00   88.00     0   2115.00      0.00 2124736   25900   0.32      0.00      0.00      0.00       0  isupipe

# Time        UID       PID    %usr %system  %guest   %wait    %CPU   CPU  minflt/s  majflt/s     VSZ     RSS   %MEM   kB_rd/s   kB_wr/s kB_ccwr/s iodelay  Command
1791494341      0        13    0.00    1.00    0.00    0.00    1.00     0      0.00      0.00       0       0   0.00      0.00      0.00      0.00       0  ksoftirqd/0
1791494341      0        22    0.00    1.00    0.00    0.00    1.00     1      0.00      0.00       0       0   0.00      0.00      0.00      0.00       0  ksoftirqd/1
1791494341      0        28    0.00    0.00    0.00    0.00    0.00     2      0.00      0.00       0       0   0.00      0.00      0.00      0.00       0  ksoftirqd/2
1791494341      0        34    0.00    0.00    0.00    0.00    0.00     3      0.00      0.00       0       0   0.00      0.00      0.00      0.00       0  ksoftirqd/3
1791494341      0       342    0.00    1.00    0.00    1.00    1.00     3      0.00      0.00       0       0   0.00      0.00      0.00      0.00       0  jbd2/sda1-8
1791494341      0       415    1.00    1.00    0.00    0.00    2.00     1      5.00     55.00  182600  123200   1.52      0.00    220.00      0.00       0  systemd-journal
1791494341    104       739    0.00    1.00    0.00    0.00    1.00     0      0.00      0.00  222072    5200   0.06      0.00     24.00      0.00       0  rsyslogd
1791494341      0     17311    0.00    0.00    0.00    0.00    0.00     0      0.00      0.00   57076   12824   0.16      0.00      0.00      0.00       0  nginx
1791494341    112    244183   65.00   26.00    0.00    1.00   91.00     3      2.00      0.00 2861088  799480   9.85      0.00  11364.00      0.00       0  mysqld
1791494341     33    537871    6.00    8.00    0.00   22.00   14.00     1      3.00      0.00   63084   16576   0.20      0.00    616.00    508.00       0  nginx
1791494341     33    537872   10.00   15.00    0.00   34.00   25.00     1      1.00      0.00   67952   21612   0.27      0.00   1300.00   1112.00       0  nginx
1791494341     33    537873    6.00    9.00    0.00   18.00   15.00     1     32.00      0.00   61964   15532   0.19      0.00    908.00    796.00       0  nginx
1791494341     33    537874   10.00    9.00    0.00   29.00   19.00     1     77.00      0.00   64532   18160   0.22      0.00   1076.00    896.00       0  nginx
1791494341   1100    553266   56.00   36.00    0.00    0.00   92.00     0   3201.00      0.00 2124736   26536   0.33      0.00      0.00      0.00       0  isupipe

# Time        UID       PID    %usr %system  %guest   %wait    %CPU   CPU  minflt/s  majflt/s     VSZ     RSS   %MEM   kB_rd/s   kB_wr/s kB_ccwr/s iodelay  Command
1791494342      0        13    0.00    0.00    0.00    0.00    0.00     0      0.00      0.00       0       0   0.00      0.00      0.00      0.00       0  ksoftirqd/0
1791494342      0        22    0.00    1.00    0.00    0.00    1.00     1      0.00      0.00       0       0   0.00      0.00      0.00      0.00       0  ksoftirqd/1
1791494342      0        28    0.00    0.00    0.00    0.00    0.00     2      0.00      0.00       0       0   0.00      0.00      0.00      0.00       0  ksoftirqd/2
1791494342      0        34    0.00    1.00    0.00    0.00    1.00     3      0.00      0.00       0       0   0.00      0.00      0.00      0.00       0  ksoftirqd/3
1791494342      0       342    0.00    2.00    0.00    0.00    2.00     3      0.00      0.00       0       0   0.00      0.00      0.00      0.00       0  jbd2/sda1-8
1791494342      0       415    1.00    1.00    0.00    1.00    2.00     0      7.00     55.00  182600  123300   1.52      0.00    220.00      0.00       0  systemd-journal
1791494342    104       739    0.00    0.00    0.00    0.00    0.00     0      0.00      0.00  222072    5200   0.06      0.00     28.00      0.00       0  rsyslogd
1791494342      0     17311    0.00    0.00    0.00    0.00    0.00     0      0.00      0.00   57076   12824   0.16      0.00      0.00      0.00       0  nginx
1791494342    112    244183   72.00   19.00    0.00    1.00   91.00     3      2.00      0.00 2861088  799480   9.85      0.00  15400.00      0.00       0  mysqld
1791494342     33    537871    6.00   11.00    0.00   26.00   17.00     1      0.00      0.00   63084   16576   0.20      0.00    772.00    648.00       0  nginx
1791494342     33    537872   10.00   12.00    0.00   41.00   22.00     1      1.00      0.00   67952   21612   0.27      0.00   1380.00   1160.00       0  nginx
1791494342     33    537873    8.00    7.00    0.00   16.00   15.00     1     39.00      0.00   62100   15796   0.19      0.00    900.00    808.00       0  nginx
1791494342     33    537874    8.00   11.00    0.00   35.00   19.00     1     31.00      0.00   64672   18424   0.23      0.00    848.00    684.00       0  nginx
1791494342   1100    553266   57.00   34.00    0.00    0.00   91.00     0   1717.00      0.00 2124736   25088   0.31      0.00      0.00      0.00       0  isupipe

# Time        UID       PID    %usr %system  %guest   %wait    %CPU   CPU  minflt/s  majflt/s     VSZ     RSS   %MEM   kB_rd/s   kB_wr/s kB_ccwr/s iodelay  Command
1791494343      0        13    0.00    0.00    0.00    0.00    0.00     0      0.00      0.00       0       0   0.00      0.00      0.00      0.00       0  ksoftirqd/0
1791494343      0        22    0.00    1.00    0.00    0.00    1.00     1      0.00      0.00       0       0   0.00      0.00      0.00      0.00       0  ksoftirqd/1
1791494343      0        28    0.00    1.00    0.00    0.00    1.00     2      0.00      0.00       0       0   0.00      0.00      0.00      0.00       0  ksoftirqd/2
1791494343      0        34    0.00    0.00    0.00    0.00    0.00     3      0.00      0.00       0       0   0.00      0.00      0.00      0.00       0  ksoftirqd/3
1791494343      0       342    0.00    0.00    0.00    0.00    0.00     0      0.00      0.00       0       0   0.00      0.00      0.00      0.00       0  jbd2/sda1-8
1791494343      0       415    1.00    1.00    0.00    0.00    2.00     3      2.00     59.00  182600  123684   1.52      0.00    232.00      0.00       0  systemd-journal
1791494343    104       739    0.00    1.00    0.00    0.00    1.00     0      0.00      0.00  222072    5200   0.06      0.00     28.00      0.00       0  rsyslogd
1791494343      0     17311    0.00    0.00    0.00    0.00    0.00     0      0.00      0.00   57076   12824   0.16      0.00      0.00      0.00       0  nginx
1791494343    112    244183   67.00   23.00    0.00    1.00   90.00     3      4.00      0.00 2861088  799496   9.85      0.00  11700.00      0.00       0  mysqld
1791494343     33    537871    8.00   10.00    0.00   25.00   18.00     1     19.00      0.00   63084   16840   0.21      0.00    740.00    608.00       0  nginx
1791494343     33    537872   12.00   14.00    0.00   39.00   26.00     1      5.00      0.00   67952   21612   0.27      0.00   1908.00   1600.00       0  nginx
1791494343     33    537873    6.00   10.00    0.00   20.00   16.00     1      0.00      0.00   62100   15796   0.19      0.00    556.00    440.00       0  nginx
1791494343     33    537874    7.00   12.00    0.00   30.00   19.00     3     20.00      0.00   64672   18424   0.23      0.00   1320.00   1180.00       0  nginx
1791494343   1100    553266   58.00   33.00    0.00    0.00   91.00     0   3618.00      0.00 2124736   25536   0.31      0.00      0.00      0.00       0  isupipe

# Time        UID       PID    %usr %system  %guest   %wait    %CPU   CPU  minflt/s  majflt/s     VSZ     RSS   %MEM   kB_rd/s   kB_wr/s kB_ccwr/s iodelay  Command
1791494344      0        13    0.00    0.00    0.00    0.00    0.00     0      0.00      0.00       0       0   0.00      0.00      0.00      0.00       0  ksoftirqd/0
1791494344      0        22    0.00    1.00    0.00    1.00    1.00     1      0.00      0.00       0       0   0.00      0.00      0.00      0.00       0  ksoftirqd/1
1791494344      0        28    0.00    0.00    0.00    0.00    0.00     2      0.00      0.00       0       0   0.00      0.00      0.00      0.00       0  ksoftirqd/2
1791494344      0        34    0.00    0.00    0.00    0.00    0.00     3      0.00      0.00       0       0   0.00      0.00      0.00      0.00       0  ksoftirqd/3
1791494344      0       342    0.00    1.00    0.00    1.00    1.00     3      0.00      0.00       0       0   0.00      0.00      0.00      0.00       0  jbd2/sda1-8
1791494344      0       415    1.00    1.00    0.00    1.00    2.00     0      1.00     52.00  182600  123768   1.52      0.00    208.00      0.00       0  systemd-journal
1791494344    104       739    1.00    0.00    0.00    0.00    1.00     0      0.00      0.00  222072    5200   0.06      0.00     28.00      0.00       0  rsyslogd
1791494344      0     17311    0.00    0.00    0.00    0.00    0.00     0      0.00      0.00   57076   12824   0.16      0.00      0.00      0.00       0  nginx
1791494344    112    244183   62.00   25.00    0.00    0.00   87.00     3     15.00      0.00 2861088  799496   9.85      0.00  15516.00      0.00       0  mysqld
1791494344     33    537871    4.00   11.00    0.00   33.00   15.00     2      3.00      0.00   63084   16840   0.21      0.00    576.00    436.00       0  nginx
1791494344     33    537872   11.00   16.00    0.00   46.00   27.00     0     36.00      0.00   68096   21876   0.27      0.00   1612.00   1488.00       0  nginx
1791494344     33    537873    5.00    7.00    0.00   19.00   12.00     1     15.00      0.00   62236   15796   0.19      0.00    452.00    372.00       0  nginx
1791494344     33    537874    9.00    9.00    0.00   30.00   18.00     1     61.00      0.00   64936   18688   0.23      0.00   1052.00    908.00       0  nginx
1791494344   1100    553266   63.00   29.00    0.00   12.00   92.00     0   2119.00      0.00 2124736   26428   0.33      0.00      0.00      0.00       0  isupipe

# Time        UID       PID    %usr %system  %guest   %wait    %CPU   CPU  minflt/s  majflt/s     VSZ     RSS   %MEM   kB_rd/s   kB_wr/s kB_ccwr/s iodelay  Command
1791494345      0        13    0.00    0.00    0.00    0.00    0.00     0      0.00      0.00       0       0   0.00      0.00      0.00      0.00       0  ksoftirqd/0
1791494345      0        22    0.00    1.00    0.00    0.00    1.00     1      0.00      0.00       0       0   0.00      0.00      0.00      0.00       0  ksoftirqd/1
1791494345      0        28    0.00    0.00    0.00    0.00    0.00     2      0.00      0.00       0       0   0.00      0.00      0.00      0.00       0  ksoftirqd/2
1791494345      0        34    0.00    0.00    0.00    0.00    0.00     3      0.00      0.00       0       0   0.00      0.00      0.00      0.00       0  ksoftirqd/3
1791494345      0       342    0.00    2.00    0.00    0.00    2.00     3      0.00      0.00       0       0   0.00      0.00      0.00      0.00       0  jbd2/sda1-8
1791494345      0       415    0.00    0.00    0.00    0.00    0.00     2      0.00     46.00  182600  123872   1.53      0.00    180.00      0.00       0  systemd-journal
1791494345    104       739    0.00    0.00    0.00    0.00    0.00     0      0.00      0.00  222072    5200   0.06      0.00     20.00      0.00       0  rsyslogd
1791494345      0     17311    0.00    0.00    0.00    0.00    0.00     0      0.00      0.00   57076   12824   0.16      0.00      0.00      0.00       0  nginx
1791494345    112    244183   61.00   26.00    0.00    1.00   87.00     3      0.00      0.00 2861088  799496   9.85      0.00  12452.00      0.00       0  mysqld
1791494345     33    537871   10.00    6.00    0.00   20.00   16.00     1     11.00      0.00   63216   16840   0.21      0.00   1044.00    936.00       0  nginx
1791494345     33    537872   13.00   15.00    0.00   35.00   28.00     2     36.00      0.00   68236   21876   0.27      0.00   1264.00   1044.00       0  nginx
1791494345     33    537873    8.00    9.00    0.00   20.00   17.00     1      0.00      0.00   62236   15796   0.19      0.00    440.00    324.00       0  nginx
1791494345     33    537874   10.00    9.00    0.00   35.00   19.00     3     18.00      0.00   65068   18688   0.23      0.00    728.00    524.00       0  nginx
1791494345   1100    553266   55.00   31.00    0.00   18.00   86.00     0   4041.00      0.00 2124736   26860   0.33      0.00      0.00      0.00       0  isupipe

# Time        UID       PID    %usr %system  %guest   %wait    %CPU   CPU  minflt/s  majflt/s     VSZ     RSS   %MEM   kB_rd/s   kB_wr/s kB_ccwr/s iodelay  Command
1791494346      0        13    0.00    0.00    0.00    0.00    0.00     0      0.00      0.00       0       0   0.00      0.00      0.00      0.00       0  ksoftirqd/0
1791494346      0        22    0.00    2.00    0.00    0.00    2.00     1      0.00      0.00       0       0   0.00      0.00      0.00      0.00       0  ksoftirqd/1
1791494346      0        28    0.00    0.00    0.00    0.00    0.00     2      0.00      0.00       0       0   0.00      0.00      0.00      0.00       0  ksoftirqd/2
1791494346      0        34    0.00    0.00    0.00    0.00    0.00     3      0.00      0.00       0       0   0.00      0.00      0.00      0.00       0  ksoftirqd/3
1791494346      0       342    0.00    1.00    0.00    0.00    1.00     0      0.00      0.00       0       0   0.00      0.00      0.00      0.00       0  jbd2/sda1-8
1791494346      0       415    0.00    1.00    0.00    0.00    1.00     0      2.00     27.00  182600  123912   1.53      0.00    108.00      0.00       0  systemd-journal
1791494346    104       739    0.00    1.00    0.00    0.00    1.00     0      0.00      0.00  222072    5200   0.06      0.00     16.00      0.00       0  rsyslogd
1791494346      0     17311    0.00    0.00    0.00    0.00    0.00     0      0.00      0.00   57076   12824   0.16      0.00      0.00      0.00       0  nginx
1791494346    112    244183   61.00   23.00    0.00    0.00   84.00     3      1.00      0.00 2861088  799496   9.85      0.00  16112.00      0.00       0  mysqld
1791494346     33    537871   10.00    8.00    0.00   34.00   18.00     0      0.00      0.00   63216   16840   0.21      0.00    700.00    608.00       0  nginx
1791494346     33    537872   14.00   13.00    0.00   41.00   27.00     1      1.00      0.00   68236   21876   0.27      0.00   1140.00    884.00       0  nginx
1791494346     33    537873   10.00    7.00    0.00   16.00   17.00     0     45.00      0.00   62368   16060   0.20      0.00    344.00    288.00       0  nginx
1791494346     33    537874    9.00   13.00    0.00   34.00   22.00     0      0.00      0.00   65068   18688   0.23      0.00   1088.00   1020.00       0  nginx
1791494346   1100    553266   50.00   32.00    0.00   32.00   82.00     2   3063.00      0.00 2124736   25268   0.31      0.00      0.00      0.00       0  isupipe

# Time        UID       PID    %usr %system  %guest   %wait    %CPU   CPU  minflt/s  majflt/s     VSZ     RSS   %MEM   kB_rd/s   kB_wr/s kB_ccwr/s iodelay  Command
1791494347      0        13    0.00    1.00    0.00    0.00    1.00     0      0.00      0.00       0       0   0.00      0.00      0.00      0.00       0  ksoftirqd/0
1791494347      0        22    0.00    1.00    0.00    0.00    1.00     1      0.00      0.00       0       0   0.00      0.00      0.00      0.00       0  ksoftirqd/1
1791494347      0        28    0.00    0.00    0.00    0.00    0.00     2      0.00      0.00       0       0   0.00      0.00      0.00      0.00       0  ksoftirqd/2
1791494347      0        34    0.00    1.00    0.00    0.00    1.00     3      0.00      0.00       0       0   0.00      0.00      0.00      0.00       0  ksoftirqd/3
1791494347      0       342    0.00    1.00    0.00    1.00    1.00     3      0.00      0.00       0       0   0.00      0.00      0.00      0.00       0  jbd2/sda1-8
1791494347      0       415    0.00    1.00    0.00    0.00    1.00     0      1.00     87.00  182600  124040   1.53      0.00    348.00      0.00       0  systemd-journal
1791494347    104       739    1.00    0.00    0.00    0.00    1.00     0      0.00      0.00  222072    5200   0.06      0.00     16.00      0.00       0  rsyslogd
1791494347      0     17311    0.00    0.00    0.00    0.00    0.00     0      0.00      0.00   57076   12824   0.16      0.00      0.00      0.00       0  nginx
1791494347    112    244183   57.00   26.00    0.00    0.00   83.00     3      1.00      0.00 2861088  799496   9.85      0.00  11672.00      0.00       0  mysqld
1791494347     33    537871   13.00    7.00    0.00   28.00   20.00     2      0.00      0.00   63216   16840   0.21      0.00    772.00    672.00       0  nginx
1791494347     33    537872   15.00   16.00    0.00   35.00   31.00     1      7.00      0.00   68236   21876   0.27      0.00   1460.00   1188.00       0  nginx
1791494347     33    537873   11.00    5.00    0.00   24.00   16.00     1      0.00      0.00   62368   16060   0.20      0.00    384.00    204.00       0  nginx
1791494347     33    537874   10.00   12.00    0.00   33.00   22.00     1      1.00      0.00   65068   18688   0.23      0.00    916.00    768.00       0  nginx
1791494347   1100    553266   49.00   38.00    0.00   37.00   87.00     3   2696.00      0.00 2124736   26176   0.32      0.00      0.00      0.00       0  isupipe

# Time        UID       PID    %usr %system  %guest   %wait    %CPU   CPU  minflt/s  majflt/s     VSZ     RSS   %MEM   kB_rd/s   kB_wr/s kB_ccwr/s iodelay  Command
1791494348      0        13    0.00    0.00    0.00    0.00    0.00     0      0.00      0.00       0       0   0.00      0.00      0.00      0.00       0  ksoftirqd/0
1791494348      0        22    0.00    1.00    0.00    1.00    1.00     1      0.00      0.00       0       0   0.00      0.00      0.00      0.00       0  ksoftirqd/1
1791494348      0        28    0.00    0.00    0.00    0.00    0.00     2      0.00      0.00       0       0   0.00      0.00      0.00      0.00       0  ksoftirqd/2
1791494348      0        34    0.00    0.00    0.00    0.00    0.00     3      0.00      0.00       0       0   0.00      0.00      0.00      0.00       0  ksoftirqd/3
1791494348      0       342    0.00    1.00    0.00    0.00    1.00     3      0.00      0.00       0       0   0.00      0.00      0.00      0.00       0  jbd2/sda1-8
1791494348      0       415    1.00    0.00    0.00    1.00    1.00     0      0.00     77.00  182600  124068   1.53      0.00    308.00      0.00       0  systemd-journal
1791494348    104       739    0.00    0.00    0.00    0.00    0.00     0      0.00      0.00  222072    5200   0.06      0.00     16.00      0.00       0  rsyslogd
1791494348      0     17311    0.00    0.00    0.00    0.00    0.00     0      0.00      0.00   57076   12824   0.16      0.00      0.00      0.00       0  nginx
1791494348    112    244183   65.00   21.00    0.00    0.00   86.00     0      4.00      0.00 2861088  799496   9.85      0.00  16160.00      0.00       0  mysqld
1791494348     33    537871   10.00    9.00    0.00   33.00   19.00     1      0.00      0.00   63216   16840   0.21      0.00    852.00    744.00       0  nginx
1791494348     33    537872   16.00   10.00    0.00   45.00   26.00     1      0.00      0.00   68236   21876   0.27      0.00    980.00    916.00       0  nginx
1791494348     33    537873    8.00   10.00    0.00   32.00   18.00     1      1.00      0.00   62368   16060   0.20      0.00    668.00    688.00       0  nginx
1791494348     33    537874   11.00    9.00    0.00   38.00   20.00     1      0.00      0.00   65068   18688   0.23      0.00   1272.00   1160.00       0  nginx
1791494348   1100    553266   54.00   30.00    0.00   30.00   84.00     1   3607.00      0.00 2124736   25572   0.31      0.00      0.00      0.00       0  isupipe

# Time        UID       PID    %usr %system  %guest   %wait    %CPU   CPU  minflt/s  majflt/s     VSZ     RSS   %MEM   kB_rd/s   kB_wr/s kB_ccwr/s iodelay  Command
1791494349      0        13    0.00    0.00    0.00    0.00    0.00     0      0.00      0.00       0       0   0.00      0.00      0.00      0.00       0  ksoftirqd/0
1791494349      0        22    0.00    1.00    0.00    0.00    1.00     1      0.00      0.00       0       0   0.00      0.00      0.00      0.00       0  ksoftirqd/1
1791494349      0        28    0.00    1.00    0.00    0.00    1.00     2      0.00      0.00       0       0   0.00      0.00      0.00      0.00       0  ksoftirqd/2
1791494349      0        34    0.00    0.00    0.00    0.00    0.00     3      0.00      0.00       0       0   0.00      0.00      0.00      0.00       0  ksoftirqd/3
1791494349      0       342    0.00    1.00    0.00    0.00    1.00     0      0.00      0.00       0       0   0.00      0.00      0.00      0.00       0  jbd2/sda1-8
1791494349      0       415    0.00    1.00    0.00    0.00    1.00     0      3.00     57.00  182600  124108   1.53      0.00    228.00      0.00       0  systemd-journal
1791494349    104       739    1.00    0.00    0.00    0.00    1.00     0      0.00      0.00  222072    5200   0.06      0.00     16.00      0.00       0  rsyslogd
1791494349      0     17311    0.00    0.00    0.00    0.00    0.00     0      0.00      0.00   57076   12824   0.16      0.00      0.00      0.00       0  nginx
1791494349    112    244183   55.00   26.00    0.00    1.00   81.00     2      0.00      0.00 2861088  799496   9.85      0.00  11816.00      0.00       0  mysqld
1791494349     33    537871   13.00    8.00    0.00   35.00   21.00     1      0.00      0.00   63216   16840   0.21      0.00    864.00    728.00       0  nginx
1791494349     33    537872   11.00   15.00    0.00   43.00   26.00     1      0.00      0.00   68236   21876   0.27      0.00   1204.00   1044.00       0  nginx
1791494349     33    537873   11.00    7.00    0.00   24.00   18.00     1      0.00      0.00   62368   16060   0.20      0.00   1008.00    920.00       0  nginx
1791494349     33    537874   13.00    8.00    0.00   43.00   21.00     1      0.00      0.00   65068   18688   0.23      0.00    580.00    448.00       0  nginx
1791494349   1100    553266   48.00   37.00    0.00   28.00   85.00     0   1919.00      0.00 2124736   24888   0.31      0.00      0.00      0.00       0  isupipe

# Time        UID       PID    %usr %system  %guest   %wait    %CPU   CPU  minflt/s  majflt/s     VSZ     RSS   %MEM   kB_rd/s   kB_wr/s kB_ccwr/s iodelay  Command
1791494350      0        13    0.00    0.00    0.00    0.00    0.00     0      0.00      0.00       0       0   0.00      0.00      0.00      0.00       0  ksoftirqd/0
1791494350      0        22    0.00    1.00    0.00    0.00    1.00     1      0.00      0.00       0       0   0.00      0.00      0.00      0.00       0  ksoftirqd/1
1791494350      0        28    0.00    0.00    0.00    0.00    0.00     2      0.00      0.00       0       0   0.00      0.00      0.00      0.00       0  ksoftirqd/2
1791494350      0        34    0.00    0.00    0.00    0.00    0.00     3      0.00      0.00       0       0   0.00      0.00      0.00      0.00       0  ksoftirqd/3
1791494350      0       342    0.00    1.00    0.00    1.00    1.00     0      0.00      0.00       0       0   0.00      0.00     88.00      0.00       0  jbd2/sda1-8
1791494350      0       415    1.00    0.00    0.00    0.00    1.00     2      3.00     61.00  182600  124148   1.53      0.00    244.00      0.00       0  systemd-journal
1791494350    104       739    0.00    0.00    0.00    0.00    0.00     0      0.00      0.00  222072    5200   0.06      0.00     16.00      0.00       0  rsyslogd
1791494350      0     17311    0.00    0.00    0.00    0.00    0.00     0      0.00      0.00   57076   12824   0.16      0.00      0.00      0.00       0  nginx
1791494350    112    244183   65.00   23.00    0.00    1.00   88.00     3      2.00      0.00 2861088  799496   9.85      0.00  15320.00      0.00       0  mysqld
1791494350     33    537871   10.00    9.00    0.00   24.00   19.00     1      0.00      0.00   63216   16840   0.21      0.00    912.00    788.00       0  nginx
1791494350     33    537872   16.00   14.00    0.00   38.00   30.00     1      0.00      0.00   68236   21876   0.27      0.00   1080.00    880.00       0  nginx
1791494350     33    537873    9.00    8.00    0.00   18.00   17.00     1      2.00      0.00   62368   16060   0.20      0.00    416.00    340.00       0  nginx
1791494350     33    537874   13.00    9.00    0.00   32.00   22.00     3      0.00      0.00   65068   18688   0.23      0.00    864.00    700.00       0  nginx
1791494350   1100    553266   51.00   35.00    0.00   29.00   86.00     0   2179.00      0.00 2124736   26260   0.32      0.00      0.00      0.00       0  isupipe

# Time        UID       PID    %usr %system  %guest   %wait    %CPU   CPU  minflt/s  majflt/s     VSZ     RSS   %MEM   kB_rd/s   kB_wr/s kB_ccwr/s iodelay  Command
1791494351      0        13    0.00    0.00    0.00    0.00    0.00     0      0.00      0.00       0       0   0.00      0.00      0.00      0.00       0  ksoftirqd/0
1791494351      0        22    0.00    0.96    0.00    0.00    0.96     1      0.00      0.00       0       0   0.00      0.00      0.00      0.00       0  ksoftirqd/1
1791494351      0        28    0.00    0.00    0.00    0.00    0.00     2      0.00      0.00       0       0   0.00      0.00      0.00      0.00       0  ksoftirqd/2
1791494351      0        34    0.00    0.00    0.00    0.00    0.00     3      0.00      0.00       0       0   0.00      0.00      0.00      0.00       0  ksoftirqd/3
1791494351      0       342    0.00    0.96    0.00    0.00    0.96     3      0.00      0.00       0       0   0.00      0.00     11.54      0.00       0  jbd2/sda1-8
1791494351      0       415    0.00    0.00    0.00    0.00    0.00     2      0.00      1.92  182600  124148   1.53      0.00      7.69      0.00       0  systemd-journal
1791494351    104       739    0.00    0.00    0.00    0.00    0.00     0      0.00      0.00  222072    5200   0.06      0.00      0.00      0.00       0  rsyslogd
1791494351      0     17311    0.00    0.00    0.00    0.00    0.00     0      0.00      0.00   57076   12824   0.16      0.00      0.00      0.00       0  nginx
1791494351    112    244183    1.92    1.92    0.00    0.00    3.85     3      0.00      0.00 2861088  799496   9.85      0.00   8303.85      0.00       0  mysqld
1791494351     33    537871    0.00    0.00    0.00    0.00    0.00     3      0.00      0.00   63216   16840   0.21      0.00     65.38      0.00       0  nginx
1791494351     33    537872    0.96    0.00    0.00    0.96    0.96     1      0.00      0.00   68236   21876   0.27      0.00     57.69      0.00       0  nginx
1791494351     33    537873    0.96    0.00    0.00    0.00    0.96     0      0.00      0.00   62368   16060   0.20      0.00     26.92      0.00       0  nginx
1791494351     33    537874    0.00    0.96    0.00    0.96    0.96     2      0.00      0.00   65068   18688   0.23      0.00     92.31      0.00       0  nginx
1791494351   1100    553266    0.00    0.00    0.00    0.96    0.00     0     45.19      0.00 2124736   26260   0.32      0.00      0.00      0.00       0  isupipe

# Time        UID       PID    %usr %system  %guest   %wait    %CPU   CPU  minflt/s  majflt/s     VSZ     RSS   %MEM   kB_rd/s   kB_wr/s kB_ccwr/s iodelay  Command
1791494353      0        13    0.00    0.00    0.00    0.00    0.00     0      0.00      0.00       0       0   0.00      0.00      0.00      0.00       0  ksoftirqd/0
1791494353      0        22    0.00    1.00    0.00    0.00    1.00     1      0.00      0.00       0       0   0.00      0.00      0.00      0.00       0  ksoftirqd/1
1791494353      0        28    0.00    0.00    0.00    0.00    0.00     2      0.00      0.00       0       0   0.00      0.00      0.00      0.00       0  ksoftirqd/2
1791494353      0        34    0.00    0.00    0.00    1.00    0.00     3      0.00      0.00       0       0   0.00      0.00      0.00      0.00       0  ksoftirqd/3
1791494353      0       342    0.00    0.00    0.00    0.00    0.00     1      0.00      0.00       0       0   0.00      0.00      8.00      0.00       0  jbd2/sda1-8
1791494353      0       415    0.00    0.00    0.00    0.00    0.00     2     38.00    213.00  182600  124220   1.53      0.00    852.00      0.00       0  systemd-journal
1791494353    104       739    0.00    0.00    0.00    0.00    0.00     0      0.00      0.00  222072    5200   0.06      0.00     12.00      0.00       0  rsyslogd
1791494353      0     17311    0.00    0.00    0.00    0.00    0.00     0      0.00      0.00   57076   12824   0.16      0.00      0.00      0.00       0  nginx
1791494353    112    244183    2.00    2.00    0.00    0.00    4.00     3      4.00      0.00 2861088  799496   9.85      0.00   7592.00      0.00       0  mysqld
1791494353     33    537871    1.00    0.00    0.00    1.00    1.00     0      0.00      0.00   63216   16840   0.21      0.00      0.00      0.00       0  nginx
1791494353     33    537872    2.00    0.00    0.00    0.00    2.00     3      0.00      0.00   68236   21876   0.27      0.00      0.00      0.00       0  nginx
1791494353     33    537873    0.00    1.00    0.00    0.00    1.00     0      0.00      0.00   62368   16060   0.20      0.00      0.00      0.00       0  nginx
1791494353     33    537874    1.00    0.00    0.00    0.00    1.00     2      0.00      0.00   65068   18688   0.23      0.00      0.00      0.00       0  nginx
1791494353   1100    553266    0.00    0.00    0.00    0.00    0.00     0      0.00      0.00 2124736   26260   0.32      0.00      0.00      0.00       0  isupipe
