Linux 5.15.0-198-generic (isucon13-app) 	10/08/26 	_aarch64_	(4 CPU)

# Time        UID       PID    %usr %system  %guest   %wait    %CPU   CPU  minflt/s  majflt/s     VSZ     RSS   %MEM   kB_rd/s   kB_wr/s kB_ccwr/s iodelay  Command
1791476344    112     14307    8.00   12.00    0.00    0.00   20.00     0      4.00      0.00 2882056  943248  11.62      0.00  14552.00      0.00       0  mysqld
1791476344      0     17311    0.00    0.00    0.00    0.00    0.00     1      0.00      0.00   56800   12976   0.16      0.00      0.00      0.00       0  nginx
1791476344     33     23432    0.00    0.00    0.00    0.00    0.00     1      0.00      0.00   61400   15164   0.19      0.00      0.00      0.00       0  nginx
1791476344     33     23433    0.00    0.00    0.00    0.00    0.00     3      0.00      0.00   59344   13000   0.16      0.00      0.00      0.00       0  nginx
1791476344     33     23434    0.00    0.00    0.00    0.00    0.00     0      0.00      0.00   57844   11680   0.14      0.00      0.00      0.00       0  nginx
1791476344     33     23435    0.00    0.00    0.00    0.00    0.00     2      0.00      0.00   58368   12208   0.15      0.00      0.00      0.00       0  nginx
1791476344   1100    133158    0.00    0.00    0.00    0.00    0.00     2     47.00      0.00 1602732    7180   0.09      0.00      0.00      0.00       0  isupipe
1791476344    113    133166    0.00    0.00    0.00    0.00    0.00     3      6.00      0.00  682064   58052   0.72      0.00      0.00      0.00       0  pdns_server

# Time        UID       PID    %usr %system  %guest   %wait    %CPU   CPU  minflt/s  majflt/s     VSZ     RSS   %MEM   kB_rd/s   kB_wr/s kB_ccwr/s iodelay  Command
1791476345    112     14307    8.00    7.00    0.00    0.00   15.00     0      0.00      0.00 2882056  943248  11.62      0.00   7004.00      0.00       0  mysqld
1791476345      0     17311    0.00    0.00    0.00    0.00    0.00     1      0.00      0.00   56800   12976   0.16      0.00      0.00      0.00       0  nginx
1791476345     33     23432    0.00    0.00    0.00    0.00    0.00     1      0.00      0.00   61400   15164   0.19      0.00      0.00      0.00       0  nginx
1791476345     33     23433    0.00    0.00    0.00    0.00    0.00     3      0.00      0.00   59344   13000   0.16      0.00      0.00      0.00       0  nginx
1791476345     33     23434    0.00    0.00    0.00    0.00    0.00     0      0.00      0.00   57844   11680   0.14      0.00      0.00      0.00       0  nginx
1791476345     33     23435    0.00    0.00    0.00    0.00    0.00     2      0.00      0.00   58368   12208   0.15      0.00      0.00      0.00       0  nginx
1791476345   1100    133158    0.00    0.00    0.00    0.00    0.00     2      0.00      0.00 1602732    7180   0.09      0.00      0.00      0.00       0  isupipe
1791476345    113    133166    0.00    0.00    0.00    0.00    0.00     3      0.00      0.00  682064   58052   0.72      0.00      0.00      0.00       0  pdns_server

# Time        UID       PID    %usr %system  %guest   %wait    %CPU   CPU  minflt/s  majflt/s     VSZ     RSS   %MEM   kB_rd/s   kB_wr/s kB_ccwr/s iodelay  Command
1791476346    112     14307    7.00    9.00    0.00    0.00   16.00     0      0.00      0.00 2882056  943248  11.62      0.00   8700.00      0.00       0  mysqld
1791476346      0     17311    0.00    0.00    0.00    0.00    0.00     1      0.00      0.00   56800   12976   0.16      0.00      0.00      0.00       0  nginx
1791476346     33     23432    0.00    0.00    0.00    0.00    0.00     1      0.00      0.00   61400   15164   0.19      0.00      0.00      0.00       0  nginx
1791476346     33     23433    0.00    0.00    0.00    0.00    0.00     3      0.00      0.00   59344   13000   0.16      0.00      0.00      0.00       0  nginx
1791476346     33     23434    0.00    0.00    0.00    0.00    0.00     0      0.00      0.00   57844   11680   0.14      0.00      0.00      0.00       0  nginx
1791476346     33     23435    0.00    0.00    0.00    0.00    0.00     2      0.00      0.00   58368   12208   0.15      0.00      0.00      0.00       0  nginx
1791476346   1100    133158    0.00    0.00    0.00    0.00    0.00     2      0.00      0.00 1602732    7180   0.09      0.00      0.00      0.00       0  isupipe
1791476346    113    133166    0.00    0.00    0.00    0.00    0.00     3      0.00      0.00  682064   58052   0.72      0.00      0.00      0.00       0  pdns_server

# Time        UID       PID    %usr %system  %guest   %wait    %CPU   CPU  minflt/s  majflt/s     VSZ     RSS   %MEM   kB_rd/s   kB_wr/s kB_ccwr/s iodelay  Command
1791476347    112     14307    5.00   11.00    0.00    0.00   16.00     2      0.00      0.00 2882056  943248  11.62      0.00   8052.00      0.00       0  mysqld
1791476347      0     17311    0.00    0.00    0.00    0.00    0.00     1      0.00      0.00   56800   12976   0.16      0.00      0.00      0.00       0  nginx
1791476347     33     23432    0.00    0.00    0.00    0.00    0.00     1      0.00      0.00   61400   15164   0.19      0.00      0.00      0.00       0  nginx
1791476347     33     23433    0.00    0.00    0.00    0.00    0.00     3      0.00      0.00   59344   13000   0.16      0.00      0.00      0.00       0  nginx
1791476347     33     23434    0.00    0.00    0.00    0.00    0.00     0      0.00      0.00   57844   11680   0.14      0.00      0.00      0.00       0  nginx
1791476347     33     23435    0.00    0.00    0.00    0.00    0.00     2      0.00      0.00   58368   12208   0.15      0.00      0.00      0.00       0  nginx
1791476347   1100    133158    0.00    0.00    0.00    0.00    0.00     2      0.00      0.00 1602732    7180   0.09      0.00      0.00      0.00       0  isupipe
1791476347    113    133166    0.00    0.00    0.00    0.00    0.00     3      0.00      0.00  682064   58052   0.72      0.00      0.00      0.00       0  pdns_server

# Time        UID       PID    %usr %system  %guest   %wait    %CPU   CPU  minflt/s  majflt/s     VSZ     RSS   %MEM   kB_rd/s   kB_wr/s kB_ccwr/s iodelay  Command
1791476348    112     14307   30.00   13.00    0.00    0.00   43.00     0   6165.00      0.00 2892016  965356  11.89      0.00  55680.00   3472.00       0  mysqld
1791476348      0     17311    0.00    0.00    0.00    0.00    0.00     1      0.00      0.00   56800   12976   0.16      0.00      0.00      0.00       0  nginx
1791476348     33     23432    0.00    0.00    0.00    0.00    0.00     2      0.00      0.00   61400   15164   0.19      0.00      4.00      0.00       0  nginx
1791476348     33     23433    0.00    0.00    0.00    0.00    0.00     3      0.00      0.00   59344   13000   0.16      0.00      0.00      0.00       0  nginx
1791476348     33     23434    0.00    0.00    0.00    0.00    0.00     0      0.00      0.00   57844   11680   0.14      0.00      0.00      0.00       0  nginx
1791476348     33     23435    0.00    0.00    0.00    0.00    0.00     2      0.00      0.00   58368   12208   0.15      0.00      0.00      0.00       0  nginx
1791476348   1100    133158    0.00    0.00    0.00    0.00    0.00     3     10.00      0.00 1602732    7180   0.09      0.00     52.00     52.00       0  isupipe
1791476348    113    133166    1.00    0.00    0.00    0.00    1.00     3     11.00      0.00  682592   58052   0.72      0.00      0.00      0.00       0  pdns_server

# Time        UID       PID    %usr %system  %guest   %wait    %CPU   CPU  minflt/s  majflt/s     VSZ     RSS   %MEM   kB_rd/s   kB_wr/s kB_ccwr/s iodelay  Command
1791476349    112     14307   20.39    1.94    0.00    0.00   22.33     2    102.91      0.00 2893044  965564  11.89      0.00   4598.06     73.79       0  mysqld
1791476349      0     17311    0.00    0.00    0.00    0.00    0.00     1      0.00      0.00   56800   12976   0.16      0.00      0.00      0.00       0  nginx
1791476349     33     23432    0.97    0.97    0.00    0.00    1.94     2      0.00      0.00   61400   15164   0.19      0.00    104.85     93.20       0  nginx
1791476349     33     23433    0.00    0.00    0.00    0.00    0.00     3      0.00      0.00   59344   13000   0.16      0.00      0.00      0.00       0  nginx
1791476349     33     23434    0.00    0.00    0.00    0.00    0.00     0      0.00      0.00   57844   11680   0.14      0.00      0.00      0.00       0  nginx
1791476349     33     23435    0.00    0.00    0.00    0.00    0.00     2      0.00      0.00   58368   12208   0.15      0.00      0.00      0.00       0  nginx
1791476349   1100    133158    3.88    8.74    0.00    0.00   12.62     1   1864.08      0.00 1679596   13104   0.16      0.00      0.00      0.00       0  isupipe
1791476349    113    133166    0.00    0.97    0.00    0.00    0.97     3      0.97      0.00  682592   58052   0.72      0.00      0.00      0.00       0  pdns_server

# Time        UID       PID    %usr %system  %guest   %wait    %CPU   CPU  minflt/s  majflt/s     VSZ     RSS   %MEM   kB_rd/s   kB_wr/s kB_ccwr/s iodelay  Command
1791476350    112     14307    0.98    0.98    0.00    0.00    1.96     2      0.00      0.00 2893044  965564  11.89      0.00   3074.51      0.00       0  mysqld
1791476350      0     17311    0.00    0.00    0.00    0.00    0.00     1      0.00      0.00   56800   12976   0.16      0.00      0.00      0.00       0  nginx
1791476350     33     23432    0.00    0.00    0.00    0.00    0.00     2      0.00      0.00   61400   15164   0.19      0.00      0.00      0.00       0  nginx
1791476350     33     23433    0.00    0.00    0.00    0.00    0.00     3      0.00      0.00   59344   13000   0.16      0.00      0.00      0.00       0  nginx
1791476350     33     23434    0.00    0.00    0.00    0.00    0.00     0      0.00      0.00   57844   11680   0.14      0.00      0.00      0.00       0  nginx
1791476350     33     23435    0.00    0.00    0.00    0.00    0.00     2      0.00      0.00   58368   12208   0.15      0.00      0.00      0.00       0  nginx
1791476350   1100    133158    0.00    0.00    0.00    0.00    0.00     1      0.00      0.00 1679596   13104   0.16      0.00      0.00      0.00       0  isupipe
1791476350    113    133166    0.00    0.00    0.00    0.00    0.00     3      0.00      0.00  682592   58052   0.72      0.00      0.00      0.00       0  pdns_server

# Time        UID       PID    %usr %system  %guest   %wait    %CPU   CPU  minflt/s  majflt/s     VSZ     RSS   %MEM   kB_rd/s   kB_wr/s kB_ccwr/s iodelay  Command
1791476351    112     14307    4.90    1.96    0.00    0.00    6.86     2      0.00      0.00 2893044  965564  11.89      0.00   6956.86     74.51       0  mysqld
1791476351      0     17311    0.00    0.00    0.00    0.00    0.00     1      0.00      0.00   56800   12976   0.16      0.00      0.00      0.00       0  nginx
1791476351     33     23432    0.98    0.00    0.00    0.00    0.98     2      0.00      0.00   61400   15164   0.19      0.00    113.73    101.96       0  nginx
1791476351     33     23433    0.00    0.00    0.00    0.00    0.00     3      0.00      0.00   59344   13000   0.16      0.00      0.00      0.00       0  nginx
1791476351     33     23434    0.00    0.00    0.00    0.00    0.00     0      0.00      0.00   57844   11680   0.14      0.00      0.00      0.00       0  nginx
1791476351     33     23435    0.00    0.00    0.00    0.00    0.00     2      0.00      0.00   58368   12208   0.15      0.00      0.00      0.00       0  nginx
1791476351   1100    133158    2.94    1.96    0.00    0.00    4.90     3    259.80      0.00 1679596   13456   0.17      0.00      0.00      0.00       0  isupipe
1791476351    113    133166    0.00    0.00    0.00    0.00    0.00     3      0.00      0.00  682592   58052   0.72      0.00      0.00      0.00       0  pdns_server

# Time        UID       PID    %usr %system  %guest   %wait    %CPU   CPU  minflt/s  majflt/s     VSZ     RSS   %MEM   kB_rd/s   kB_wr/s kB_ccwr/s iodelay  Command
1791476352    112     14307    0.00    1.98    0.00    0.00    1.98     2      0.00      0.00 2893044  965564  11.89      0.00   1156.44      0.00       0  mysqld
1791476352      0     17311    0.00    0.00    0.00    0.00    0.00     1      0.00      0.00   56800   12976   0.16      0.00      0.00      0.00       0  nginx
1791476352     33     23432    0.00    0.00    0.00    0.00    0.00     2      0.00      0.00   61400   15164   0.19      0.00      0.00      0.00       0  nginx
1791476352     33     23433    0.00    0.00    0.00    0.00    0.00     3      0.00      0.00   59344   13000   0.16      0.00      0.00      0.00       0  nginx
1791476352     33     23434    0.00    0.00    0.00    0.00    0.00     0      0.00      0.00   57844   11680   0.14      0.00      0.00      0.00       0  nginx
1791476352     33     23435    0.00    0.00    0.00    0.00    0.00     2      0.00      0.00   58368   12208   0.15      0.00      0.00      0.00       0  nginx
1791476352   1100    133158    0.00    0.00    0.00    0.00    0.00     3      0.00      0.00 1679596   13456   0.17      0.00      0.00      0.00       0  isupipe
1791476352    113    133166    0.00    0.00    0.00    0.00    0.00     3      0.00      0.00  682592   58052   0.72      0.00      0.00      0.00       0  pdns_server

# Time        UID       PID    %usr %system  %guest   %wait    %CPU   CPU  minflt/s  majflt/s     VSZ     RSS   %MEM   kB_rd/s   kB_wr/s kB_ccwr/s iodelay  Command
1791476353    112     14307    5.00    4.00    0.00    0.00    9.00     3      0.00      0.00 2893044  965564  11.89      0.00   1612.00      0.00       0  mysqld
1791476353      0     17311    0.00    0.00    0.00    0.00    0.00     1      0.00      0.00   56800   12976   0.16      0.00      0.00      0.00       0  nginx
1791476353     33     23432    1.00    1.00    0.00    0.00    2.00     3      0.00      0.00   61400   15164   0.19      0.00      8.00      0.00       0  nginx
1791476353     33     23433    0.00    0.00    0.00    0.00    0.00     3      0.00      0.00   59344   13000   0.16      0.00      0.00      0.00       0  nginx
1791476353     33     23434    0.00    0.00    0.00    0.00    0.00     0      0.00      0.00   57844   11680   0.14      0.00      0.00      0.00       0  nginx
1791476353     33     23435    0.00    0.00    0.00    0.00    0.00     2      0.00      0.00   58368   12208   0.15      0.00      0.00      0.00       0  nginx
1791476353   1100    133158    5.00    1.00    0.00    0.00    6.00     3     68.00      0.00 1679596   13112   0.16      0.00      0.00      0.00       0  isupipe
1791476353    113    133166    0.00    1.00    0.00    0.00    1.00     3      1.00      0.00  682592   58052   0.72      0.00      0.00      0.00       0  pdns_server

# Time        UID       PID    %usr %system  %guest   %wait    %CPU   CPU  minflt/s  majflt/s     VSZ     RSS   %MEM   kB_rd/s   kB_wr/s kB_ccwr/s iodelay  Command
1791476354    112     14307   62.00   38.00    0.00    4.00  100.00     0     17.00      0.00 2892016  965356  11.89      0.00  15728.00   1332.00       0  mysqld
1791476354      0     17311    0.00    0.00    0.00    0.00    0.00     1      0.00      0.00   56800   12976   0.16      0.00      0.00      0.00       0  nginx
1791476354     33     23432    4.00    7.00    0.00    7.00   11.00     3      0.00      0.00   61400   15164   0.19      0.00    960.00    756.00       0  nginx
1791476354     33     23433    3.00    4.00    0.00    5.00    7.00     0      0.00      0.00   59344   13000   0.16      0.00    580.00    524.00       0  nginx
1791476354     33     23434    0.00    0.00    0.00    0.00    0.00     0      0.00      0.00   57844   11680   0.14      0.00      0.00      0.00       0  nginx
1791476354     33     23435    0.00    0.00    0.00    0.00    0.00     2      0.00      0.00   58368   12208   0.15      0.00      0.00      0.00       0  nginx
1791476354   1100    133158   16.00   27.00    0.00    7.00   43.00     3   1650.00      0.00 1827180   15328   0.19      0.00      0.00      0.00       0  isupipe
1791476354    113    133166   10.00    9.00    0.00    0.00   19.00     3     22.00      0.00  682592   58052   0.72      0.00      0.00      0.00       0  pdns_server

# Time        UID       PID    %usr %system  %guest   %wait    %CPU   CPU  minflt/s  majflt/s     VSZ     RSS   %MEM   kB_rd/s   kB_wr/s kB_ccwr/s iodelay  Command
1791476355    112     14307   72.00   39.00    0.00    2.00  111.00     3      0.00      0.00 2892016  965356  11.89      0.00   8880.00    608.00       0  mysqld
1791476355      0     17311    0.00    0.00    0.00    0.00    0.00     1      0.00      0.00   56800   12976   0.16      0.00      0.00      0.00       0  nginx
1791476355     33     23432    5.00   10.00    0.00    9.00   15.00     3      0.00      0.00   61400   15164   0.19      0.00    496.00    556.00       0  nginx
1791476355     33     23433    2.00    5.00    0.00    9.00    7.00     1      0.00      0.00   59344   13000   0.16      0.00    112.00     84.00       0  nginx
1791476355     33     23434    0.00    0.00    0.00    0.00    0.00     0      0.00      0.00   57844   11680   0.14      0.00      0.00      0.00       0  nginx
1791476355     33     23435    2.00    1.00    0.00    2.00    3.00     3      0.00      0.00   58368   12208   0.15      0.00    164.00     68.00       0  nginx
1791476355   1100    133158   20.00   31.00    0.00   14.00   51.00     2    694.00      0.00 1827180   15776   0.19      0.00      0.00      0.00       0  isupipe
1791476355    113    133166    8.00    6.00    0.00    0.00   14.00     3     13.00      0.00  682592   58052   0.72      0.00      0.00      0.00       0  pdns_server

# Time        UID       PID    %usr %system  %guest   %wait    %CPU   CPU  minflt/s  majflt/s     VSZ     RSS   %MEM   kB_rd/s   kB_wr/s kB_ccwr/s iodelay  Command
1791476356    112     14307   63.00   50.00    0.00    4.00  113.00     0     18.00      0.00 2893044  965356  11.89      0.00   5884.00    656.00       0  mysqld
1791476356      0     17311    0.00    0.00    0.00    0.00    0.00     1      0.00      0.00   56800   12976   0.16      0.00      0.00      0.00       0  nginx
1791476356     33     23432    6.00    8.00    0.00   15.00   14.00     3      0.00      0.00   61400   15164   0.19      0.00    396.00    272.00       0  nginx
1791476356     33     23433    4.00    6.00    0.00   10.00   10.00     3      0.00      0.00   59344   13000   0.16      0.00    336.00    300.00       0  nginx
1791476356     33     23434    0.00    0.00    0.00    0.00    0.00     0      0.00      0.00   57844   11680   0.14      0.00      0.00      0.00       0  nginx
1791476356     33     23435    0.00    2.00    0.00    2.00    2.00     0      0.00      0.00   58368   12208   0.15      0.00    128.00    220.00       0  nginx
1791476356   1100    133158   28.00   30.00    0.00   20.00   58.00     1    954.00      0.00 1827436   16560   0.20      0.00      0.00      0.00       0  isupipe
1791476356    113    133166    4.00   15.00    0.00    0.00   19.00     3     18.00      0.00  682592   58052   0.72      0.00      0.00      0.00       0  pdns_server

# Time        UID       PID    %usr %system  %guest   %wait    %CPU   CPU  minflt/s  majflt/s     VSZ     RSS   %MEM   kB_rd/s   kB_wr/s kB_ccwr/s iodelay  Command
1791476357    112     14307   73.00   50.00    0.00    2.00  123.00     2    186.00      0.00 2893044  965640  11.89      0.00   5704.00    528.00       0  mysqld
1791476357      0     17311    0.00    0.00    0.00    0.00    0.00     1      0.00      0.00   56800   12976   0.16      0.00      0.00      0.00       0  nginx
1791476357     33     23432    7.00    9.00    0.00   16.00   16.00     3      0.00      0.00   61400   15164   0.19      0.00    292.00    320.00       0  nginx
1791476357     33     23433    2.00    4.00    0.00    8.00    6.00     1      0.00      0.00   59344   13000   0.16      0.00    248.00    224.00       0  nginx
1791476357     33     23434    0.00    0.00    0.00    0.00    0.00     0      0.00      0.00   57844   11680   0.14      0.00      0.00      0.00       0  nginx
1791476357     33     23435    2.00    5.00    0.00    5.00    7.00     0      0.00      0.00   58368   12208   0.15      0.00    244.00    232.00       0  nginx
1791476357   1100    133158   32.00   34.00    0.00    6.00   66.00     3   1029.00      0.00 2048812   16628   0.20      0.00      0.00      0.00       0  isupipe
1791476357    113    133166    7.00    9.00    0.00    0.00   16.00     3     12.00      0.00  682592   58312   0.72      0.00      0.00      0.00       0  pdns_server

# Time        UID       PID    %usr %system  %guest   %wait    %CPU   CPU  minflt/s  majflt/s     VSZ     RSS   %MEM   kB_rd/s   kB_wr/s kB_ccwr/s iodelay  Command
1791476358    112     14307   64.00   49.00    0.00    2.00  113.00     0    110.00      0.00 2893044  965640  11.89      0.00   6752.00    680.00       0  mysqld
1791476358      0     17311    0.00    0.00    0.00    0.00    0.00     1      0.00      0.00   56800   12976   0.16      0.00      0.00      0.00       0  nginx
1791476358     33     23432    9.00    8.00    0.00   12.00   17.00     3      0.00      0.00   61400   15164   0.19      0.00    580.00    524.00       0  nginx
1791476358     33     23433    1.00    7.00    0.00    7.00    8.00     3      0.00      0.00   59344   13000   0.16      0.00    312.00    288.00       0  nginx
1791476358     33     23434    0.00    0.00    0.00    0.00    0.00     0      0.00      0.00   57844   11680   0.14      0.00      0.00      0.00       0  nginx
1791476358     33     23435    1.00    1.00    0.00    2.00    2.00     3      0.00      0.00   58368   12208   0.15      0.00     16.00      0.00       0  nginx
1791476358   1100    133158   31.00   37.00    0.00    0.00   68.00     3   1277.00      0.00 2048812   16548   0.20      0.00      0.00      0.00       0  isupipe
1791476358    113    133166    6.00   13.00    0.00    0.00   19.00     3     15.00      0.00  682592   58312   0.72      0.00      0.00      0.00       0  pdns_server

# Time        UID       PID    %usr %system  %guest   %wait    %CPU   CPU  minflt/s  majflt/s     VSZ     RSS   %MEM   kB_rd/s   kB_wr/s kB_ccwr/s iodelay  Command
1791476359    112     14307   75.00   44.00    0.00    2.00  119.00     0     21.00      0.00 2894072  965640  11.89      0.00   8720.00    576.00       0  mysqld
1791476359      0     17311    0.00    0.00    0.00    0.00    0.00     1      0.00      0.00   56800   12976   0.16      0.00      0.00      0.00       0  nginx
1791476359     33     23432    5.00    8.00    0.00   14.00   13.00     3      0.00      0.00   61400   15164   0.19      0.00    608.00    492.00       0  nginx
1791476359     33     23433    3.00    6.00    0.00    9.00    9.00     3      0.00      0.00   59344   13000   0.16      0.00    224.00    188.00       0  nginx
1791476359     33     23434    1.00    1.00    0.00    0.00    2.00     1      0.00      0.00   57844   11680   0.14      0.00      0.00      0.00       0  nginx
1791476359     33     23435    3.00    3.00    0.00    6.00    6.00     3      0.00      0.00   58368   12208   0.15      0.00     16.00      0.00       0  nginx
1791476359   1100    133158   33.00   31.00    0.00    0.00   64.00     0   1538.00      0.00 2048812   16840   0.21      0.00      0.00      0.00       0  isupipe
1791476359    113    133166    7.00   15.00    0.00    0.00   22.00     3     19.00      0.00  682592   58312   0.72      0.00      0.00      0.00       0  pdns_server

# Time        UID       PID    %usr %system  %guest   %wait    %CPU   CPU  minflt/s  majflt/s     VSZ     RSS   %MEM   kB_rd/s   kB_wr/s kB_ccwr/s iodelay  Command
1791476360    112     14307   74.00   39.00    0.00    1.00  113.00     2     94.00      0.00 2895100  965640  11.89      0.00   8360.00    660.00       0  mysqld
1791476360      0     17311    0.00    0.00    0.00    0.00    0.00     1      0.00      0.00   56800   12976   0.16      0.00      0.00      0.00       0  nginx
1791476360     33     23432    8.00    5.00    0.00   11.00   13.00     2      0.00      0.00   61400   15164   0.19      0.00    772.00    736.00       0  nginx
1791476360     33     23433    3.00    5.00    0.00    7.00    8.00     3      0.00      0.00   59344   13000   0.16      0.00    180.00    148.00       0  nginx
1791476360     33     23434    0.00    0.00    0.00    0.00    0.00     1      0.00      0.00   57844   11680   0.14      0.00      0.00      0.00       0  nginx
1791476360     33     23435    1.00    3.00    0.00    5.00    4.00     2      0.00      0.00   58368   12208   0.15      0.00     24.00      0.00       0  nginx
1791476360   1100    133158   31.00   35.00    0.00    0.00   66.00     0   1429.00      0.00 2048812   17052   0.21      0.00      0.00      0.00       0  isupipe
1791476360    113    133166    6.00   13.00    0.00    0.00   19.00     3     18.00      0.00  682592   58312   0.72      0.00      0.00      0.00       0  pdns_server

# Time        UID       PID    %usr %system  %guest   %wait    %CPU   CPU  minflt/s  majflt/s     VSZ     RSS   %MEM   kB_rd/s   kB_wr/s kB_ccwr/s iodelay  Command
1791476361    112     14307   71.29   45.54    0.00    0.99  116.83     3     17.82      0.00 2895100  965640  11.89      0.00   6467.33    443.56       0  mysqld
1791476361      0     17311    0.00    0.00    0.00    0.00    0.00     1      0.00      0.00   56800   12976   0.16      0.00      0.00      0.00       0  nginx
1791476361     33     23432    4.95    7.92    0.00   10.89   12.87     2      0.00      0.00   61400   15164   0.19      0.00    554.46    578.22       0  nginx
1791476361     33     23433    2.97    3.96    0.00    4.95    6.93     3      0.00      0.00   59344   13000   0.16      0.00     11.88      0.00       0  nginx
1791476361     33     23434    0.99    0.00    0.00    1.98    0.99     0      0.00      0.00   57844   11680   0.14      0.00      0.00      0.00       0  nginx
1791476361     33     23435    1.98    3.96    0.00    5.94    5.94     2      0.00      0.00   58368   12208   0.15      0.00     31.68      0.00       0  nginx
1791476361   1100    133158   29.70   37.62    0.00    0.00   67.33     2    747.52      0.00 2048812   16936   0.21      0.00      0.00      0.00       0  isupipe
1791476361    113    133166    6.93   11.88    0.00    0.00   18.81     3     11.88      0.00  682592   58312   0.72      0.00      0.00      0.00       0  pdns_server

# Time        UID       PID    %usr %system  %guest   %wait    %CPU   CPU  minflt/s  majflt/s     VSZ     RSS   %MEM   kB_rd/s   kB_wr/s kB_ccwr/s iodelay  Command
1791476362    112     14307   65.00   50.00    0.00    1.00  115.00     1     12.00      0.00 2893044  965640  11.89      0.00   6376.00    456.00       0  mysqld
1791476362      0     17311    0.00    0.00    0.00    0.00    0.00     1      0.00      0.00   56800   12976   0.16      0.00      0.00      0.00       0  nginx
1791476362     33     23432    6.00    8.00    0.00   13.00   14.00     2      0.00      0.00   61400   15164   0.19      0.00    268.00    236.00       0  nginx
1791476362     33     23433    2.00    4.00    0.00    9.00    6.00     2      0.00      0.00   59344   13000   0.16      0.00    196.00     92.00       0  nginx
1791476362     33     23434    1.00    1.00    0.00    4.00    2.00     2      0.00      0.00   57844   11680   0.14      0.00    116.00    112.00       0  nginx
1791476362     33     23435    3.00    3.00    0.00    5.00    6.00     2      0.00      0.00   58368   12208   0.15      0.00    100.00     84.00       0  nginx
1791476362   1100    133158   28.00   38.00    0.00   18.00   66.00     1   1071.00      0.00 2048812   16944   0.21      0.00      0.00      0.00       0  isupipe
1791476362    113    133166    6.00   14.00    0.00    0.00   20.00     3     13.00      0.00  682592   58312   0.72      0.00      0.00      0.00       0  pdns_server

# Time        UID       PID    %usr %system  %guest   %wait    %CPU   CPU  minflt/s  majflt/s     VSZ     RSS   %MEM   kB_rd/s   kB_wr/s kB_ccwr/s iodelay  Command
1791476363    112     14307   59.00   32.00    0.00    4.00   91.00     2      9.00      0.00 2895100  965640  11.89      0.00   5368.00    416.00       0  mysqld
1791476363      0     17311    0.00    0.00    0.00    0.00    0.00     1      0.00      0.00   56800   12976   0.16      0.00      0.00      0.00       0  nginx
1791476363     33     23432    5.00    7.00    0.00    9.00   12.00     2      0.00      0.00   61400   15164   0.19      0.00    588.00    472.00       0  nginx
1791476363     33     23433    2.00    5.00    0.00    4.00    7.00     2      0.00      0.00   59344   13000   0.16      0.00      4.00     80.00       0  nginx
1791476363     33     23434    0.00    1.00    0.00    2.00    1.00     0      0.00      0.00   57844   11680   0.14      0.00      8.00      0.00       0  nginx
1791476363     33     23435    1.00    2.00    0.00    2.00    3.00     0      0.00      0.00   58368   12208   0.15      0.00     16.00      0.00       0  nginx
1791476363   1100    133158   25.00   24.00    0.00   14.00   49.00     0    641.00      0.00 2048812   17116   0.21      0.00      0.00      0.00       0  isupipe
1791476363    113    133166    5.00   12.00    0.00    0.00   17.00     3     13.00      0.00  682592   58836   0.72      0.00      0.00      0.00       0  pdns_server

# Time        UID       PID    %usr %system  %guest   %wait    %CPU   CPU  minflt/s  majflt/s     VSZ     RSS   %MEM   kB_rd/s   kB_wr/s kB_ccwr/s iodelay  Command
1791476364    112     14307   52.00   24.00    0.00    4.00   76.00     3    105.00      0.00 2892016  965640  11.89      0.00   5944.00    516.00       0  mysqld
1791476364      0     17311    0.00    0.00    0.00    0.00    0.00     1      0.00      0.00   56800   12976   0.16      0.00      0.00      0.00       0  nginx
1791476364     33     23432    4.00    4.00    0.00   20.00    8.00     0      0.00      0.00   61400   15164   0.19      0.00    344.00    384.00       0  nginx
1791476364     33     23433    3.00    3.00    0.00   16.00    6.00     2      0.00      0.00   59344   13000   0.16      0.00     32.00      0.00       0  nginx
1791476364     33     23434    1.00    1.00    0.00    3.00    2.00     2      0.00      0.00   57844   11680   0.14      0.00    108.00    104.00       0  nginx
1791476364     33     23435    1.00    1.00    0.00    4.00    2.00     2      0.00      0.00   58368   12208   0.15      0.00     80.00     80.00       0  nginx
1791476364   1100    133158   21.00   24.00    0.00   25.00   45.00     3    457.00      0.00 2048812   16652   0.21      0.00      0.00      0.00       0  isupipe
1791476364    113    133166    5.00    7.00    0.00    0.00   12.00     3     10.00      0.00  682592   59204   0.73      0.00      0.00      0.00       0  pdns_server

# Time        UID       PID    %usr %system  %guest   %wait    %CPU   CPU  minflt/s  majflt/s     VSZ     RSS   %MEM   kB_rd/s   kB_wr/s kB_ccwr/s iodelay  Command
1791476365    112     14307   46.00   25.00    0.00    2.00   71.00     0     15.00      0.00 2893044  965640  11.89      0.00   3708.00    208.00       0  mysqld
1791476365      0     17311    0.00    0.00    0.00    0.00    0.00     1      0.00      0.00   56800   12976   0.16      0.00      0.00      0.00       0  nginx
1791476365     33     23432    4.00    5.00    0.00   11.00    9.00     2      0.00      0.00   61400   15164   0.19      0.00    204.00    176.00       0  nginx
1791476365     33     23433    0.00    3.00    0.00    5.00    3.00     2      0.00      0.00   59344   13000   0.16      0.00     16.00      0.00       0  nginx
1791476365     33     23434    1.00    0.00    0.00    0.00    1.00     2      0.00      0.00   57844   11680   0.14      0.00      0.00      0.00       0  nginx
1791476365     33     23435    1.00    0.00    0.00    2.00    1.00     2      0.00      0.00   58368   12208   0.15      0.00    100.00    100.00       0  nginx
1791476365   1100    133158   15.00   21.00    0.00   20.00   36.00     1    386.00      0.00 2048812   17152   0.21      0.00      0.00      0.00       0  isupipe
1791476365    113    133166    5.00    8.00    0.00    0.00   13.00     3     10.00      0.00  682592   59204   0.73      0.00      0.00      0.00       0  pdns_server

# Time        UID       PID    %usr %system  %guest   %wait    %CPU   CPU  minflt/s  majflt/s     VSZ     RSS   %MEM   kB_rd/s   kB_wr/s kB_ccwr/s iodelay  Command
1791476366    112     14307   56.00   25.00    0.00    2.00   81.00     3     58.00      0.00 2894072  965640  11.89      0.00   7664.00    336.00       0  mysqld
1791476366      0     17311    0.00    0.00    0.00    0.00    0.00     1      0.00      0.00   56800   12976   0.16      0.00      0.00      0.00       0  nginx
1791476366     33     23432    5.00    5.00    0.00   17.00   10.00     2      0.00      0.00   61400   15164   0.19      0.00     88.00     64.00       0  nginx
1791476366     33     23433    3.00    2.00    0.00   11.00    5.00     2      0.00      0.00   59344   13000   0.16      0.00    312.00    288.00       0  nginx
1791476366     33     23434    0.00    0.00    0.00    3.00    0.00     2      0.00      0.00   57844   11680   0.14      0.00      4.00      0.00       0  nginx
1791476366     33     23435    1.00    1.00    0.00    2.00    2.00     2      0.00      0.00   58368   12208   0.15      0.00    100.00     88.00       0  nginx
1791476366   1100    133158   21.00   18.00    0.00    9.00   39.00     0    687.00      0.00 2048812   17448   0.21      0.00      0.00      0.00       0  isupipe
1791476366    113    133166    4.00    8.00    0.00    0.00   12.00     3     10.00      0.00  682592   59204   0.73      0.00      0.00      0.00       0  pdns_server

# Time        UID       PID    %usr %system  %guest   %wait    %CPU   CPU  minflt/s  majflt/s     VSZ     RSS   %MEM   kB_rd/s   kB_wr/s kB_ccwr/s iodelay  Command
1791476367    112     14307   45.00   34.00    0.00    3.00   79.00     0     18.00      0.00 2894072  965640  11.89      0.00   4820.00    348.00       0  mysqld
1791476367      0     17311    0.00    0.00    0.00    0.00    0.00     1      0.00      0.00   56800   12976   0.16      0.00      0.00      0.00       0  nginx
1791476367     33     23432    6.00    6.00    0.00   10.00   12.00     2      0.00      0.00   61400   15164   0.19      0.00    344.00    288.00       0  nginx
1791476367     33     23433    2.00    1.00    0.00    5.00    3.00     2      0.00      0.00   59344   13000   0.16      0.00    176.00    168.00       0  nginx
1791476367     33     23434    1.00    0.00    0.00    1.00    1.00     2      0.00      0.00   57844   11680   0.14      0.00      0.00      0.00       0  nginx
1791476367     33     23435    0.00    2.00    0.00    2.00    2.00     2      0.00      0.00   58368   12208   0.15      0.00      0.00      0.00       0  nginx
1791476367   1100    133158   26.00   16.00    0.00   11.00   42.00     2    483.00      0.00 2048812   17312   0.21      0.00      0.00      0.00       0  isupipe
1791476367    113    133166    5.00   11.00    0.00    0.00   16.00     3     10.00      0.00  682592   59464   0.73      0.00      0.00      0.00       0  pdns_server

# Time        UID       PID    %usr %system  %guest   %wait    %CPU   CPU  minflt/s  majflt/s     VSZ     RSS   %MEM   kB_rd/s   kB_wr/s kB_ccwr/s iodelay  Command
1791476368    112     14307   54.00   24.00    0.00    4.00   78.00     1     94.00      0.00 2896128  965852  11.90      0.00   6764.00    284.00       0  mysqld
1791476368      0     17311    0.00    0.00    0.00    0.00    0.00     1      0.00      0.00   56800   12976   0.16      0.00      0.00      0.00       0  nginx
1791476368     33     23432    3.00    7.00    0.00   12.00   10.00     2      0.00      0.00   61400   15164   0.19      0.00    284.00    168.00       0  nginx
1791476368     33     23433    3.00    3.00    0.00    4.00    6.00     2      0.00      0.00   59344   13000   0.16      0.00    236.00    208.00       0  nginx
1791476368     33     23434    0.00    0.00    0.00    1.00    0.00     2      0.00      0.00   57844   11680   0.14      0.00      0.00      0.00       0  nginx
1791476368     33     23435    1.00    2.00    0.00    1.00    3.00     2      0.00      0.00   58368   12208   0.15      0.00      0.00      0.00       0  nginx
1791476368   1100    133158   22.00   15.00    0.00   15.00   37.00     2    677.00      0.00 2048812   17348   0.21      0.00      0.00      0.00       0  isupipe
1791476368    113    133166    5.00    8.00    0.00    0.00   13.00     3      8.00      0.00  682592   59464   0.73      0.00      0.00      0.00       0  pdns_server

# Time        UID       PID    %usr %system  %guest   %wait    %CPU   CPU  minflt/s  majflt/s     VSZ     RSS   %MEM   kB_rd/s   kB_wr/s kB_ccwr/s iodelay  Command
1791476369    112     14307   50.00   25.00    0.00    1.00   75.00     0      3.00      0.00 2894072  965640  11.89      0.00   4808.00    432.00       0  mysqld
1791476369      0     17311    0.00    0.00    0.00    0.00    0.00     1      0.00      0.00   56800   12976   0.16      0.00      0.00      0.00       0  nginx
1791476369     33     23432    5.00    5.00    0.00   16.00   10.00     2      0.00      0.00   61400   15164   0.19      0.00    436.00    296.00       0  nginx
1791476369     33     23433    1.00    3.00    0.00    7.00    4.00     2      0.00      0.00   59344   13000   0.16      0.00     20.00      0.00       0  nginx
1791476369     33     23434    0.00    1.00    0.00    1.00    1.00     2      0.00      0.00   57844   11680   0.14      0.00      0.00      0.00       0  nginx
1791476369     33     23435    2.00    1.00    0.00    6.00    3.00     2      0.00      0.00   58368   12208   0.15      0.00     96.00     80.00       0  nginx
1791476369   1100    133158   22.00   22.00    0.00   28.00   44.00     0    844.00      0.00 2048812   18572   0.23      0.00      0.00      0.00       0  isupipe
1791476369    113    133166    2.00    9.00    0.00    0.00   11.00     3     12.00      0.00  682592   59464   0.73      0.00      0.00      0.00       0  pdns_server

# Time        UID       PID    %usr %system  %guest   %wait    %CPU   CPU  minflt/s  majflt/s     VSZ     RSS   %MEM   kB_rd/s   kB_wr/s kB_ccwr/s iodelay  Command
1791476370    112     14307   53.00   32.00    0.00    4.00   85.00     1     92.00      0.00 2895100  965852  11.90      0.00   3956.00    188.00       0  mysqld
1791476370      0     17311    0.00    0.00    0.00    0.00    0.00     1      0.00      0.00   56800   12976   0.16      0.00      0.00      0.00       0  nginx
1791476370     33     23432    4.00    7.00    0.00    9.00   11.00     2      0.00      0.00   61400   15164   0.19      0.00    196.00    372.00       0  nginx
1791476370     33     23433    2.00    3.00    0.00    6.00    5.00     2      0.00      0.00   59344   13000   0.16      0.00     16.00      0.00       0  nginx
1791476370     33     23434    2.00    0.00    0.00    1.00    2.00     2      0.00      0.00   57844   11680   0.14      0.00     76.00     76.00       0  nginx
1791476370     33     23435    1.00    4.00    0.00    4.00    5.00     2      0.00      0.00   58368   12208   0.15      0.00     24.00      0.00       0  nginx
1791476370   1100    133158   15.00   21.00    0.00    2.00   36.00     1    549.00      0.00 2048812   17724   0.22      0.00      0.00      0.00       0  isupipe
1791476370    113    133166    6.00   10.00    0.00    0.00   16.00     3     15.00      0.00  682592   59728   0.74      0.00      0.00      0.00       0  pdns_server

# Time        UID       PID    %usr %system  %guest   %wait    %CPU   CPU  minflt/s  majflt/s     VSZ     RSS   %MEM   kB_rd/s   kB_wr/s kB_ccwr/s iodelay  Command
1791476371    112     14307   48.00   28.00    0.00    6.00   76.00     2     16.00      0.00 2895100  965640  11.89      0.00   3312.00    192.00       0  mysqld
1791476371      0     17311    0.00    0.00    0.00    0.00    0.00     1      0.00      0.00   56800   12976   0.16      0.00      0.00      0.00       0  nginx
1791476371     33     23432    2.00    4.00    0.00   14.00    6.00     2      0.00      0.00   61400   15164   0.19      0.00    268.00    256.00       0  nginx
1791476371     33     23433    1.00    2.00    0.00    4.00    3.00     2      0.00      0.00   59344   13000   0.16      0.00      8.00      0.00       0  nginx
1791476371     33     23434    0.00    1.00    0.00    2.00    1.00     2      0.00      0.00   57844   11680   0.14      0.00      8.00      0.00       0  nginx
1791476371     33     23435    1.00    1.00    0.00    8.00    2.00     2      0.00      0.00   58368   12208   0.15      0.00     12.00      0.00       0  nginx
1791476371   1100    133158   17.00   23.00    0.00    3.00   40.00     2    564.00      0.00 2048812   17492   0.22      0.00      0.00      0.00       0  isupipe
1791476371    113    133166    6.00    7.00    0.00    0.00   13.00     3      7.00      0.00  682592   59728   0.74      0.00      0.00      0.00       0  pdns_server

# Time        UID       PID    %usr %system  %guest   %wait    %CPU   CPU  minflt/s  majflt/s     VSZ     RSS   %MEM   kB_rd/s   kB_wr/s kB_ccwr/s iodelay  Command
1791476372    112     14307   44.00   25.00    0.00    4.00   69.00     0     86.00      0.00 2893044  965640  11.89      0.00   3400.00    220.00       0  mysqld
1791476372      0     17311    0.00    0.00    0.00    0.00    0.00     1      0.00      0.00   56800   12976   0.16      0.00      0.00      0.00       0  nginx
1791476372     33     23432    3.00    4.00    0.00   17.00    7.00     2      0.00      0.00   61400   15164   0.19      0.00    220.00    208.00       0  nginx
1791476372     33     23433    4.00    3.00    0.00   13.00    7.00     2      0.00      0.00   59344   13000   0.16      0.00     96.00     84.00       0  nginx
1791476372     33     23434    1.00    2.00    0.00    5.00    3.00     0      0.00      0.00   57844   11680   0.14      0.00     12.00      0.00       0  nginx
1791476372     33     23435    1.00    1.00    0.00    6.00    2.00     2      0.00      0.00   58368   12208   0.15      0.00      8.00      0.00       0  nginx
1791476372   1100    133158   19.00   20.00    0.00   25.00   39.00     0    618.00      0.00 2048812   17740   0.22      0.00      0.00      0.00       0  isupipe
1791476372    113    133166    1.00    8.00    0.00    0.00    9.00     3     10.00      0.00  682592   59728   0.74      0.00      0.00      0.00       0  pdns_server

# Time        UID       PID    %usr %system  %guest   %wait    %CPU   CPU  minflt/s  majflt/s     VSZ     RSS   %MEM   kB_rd/s   kB_wr/s kB_ccwr/s iodelay  Command
1791476373    112     14307   53.00   25.00    0.00    2.00   78.00     0     98.00      0.00 2893044  965812  11.90      0.00   4432.00    348.00       0  mysqld
1791476373      0     17311    0.00    0.00    0.00    0.00    0.00     1      0.00      0.00   56800   12976   0.16      0.00      0.00      0.00       0  nginx
1791476373     33     23432    4.00    6.00    0.00   15.00   10.00     2      0.00      0.00   61400   15164   0.19      0.00    296.00    280.00       0  nginx
1791476373     33     23433    1.00    3.00    0.00   10.00    4.00     0      0.00      0.00   59344   13000   0.16      0.00    116.00     88.00       0  nginx
1791476373     33     23434    0.00    1.00    0.00    6.00    1.00     2      0.00      0.00   57844   11680   0.14      0.00      8.00      0.00       0  nginx
1791476373     33     23435    1.00    2.00    0.00    2.00    3.00     0      0.00      0.00   58368   12208   0.15      0.00     84.00      0.00       0  nginx
1791476373   1100    133158   22.00   15.00    0.00   29.00   37.00     1    509.00      0.00 2048812   17872   0.22      0.00      0.00      0.00       0  isupipe
1791476373    113    133166    5.00    8.00    0.00    0.00   13.00     3      9.00      0.00  682592   59728   0.74      0.00      0.00      0.00       0  pdns_server

# Time        UID       PID    %usr %system  %guest   %wait    %CPU   CPU  minflt/s  majflt/s     VSZ     RSS   %MEM   kB_rd/s   kB_wr/s kB_ccwr/s iodelay  Command
1791476374    112     14307   52.00   22.00    0.00    2.00   74.00     0     12.00      0.00 2894072  965812  11.90      0.00   4096.00    232.00       0  mysqld
1791476374      0     17311    0.00    0.00    0.00    0.00    0.00     1      0.00      0.00   56800   12976   0.16      0.00      0.00      0.00       0  nginx
1791476374     33     23432    5.00    4.00    0.00   17.00    9.00     2      0.00      0.00   61400   15164   0.19      0.00    204.00    120.00       0  nginx
1791476374     33     23433    1.00    2.00    0.00    8.00    3.00     2      0.00      0.00   59344   13000   0.16      0.00    184.00    184.00       0  nginx
1791476374     33     23434    0.00    1.00    0.00    3.00    1.00     2      0.00      0.00   57844   11680   0.14      0.00     16.00      0.00       0  nginx
1791476374     33     23435    1.00    2.00    0.00    5.00    3.00     2      0.00      0.00   58368   12208   0.15      0.00     12.00     84.00       0  nginx
1791476374   1100    133158   22.00   20.00    0.00   16.00   42.00     2    867.00      0.00 2048812   17216   0.21      0.00      0.00      0.00       0  isupipe
1791476374    113    133166    6.00   11.00    0.00    0.00   17.00     3     13.00      0.00  682592   59728   0.74      0.00      0.00      0.00       0  pdns_server

# Time        UID       PID    %usr %system  %guest   %wait    %CPU   CPU  minflt/s  majflt/s     VSZ     RSS   %MEM   kB_rd/s   kB_wr/s kB_ccwr/s iodelay  Command
1791476375    112     14307   50.00   28.00    0.00    4.00   78.00     1     12.00      0.00 2894072  965812  11.90      0.00   6072.00    260.00       0  mysqld
1791476375      0     17311    0.00    0.00    0.00    0.00    0.00     1      0.00      0.00   56800   12976   0.16      0.00      0.00      0.00       0  nginx
1791476375     33     23432    3.00    5.00    0.00   22.00    8.00     2      0.00      0.00   61400   15164   0.19      0.00    108.00    148.00       0  nginx
1791476375     33     23433    3.00    3.00    0.00   11.00    6.00     3      0.00      0.00   59344   13000   0.16      0.00    208.00    196.00       0  nginx
1791476375     33     23434    1.00    3.00    0.00    6.00    4.00     3      0.00      0.00   57844   11680   0.14      0.00      8.00      0.00       0  nginx
1791476375     33     23435    1.00    1.00    0.00    8.00    2.00     2      0.00      0.00   58368   12208   0.15      0.00      4.00      0.00       0  nginx
1791476375   1100    133158   24.00   20.00    0.00   12.00   44.00     3    598.00      0.00 2048812   17896   0.22      0.00      0.00      0.00       0  isupipe
1791476375    113    133166    7.00    6.00    0.00    0.00   13.00     3     12.00      0.00  682592   59728   0.74      0.00      0.00      0.00       0  pdns_server

# Time        UID       PID    %usr %system  %guest   %wait    %CPU   CPU  minflt/s  majflt/s     VSZ     RSS   %MEM   kB_rd/s   kB_wr/s kB_ccwr/s iodelay  Command
1791476376    112     14307   48.00   28.00    0.00    3.00   76.00     2     13.00      0.00 2895100  965812  11.90      0.00   9220.00    256.00       0  mysqld
1791476376      0     17311    0.00    0.00    0.00    0.00    0.00     1      0.00      0.00   56800   12976   0.16      0.00      0.00      0.00       0  nginx
1791476376     33     23432    3.00    5.00    0.00   17.00    8.00     2      0.00      0.00   61400   15164   0.19      0.00    116.00     88.00       0  nginx
1791476376     33     23433    2.00    1.00    0.00    6.00    3.00     3      0.00      0.00   59344   13000   0.16      0.00    156.00    148.00       0  nginx
1791476376     33     23434    1.00    1.00    0.00    4.00    2.00     2      0.00      0.00   57844   11680   0.14      0.00    108.00    108.00       0  nginx
1791476376     33     23435    1.00    3.00    0.00    7.00    4.00     2      0.00      0.00   58368   12208   0.15      0.00      8.00      0.00       0  nginx
1791476376   1100    133158   22.00   16.00    0.00   26.00   38.00     1    344.00      0.00 2049068   17356   0.21      0.00      0.00      0.00       0  isupipe
1791476376    113    133166    5.00    9.00    0.00    0.00   14.00     3     10.00      0.00  682592   59728   0.74      0.00      0.00      0.00       0  pdns_server

# Time        UID       PID    %usr %system  %guest   %wait    %CPU   CPU  minflt/s  majflt/s     VSZ     RSS   %MEM   kB_rd/s   kB_wr/s kB_ccwr/s iodelay  Command
1791476377    112     14307   49.00   29.00    0.00    2.00   78.00     3      3.00      0.00 2895100  965812  11.90      0.00   4312.00    276.00       0  mysqld
1791476377      0     17311    0.00    0.00    0.00    0.00    0.00     1      0.00      0.00   56800   12976   0.16      0.00      0.00      0.00       0  nginx
1791476377     33     23432    5.00    5.00    0.00   14.00   10.00     2      0.00      0.00   61400   15164   0.19      0.00     24.00      0.00       0  nginx
1791476377     33     23433    4.00    2.00    0.00    5.00    6.00     2      0.00      0.00   59344   13000   0.16      0.00    264.00    256.00       0  nginx
1791476377     33     23434    0.00    0.00    0.00    0.00    0.00     2      0.00      0.00   57844   11680   0.14      0.00      0.00      0.00       0  nginx
1791476377     33     23435    1.00    3.00    0.00    3.00    4.00     2      0.00      0.00   58368   12208   0.15      0.00    108.00    104.00       0  nginx
1791476377   1100    133158   17.00   18.00    0.00   27.00   35.00     1    478.00      0.00 2049068   17788   0.22      0.00      0.00      0.00       0  isupipe
1791476377    113    133166    6.00    9.00    0.00    0.00   15.00     3     13.00      0.00  682592   59728   0.74      0.00      0.00      0.00       0  pdns_server

# Time        UID       PID    %usr %system  %guest   %wait    %CPU   CPU  minflt/s  majflt/s     VSZ     RSS   %MEM   kB_rd/s   kB_wr/s kB_ccwr/s iodelay  Command
1791476378    112     14307   49.00   23.00    0.00    3.00   72.00     2      9.00      0.00 2893044  965812  11.90      0.00   3948.00    252.00       0  mysqld
1791476378      0     17311    0.00    0.00    0.00    0.00    0.00     1      0.00      0.00   56800   12976   0.16      0.00      0.00      0.00       0  nginx
1791476378     33     23432    5.00    8.00    0.00   18.00   13.00     2      0.00      0.00   61400   15164   0.19      0.00    112.00     92.00       0  nginx
1791476378     33     23433    2.00    3.00    0.00    9.00    5.00     2      0.00      0.00   59344   13000   0.16      0.00    180.00    164.00       0  nginx
1791476378     33     23434    1.00    0.00    0.00    2.00    1.00     2      0.00      0.00   57844   11680   0.14      0.00      0.00      0.00       0  nginx
1791476378     33     23435    1.00    2.00    0.00    6.00    3.00     2      0.00      0.00   58368   12208   0.15      0.00     88.00      0.00       0  nginx
1791476378   1100    133158   20.00   22.00    0.00   20.00   42.00     2    511.00      0.00 2049068   17628   0.22      0.00      0.00      0.00       0  isupipe
1791476378    113    133166    5.00    7.00    0.00    0.00   12.00     3     10.00      0.00  682592   59992   0.74      0.00      0.00      0.00       0  pdns_server

# Time        UID       PID    %usr %system  %guest   %wait    %CPU   CPU  minflt/s  majflt/s     VSZ     RSS   %MEM   kB_rd/s   kB_wr/s kB_ccwr/s iodelay  Command
1791476379    112     14307   44.00   28.00    0.00    5.00   72.00     2      6.00      0.00 2893044  965812  11.90      0.00   4392.00    360.00       0  mysqld
1791476379      0     17311    0.00    0.00    0.00    0.00    0.00     1      0.00      0.00   56800   12976   0.16      0.00      0.00      0.00       0  nginx
1791476379     33     23432    3.00    5.00    0.00   21.00    8.00     2      0.00      0.00   61400   15164   0.19      0.00    200.00     96.00       0  nginx
1791476379     33     23433    2.00    3.00    0.00   14.00    5.00     2      0.00      0.00   59344   13000   0.16      0.00    224.00    212.00       0  nginx
1791476379     33     23434    0.00    0.00    0.00    3.00    0.00     2      0.00      0.00   57844   11680   0.14      0.00      0.00      0.00       0  nginx
1791476379     33     23435    1.00    2.00    0.00    8.00    3.00     2      0.00      0.00   58368   12208   0.15      0.00     16.00     80.00       0  nginx
1791476379   1100    133158   17.00   19.00    0.00   31.00   36.00     3    465.00      0.00 2049068   17364   0.21      0.00      0.00      0.00       0  isupipe
1791476379    113    133166    7.00    9.00    0.00    0.00   16.00     3     11.00      0.00  682592   59992   0.74      0.00      0.00      0.00       0  pdns_server

# Time        UID       PID    %usr %system  %guest   %wait    %CPU   CPU  minflt/s  majflt/s     VSZ     RSS   %MEM   kB_rd/s   kB_wr/s kB_ccwr/s iodelay  Command
1791476380    112     14307   45.00   27.00    0.00    6.00   72.00     2     15.00      0.00 2893044  965812  11.90      0.00   4468.00    364.00       0  mysqld
1791476380      0     17311    0.00    0.00    0.00    0.00    0.00     1      0.00      0.00   56800   12976   0.16      0.00      0.00      0.00       0  nginx
1791476380     33     23432    7.00    5.00    0.00   12.00   12.00     2      0.00      0.00   61400   15164   0.19      0.00    344.00    396.00       0  nginx
1791476380     33     23433    1.00    4.00    0.00    5.00    5.00     2      0.00      0.00   59344   13000   0.16      0.00     88.00     72.00       0  nginx
1791476380     33     23434    0.00    0.00    0.00    0.00    0.00     2      0.00      0.00   57844   11680   0.14      0.00      0.00      0.00       0  nginx
1791476380     33     23435    0.00    2.00    0.00    2.00    2.00     2      0.00      0.00   58368   12208   0.15      0.00     12.00      0.00       0  nginx
1791476380   1100    133158   19.00   25.00    0.00   16.00   44.00     2    822.00      0.00 2049068   18004   0.22      0.00      0.00      0.00       0  isupipe
1791476380    113    133166    3.00    8.00    0.00    0.00   11.00     3     11.00      0.00  682592   59992   0.74      0.00      0.00      0.00       0  pdns_server

# Time        UID       PID    %usr %system  %guest   %wait    %CPU   CPU  minflt/s  majflt/s     VSZ     RSS   %MEM   kB_rd/s   kB_wr/s kB_ccwr/s iodelay  Command
1791476381    112     14307   49.00   28.00    0.00    3.00   77.00     2      9.00      0.00 2893044  965812  11.90      0.00   3952.00    224.00       0  mysqld
1791476381      0     17311    0.00    0.00    0.00    0.00    0.00     1      0.00      0.00   56800   12976   0.16      0.00      0.00      0.00       0  nginx
1791476381     33     23432    3.00    6.00    0.00   18.00    9.00     2      0.00      0.00   61400   15164   0.19      0.00     24.00      0.00       0  nginx
1791476381     33     23433    3.00    2.00    0.00   11.00    5.00     3      0.00      0.00   59344   13000   0.16      0.00     76.00     68.00       0  nginx
1791476381     33     23434    0.00    1.00    0.00    4.00    1.00     2      0.00      0.00   57844   11680   0.14      0.00    228.00    224.00       0  nginx
1791476381     33     23435    1.00    1.00    0.00    5.00    2.00     2      0.00      0.00   58368   12208   0.15      0.00      8.00      0.00       0  nginx
1791476381   1100    133158   18.00   20.00    0.00   21.00   38.00     0    533.00      0.00 2049068   17052   0.21      0.00      0.00      0.00       0  isupipe
1791476381    113    133166    7.00   11.00    0.00    0.00   18.00     3     15.00      0.00  682592   59992   0.74      0.00      0.00      0.00       0  pdns_server

# Time        UID       PID    %usr %system  %guest   %wait    %CPU   CPU  minflt/s  majflt/s     VSZ     RSS   %MEM   kB_rd/s   kB_wr/s kB_ccwr/s iodelay  Command
1791476382    112     14307   40.00   23.00    0.00    2.00   63.00     0      7.00      0.00 2894072  965812  11.90      0.00   3768.00    208.00       0  mysqld
1791476382      0     17311    0.00    0.00    0.00    0.00    0.00     1      0.00      0.00   56800   12976   0.16      0.00      0.00      0.00       0  nginx
1791476382     33     23432    3.00    4.00    0.00   26.00    7.00     2      0.00      0.00   61400   15164   0.19      0.00    144.00      0.00       0  nginx
1791476382     33     23433    1.00    5.00    0.00    9.00    6.00     2      0.00      0.00   59344   13000   0.16      0.00    132.00    128.00       0  nginx
1791476382     33     23434    1.00    1.00    0.00    1.00    2.00     2      0.00      0.00   57844   11680   0.14      0.00     72.00     68.00       0  nginx
1791476382     33     23435    3.00    1.00    0.00   11.00    4.00     2      0.00      0.00   58368   12208   0.15      0.00     84.00     80.00       0  nginx
1791476382   1100    133158   23.00   16.00    0.00   13.00   39.00     2    970.00      0.00 2049068   18228   0.22      0.00      0.00      0.00       0  isupipe
1791476382    113    133166    5.00    9.00    0.00    0.00   14.00     3      9.00      0.00  682592   59992   0.74      0.00      0.00      0.00       0  pdns_server

# Time        UID       PID    %usr %system  %guest   %wait    %CPU   CPU  minflt/s  majflt/s     VSZ     RSS   %MEM   kB_rd/s   kB_wr/s kB_ccwr/s iodelay  Command
1791476383    112     14307   46.00   28.00    0.00    4.00   74.00     0     65.00      0.00 2892016  965812  11.90      0.00   5096.00    292.00       0  mysqld
1791476383      0     17311    0.00    0.00    0.00    0.00    0.00     1      0.00      0.00   56800   12976   0.16      0.00      0.00      0.00       0  nginx
1791476383     33     23432    6.00    6.00    0.00   18.00   12.00     2      0.00      0.00   61400   15164   0.19      0.00    204.00    300.00       0  nginx
1791476383     33     23433    3.00    2.00    0.00    6.00    5.00     2      0.00      0.00   59344   13000   0.16      0.00     96.00     88.00       0  nginx
1791476383     33     23434    0.00    0.00    0.00    0.00    0.00     2      0.00      0.00   57844   11680   0.14      0.00      0.00      0.00       0  nginx
1791476383     33     23435    0.00    3.00    0.00    5.00    3.00     2      0.00      0.00   58368   12208   0.15      0.00     16.00      0.00       0  nginx
1791476383   1100    133158   18.00   17.00    0.00   10.00   35.00     2    383.00      0.00 2049068   17572   0.22      0.00      0.00      0.00       0  isupipe
1791476383    113    133166    3.00   10.00    0.00    0.00   13.00     3      9.00      0.00  682592   59992   0.74      0.00      0.00      0.00       0  pdns_server

# Time        UID       PID    %usr %system  %guest   %wait    %CPU   CPU  minflt/s  majflt/s     VSZ     RSS   %MEM   kB_rd/s   kB_wr/s kB_ccwr/s iodelay  Command
1791476384    112     14307   46.00   23.00    0.00    5.00   69.00     0    150.00      0.00 2894072  965812  11.90      0.00   4624.00    520.00       0  mysqld
1791476384      0     17311    0.00    0.00    0.00    0.00    0.00     1      0.00      0.00   56800   12976   0.16      0.00      0.00      0.00       0  nginx
1791476384     33     23432    8.00    4.00    0.00   21.00   12.00     2      0.00      0.00   61400   15164   0.19      0.00    252.00    228.00       0  nginx
1791476384     33     23433    3.00    4.00    0.00   11.00    7.00     2      0.00      0.00   59344   13000   0.16      0.00    192.00    172.00       0  nginx
1791476384     33     23434    1.00    1.00    0.00    8.00    2.00     2      0.00      0.00   57844   11680   0.14      0.00      8.00      0.00       0  nginx
1791476384     33     23435    1.00    1.00    0.00    8.00    2.00     2      0.00      0.00   58368   12208   0.15      0.00    188.00    188.00       0  nginx
1791476384   1100    133158   23.00   19.00    0.00   18.00   42.00     0   1197.00      0.00 2049068   17784   0.22      0.00      0.00      0.00       0  isupipe
1791476384    113    133166    6.00    8.00    0.00    0.00   14.00     3     16.00      0.00  682592   59992   0.74      0.00      0.00      0.00       0  pdns_server

# Time        UID       PID    %usr %system  %guest   %wait    %CPU   CPU  minflt/s  majflt/s     VSZ     RSS   %MEM   kB_rd/s   kB_wr/s kB_ccwr/s iodelay  Command
1791476385    112     14307   41.00   26.00    0.00    6.00   67.00     3     94.00      0.00 2892016  965812  11.90      0.00   3856.00    356.00       0  mysqld
1791476385      0     17311    0.00    0.00    0.00    0.00    0.00     1      0.00      0.00   56800   12976   0.16      0.00      0.00      0.00       0  nginx
1791476385     33     23432    5.00    5.00    0.00   21.00   10.00     2      0.00      0.00   61400   15164   0.19      0.00    216.00    192.00       0  nginx
1791476385     33     23433    1.00    4.00    0.00   11.00    5.00     2      0.00      0.00   59344   13000   0.16      0.00    156.00    152.00       0  nginx
1791476385     33     23434    0.00    2.00    0.00    4.00    2.00     2      0.00      0.00   57844   11680   0.14      0.00      0.00      0.00       0  nginx
1791476385     33     23435    1.00    2.00    0.00    4.00    3.00     2      0.00      0.00   58368   12208   0.15      0.00      4.00      0.00       0  nginx
1791476385   1100    133158   17.00   21.00    0.00   23.00   38.00     2    439.00      0.00 2049068   18280   0.23      0.00      0.00      0.00       0  isupipe
1791476385    113    133166    4.00    8.00    0.00    0.00   12.00     3     11.00      0.00  682592   60256   0.74      0.00      0.00      0.00       0  pdns_server

# Time        UID       PID    %usr %system  %guest   %wait    %CPU   CPU  minflt/s  majflt/s     VSZ     RSS   %MEM   kB_rd/s   kB_wr/s kB_ccwr/s iodelay  Command
1791476386    112     14307   45.54   21.78    0.00    2.97   67.33     3     87.13      0.00 2893044  965812  11.90      0.00   3841.58    229.70       0  mysqld
1791476386      0     17311    0.00    0.00    0.00    0.00    0.00     1      0.00      0.00   56800   12976   0.16      0.00      0.00      0.00       0  nginx
1791476386     33     23432    4.95    5.94    0.00   14.85   10.89     1      0.00      0.00   61400   15164   0.19      0.00    201.98    190.10       0  nginx
1791476386     33     23433    2.97    3.96    0.00    5.94    6.93     2      0.00      0.00   59344   13000   0.16      0.00    118.81    114.85       0  nginx
1791476386     33     23434    0.00    0.99    0.00    1.98    0.99     2      0.00      0.00   57844   11680   0.14      0.00      7.92      0.00       0  nginx
1791476386     33     23435    1.98    0.00    0.00    1.98    1.98     2      0.00      0.00   58368   12208   0.15      0.00     15.84      0.00       0  nginx
1791476386   1100    133158   17.82   14.85    0.00   18.81   32.67     3    191.09      0.00 2049068   18104   0.22      0.00      0.00      0.00       0  isupipe
1791476386    113    133166    6.93    8.91    0.00    0.00   15.84     3      9.90      0.00  682592   60256   0.74      0.00      0.00      0.00       0  pdns_server

# Time        UID       PID    %usr %system  %guest   %wait    %CPU   CPU  minflt/s  majflt/s     VSZ     RSS   %MEM   kB_rd/s   kB_wr/s kB_ccwr/s iodelay  Command
1791476387    112     14307   36.00   33.00    0.00    6.00   69.00     1     12.00      0.00 2893044  965812  11.90      0.00   3268.00    124.00       0  mysqld
1791476387      0     17311    0.00    0.00    0.00    0.00    0.00     1      0.00      0.00   56800   12976   0.16      0.00      0.00      0.00       0  nginx
1791476387     33     23432    4.00    7.00    0.00   28.00   11.00     3      0.00      0.00   61400   15164   0.19      0.00    108.00     84.00       0  nginx
1791476387     33     23433    3.00    2.00    0.00   14.00    5.00     2      0.00      0.00   59344   13000   0.16      0.00    180.00     80.00       0  nginx
1791476387     33     23434    1.00    1.00    0.00    7.00    2.00     2      0.00      0.00   57844   11680   0.14      0.00      4.00      0.00       0  nginx
1791476387     33     23435    0.00    2.00    0.00    9.00    2.00     1      0.00      0.00   58368   12208   0.15      0.00      0.00      0.00       0  nginx
1791476387   1100    133158   15.00   23.00    0.00    7.00   38.00     1    373.00      0.00 2049068   17464   0.22      0.00      0.00      0.00       0  isupipe
1791476387    113    133166    5.00    9.00    0.00    0.00   14.00     3     10.00      0.00  682592   60256   0.74      0.00      0.00      0.00       0  pdns_server

# Time        UID       PID    %usr %system  %guest   %wait    %CPU   CPU  minflt/s  majflt/s     VSZ     RSS   %MEM   kB_rd/s   kB_wr/s kB_ccwr/s iodelay  Command
1791476388    112     14307   45.00   26.00    0.00    3.00   71.00     3      6.00      0.00 2893044  965812  11.90      0.00   3288.00    236.00       0  mysqld
1791476388      0     17311    0.00    0.00    0.00    0.00    0.00     1      0.00      0.00   56800   12976   0.16      0.00      0.00      0.00       0  nginx
1791476388     33     23432    6.00    4.00    0.00   29.00   10.00     2      0.00      0.00   61400   15164   0.19      0.00    232.00    212.00       0  nginx
1791476388     33     23433    2.00    4.00    0.00   15.00    6.00     2      0.00      0.00   59344   13000   0.16      0.00      8.00    100.00       0  nginx
1791476388     33     23434    0.00    1.00    0.00    6.00    1.00     2      0.00      0.00   57844   11680   0.14      0.00     12.00      0.00       0  nginx
1791476388     33     23435    1.00    1.00    0.00    6.00    2.00     2      0.00      0.00   58368   12208   0.15      0.00      0.00      0.00       0  nginx
1791476388   1100    133158   18.00   17.00    0.00   24.00   35.00     2    375.00      0.00 2049068   18244   0.22      0.00      0.00      0.00       0  isupipe
1791476388    113    133166    5.00   12.00    0.00    0.00   17.00     3     13.00      0.00  682592   60256   0.74      0.00      0.00      0.00       0  pdns_server

# Time        UID       PID    %usr %system  %guest   %wait    %CPU   CPU  minflt/s  majflt/s     VSZ     RSS   %MEM   kB_rd/s   kB_wr/s kB_ccwr/s iodelay  Command
1791476389    112     14307   37.00   27.00    0.00    3.00   64.00     3      3.00      0.00 2892016  965812  11.90      0.00   3148.00    180.00       0  mysqld
1791476389      0     17311    0.00    0.00    0.00    0.00    0.00     1      0.00      0.00   56800   12976   0.16      0.00      0.00      0.00       0  nginx
1791476389     33     23432    6.00    9.00    0.00   27.00   15.00     2      0.00      0.00   61400   15164   0.19      0.00     84.00     72.00       0  nginx
1791476389     33     23433    3.00    3.00    0.00   24.00    6.00     2      0.00      0.00   59344   13000   0.16      0.00     12.00      0.00       0  nginx
1791476389     33     23434    1.00    1.00    0.00    5.00    2.00     1      0.00      0.00   57844   11680   0.14      0.00      8.00      0.00       0  nginx
1791476389     33     23435    3.00    2.00    0.00   16.00    5.00     2      0.00      0.00   58368   12208   0.15      0.00    160.00     84.00       0  nginx
1791476389   1100    133158   14.00   22.00    0.00    9.00   36.00     3    291.00      0.00 2049068   17916   0.22      0.00      0.00      0.00       0  isupipe
1791476389    113    133166    5.00    8.00    0.00    0.00   13.00     3     11.00      0.00  682592   60256   0.74      0.00      0.00      0.00       0  pdns_server

# Time        UID       PID    %usr %system  %guest   %wait    %CPU   CPU  minflt/s  majflt/s     VSZ     RSS   %MEM   kB_rd/s   kB_wr/s kB_ccwr/s iodelay  Command
1791476390    112     14307   48.00   25.00    0.00    3.00   73.00     2      3.00      0.00 2892016  965812  11.90      0.00   3340.00    180.00       0  mysqld
1791476390      0     17311    0.00    0.00    0.00    0.00    0.00     1      0.00      0.00   56800   12976   0.16      0.00      0.00      0.00       0  nginx
1791476390     33     23432    3.00    6.00    0.00   21.00    9.00     0      0.00      0.00   61400   15164   0.19      0.00     20.00      0.00       0  nginx
1791476390     33     23433    3.00    2.00    0.00   11.00    5.00     2      0.00      0.00   59344   13000   0.16      0.00     16.00      0.00       0  nginx
1791476390     33     23434    1.00    2.00    0.00    7.00    3.00     2      0.00      0.00   57844   11680   0.14      0.00    156.00    152.00       0  nginx
1791476390     33     23435    3.00    1.00    0.00    5.00    4.00     2      0.00      0.00   58368   12208   0.15      0.00     92.00    160.00       0  nginx
1791476390   1100    133158   25.00   20.00    0.00   19.00   45.00     0    992.00      0.00 2049068   17232   0.21      0.00      0.00      0.00       0  isupipe
1791476390    113    133166    5.00    7.00    0.00    0.00   12.00     3      9.00      0.00  682592   60256   0.74      0.00      0.00      0.00       0  pdns_server

# Time        UID       PID    %usr %system  %guest   %wait    %CPU   CPU  minflt/s  majflt/s     VSZ     RSS   %MEM   kB_rd/s   kB_wr/s kB_ccwr/s iodelay  Command
1791476391    112     14307   47.00   31.00    0.00    7.00   78.00     2      6.00      0.00 2892016  965812  11.90      0.00   3436.00    216.00       0  mysqld
1791476391      0     17311    0.00    0.00    0.00    0.00    0.00     1      0.00      0.00   56800   12976   0.16      0.00      0.00      0.00       0  nginx
1791476391     33     23432    5.00    5.00    0.00   14.00   10.00     2      0.00      0.00   61400   15164   0.19      0.00    228.00    116.00       0  nginx
1791476391     33     23433    2.00    4.00    0.00    7.00    6.00     2      0.00      0.00   59344   13000   0.16      0.00    184.00    168.00       0  nginx
1791476391     33     23434    1.00    0.00    0.00    1.00    1.00     2      0.00      0.00   57844   11680   0.14      0.00      4.00      0.00       0  nginx
1791476391     33     23435    2.00    1.00    0.00    3.00    3.00     2      0.00      0.00   58368   12208   0.15      0.00      4.00      0.00       0  nginx
1791476391   1100    133158   21.00   17.00    0.00   19.00   38.00     2    929.00      0.00 2049068   18220   0.22      0.00      0.00      0.00       0  isupipe
1791476391    113    133166    4.00   10.00    0.00    0.00   14.00     3     11.00      0.00  682592   60256   0.74      0.00      0.00      0.00       0  pdns_server

# Time        UID       PID    %usr %system  %guest   %wait    %CPU   CPU  minflt/s  majflt/s     VSZ     RSS   %MEM   kB_rd/s   kB_wr/s kB_ccwr/s iodelay  Command
1791476392    112     14307   33.00   25.00    0.00    1.00   58.00     2      0.00      0.00 2892016  965812  11.90      0.00   1996.00    136.00       0  mysqld
1791476392      0     17311    0.00    0.00    0.00    0.00    0.00     1      0.00      0.00   56800   12976   0.16      0.00      0.00      0.00       0  nginx
1791476392     33     23432    4.00    2.00    0.00   15.00    6.00     2      0.00      0.00   61400   15164   0.19      0.00     96.00    184.00       0  nginx
1791476392     33     23433    3.00    2.00    0.00   11.00    5.00     2      0.00      0.00   59344   13000   0.16      0.00    120.00      0.00       0  nginx
1791476392     33     23434    0.00    0.00    0.00    1.00    0.00     2      0.00      0.00   57844   11680   0.14      0.00      8.00      0.00       0  nginx
1791476392     33     23435    0.00    2.00    0.00    6.00    2.00     2      0.00      0.00   58368   12208   0.15      0.00      0.00      0.00       0  nginx
1791476392   1100    133158   14.00   13.00    0.00   21.00   27.00     2    221.00      0.00 2049068   17928   0.22      0.00      0.00      0.00       0  isupipe
1791476392    113    133166    8.00   14.00    0.00    0.00   22.00     3     12.00      0.00  682592   60256   0.74      0.00      0.00      0.00       0  pdns_server

# Time        UID       PID    %usr %system  %guest   %wait    %CPU   CPU  minflt/s  majflt/s     VSZ     RSS   %MEM   kB_rd/s   kB_wr/s kB_ccwr/s iodelay  Command
1791476393    112     14307   37.00   25.00    0.00    1.00   62.00     0      3.00      0.00 2892016  965812  11.90      0.00   4184.00    332.00       0  mysqld
1791476393      0     17311    0.00    0.00    0.00    0.00    0.00     1      0.00      0.00   56800   12976   0.16      0.00      0.00      0.00       0  nginx
1791476393     33     23432    1.00    5.00    0.00   22.00    6.00     2      0.00      0.00   61400   15164   0.19      0.00    164.00    144.00       0  nginx
1791476393     33     23433    2.00    3.00    0.00   19.00    5.00     2      0.00      0.00   59344   13000   0.16      0.00     92.00    204.00       0  nginx
1791476393     33     23434    1.00    1.00    0.00    7.00    2.00     0      0.00      0.00   57844   11680   0.14      0.00      8.00      0.00       0  nginx
1791476393     33     23435    1.00    1.00    0.00    9.00    2.00     2      0.00      0.00   58368   12208   0.15      0.00      0.00      0.00       0  nginx
1791476393   1100    133158   16.00   20.00    0.00   16.00   36.00     3    493.00      0.00 2049068   17844   0.22      0.00      0.00      0.00       0  isupipe
1791476393    113    133166    5.00    9.00    0.00    0.00   14.00     3      9.00      0.00  682592   60520   0.75      0.00      0.00      0.00       0  pdns_server

# Time        UID       PID    %usr %system  %guest   %wait    %CPU   CPU  minflt/s  majflt/s     VSZ     RSS   %MEM   kB_rd/s   kB_wr/s kB_ccwr/s iodelay  Command
1791476394    112     14307   35.64   25.74    0.00    2.97   61.39     0      0.00      0.00 2892016  965812  11.90      0.00   2693.07    158.42       0  mysqld
1791476394      0     17311    0.00    0.00    0.00    0.00    0.00     1      0.00      0.00   56800   12976   0.16      0.00      0.00      0.00       0  nginx
1791476394     33     23432    3.96    3.96    0.00   11.88    7.92     2      0.00      0.00   61400   15164   0.19      0.00    225.74    213.86       0  nginx
1791476394     33     23433    0.99    2.97    0.00    8.91    3.96     2      0.00      0.00   59344   13000   0.16      0.00     19.80      0.00       0  nginx
1791476394     33     23434    1.98    1.98    0.00   10.89    3.96     2      0.00      0.00   57844   11680   0.14      0.00      0.00      0.00       0  nginx
1791476394     33     23435    0.99    1.98    0.00    6.93    2.97     2      0.00      0.00   58368   12208   0.15      0.00      0.00      0.00       0  nginx
1791476394   1100    133158   15.84   14.85    0.00    0.00   30.69     0    316.83      0.00 2049068   17944   0.22      0.00      0.00      0.00       0  isupipe
1791476394    113    133166    6.93    7.92    0.00    0.00   14.85     3     10.89      0.00  682592   60520   0.75      0.00      0.00      0.00       0  pdns_server

# Time        UID       PID    %usr %system  %guest   %wait    %CPU   CPU  minflt/s  majflt/s     VSZ     RSS   %MEM   kB_rd/s   kB_wr/s kB_ccwr/s iodelay  Command
1791476395    112     14307   43.00   26.00    0.00    7.00   69.00     2      0.00      0.00 2892016  965812  11.90      0.00   9304.00    388.00       0  mysqld
1791476395      0     17311    0.00    0.00    0.00    0.00    0.00     1      0.00      0.00   56800   12976   0.16      0.00      0.00      0.00       0  nginx
1791476395     33     23432    3.00    3.00    0.00   16.00    6.00     1      0.00      0.00   61400   15164   0.19      0.00    184.00    176.00       0  nginx
1791476395     33     23433    3.00    2.00    0.00   18.00    5.00     2      0.00      0.00   59344   13000   0.16      0.00    120.00    104.00       0  nginx
1791476395     33     23434    2.00    1.00    0.00    3.00    3.00     1      0.00      0.00   57844   11680   0.14      0.00    108.00     96.00       0  nginx
1791476395     33     23435    1.00    2.00    0.00    8.00    3.00     2      0.00      0.00   58368   12208   0.15      0.00      4.00      0.00       0  nginx
1791476395   1100    133158   18.00   20.00    0.00   14.00   38.00     1    894.00      0.00 2122860   17668   0.22      0.00      0.00      0.00       0  isupipe
1791476395    113    133166    5.00   11.00    0.00    0.00   16.00     3     13.00      0.00  682592   60520   0.75      0.00      0.00      0.00       0  pdns_server

# Time        UID       PID    %usr %system  %guest   %wait    %CPU   CPU  minflt/s  majflt/s     VSZ     RSS   %MEM   kB_rd/s   kB_wr/s kB_ccwr/s iodelay  Command
1791476396    112     14307   43.00   21.00    0.00    5.00   64.00     2      6.00      0.00 2892016  965812  11.90      0.00   2432.00    112.00       0  mysqld
1791476396      0     17311    0.00    0.00    0.00    0.00    0.00     1      0.00      0.00   56800   12976   0.16      0.00      0.00      0.00       0  nginx
1791476396     33     23432    6.00    4.00    0.00   16.00   10.00     2      0.00      0.00   61400   15164   0.19      0.00    100.00     76.00       0  nginx
1791476396     33     23433    2.00    5.00    0.00   15.00    7.00     2      0.00      0.00   59344   13000   0.16      0.00     20.00      0.00       0  nginx
1791476396     33     23434    0.00    0.00    0.00    3.00    0.00     2      0.00      0.00   57844   11680   0.14      0.00      0.00      0.00       0  nginx
1791476396     33     23435    2.00    2.00    0.00    9.00    4.00     2      0.00      0.00   58368   12208   0.15      0.00     64.00     64.00       0  nginx
1791476396   1100    133158   12.00   20.00    0.00   18.00   32.00     3    275.00      0.00 2122860   18124   0.22      0.00      0.00      0.00       0  isupipe
1791476396    113    133166    7.00    8.00    0.00    0.00   15.00     3     13.00      0.00  682592   60520   0.75      0.00      0.00      0.00       0  pdns_server

# Time        UID       PID    %usr %system  %guest   %wait    %CPU   CPU  minflt/s  majflt/s     VSZ     RSS   %MEM   kB_rd/s   kB_wr/s kB_ccwr/s iodelay  Command
1791476397    112     14307   38.00   26.00    0.00    6.00   64.00     1     12.00      0.00 2892016  965812  11.90      0.00   2832.00    136.00       0  mysqld
1791476397      0     17311    0.00    0.00    0.00    0.00    0.00     1      0.00      0.00   56800   12976   0.16      0.00      0.00      0.00       0  nginx
1791476397     33     23432    3.00    4.00    0.00   23.00    7.00     2      0.00      0.00   61400   15164   0.19      0.00    112.00     80.00       0  nginx
1791476397     33     23433    2.00    4.00    0.00   17.00    6.00     2      0.00      0.00   59344   13000   0.16      0.00    112.00     96.00       0  nginx
1791476397     33     23434    0.00    2.00    0.00    5.00    2.00     1      0.00      0.00   57844   11680   0.14      0.00      0.00      0.00       0  nginx
1791476397     33     23435    1.00    4.00    0.00   13.00    5.00     2      0.00      0.00   58368   12208   0.15      0.00      4.00      0.00       0  nginx
1791476397   1100    133158   19.00   18.00    0.00   17.00   37.00     3    773.00      0.00 2122860   17756   0.22      0.00      0.00      0.00       0  isupipe
1791476397    113    133166    6.00    6.00    0.00    0.00   12.00     3      7.00      0.00  682592   60520   0.75      0.00      0.00      0.00       0  pdns_server

# Time        UID       PID    %usr %system  %guest   %wait    %CPU   CPU  minflt/s  majflt/s     VSZ     RSS   %MEM   kB_rd/s   kB_wr/s kB_ccwr/s iodelay  Command
1791476398    112     14307   34.00   29.00    0.00    5.00   63.00     1      6.00      0.00 2892016  965812  11.90      0.00   2952.00    260.00       0  mysqld
1791476398      0     17311    0.00    0.00    0.00    0.00    0.00     1      0.00      0.00   56800   12976   0.16      0.00      0.00      0.00       0  nginx
1791476398     33     23432    3.00    5.00    0.00   16.00    8.00     2      0.00      0.00   61400   15164   0.19      0.00    144.00     64.00       0  nginx
1791476398     33     23433    3.00    3.00    0.00   14.00    6.00     2      0.00      0.00   59344   13000   0.16      0.00    116.00    104.00       0  nginx
1791476398     33     23434    0.00    1.00    0.00    2.00    1.00     2      0.00      0.00   57844   11680   0.14      0.00      0.00      0.00       0  nginx
1791476398     33     23435    2.00    2.00    0.00   11.00    4.00     2      0.00      0.00   58368   12208   0.15      0.00     96.00      0.00       0  nginx
1791476398   1100    133158   14.00   23.00    0.00   11.00   37.00     2    482.00      0.00 2122860   17624   0.22      0.00      0.00      0.00       0  isupipe
1791476398    113    133166    7.00   11.00    0.00    0.00   18.00     3     11.00      0.00  682592   60520   0.75      0.00      0.00      0.00       0  pdns_server

# Time        UID       PID    %usr %system  %guest   %wait    %CPU   CPU  minflt/s  majflt/s     VSZ     RSS   %MEM   kB_rd/s   kB_wr/s kB_ccwr/s iodelay  Command
1791476399    112     14307   37.00   23.00    0.00    4.00   60.00     3      6.00      0.00 2892016  965812  11.90      0.00   4128.00    148.00       0  mysqld
1791476399      0     17311    0.00    0.00    0.00    0.00    0.00     1      0.00      0.00   56800   12976   0.16      0.00      0.00      0.00       0  nginx
1791476399     33     23432    4.00    2.00    0.00   21.00    6.00     2      0.00      0.00   60172   14204   0.17      0.00     20.00     80.00       0  nginx
1791476399     33     23433    2.00    3.00    0.00   23.00    5.00     2      0.00      0.00   59344   13000   0.16      0.00     92.00     84.00       0  nginx
1791476399     33     23434    1.00    0.00    0.00    6.00    1.00     3      0.00      0.00   57844   11680   0.14      0.00      0.00      0.00       0  nginx
1791476399     33     23435    2.00    3.00    0.00   13.00    5.00     2      0.00      0.00   58368   12208   0.15      0.00    116.00    204.00       0  nginx
1791476399   1100    133158   24.00   20.00    0.00    9.00   44.00     2    623.00      0.00 2122860   18140   0.22      0.00      0.00      0.00       0  isupipe
1791476399    113    133166    3.00    9.00    0.00    0.00   12.00     3     10.00      0.00  682592   60520   0.75      0.00      0.00      0.00       0  pdns_server

# Time        UID       PID    %usr %system  %guest   %wait    %CPU   CPU  minflt/s  majflt/s     VSZ     RSS   %MEM   kB_rd/s   kB_wr/s kB_ccwr/s iodelay  Command
1791476400    112     14307   39.60   22.77    0.00    4.95   62.38     2      2.97      0.00 2892016  965812  11.90      0.00   2704.95    126.73       0  mysqld
1791476400      0     17311    0.00    0.00    0.00    0.00    0.00     1      0.00      0.00   56800   12976   0.16      0.00      0.00      0.00       0  nginx
1791476400     33     23432    3.96    2.97    0.00   16.83    6.93     0      0.00      0.00   60172   14204   0.17      0.00    102.97     87.13       0  nginx
1791476400     33     23433    1.98    1.98    0.00   14.85    3.96     0      0.00      0.00   59344   13000   0.16      0.00     99.01     79.21       0  nginx
1791476400     33     23434    1.98    0.99    0.00    3.96    2.97     2      0.00      0.00   57844   11680   0.14      0.00      0.00      0.00       0  nginx
1791476400     33     23435    3.96    0.99    0.00    9.90    4.95     0      0.00      0.00   58368   12208   0.15      0.00      3.96      0.00       0  nginx
1791476400   1100    133158   17.82   14.85    0.00   15.84   32.67     2    454.46      0.00 2122860   18216   0.22      0.00      0.00      0.00       0  isupipe
1791476400    113    133166    2.97    9.90    0.00    0.00   12.87     3     12.87      0.00  682592   60520   0.75      0.00      0.00      0.00       0  pdns_server

# Time        UID       PID    %usr %system  %guest   %wait    %CPU   CPU  minflt/s  majflt/s     VSZ     RSS   %MEM   kB_rd/s   kB_wr/s kB_ccwr/s iodelay  Command
1791476401    112     14307   46.00   25.00    0.00    1.00   71.00     3     93.00      0.00 2892016  965812  11.90      0.00   3148.00    216.00       0  mysqld
1791476401      0     17311    0.00    0.00    0.00    0.00    0.00     1      0.00      0.00   56800   12976   0.16      0.00      0.00      0.00       0  nginx
1791476401     33     23432    3.00    5.00    0.00   20.00    8.00     0      0.00      0.00   60172   14204   0.17      0.00    196.00     84.00       0  nginx
1791476401     33     23433    3.00    4.00    0.00   10.00    7.00     0      0.00      0.00   59344   13000   0.16      0.00     24.00      0.00       0  nginx
1791476401     33     23434    1.00    2.00    0.00    5.00    3.00     0      0.00      0.00   57844   11680   0.14      0.00      0.00      0.00       0  nginx
1791476401     33     23435    0.00    3.00    0.00    7.00    3.00     0      0.00      0.00   58368   12208   0.15      0.00     96.00     88.00       0  nginx
1791476401   1100    133158   17.00   20.00    0.00   16.00   37.00     3    246.00      0.00 2122860   17980   0.22      0.00      0.00      0.00       0  isupipe
1791476401    113    133166    3.00    9.00    0.00    0.00   12.00     3      8.00      0.00  682592   60784   0.75      0.00      0.00      0.00       0  pdns_server

# Time        UID       PID    %usr %system  %guest   %wait    %CPU   CPU  minflt/s  majflt/s     VSZ     RSS   %MEM   kB_rd/s   kB_wr/s kB_ccwr/s iodelay  Command
1791476402    112     14307   48.00   24.00    0.00    5.00   72.00     3      3.00      0.00 2893044  965812  11.90      0.00   3144.00    124.00       0  mysqld
1791476402      0     17311    0.00    0.00    0.00    0.00    0.00     1      0.00      0.00   56800   12976   0.16      0.00      0.00      0.00       0  nginx
1791476402     33     23432    4.00    3.00    0.00   29.00    7.00     0      0.00      0.00   60172   14204   0.17      0.00     16.00    108.00       0  nginx
1791476402     33     23433    3.00    2.00    0.00   21.00    5.00     0      0.00      0.00   59344   13000   0.16      0.00    104.00     96.00       0  nginx
1791476402     33     23434    1.00    2.00    0.00   12.00    3.00     0      0.00      0.00   57844   11680   0.14      0.00     68.00     68.00       0  nginx
1791476402     33     23435    0.00    3.00    0.00   17.00    3.00     0      0.00      0.00   58368   12208   0.15      0.00      4.00      0.00       0  nginx
1791476402   1100    133158   19.00   22.00    0.00   21.00   41.00     1    470.00      0.00 2122860   17652   0.22      0.00      0.00      0.00       0  isupipe
1791476402    113    133166    8.00    9.00    0.00    0.00   17.00     3     10.00      0.00  682592   60784   0.75      0.00      0.00      0.00       0  pdns_server

# Time        UID       PID    %usr %system  %guest   %wait    %CPU   CPU  minflt/s  majflt/s     VSZ     RSS   %MEM   kB_rd/s   kB_wr/s kB_ccwr/s iodelay  Command
1791476403    112     14307   39.00   28.00    0.00    5.00   67.00     2      3.00      0.00 2892016  965812  11.90      0.00   4220.00    252.00       0  mysqld
1791476403      0     17311    0.00    0.00    0.00    0.00    0.00     1      0.00      0.00   56800   12976   0.16      0.00      0.00      0.00       0  nginx
1791476403     33     23432    5.00    3.00    0.00   15.00    8.00     0      0.00      0.00   60172   14204   0.17      0.00    256.00    236.00       0  nginx
1791476403     33     23433    3.00    2.00    0.00   12.00    5.00     0      0.00      0.00   59344   13000   0.16      0.00    132.00     96.00       0  nginx
1791476403     33     23434    0.00    0.00    0.00    0.00    0.00     0      0.00      0.00   57844   11680   0.14      0.00      0.00      0.00       0  nginx
1791476403     33     23435    1.00    3.00    0.00    7.00    4.00     0      0.00      0.00   58368   12208   0.15      0.00     12.00      0.00       0  nginx
1791476403   1100    133158   14.00   19.00    0.00    3.00   33.00     1    568.00      0.00 2122860   18584   0.23      0.00      0.00      0.00       0  isupipe
1791476403    113    133166    8.00    9.00    0.00    0.00   17.00     3     17.00      0.00  682592   60784   0.75      0.00      0.00      0.00       0  pdns_server

# Time        UID       PID    %usr %system  %guest   %wait    %CPU   CPU  minflt/s  majflt/s     VSZ     RSS   %MEM   kB_rd/s   kB_wr/s kB_ccwr/s iodelay  Command
1791476404    112     14307   47.00   27.00    0.00    3.00   74.00     1      3.00      0.00 2892016  965812  11.90      0.00   4864.00    500.00       0  mysqld
1791476404      0     17311    0.00    0.00    0.00    0.00    0.00     1      0.00      0.00   56800   12976   0.16      0.00      0.00      0.00       0  nginx
1791476404     33     23432    3.00    7.00    0.00   29.00   10.00     0      0.00      0.00   60172   14204   0.17      0.00    112.00     92.00       0  nginx
1791476404     33     23433    3.00    4.00    0.00   19.00    7.00     0      0.00      0.00   59344   13000   0.16      0.00    388.00    400.00       0  nginx
1791476404     33     23434    1.00    1.00    0.00    6.00    2.00     0      0.00      0.00   57844   11680   0.14      0.00    100.00     96.00       0  nginx
1791476404     33     23435    1.00    5.00    0.00   23.00    6.00     1      0.00      0.00   58368   12208   0.15      0.00     16.00      0.00       0  nginx
1791476404   1100    133158   24.00   20.00    0.00    1.00   44.00     1   2220.00      0.00 2122860   16344   0.20      0.00      0.00      0.00       0  isupipe
1791476404    113    133166    6.00   11.00    0.00    0.00   17.00     3     12.00      0.00  682592   60784   0.75      0.00      0.00      0.00       0  pdns_server

# Time        UID       PID    %usr %system  %guest   %wait    %CPU   CPU  minflt/s  majflt/s     VSZ     RSS   %MEM   kB_rd/s   kB_wr/s kB_ccwr/s iodelay  Command
1791476405    112     14307   64.00   46.00    0.00    3.00  110.00     0    178.00      0.00 2893044  966040  11.90      0.00   8824.00    632.00       0  mysqld
1791476405      0     17311    0.00    0.00    0.00    0.00    0.00     1      0.00      0.00   56800   12976   0.16      0.00      0.00      0.00       0  nginx
1791476405     33     23432    8.00    9.00    0.00   21.00   17.00     0      0.00      0.00   60172   14204   0.17      0.00    500.00    416.00       0  nginx
1791476405     33     23433    6.00    4.00    0.00    9.00   10.00     0      0.00      0.00   59344   13000   0.16      0.00    356.00    260.00       0  nginx
1791476405     33     23434    2.00    2.00    0.00    4.00    4.00     0      0.00      0.00   57844   11680   0.14      0.00    164.00    152.00       0  nginx
1791476405     33     23435    3.00    4.00    0.00   11.00    7.00     0      0.00      0.00   58368   12208   0.15      0.00     32.00      0.00       0  nginx
1791476405   1100    133158   35.00   31.00    0.00   25.00   66.00     1   5924.00      0.00 2122860   16744   0.21      0.00      0.00      0.00       0  isupipe
1791476405    113    133166   10.00   19.00    0.00    0.00   29.00     3     54.00      0.00  682592   61048   0.75      0.00      0.00      0.00       0  pdns_server

# Time        UID       PID    %usr %system  %guest   %wait    %CPU   CPU  minflt/s  majflt/s     VSZ     RSS   %MEM   kB_rd/s   kB_wr/s kB_ccwr/s iodelay  Command
1791476406    112     14307   74.00   38.00    0.00    4.00  112.00     1     27.00      0.00 2892016  965812  11.90      0.00   9644.00    928.00       0  mysqld
1791476406      0     17311    0.00    0.00    0.00    0.00    0.00     1      0.00      0.00   56800   12976   0.16      0.00      0.00      0.00       0  nginx
1791476406     33     23432    6.00   10.00    0.00   15.00   16.00     0      0.00      0.00   60172   14204   0.17      0.00    380.00    284.00       0  nginx
1791476406     33     23433    4.00    2.00    0.00    7.00    6.00     0      0.00      0.00   59344   13000   0.16      0.00    508.00    572.00       0  nginx
1791476406     33     23434    2.00    0.00    0.00    4.00    2.00     0      0.00      0.00   57844   11680   0.14      0.00    188.00    100.00       0  nginx
1791476406     33     23435    2.00    3.00    0.00    4.00    5.00     0      0.00      0.00   58368   12208   0.15      0.00    200.00    196.00       0  nginx
1791476406   1100    133158   30.00   32.00    0.00   27.00   62.00     2   6844.00      0.00 2122860   16244   0.20      0.00      0.00      0.00       0  isupipe
1791476406    113    133166   12.00   16.00    0.00    0.00   28.00     3     42.00      0.00  682592   61048   0.75      0.00      0.00      0.00       0  pdns_server

# Time        UID       PID    %usr %system  %guest   %wait    %CPU   CPU  minflt/s  majflt/s     VSZ     RSS   %MEM   kB_rd/s   kB_wr/s kB_ccwr/s iodelay  Command
1791476407    112     14307   70.00   48.00    0.00    5.00  118.00     1     18.00      0.00 2892016  965812  11.90      0.00   9644.00    900.00       0  mysqld
1791476407      0     17311    0.00    0.00    0.00    0.00    0.00     1      0.00      0.00   56800   12976   0.16      0.00      0.00      0.00       0  nginx
1791476407     33     23432    9.00    7.00    0.00   23.00   16.00     0      0.00      0.00   60172   14204   0.17      0.00    848.00    772.00       0  nginx
1791476407     33     23433    5.00    7.00    0.00   14.00   12.00     0      0.00      0.00   59344   13000   0.16      0.00    108.00     80.00       0  nginx
1791476407     33     23434    1.00    2.00    0.00    2.00    3.00     0      0.00      0.00   57844   11680   0.14      0.00     12.00     80.00       0  nginx
1791476407     33     23435    3.00    3.00    0.00    8.00    6.00     0      0.00      0.00   58368   12208   0.15      0.00    188.00    168.00       0  nginx
1791476407   1100    133158   39.00   31.00    0.00   21.00   70.00     3   6942.00      0.00 2123116   16348   0.20      0.00      0.00      0.00       0  isupipe
1791476407    113    133166   12.00   14.00    0.00    0.00   26.00     3     38.00      0.00  682592   61312   0.76      0.00      0.00      0.00       0  pdns_server

# Time        UID       PID    %usr %system  %guest   %wait    %CPU   CPU  minflt/s  majflt/s     VSZ     RSS   %MEM   kB_rd/s   kB_wr/s kB_ccwr/s iodelay  Command
1791476408    112     14307   70.00   40.00    0.00    2.00  110.00     1    101.00      0.00 2893044  965812  11.90      0.00   9988.00    852.00       0  mysqld
1791476408      0     17311    0.00    0.00    0.00    0.00    0.00     1      0.00      0.00   56800   12976   0.16      0.00      0.00      0.00       0  nginx
1791476408     33     23432    5.00    8.00    0.00   14.00   13.00     0      0.00      0.00   60172   14204   0.17      0.00    640.00    556.00       0  nginx
1791476408     33     23433    3.00    5.00    0.00   10.00    8.00     1      0.00      0.00   59344   13000   0.16      0.00    440.00    408.00       0  nginx
1791476408     33     23434    0.00    1.00    0.00    2.00    1.00     0      0.00      0.00   57844   11680   0.14      0.00      4.00      0.00       0  nginx
1791476408     33     23435    2.00    4.00    0.00    6.00    6.00     3      0.00      0.00   58368   12208   0.15      0.00    104.00     80.00       0  nginx
1791476408   1100    133158   41.00   29.00    0.00   22.00   70.00     1   7688.00      0.00 2123116   17272   0.21      0.00      0.00      0.00       0  isupipe
1791476408    113    133166   10.00   16.00    0.00    0.00   26.00     3     45.00      0.00  682592   61312   0.76      0.00      0.00      0.00       0  pdns_server

# Time        UID       PID    %usr %system  %guest   %wait    %CPU   CPU  minflt/s  majflt/s     VSZ     RSS   %MEM   kB_rd/s   kB_wr/s kB_ccwr/s iodelay  Command
1791476409    112     14307   63.00   45.00    0.00    2.00  108.00     1     21.00      0.00 2893044  965812  11.90      0.00  10268.00   1196.00       0  mysqld
1791476409      0     17311    0.00    0.00    0.00    0.00    0.00     1      0.00      0.00   56800   12976   0.16      0.00      0.00      0.00       0  nginx
1791476409     33     23432    4.00    6.00    0.00   12.00   10.00     0      0.00      0.00   60172   14204   0.17      0.00    744.00    684.00       0  nginx
1791476409     33     23433    2.00    4.00    0.00    7.00    6.00     0      0.00      0.00   59344   13000   0.16      0.00    348.00    308.00       0  nginx
1791476409     33     23434    1.00    1.00    0.00    1.00    2.00     0      0.00      0.00   57844   11680   0.14      0.00     64.00     64.00       0  nginx
1791476409     33     23435    0.00    3.00    0.00    3.00    3.00     0      0.00      0.00   58368   12208   0.15      0.00    108.00     96.00       0  nginx
1791476409   1100    133158   30.00   38.00    0.00   21.00   68.00     1   6057.00      0.00 2123116   17032   0.21      0.00      0.00      0.00       0  isupipe
1791476409    113    133166   11.00   15.00    0.00    0.00   26.00     3     51.00      0.00  682592   61576   0.76      0.00      0.00      0.00       0  pdns_server

# Time        UID       PID    %usr %system  %guest   %wait    %CPU   CPU  minflt/s  majflt/s     VSZ     RSS   %MEM   kB_rd/s   kB_wr/s kB_ccwr/s iodelay  Command
1791476410    112     14307   65.00   48.00    0.00    3.00  113.00     1     83.00      0.00 2892016  965812  11.90      0.00  10940.00    728.00       0  mysqld
1791476410      0     17311    0.00    0.00    0.00    0.00    0.00     1      0.00      0.00   56800   12976   0.16      0.00      0.00      0.00       0  nginx
1791476410     33     23432    6.00   13.00    0.00   19.00   19.00     0     23.00      0.00   60308   14204   0.17      0.00    468.00    384.00       0  nginx
1791476410     33     23433    5.00    5.00    0.00   13.00   10.00     0      0.00      0.00   59344   13000   0.16      0.00    328.00    288.00       0  nginx
1791476410     33     23434    0.00    1.00    0.00    3.00    1.00     0      0.00      0.00   57844   11680   0.14      0.00    200.00    196.00       0  nginx
1791476410     33     23435    1.00    4.00    0.00    6.00    5.00     0      0.00      0.00   58368   12208   0.15      0.00    116.00    104.00       0  nginx
1791476410   1100    133158   36.00   30.00    0.00   35.00   66.00     0   6728.00      0.00 2123116   16240   0.20      0.00      0.00      0.00       0  isupipe
1791476410    113    133166   12.00   18.00    0.00    0.00   30.00     3     39.00      0.00  682592   61576   0.76      0.00      0.00      0.00       0  pdns_server

# Time        UID       PID    %usr %system  %guest   %wait    %CPU   CPU  minflt/s  majflt/s     VSZ     RSS   %MEM   kB_rd/s   kB_wr/s kB_ccwr/s iodelay  Command
1791476411    112     14307   64.00   52.00    0.00    5.00  116.00     3     18.00      0.00 2892016  965812  11.90      0.00  17984.00    988.00       0  mysqld
1791476411      0     17311    0.00    0.00    0.00    0.00    0.00     1      0.00      0.00   56800   12976   0.16      0.00      0.00      0.00       0  nginx
1791476411     33     23432    6.00   10.00    0.00   19.00   16.00     0     44.00      0.00   60576   14464   0.18      0.00    844.00    628.00       0  nginx
1791476411     33     23433    3.00    4.00    0.00    9.00    7.00     1      0.00      0.00   59344   13000   0.16      0.00    428.00    292.00       0  nginx
1791476411     33     23434    1.00    1.00    0.00    2.00    2.00     0      0.00      0.00   57844   11680   0.14      0.00    188.00    184.00       0  nginx
1791476411     33     23435    2.00    4.00    0.00    8.00    6.00     3      0.00      0.00   58368   12208   0.15      0.00    128.00     96.00       0  nginx
1791476411   1100    133158   36.00   32.00    0.00    1.00   68.00     0   6456.00      0.00 2123116   16948   0.21      0.00      0.00      0.00       0  isupipe
1791476411    113    133166   10.00   19.00    0.00    0.00   29.00     3     26.00      0.00  682592   61576   0.76      0.00      0.00      0.00       0  pdns_server

# Time        UID       PID    %usr %system  %guest   %wait    %CPU   CPU  minflt/s  majflt/s     VSZ     RSS   %MEM   kB_rd/s   kB_wr/s kB_ccwr/s iodelay  Command
1791476412    112     14307   72.00   53.00    0.00    4.00  125.00     3     16.00      0.00 2893044  965812  11.90      0.00  11296.00    888.00       0  mysqld
1791476412      0     17311    0.00    0.00    0.00    0.00    0.00     1      0.00      0.00   56800   12976   0.16      0.00      0.00      0.00       0  nginx
1791476412     33     23432    4.00   13.00    0.00   18.00   17.00     0     23.00      0.00   60576   14464   0.18      0.00    520.00    548.00       0  nginx
1791476412     33     23433    4.00    3.00    0.00    8.00    7.00     0      0.00      0.00   59344   13000   0.16      0.00    428.00    436.00       0  nginx
1791476412     33     23434    0.00    1.00    0.00    0.00    1.00     0      0.00      0.00   57844   11680   0.14      0.00      0.00      0.00       0  nginx
1791476412     33     23435    2.00    3.00    0.00    7.00    5.00     0      0.00      0.00   58368   12208   0.15      0.00     12.00      0.00       0  nginx
1791476412   1100    133158   39.00   30.00    0.00    0.00   69.00     3   6336.00      0.00 2123372   16028   0.20      0.00      0.00      0.00       0  isupipe
1791476412    113    133166   12.00   18.00    0.00    0.00   30.00     3     28.00      0.00  682592   61840   0.76      0.00      0.00      0.00       0  pdns_server

# Time        UID       PID    %usr %system  %guest   %wait    %CPU   CPU  minflt/s  majflt/s     VSZ     RSS   %MEM   kB_rd/s   kB_wr/s kB_ccwr/s iodelay  Command
1791476413    112     14307   62.00   47.00    0.00    3.00  109.00     3     19.00      0.00 2892016  965812  11.90      0.00  12444.00    680.00       0  mysqld
1791476413      0     17311    0.00    0.00    0.00    0.00    0.00     1      0.00      0.00   56800   12976   0.16      0.00      0.00      0.00       0  nginx
1791476413     33     23432    7.00    6.00    0.00   16.00   13.00     0      0.00      0.00   60576   14464   0.18      0.00    324.00    256.00       0  nginx
1791476413     33     23433    4.00    5.00    0.00   10.00    9.00     3      0.00      0.00   59344   13000   0.16      0.00    332.00    364.00       0  nginx
1791476413     33     23434    0.00    0.00    0.00    1.00    0.00     0      0.00      0.00   57844   11680   0.14      0.00      8.00      0.00       0  nginx
1791476413     33     23435    1.00    3.00    0.00    4.00    4.00     1      0.00      0.00   58368   12208   0.15      0.00    288.00    276.00       0  nginx
1791476413   1100    133158   34.00   30.00    0.00    0.00   64.00     3   6008.00      0.00 2123372   16452   0.20      0.00      0.00      0.00       0  isupipe
1791476413    113    133166   13.00   19.00    0.00    0.00   32.00     3     22.00      0.00  682592   62368   0.77      0.00      0.00      0.00       0  pdns_server

# Time        UID       PID    %usr %system  %guest   %wait    %CPU   CPU  minflt/s  majflt/s     VSZ     RSS   %MEM   kB_rd/s   kB_wr/s kB_ccwr/s iodelay  Command
1791476414    112     14307    1.00    1.00    0.00    0.00    2.00     3      0.00      0.00 2892016  965812  11.90      0.00   2468.00      0.00       0  mysqld
1791476414      0     17311    0.00    0.00    0.00    0.00    0.00     1      0.00      0.00   56800   12976   0.16      0.00      0.00      0.00       0  nginx
1791476414     33     23432    0.00    0.00    0.00    0.00    0.00     2      0.00      0.00   60576   14464   0.18      0.00      0.00      0.00       0  nginx
1791476414     33     23433    1.00    0.00    0.00    0.00    1.00     3      0.00      0.00   59344   13000   0.16      0.00      0.00      0.00       0  nginx
1791476414     33     23434    0.00    0.00    0.00    0.00    0.00     3      0.00      0.00   57844   11680   0.14      0.00      0.00      0.00       0  nginx
1791476414     33     23435    0.00    0.00    0.00    0.00    0.00     1      0.00      0.00   58368   12208   0.15      0.00      0.00      0.00       0  nginx
1791476414   1100    133158    0.00    0.00    0.00    0.00    0.00     3      0.00      0.00 2123372   16452   0.20      0.00      0.00      0.00       0  isupipe
1791476414    113    133166    0.00    0.00    0.00    0.00    0.00     3      0.00      0.00  682592   62368   0.77      0.00      0.00      0.00       0  pdns_server

# Time        UID       PID    %usr %system  %guest   %wait    %CPU   CPU  minflt/s  majflt/s     VSZ     RSS   %MEM   kB_rd/s   kB_wr/s kB_ccwr/s iodelay  Command
1791476415    112     14307    1.00    0.00    0.00    0.00    1.00     3      0.00      0.00 2892016  965812  11.90      0.00   2572.00      0.00       0  mysqld
1791476415      0     17311    0.00    0.00    0.00    0.00    0.00     1      0.00      0.00   56800   12976   0.16      0.00      0.00      0.00       0  nginx
1791476415     33     23432    0.00    0.00    0.00    0.00    0.00     2      0.00      0.00   60576   14464   0.18      0.00      0.00      0.00       0  nginx
1791476415     33     23433    0.00    0.00    0.00    0.00    0.00     3      0.00      0.00   59344   13000   0.16      0.00      0.00      0.00       0  nginx
1791476415     33     23434    0.00    0.00    0.00    0.00    0.00     3      0.00      0.00   57844   11680   0.14      0.00      0.00      0.00       0  nginx
1791476415     33     23435    0.00    0.00    0.00    0.00    0.00     1      0.00      0.00   58368   12208   0.15      0.00      0.00      0.00       0  nginx
1791476415   1100    133158    1.00    0.00    0.00    0.00    1.00     3    389.00      0.00 2123372   17588   0.22      0.00      0.00      0.00       0  isupipe
1791476415    113    133166    0.00    0.00    0.00    0.00    0.00     3      0.00      0.00  682592   62368   0.77      0.00      0.00      0.00       0  pdns_server
