Linux 5.15.0-198-generic (isucon13-app) 	10/08/26 	_aarch64_	(4 CPU)

# Time        UID       PID    %usr %system  %guest   %wait    %CPU   CPU  minflt/s  majflt/s     VSZ     RSS   %MEM   kB_rd/s   kB_wr/s kB_ccwr/s iodelay  Command
1791478887    112     14307   10.00   11.00    0.00    0.00   21.00     1    111.00      0.00 2891344 1116208  13.75      4.00   8400.00      0.00       0  mysqld
1791478887      0     17311    0.00    0.00    0.00    0.00    0.00     2      0.00      0.00   56816   12524   0.15      0.00      0.00      0.00       0  nginx
1791478887     33    203690    0.00    0.00    0.00    0.00    0.00     0      0.00      0.00   58684   12228   0.15      0.00      0.00      0.00       0  nginx
1791478887     33    203691    0.00    0.00    0.00    0.00    0.00     1      0.00      0.00   59896   13516   0.17      0.00      0.00      0.00       0  nginx
1791478887     33    203692    0.00    0.00    0.00    0.00    0.00     2      0.00      0.00   59100   12692   0.16      0.00      0.00      0.00       0  nginx
1791478887     33    203693    0.00    0.00    0.00    0.00    0.00     3      8.00      0.00   61936   15624   0.19      0.00      0.00      0.00       0  nginx
1791478887    113    218632    0.00    0.00    0.00    0.00    0.00     2      0.00      0.00  674328   57500   0.71      0.00      0.00      0.00       0  pdns_server
1791478887   1100    218881    0.00    0.00    0.00    0.00    0.00     0      0.00      0.00 1753396   14248   0.18      0.00      0.00      0.00       0  isupipe

# Time        UID       PID    %usr %system  %guest   %wait    %CPU   CPU  minflt/s  majflt/s     VSZ     RSS   %MEM   kB_rd/s   kB_wr/s kB_ccwr/s iodelay  Command
1791478888    112     14307   10.00    7.00    0.00    0.00   17.00     1      6.00      0.00 2891344 1116208  13.75      0.00   6600.00      0.00       0  mysqld
1791478888      0     17311    0.00    0.00    0.00    0.00    0.00     2      0.00      0.00   56816   12524   0.15      0.00      0.00      0.00       0  nginx
1791478888     33    203690    0.00    0.00    0.00    0.00    0.00     0      0.00      0.00   58684   12228   0.15      0.00      0.00      0.00       0  nginx
1791478888     33    203691    0.00    0.00    0.00    0.00    0.00     1      0.00      0.00   59896   13516   0.17      0.00      0.00      0.00       0  nginx
1791478888     33    203692    0.00    0.00    0.00    0.00    0.00     2      0.00      0.00   59100   12692   0.16      0.00      0.00      0.00       0  nginx
1791478888     33    203693    0.00    0.00    0.00    0.00    0.00     3      0.00      0.00   61936   15624   0.19      0.00      0.00      0.00       0  nginx
1791478888    113    218632    0.00    0.00    0.00    0.00    0.00     2      3.00      0.00  674328   57500   0.71      0.00      0.00      0.00       0  pdns_server
1791478888   1100    218881    0.00    0.00    0.00    0.00    0.00     0      0.00      0.00 1753396   14248   0.18      0.00      0.00      0.00       0  isupipe

# Time        UID       PID    %usr %system  %guest   %wait    %CPU   CPU  minflt/s  majflt/s     VSZ     RSS   %MEM   kB_rd/s   kB_wr/s kB_ccwr/s iodelay  Command
1791478889    112     14307    5.00    9.00    0.00    0.00   14.00     1      3.00      0.00 2891344 1116208  13.75      0.00   7240.00      0.00       0  mysqld
1791478889      0     17311    0.00    0.00    0.00    0.00    0.00     2      0.00      0.00   56816   12524   0.15      0.00      0.00      0.00       0  nginx
1791478889     33    203690    0.00    0.00    0.00    0.00    0.00     0      0.00      0.00   58684   12228   0.15      0.00      0.00      0.00       0  nginx
1791478889     33    203691    0.00    0.00    0.00    0.00    0.00     1      0.00      0.00   59896   13516   0.17      0.00      0.00      0.00       0  nginx
1791478889     33    203692    0.00    0.00    0.00    0.00    0.00     2      0.00      0.00   59100   12692   0.16      0.00      0.00      0.00       0  nginx
1791478889     33    203693    0.00    0.00    0.00    0.00    0.00     3      0.00      0.00   61936   15624   0.19      0.00      0.00      0.00       0  nginx
1791478889    113    218632    0.00    0.00    0.00    0.00    0.00     2      0.00      0.00  674328   57500   0.71      0.00      0.00      0.00       0  pdns_server
1791478889   1100    218881    0.00    0.00    0.00    0.00    0.00     0      0.00      0.00 1753396   14248   0.18      0.00      0.00      0.00       0  isupipe

# Time        UID       PID    %usr %system  %guest   %wait    %CPU   CPU  minflt/s  majflt/s     VSZ     RSS   %MEM   kB_rd/s   kB_wr/s kB_ccwr/s iodelay  Command
1791478890    112     14307   13.00    8.00    0.00    0.00   21.00     0    403.00      0.00 2891344 1116656  13.75      4.00  23384.00   1948.00       0  mysqld
1791478890      0     17311    0.00    0.00    0.00    0.00    0.00     2      0.00      0.00   56816   12524   0.15      0.00      0.00      0.00       0  nginx
1791478890     33    203690    0.00    0.00    0.00    0.00    0.00     0      0.00      0.00   58684   12228   0.15      0.00      0.00      0.00       0  nginx
1791478890     33    203691    0.00    0.00    0.00    0.00    0.00     1      0.00      0.00   59896   13516   0.17      0.00      0.00      0.00       0  nginx
1791478890     33    203692    0.00    0.00    0.00    0.00    0.00     2      0.00      0.00   59100   12692   0.16      0.00      0.00      0.00       0  nginx
1791478890     33    203693    0.00    0.00    0.00    0.00    0.00     3      0.00      0.00   61936   15624   0.19      0.00      0.00      0.00       0  nginx
1791478890    113    218632    0.00    0.00    0.00    0.00    0.00     2      0.00      0.00  674328   57500   0.71      0.00      0.00      0.00       0  pdns_server
1791478890   1100    218881    0.00    0.00    0.00    0.00    0.00     0      4.00      0.00 1753396   14248   0.18      0.00      0.00      0.00       0  isupipe

# Time        UID       PID    %usr %system  %guest   %wait    %CPU   CPU  minflt/s  majflt/s     VSZ     RSS   %MEM   kB_rd/s   kB_wr/s kB_ccwr/s iodelay  Command
1791478891    112     14307   27.00   16.00    0.00    0.00   43.00     3     49.00      0.00 2891344 1116792  13.76      8.00  39100.00   2024.00       0  mysqld
1791478891      0     17311    0.00    0.00    0.00    0.00    0.00     2      0.00      0.00   56816   12524   0.15      0.00      0.00      0.00       0  nginx
1791478891     33    203690    0.00    0.00    0.00    0.00    0.00     0      0.00      0.00   58684   12228   0.15      0.00      0.00      0.00       0  nginx
1791478891     33    203691    0.00    0.00    0.00    0.00    0.00     1      0.00      0.00   59896   13516   0.17      0.00      0.00      0.00       0  nginx
1791478891     33    203692    0.00    0.00    0.00    0.00    0.00     2      0.00      0.00   59100   12692   0.16      0.00      0.00      0.00       0  nginx
1791478891     33    203693    0.00    0.00    0.00    0.00    0.00     3      0.00      0.00   61936   15624   0.19      0.00      0.00      0.00       0  nginx
1791478891    113    218632    0.00    0.00    0.00    0.00    0.00     2     13.00      0.00  674328   57500   0.71      0.00      0.00      0.00       0  pdns_server
1791478891   1100    218881    0.00    0.00    0.00    0.00    0.00     0      2.00      0.00 1753396   14248   0.18      0.00      0.00      0.00       0  isupipe

# Time        UID       PID    %usr %system  %guest   %wait    %CPU   CPU  minflt/s  majflt/s     VSZ     RSS   %MEM   kB_rd/s   kB_wr/s kB_ccwr/s iodelay  Command
1791478892    112     14307   18.81    1.98    0.00    0.00   20.79     1    126.73      0.00 2892372 1117112  13.76      0.00   5401.98   1041.58       0  mysqld
1791478892      0     17311    0.00    0.00    0.00    0.00    0.00     2      0.00      0.00   56816   12524   0.15      0.00      0.00      0.00       0  nginx
1791478892     33    203690    0.00    0.00    0.00    0.00    0.00     0      0.00      0.00   58684   12228   0.15      0.00      0.00      0.00       0  nginx
1791478892     33    203691    0.00    0.00    0.00    0.00    0.00     1      0.00      0.00   59896   13516   0.17      0.00      0.00      0.00       0  nginx
1791478892     33    203692    0.00    0.00    0.00    0.00    0.00     2      0.00      0.00   59100   12692   0.16      0.00      0.00      0.00       0  nginx
1791478892     33    203693    0.00    1.98    0.00    0.00    1.98     0    152.48      0.00   61936   15704   0.19      0.00    122.77    106.93       0  nginx
1791478892    113    218632    0.99    0.00    0.00    0.00    0.99     2     20.79      0.00  674328   57500   0.71      0.00      0.00      0.00       0  pdns_server
1791478892   1100    218881    5.94    7.92    0.00    0.00   13.86     0    766.34      0.00 1753652   14272   0.18    122.77    217.82     51.49       0  isupipe

# Time        UID       PID    %usr %system  %guest   %wait    %CPU   CPU  minflt/s  majflt/s     VSZ     RSS   %MEM   kB_rd/s   kB_wr/s kB_ccwr/s iodelay  Command
1791478893    112     14307    0.00    1.98    0.00    0.00    1.98     1      0.99      0.00 2892372 1117112  13.76      0.00   3390.10      0.00       0  mysqld
1791478893      0     17311    0.00    0.00    0.00    0.00    0.00     2      0.00      0.00   56816   12524   0.15      0.00      0.00      0.00       0  nginx
1791478893     33    203690    0.00    0.00    0.00    0.00    0.00     0      0.00      0.00   58684   12228   0.15      0.00      0.00      0.00       0  nginx
1791478893     33    203691    0.00    0.00    0.00    0.00    0.00     1      0.00      0.00   59896   13516   0.17      0.00      0.00      0.00       0  nginx
1791478893     33    203692    0.00    0.00    0.00    0.00    0.00     2      0.00      0.00   59100   12692   0.16      0.00      0.00      0.00       0  nginx
1791478893     33    203693    0.00    0.00    0.00    0.00    0.00     0      0.00      0.00   61936   15704   0.19      0.00      0.00      0.00       0  nginx
1791478893    113    218632    0.00    0.00    0.00    0.00    0.00     2      0.00      0.00  674328   57500   0.71      0.00      0.00      0.00       0  pdns_server
1791478893   1100    218881    0.00    0.00    0.00    0.00    0.00     0      0.00      0.00 1753652   14272   0.18      0.00      0.00      0.00       0  isupipe

# Time        UID       PID    %usr %system  %guest   %wait    %CPU   CPU  minflt/s  majflt/s     VSZ     RSS   %MEM   kB_rd/s   kB_wr/s kB_ccwr/s iodelay  Command
1791478894    112     14307    4.00    1.00    0.00    0.00    5.00     1      1.00      0.00 2892372 1117112  13.76      0.00   7056.00     72.00       0  mysqld
1791478894      0     17311    0.00    0.00    0.00    0.00    0.00     2      0.00      0.00   56816   12524   0.15      0.00      0.00      0.00       0  nginx
1791478894     33    203690    0.00    0.00    0.00    0.00    0.00     0      0.00      0.00   58684   12228   0.15      0.00      0.00      0.00       0  nginx
1791478894     33    203691    0.00    0.00    0.00    0.00    0.00     1      0.00      0.00   59896   13516   0.17      0.00      0.00      0.00       0  nginx
1791478894     33    203692    0.00    0.00    0.00    0.00    0.00     2      0.00      0.00   59100   12692   0.16      0.00      0.00      0.00       0  nginx
1791478894     33    203693    1.00    0.00    0.00    0.00    1.00     0     11.00      0.00   61936   15704   0.19      0.00    108.00     96.00       0  nginx
1791478894    113    218632    0.00    0.00    0.00    0.00    0.00     1      0.00      0.00  674328   57500   0.71      0.00      0.00      0.00       0  pdns_server
1791478894   1100    218881    3.00    1.00    0.00    0.00    4.00     0    186.00      0.00 1753652   14292   0.18      0.00      0.00      0.00       0  isupipe

# Time        UID       PID    %usr %system  %guest   %wait    %CPU   CPU  minflt/s  majflt/s     VSZ     RSS   %MEM   kB_rd/s   kB_wr/s kB_ccwr/s iodelay  Command
1791478895    112     14307    0.98    0.98    0.00    0.00    1.96     1      1.96      0.00 2892372 1117112  13.76      0.00   2478.43      0.00       0  mysqld
1791478895      0     17311    0.00    0.00    0.00    0.00    0.00     2      0.00      0.00   56816   12524   0.15      0.00      0.00      0.00       0  nginx
1791478895     33    203690    0.00    0.00    0.00    0.00    0.00     0      0.00      0.00   58684   12228   0.15      0.00      0.00      0.00       0  nginx
1791478895     33    203691    0.00    0.00    0.00    0.00    0.00     1      0.00      0.00   59896   13516   0.17      0.00      0.00      0.00       0  nginx
1791478895     33    203692    0.00    0.00    0.00    0.00    0.00     2      0.00      0.00   59100   12692   0.16      0.00      0.00      0.00       0  nginx
1791478895     33    203693    0.00    0.00    0.00    0.00    0.00     0      0.00      0.00   61936   15704   0.19      0.00      0.00      0.00       0  nginx
1791478895    113    218632    0.00    0.00    0.00    0.00    0.00     1      0.00      0.00  674328   57500   0.71      0.00      0.00      0.00       0  pdns_server
1791478895   1100    218881    0.00    0.00    0.00    0.00    0.00     0      0.00      0.00 1753652   14292   0.18      0.00      0.00      0.00       0  isupipe

# Time        UID       PID    %usr %system  %guest   %wait    %CPU   CPU  minflt/s  majflt/s     VSZ     RSS   %MEM   kB_rd/s   kB_wr/s kB_ccwr/s iodelay  Command
1791478896    112     14307    3.00    3.00    0.00    0.00    6.00     0      4.00      0.00 2892372 1117112  13.76      0.00   8640.00   1876.00       0  mysqld
1791478896      0     17311    0.00    0.00    0.00    0.00    0.00     2      0.00      0.00   56816   12524   0.15      0.00      0.00      0.00       0  nginx
1791478896     33    203690    0.00    0.00    0.00    0.00    0.00     0      0.00      0.00   58684   12228   0.15      0.00      0.00      0.00       0  nginx
1791478896     33    203691    0.00    0.00    0.00    0.00    0.00     1      0.00      0.00   59896   13516   0.17      0.00      0.00      0.00       0  nginx
1791478896     33    203692    0.00    0.00    0.00    0.00    0.00     2      0.00      0.00   59100   12692   0.16      0.00      0.00      0.00       0  nginx
1791478896     33    203693    2.00    1.00    0.00    0.00    3.00     2     24.00      0.00   61936   15704   0.19      0.00      4.00      0.00       0  nginx
1791478896    113    218632    1.00    0.00    0.00    0.00    1.00     1      0.00      0.00  674328   57500   0.71      0.00      0.00      0.00       0  pdns_server
1791478896   1100    218881    2.00    2.00    0.00    0.00    4.00     0     20.00      0.00 1753652   14448   0.18      0.00    168.00      0.00       0  isupipe

# Time        UID       PID    %usr %system  %guest   %wait    %CPU   CPU  minflt/s  majflt/s     VSZ     RSS   %MEM   kB_rd/s   kB_wr/s kB_ccwr/s iodelay  Command
1791478897    112     14307   34.00   15.00    0.00    0.00   49.00     1     11.00      0.00 2892372 1117112  13.76      4.00  19688.00   8368.00       0  mysqld
1791478897      0     17311    0.00    0.00    0.00    0.00    0.00     2      0.00      0.00   56816   12524   0.15      0.00      0.00      0.00       0  nginx
1791478897     33    203690    0.00    0.00    0.00    0.00    0.00     0      0.00      0.00   58684   12228   0.15      0.00      0.00      0.00       0  nginx
1791478897     33    203691    2.00    4.00    0.00    3.00    6.00     0    222.00      0.00   59896   13692   0.17      0.00    184.00    156.00       0  nginx
1791478897     33    203692    1.00    0.00    0.00    0.00    1.00     3    133.00      0.00   59100   12832   0.16      0.00      0.00      0.00       0  nginx
1791478897     33    203693    8.00    6.00    0.00    5.00   14.00     2     31.00      0.00   61936   15704   0.19      0.00   1440.00   1368.00       0  nginx
1791478897    113    218632    7.00   14.00    0.00    0.00   21.00     1     93.00      0.00  674328   57760   0.71      0.00      0.00      0.00       0  pdns_server
1791478897   1100    218881   22.00   18.00    0.00   13.00   40.00     0   1750.00      0.00 1975284   15580   0.19      0.00    840.00      0.00       0  isupipe

# Time        UID       PID    %usr %system  %guest   %wait    %CPU   CPU  minflt/s  majflt/s     VSZ     RSS   %MEM   kB_rd/s   kB_wr/s kB_ccwr/s iodelay  Command
1791478898    112     14307   48.00   25.00    0.00    0.00   73.00     1    163.00      0.00 2895456 1117564  13.77      0.00  16360.00   7568.00       0  mysqld
1791478898      0     17311    0.00    0.00    0.00    0.00    0.00     2      0.00      0.00   56816   12524   0.15      0.00      0.00      0.00       0  nginx
1791478898     33    203690    0.00    0.00    0.00    0.00    0.00     3    162.00      0.00   58684   12372   0.15      0.00      4.00      0.00       0  nginx
1791478898     33    203691    0.00   11.00    0.00    7.00   11.00     2      4.00      0.00   59896   13692   0.17      0.00    272.00    196.00       0  nginx
1791478898     33    203692    1.00    2.00    0.00    2.00    3.00     2      6.00      0.00   59100   12832   0.16      0.00    124.00    112.00       0  nginx
1791478898     33    203693    9.00   18.00    0.00   16.00   27.00     2     29.00      0.00   61936   15704   0.19      0.00   1224.00   1032.00       0  nginx
1791478898    113    218632    8.00   20.00    0.00    0.00   28.00     1    108.00      0.00  674328   58024   0.71      0.00      0.00      0.00       0  pdns_server
1791478898   1100    218881   41.00   29.00    0.00   31.00   70.00     0   2845.00      0.00 2122868   17144   0.21      0.00    672.00      0.00       0  isupipe

# Time        UID       PID    %usr %system  %guest   %wait    %CPU   CPU  minflt/s  majflt/s     VSZ     RSS   %MEM   kB_rd/s   kB_wr/s kB_ccwr/s iodelay  Command
1791478899    112     14307   50.00   26.00    0.00    1.00   76.00     1    171.00      0.00 2898540 1117944  13.77      0.00  14068.00   6408.00       0  mysqld
1791478899      0     17311    0.00    0.00    0.00    0.00    0.00     2      0.00      0.00   56816   12524   0.15      0.00      0.00      0.00       0  nginx
1791478899     33    203690    0.00    1.00    0.00    0.00    1.00     2      0.00      0.00   58684   12372   0.15      0.00      0.00      0.00       0  nginx
1791478899     33    203691    6.00    7.00    0.00   11.00   13.00     2     17.00      0.00   59896   13692   0.17      0.00    392.00    256.00       0  nginx
1791478899     33    203692    2.00    6.00    0.00    7.00    8.00     1     16.00      0.00   59100   12832   0.16      0.00    316.00    268.00       0  nginx
1791478899     33    203693    7.00   17.00    0.00   20.00   24.00     2      3.00      0.00   61936   15704   0.19      0.00    816.00    600.00       0  nginx
1791478899    113    218632    8.00   20.00    0.00    0.00   28.00     1    117.00      0.00  674328   58552   0.72      0.00      0.00      0.00       0  pdns_server
1791478899   1100    218881   39.00   29.00    0.00   30.00   68.00     0   2111.00      0.00 2122868   17748   0.22      0.00    672.00      0.00       0  isupipe

# Time        UID       PID    %usr %system  %guest   %wait    %CPU   CPU  minflt/s  majflt/s     VSZ     RSS   %MEM   kB_rd/s   kB_wr/s kB_ccwr/s iodelay  Command
1791478900    112     14307   48.00   27.00    0.00    0.00   75.00     1    188.00      0.00 2898540 1117960  13.77      4.00  16404.00   6992.00       0  mysqld
1791478900      0     17311    0.00    0.00    0.00    0.00    0.00     2      0.00      0.00   56816   12524   0.15      0.00      0.00      0.00       0  nginx
1791478900     33    203690    0.00    0.00    0.00    0.00    0.00     2      0.00      0.00   58684   12372   0.15      0.00      0.00      0.00       0  nginx
1791478900     33    203691    4.00    6.00    0.00   12.00   10.00     3     20.00      0.00   59896   13692   0.17      0.00    588.00    592.00       0  nginx
1791478900     33    203692    2.00    3.00    0.00    5.00    5.00     2      6.00      0.00   59100   12832   0.16      0.00    200.00    180.00       0  nginx
1791478900     33    203693    8.00   18.00    0.00   20.00   26.00     2     35.00      0.00   61936   15704   0.19      0.00    928.00    800.00       0  nginx
1791478900    113    218632   13.00   16.00    0.00    0.00   29.00     1    117.00      0.00  674328   58816   0.72      0.00      0.00      0.00       0  pdns_server
1791478900   1100    218881   36.00   30.00    0.00   36.00   66.00     3   1665.00      0.00 2122868   17720   0.22      0.00    616.00      0.00       0  isupipe

# Time        UID       PID    %usr %system  %guest   %wait    %CPU   CPU  minflt/s  majflt/s     VSZ     RSS   %MEM   kB_rd/s   kB_wr/s kB_ccwr/s iodelay  Command
1791478901    112     14307   50.00   28.00    0.00    0.00   78.00     1     85.00      0.00 2898540 1118144  13.77      0.00  18460.00   7380.00       0  mysqld
1791478901      0     17311    0.00    0.00    0.00    0.00    0.00     2      0.00      0.00   56816   12524   0.15      0.00      0.00      0.00       0  nginx
1791478901     33    203690    1.00    4.00    0.00    7.00    5.00     2     12.00      0.00   58684   12536   0.15      0.00    212.00    172.00       0  nginx
1791478901     33    203691    4.00    9.00    0.00   15.00   13.00     0      9.00      0.00   59896   13692   0.17     16.00    676.00    616.00       0  nginx
1791478901     33    203692    3.00    5.00    0.00   10.00    8.00     2      6.00      0.00   59100   12912   0.16      0.00    132.00     88.00       0  nginx
1791478901     33    203693    7.00   14.00    0.00   26.00   21.00     2     23.00      0.00   61936   15704   0.19      0.00    844.00    568.00       0  nginx
1791478901    113    218632    7.00   24.00    0.00    0.00   31.00     1    165.00      0.00  674328   59344   0.73      0.00      0.00      0.00       0  pdns_server
1791478901   1100    218881   38.00   30.00    0.00   39.00   68.00     0   1963.00      0.00 2122868   19596   0.24      0.00    712.00      0.00       0  isupipe

# Time        UID       PID    %usr %system  %guest   %wait    %CPU   CPU  minflt/s  majflt/s     VSZ     RSS   %MEM   kB_rd/s   kB_wr/s kB_ccwr/s iodelay  Command
1791478902    112     14307   42.00   35.00    0.00    1.00   77.00     2      1.00      0.00 2898540 1118144  13.77      4.00  14512.00   6672.00       0  mysqld
1791478902      0     17311    0.00    0.00    0.00    0.00    0.00     2      0.00      0.00   56816   12524   0.15      0.00      0.00      0.00       0  nginx
1791478902     33    203690    1.00    3.00    0.00    5.00    4.00     2      2.00      0.00   58684   12536   0.15      0.00     12.00      0.00       0  nginx
1791478902     33    203691    5.00    5.00    0.00   15.00   10.00     2      8.00      0.00   59896   13692   0.17      0.00    488.00    332.00       0  nginx
1791478902     33    203692    1.00    6.00    0.00    9.00    7.00     2      6.00      0.00   59100   12912   0.16      0.00    212.00    200.00       0  nginx
1791478902     33    203693    7.00   17.00    0.00   29.00   24.00     2      0.00      0.00   61936   15704   0.19      0.00   1060.00    968.00       0  nginx
1791478902    113    218632   10.00   24.00    0.00    0.00   34.00     1     39.00      0.00  674328   59592   0.73      0.00      0.00      0.00       0  pdns_server
1791478902   1100    218881   30.00   33.00    0.00   30.00   63.00     2   1266.00      0.00 2122868   21076   0.26      0.00    600.00      0.00       0  isupipe

# Time        UID       PID    %usr %system  %guest   %wait    %CPU   CPU  minflt/s  majflt/s     VSZ     RSS   %MEM   kB_rd/s   kB_wr/s kB_ccwr/s iodelay  Command
1791478903    112     14307   52.00   28.00    0.00    1.00   80.00     3    122.00      0.00 2898540 1118320  13.77      0.00  16492.00   7052.00       0  mysqld
1791478903      0     17311    0.00    0.00    0.00    0.00    0.00     2      0.00      0.00   56816   12524   0.15      0.00      0.00      0.00       0  nginx
1791478903     33    203690    2.00    4.00    0.00    6.00    6.00     3     11.00      0.00   58684   12536   0.15      0.00    260.00    240.00       0  nginx
1791478903     33    203691    4.00   11.00    0.00   19.00   15.00     2      6.00      0.00   59896   13692   0.17      0.00    512.00    520.00       0  nginx
1791478903     33    203692    1.00    4.00    0.00    6.00    5.00     1      0.00      0.00   59100   12912   0.16      0.00    316.00    292.00       0  nginx
1791478903     33    203693    5.00   15.00    0.00   19.00   20.00     3     13.00      0.00   61936   15704   0.19      0.00    528.00    368.00       0  nginx
1791478903    113    218632   11.00   21.00    0.00    0.00   32.00     1     26.00      0.00  674328   59592   0.73      0.00      0.00      0.00       0  pdns_server
1791478903   1100    218881   33.00   34.00    0.00   29.00   67.00     3   1873.00      0.00 2196660   19444   0.24      0.00    600.00      0.00       0  isupipe

# Time        UID       PID    %usr %system  %guest   %wait    %CPU   CPU  minflt/s  majflt/s     VSZ     RSS   %MEM   kB_rd/s   kB_wr/s kB_ccwr/s iodelay  Command
1791478904    112     14307   45.00   30.00    0.00    1.00   75.00     0      0.00      0.00 2898540 1118320  13.77      4.00  14040.00   6676.00       0  mysqld
1791478904      0     17311    0.00    0.00    0.00    0.00    0.00     2      0.00      0.00   56816   12524   0.15      0.00      0.00      0.00       0  nginx
1791478904     33    203690    3.00    3.00    0.00    7.00    6.00     2      2.00      0.00   58684   12536   0.15      0.00     96.00     72.00       0  nginx
1791478904     33    203691    3.00    8.00    0.00   18.00   11.00     2     13.00      0.00   59896   13692   0.17      0.00    576.00    484.00       0  nginx
1791478904     33    203692    4.00    7.00    0.00   13.00   11.00     2      3.00      0.00   59100   12912   0.16      0.00    132.00     80.00       0  nginx
1791478904     33    203693    6.00   15.00    0.00   26.00   21.00     2      7.00      0.00   61936   15704   0.19      0.00    660.00    424.00       0  nginx
1791478904    113    218632   12.00   23.00    0.00    0.00   35.00     1     27.00      0.00  674328   59592   0.73      0.00      0.00      0.00       0  pdns_server
1791478904   1100    218881   34.00   33.00    0.00   15.00   67.00     1   1213.00      0.00 2196660   19392   0.24      0.00    720.00      0.00       0  isupipe

# Time        UID       PID    %usr %system  %guest   %wait    %CPU   CPU  minflt/s  majflt/s     VSZ     RSS   %MEM   kB_rd/s   kB_wr/s kB_ccwr/s iodelay  Command
1791478905    112     14307   46.00   25.00    0.00    0.00   71.00     3      8.00      0.00 2898540 1118320  13.77      0.00  14812.00   6304.00       0  mysqld
1791478905      0     17311    0.00    0.00    0.00    0.00    0.00     2      0.00      0.00   56816   12524   0.15      0.00      0.00      0.00       0  nginx
1791478905     33    203690    1.00    4.00    0.00    8.00    5.00     3      0.00      0.00   58684   12536   0.15      0.00    128.00     92.00       0  nginx
1791478905     33    203691    5.00    6.00    0.00   13.00   11.00     0      1.00      0.00   59896   13692   0.17      0.00    240.00    216.00       0  nginx
1791478905     33    203692    3.00    3.00    0.00    8.00    6.00     0      2.00      0.00   59100   12912   0.16      0.00    324.00    284.00       0  nginx
1791478905     33    203693    7.00   15.00    0.00   27.00   22.00     2      1.00      0.00   61936   15704   0.19      0.00    808.00    764.00       0  nginx
1791478905    113    218632   10.00   22.00    0.00    0.00   32.00     1     13.00      0.00  674328   59668   0.73      0.00      0.00      0.00       0  pdns_server
1791478905   1100    218881   38.00   34.00    0.00   36.00   72.00     2   1217.00      0.00 2196660   20880   0.26      0.00    600.00      0.00       0  isupipe

# Time        UID       PID    %usr %system  %guest   %wait    %CPU   CPU  minflt/s  majflt/s     VSZ     RSS   %MEM   kB_rd/s   kB_wr/s kB_ccwr/s iodelay  Command
1791478906    112     14307   42.00   30.00    0.00    1.00   72.00     0      4.00      0.00 2898540 1118320  13.77      0.00  14896.00   7524.00       0  mysqld
1791478906      0     17311    0.00    0.00    0.00    0.00    0.00     2      0.00      0.00   56816   12524   0.15      0.00      0.00      0.00       0  nginx
1791478906     33    203690    2.00    5.00    0.00    9.00    7.00     3     10.00      0.00   58684   12536   0.15      0.00    200.00    184.00       0  nginx
1791478906     33    203691    4.00    9.00    0.00   26.00   13.00     3      0.00      0.00   59896   13692   0.17      0.00    356.00    192.00       0  nginx
1791478906     33    203692    4.00    5.00    0.00   16.00    9.00     3      4.00      0.00   59100   12912   0.16      0.00    228.00    172.00       0  nginx
1791478906     33    203693    5.00   11.00    0.00   34.00   16.00     1      8.00      0.00   61936   15704   0.19      0.00    848.00    732.00       0  nginx
1791478906    113    218632   10.00   27.00    0.00    0.00   37.00     1      3.00      0.00  674328   59668   0.73      0.00      0.00      0.00       0  pdns_server
1791478906   1100    218881   33.00   29.00    0.00   18.00   62.00     0    922.00      0.00 2196660   20296   0.25      0.00    720.00      0.00       0  isupipe

# Time        UID       PID    %usr %system  %guest   %wait    %CPU   CPU  minflt/s  majflt/s     VSZ     RSS   %MEM   kB_rd/s   kB_wr/s kB_ccwr/s iodelay  Command
1791478907    112     14307   41.00   31.00    0.00    0.00   72.00     0     62.00      0.00 2898540 1118520  13.78      4.00  18464.00   7740.00       0  mysqld
1791478907      0     17311    0.00    0.00    0.00    0.00    0.00     2      0.00      0.00   56816   12524   0.15      0.00      0.00      0.00       0  nginx
1791478907     33    203690    1.00    1.00    0.00    4.00    2.00     2      0.00      0.00   58684   12536   0.15      0.00     60.00     52.00       0  nginx
1791478907     33    203691    6.00    6.00    0.00   18.00   12.00     2      4.00      0.00   59896   13692   0.17      0.00    360.00    368.00       0  nginx
1791478907     33    203692    3.00    6.00    0.00   13.00    9.00     2      0.00      0.00   59100   12912   0.16      0.00    408.00    352.00       0  nginx
1791478907     33    203693    9.00   13.00    0.00   25.00   22.00     2      1.00      0.00   61936   15704   0.19      0.00    712.00    596.00       0  nginx
1791478907    113    218632   11.00   28.00    0.00    0.00   39.00     1      5.00      0.00  674328   59668   0.73      0.00      0.00      0.00       0  pdns_server
1791478907   1100    218881   35.00   30.00    0.00   43.00   65.00     2   1437.00      0.00 2196660   19484   0.24      0.00    720.00      0.00       0  isupipe

# Time        UID       PID    %usr %system  %guest   %wait    %CPU   CPU  minflt/s  majflt/s     VSZ     RSS   %MEM   kB_rd/s   kB_wr/s kB_ccwr/s iodelay  Command
1791478908    112     14307   41.00   31.00    0.00    1.00   72.00     0      3.00      0.00 2898540 1118520  13.78      0.00  20020.00   6148.00       0  mysqld
1791478908      0     17311    0.00    0.00    0.00    0.00    0.00     2      0.00      0.00   56816   12524   0.15      0.00      0.00      0.00       0  nginx
1791478908     33    203690    1.00    3.00    0.00    6.00    4.00     2      0.00      0.00   58684   12536   0.15      0.00     20.00      0.00       0  nginx
1791478908     33    203691    3.00    5.00    0.00   10.00    8.00     2      6.00      0.00   59896   13692   0.17      0.00    188.00    148.00       0  nginx
1791478908     33    203692    2.00    4.00    0.00    8.00    6.00     2      5.00      0.00   59100   12912   0.16      0.00     32.00      0.00       0  nginx
1791478908     33    203693    7.00   19.00    0.00   27.00   26.00     0      7.00      0.00   61936   15704   0.19      0.00    960.00    780.00       0  nginx
1791478908    113    218632   11.00   27.00    0.00    0.00   38.00     1      2.00      0.00  674328   59668   0.73      0.00      0.00      0.00       0  pdns_server
1791478908   1100    218881   32.00   30.00    0.00    1.00   62.00     2   1215.00      0.00 2196660   19136   0.24      0.00    600.00      0.00       0  isupipe

# Time        UID       PID    %usr %system  %guest   %wait    %CPU   CPU  minflt/s  majflt/s     VSZ     RSS   %MEM   kB_rd/s   kB_wr/s kB_ccwr/s iodelay  Command
1791478909    112     14307   45.00   30.00    0.00    0.00   75.00     0      0.00      0.00 2898540 1118520  13.78      0.00  15740.00   6832.00       0  mysqld
1791478909      0     17311    0.00    0.00    0.00    0.00    0.00     2      0.00      0.00   56816   12524   0.15      0.00      0.00      0.00       0  nginx
1791478909     33    203690    1.00    4.00    0.00    7.00    5.00     2      0.00      0.00   58684   12536   0.15      0.00     24.00      0.00       0  nginx
1791478909     33    203691    5.00    9.00    0.00   25.00   14.00     2      5.00      0.00   59896   13692   0.17      0.00    464.00    364.00       0  nginx
1791478909     33    203692    3.00    7.00    0.00   15.00   10.00     2      3.00      0.00   59100   12912   0.16      0.00    240.00    192.00       0  nginx
1791478909     33    203693    7.00   11.00    0.00   32.00   18.00     2      0.00      0.00   61936   15704   0.19      0.00    664.00    544.00       0  nginx
1791478909    113    218632   11.00   28.00    0.00    0.00   39.00     1      4.00      0.00  674328   59668   0.73      0.00      0.00      0.00       0  pdns_server
1791478909   1100    218881   30.00   33.00    0.00   31.00   63.00     0   1815.00      0.00 2196660   20240   0.25      0.00    672.00      0.00       0  isupipe

# Time        UID       PID    %usr %system  %guest   %wait    %CPU   CPU  minflt/s  majflt/s     VSZ     RSS   %MEM   kB_rd/s   kB_wr/s kB_ccwr/s iodelay  Command
1791478910    112     14307   49.00   27.00    0.00    0.00   76.00     1     35.00      0.00 2898540 1118732  13.78      0.00  15588.00   7056.00       0  mysqld
1791478910      0     17311    0.00    0.00    0.00    0.00    0.00     2      0.00      0.00   56816   12524   0.15      0.00      0.00      0.00       0  nginx
1791478910     33    203690    1.00    4.00    0.00    9.00    5.00     2      0.00      0.00   58684   12536   0.15      0.00    140.00    100.00       0  nginx
1791478910     33    203691    5.00    7.00    0.00   15.00   12.00     1      5.00      0.00   59896   13692   0.17      0.00    384.00    316.00       0  nginx
1791478910     33    203692    2.00    5.00    0.00    8.00    7.00     2     12.00      0.00   59100   12912   0.16      0.00    156.00    144.00       0  nginx
1791478910     33    203693    8.00   16.00    0.00   29.00   24.00     0      0.00      0.00   61936   15704   0.19      0.00    836.00    668.00       0  nginx
1791478910    113    218632   10.00   27.00    0.00    0.00   37.00     1      2.00      0.00  674328   59668   0.73      0.00      0.00      0.00       0  pdns_server
1791478910   1100    218881   36.00   30.00    0.00   31.00   66.00     3   1555.00      0.00 2196660   19860   0.24      0.00    704.00      0.00       0  isupipe

# Time        UID       PID    %usr %system  %guest   %wait    %CPU   CPU  minflt/s  majflt/s     VSZ     RSS   %MEM   kB_rd/s   kB_wr/s kB_ccwr/s iodelay  Command
1791478911    112     14307   40.00   37.00    0.00    1.00   77.00     1    126.00      0.00 2898540 1118920  13.78      0.00  15312.00   6860.00       0  mysqld
1791478911      0     17311    0.00    0.00    0.00    0.00    0.00     2      0.00      0.00   56816   12524   0.15      0.00      0.00      0.00       0  nginx
1791478911     33    203690    1.00    3.00    0.00    5.00    4.00     2      1.00      0.00   58684   12536   0.15      0.00    100.00     76.00       0  nginx
1791478911     33    203691    5.00    9.00    0.00   22.00   14.00     2      9.00      0.00   59896   13692   0.17      0.00    420.00    356.00       0  nginx
1791478911     33    203692    3.00    5.00    0.00   11.00    8.00     2      3.00      0.00   59100   12912   0.16      0.00    564.00    384.00       0  nginx
1791478911     33    203693    5.00   17.00    0.00   26.00   22.00     1     11.00      0.00   61936   15704   0.19      0.00    296.00    168.00       0  nginx
1791478911    113    218632   12.00   25.00    0.00    0.00   37.00     1      2.00      0.00  674328   59668   0.73      0.00      0.00      0.00       0  pdns_server
1791478911   1100    218881   32.00   38.00    0.00   47.00   70.00     1   1323.00      0.00 2270452   20896   0.26      0.00    704.00      0.00       0  isupipe

# Time        UID       PID    %usr %system  %guest   %wait    %CPU   CPU  minflt/s  majflt/s     VSZ     RSS   %MEM   kB_rd/s   kB_wr/s kB_ccwr/s iodelay  Command
1791478912    112     14307   51.00   24.00    0.00    0.00   75.00     3      2.00      0.00 2898540 1118920  13.78      0.00  15156.00   6700.00       0  mysqld
1791478912      0     17311    0.00    0.00    0.00    0.00    0.00     2      0.00      0.00   56816   12524   0.15      0.00      0.00      0.00       0  nginx
1791478912     33    203690    1.00    3.00    0.00    2.00    4.00     0      1.00      0.00   58684   12536   0.15      0.00      4.00      0.00       0  nginx
1791478912     33    203691    6.00    9.00    0.00   17.00   15.00     0      9.00      0.00   59896   13692   0.17      0.00    372.00    240.00       0  nginx
1791478912     33    203692    3.00    3.00    0.00    7.00    6.00     0      5.00      0.00   59100   12912   0.16      0.00    252.00    344.00       0  nginx
1791478912     33    203693    6.00   16.00    0.00   22.00   22.00     0      9.00      0.00   61936   15704   0.19      0.00    748.00    616.00       0  nginx
1791478912    113    218632   14.00   24.00    0.00    0.00   38.00     1      3.00      0.00  674328   59668   0.73      0.00      0.00      0.00       0  pdns_server
1791478912   1100    218881   31.00   35.00    0.00   30.00   66.00     0   1183.00      0.00 2270452   21028   0.26      0.00    640.00      0.00       0  isupipe

# Time        UID       PID    %usr %system  %guest   %wait    %CPU   CPU  minflt/s  majflt/s     VSZ     RSS   %MEM   kB_rd/s   kB_wr/s kB_ccwr/s iodelay  Command
1791478913    112     14307   52.00   25.00    0.00    1.00   77.00     1      1.00      0.00 2898540 1118920  13.78      0.00  20888.00   7288.00       0  mysqld
1791478913      0     17311    0.00    0.00    0.00    0.00    0.00     2      0.00      0.00   56816   12524   0.15      0.00      0.00      0.00       0  nginx
1791478913     33    203690    0.00    2.00    0.00    2.00    2.00     2      4.00      0.00   58684   12536   0.15      0.00     80.00     68.00       0  nginx
1791478913     33    203691    6.00    7.00    0.00   18.00   13.00     3      0.00      0.00   59896   13692   0.17      0.00    220.00    160.00       0  nginx
1791478913     33    203692    4.00    6.00    0.00   13.00   10.00     2      7.00      0.00   59100   12912   0.16      0.00    280.00    212.00       0  nginx
1791478913     33    203693    7.00   16.00    0.00   27.00   23.00     2      2.00      0.00   61936   15704   0.19      0.00   1020.00    872.00       0  nginx
1791478913    113    218632    9.00   28.00    0.00    0.00   37.00     1      3.00      0.00  674328   59668   0.73      0.00      0.00      0.00       0  pdns_server
1791478913   1100    218881   36.00   30.00    0.00   11.00   66.00     2   1718.00      0.00 2270452   20652   0.25      0.00    640.00      0.00       0  isupipe

# Time        UID       PID    %usr %system  %guest   %wait    %CPU   CPU  minflt/s  majflt/s     VSZ     RSS   %MEM   kB_rd/s   kB_wr/s kB_ccwr/s iodelay  Command
1791478914    112     14307   48.00   29.00    0.00    0.00   77.00     1      0.00      0.00 2898540 1118920  13.78      0.00  15980.00   7248.00       0  mysqld
1791478914      0     17311    0.00    0.00    0.00    0.00    0.00     2      0.00      0.00   56816   12524   0.15      0.00      0.00      0.00       0  nginx
1791478914     33    203690    1.00    3.00    0.00    5.00    4.00     2      0.00      0.00   58684   12536   0.15      0.00    120.00    100.00       0  nginx
1791478914     33    203691    4.00    9.00    0.00   17.00   13.00     0      4.00      0.00   59896   13692   0.17      0.00    472.00    364.00       0  nginx
1791478914     33    203692    1.00    6.00    0.00   11.00    7.00     2      4.00      0.00   59100   12912   0.16      0.00    232.00    188.00       0  nginx
1791478914     33    203693    8.00   14.00    0.00   22.00   22.00     0     34.00      0.00   61936   15704   0.19      0.00    736.00    592.00       0  nginx
1791478914    113    218632   11.00   25.00    0.00    0.00   36.00     1      3.00      0.00  674328   59668   0.73      0.00      0.00      0.00       0  pdns_server
1791478914   1100    218881   33.00   33.00    0.00    9.00   66.00     3   1260.00      0.00 2270452   20928   0.26      0.00    704.00      0.00       0  isupipe

# Time        UID       PID    %usr %system  %guest   %wait    %CPU   CPU  minflt/s  majflt/s     VSZ     RSS   %MEM   kB_rd/s   kB_wr/s kB_ccwr/s iodelay  Command
1791478915    112     14307   51.00   26.00    0.00    0.00   77.00     2     34.00      0.00 2898540 1118920  13.78      0.00  14860.00   6212.00       0  mysqld
1791478915      0     17311    0.00    0.00    0.00    0.00    0.00     2      0.00      0.00   56816   12524   0.15      0.00      0.00      0.00       0  nginx
1791478915     33    203690    0.00    4.00    0.00    4.00    4.00     2      0.00      0.00   58684   12536   0.15      0.00     24.00      0.00       0  nginx
1791478915     33    203691    4.00    8.00    0.00   13.00   12.00     2      6.00      0.00   59896   13692   0.17      0.00    456.00    400.00       0  nginx
1791478915     33    203692    3.00    4.00    0.00    7.00    7.00     2      0.00      0.00   59100   12912   0.16      0.00    112.00     80.00       0  nginx
1791478915     33    203693    7.00   17.00    0.00   17.00   24.00     2      6.00      0.00   61936   15704   0.19      0.00   1016.00    712.00       0  nginx
1791478915    113    218632   13.00   25.00    0.00    0.00   38.00     1      3.00      0.00  674328   59668   0.73      0.00      0.00      0.00       0  pdns_server
1791478915   1100    218881   35.00   33.00    0.00   18.00   68.00     2    898.00      0.00 2270452   22056   0.27      0.00    640.00      0.00       0  isupipe

# Time        UID       PID    %usr %system  %guest   %wait    %CPU   CPU  minflt/s  majflt/s     VSZ     RSS   %MEM   kB_rd/s   kB_wr/s kB_ccwr/s iodelay  Command
1791478916    112     14307   48.00   23.00    0.00    1.00   71.00     3      7.00      0.00 2898540 1118920  13.78      0.00  16496.00   6952.00       0  mysqld
1791478916      0     17311    0.00    0.00    0.00    0.00    0.00     2      0.00      0.00   56816   12524   0.15      0.00      0.00      0.00       0  nginx
1791478916     33    203690    2.00    4.00    0.00   12.00    6.00     0      0.00      0.00   58684   12536   0.15      0.00    128.00    104.00       0  nginx
1791478916     33    203691    3.00    9.00    0.00   18.00   12.00     0      3.00      0.00   59896   13692   0.17      0.00    328.00    284.00       0  nginx
1791478916     33    203692    4.00    1.00    0.00    7.00    5.00     0      0.00      0.00   59100   12912   0.16      0.00    388.00    364.00       0  nginx
1791478916     33    203693    9.00   14.00    0.00   32.00   23.00     0      2.00      0.00   61936   15704   0.19      0.00    644.00    588.00       0  nginx
1791478916    113    218632   12.00   26.00    0.00    0.00   38.00     1      1.00      0.00  674328   59668   0.73      0.00      0.00      0.00       0  pdns_server
1791478916   1100    218881   30.00   32.00    0.00   48.00   62.00     3   1377.00      0.00 2270452   20164   0.25      0.00    640.00      0.00       0  isupipe

# Time        UID       PID    %usr %system  %guest   %wait    %CPU   CPU  minflt/s  majflt/s     VSZ     RSS   %MEM   kB_rd/s   kB_wr/s kB_ccwr/s iodelay  Command
1791478917    112     14307   43.00   29.00    0.00    1.00   72.00     0      7.00      0.00 2898540 1118920  13.78      0.00  15820.00   7668.00       0  mysqld
1791478917      0     17311    0.00    0.00    0.00    0.00    0.00     2      0.00      0.00   56816   12524   0.15      0.00      0.00      0.00       0  nginx
1791478917     33    203690    2.00    5.00    0.00    9.00    7.00     2      0.00      0.00   58684   12536   0.15      0.00    156.00    116.00       0  nginx
1791478917     33    203691    5.00    7.00    0.00   25.00   12.00     2      0.00      0.00   59896   13692   0.17      0.00    444.00    376.00       0  nginx
1791478917     33    203692    2.00    6.00    0.00    7.00    8.00     2      0.00      0.00   59100   12912   0.16      0.00    376.00    360.00       0  nginx
1791478917     33    203693    7.00   10.00    0.00   33.00   17.00     2      0.00      0.00   61936   15704   0.19      0.00    348.00    208.00       0  nginx
1791478917    113    218632    8.00   29.00    0.00    0.00   37.00     1      3.00      0.00  674328   59668   0.73      0.00      0.00      0.00       0  pdns_server
1791478917   1100    218881   33.00   32.00    0.00   30.00   65.00     2   1148.00      0.00 2270452   20352   0.25      0.00    768.00      0.00       0  isupipe

# Time        UID       PID    %usr %system  %guest   %wait    %CPU   CPU  minflt/s  majflt/s     VSZ     RSS   %MEM   kB_rd/s   kB_wr/s kB_ccwr/s iodelay  Command
1791478918    112     14307   44.00   31.00    0.00    0.00   75.00     0      2.00      0.00 2898540 1118920  13.78      0.00  18348.00   8232.00       0  mysqld
1791478918      0     17311    0.00    0.00    0.00    0.00    0.00     2      0.00      0.00   56816   12524   0.15      0.00      0.00      0.00       0  nginx
1791478918     33    203690    0.00    3.00    0.00    5.00    3.00     2      0.00      0.00   58684   12536   0.15      0.00    136.00    104.00       0  nginx
1791478918     33    203691    4.00    7.00    0.00   17.00   11.00     2      0.00      0.00   59896   13692   0.17      0.00    772.00    728.00       0  nginx
1791478918     33    203692    2.00    3.00    0.00    8.00    5.00     2      0.00      0.00   59100   12912   0.16      0.00     32.00      0.00       0  nginx
1791478918     33    203693    9.00   19.00    0.00   30.00   28.00     2      9.00      0.00   61936   15704   0.19      0.00    848.00    560.00       0  nginx
1791478918    113    218632   10.00   28.00    0.00    0.00   38.00     1      5.00      0.00  674328   59668   0.73      0.00      0.00      0.00       0  pdns_server
1791478918   1100    218881   33.00   33.00    0.00   21.00   66.00     3   1030.00      0.00 2270452   20464   0.25      0.00    724.00      0.00       0  isupipe

# Time        UID       PID    %usr %system  %guest   %wait    %CPU   CPU  minflt/s  majflt/s     VSZ     RSS   %MEM   kB_rd/s   kB_wr/s kB_ccwr/s iodelay  Command
1791478919    112     14307   42.00   34.00    0.00    0.00   76.00     3      5.00      0.00 2898540 1118920  13.78      0.00  16760.00   7364.00       0  mysqld
1791478919      0     17311    0.00    0.00    0.00    0.00    0.00     2      0.00      0.00   56816   12524   0.15      0.00      0.00      0.00       0  nginx
1791478919     33    203690    0.00    2.00    0.00    2.00    2.00     2      0.00      0.00   58684   12536   0.15      0.00     12.00      0.00       0  nginx
1791478919     33    203691    6.00    9.00    0.00   17.00   15.00     2     10.00      0.00   59896   13692   0.17      0.00    540.00    456.00       0  nginx
1791478919     33    203692    3.00    4.00    0.00    8.00    7.00     2      0.00      0.00   59100   12912   0.16      0.00    112.00     64.00       0  nginx
1791478919     33    203693    8.00   17.00    0.00   25.00   25.00     3      0.00      0.00   61936   15704   0.19      0.00    692.00    672.00       0  nginx
1791478919    113    218632    8.00   31.00    0.00    0.00   39.00     1      2.00      0.00  674328   59668   0.73      0.00      0.00      0.00       0  pdns_server
1791478919   1100    218881   33.00   34.00    0.00    0.00   67.00     3   1404.00      0.00 2270452   20328   0.25      0.00    748.00      0.00       0  isupipe

# Time        UID       PID    %usr %system  %guest   %wait    %CPU   CPU  minflt/s  majflt/s     VSZ     RSS   %MEM   kB_rd/s   kB_wr/s kB_ccwr/s iodelay  Command
1791478920    112     14307   46.00   30.00    0.00    2.00   76.00     3      5.00      0.00 2898540 1118920  13.78      0.00  15836.00   7884.00       0  mysqld
1791478920      0     17311    0.00    0.00    0.00    0.00    0.00     2      0.00      0.00   56816   12524   0.15      0.00      0.00      0.00       0  nginx
1791478920     33    203690    2.00    1.00    0.00    4.00    3.00     1      0.00      0.00   58684   12536   0.15      0.00     16.00      0.00       0  nginx
1791478920     33    203691    5.00    9.00    0.00   23.00   14.00     3      0.00      0.00   59896   13692   0.17      0.00    592.00    476.00       0  nginx
1791478920     33    203692    3.00    6.00    0.00   14.00    9.00     3      6.00      0.00   59100   12912   0.16      0.00    340.00    304.00       0  nginx
1791478920     33    203693   10.00   12.00    0.00   29.00   22.00     3      0.00      0.00   61936   15704   0.19      0.00    496.00    336.00       0  nginx
1791478920    113    218632   12.00   25.00    0.00    0.00   37.00     1      2.00      0.00  674328   59668   0.73      0.00      0.00      0.00       0  pdns_server
1791478920   1100    218881   37.00   31.00    0.00   36.00   68.00     1   1234.00      0.00 2270452   20280   0.25      0.00    816.00      0.00       0  isupipe

# Time        UID       PID    %usr %system  %guest   %wait    %CPU   CPU  minflt/s  majflt/s     VSZ     RSS   %MEM   kB_rd/s   kB_wr/s kB_ccwr/s iodelay  Command
1791478921    112     14307   42.00   33.00    0.00    0.00   75.00     3     29.00      0.00 2898540 1118920  13.78      0.00  18408.00   7336.00       0  mysqld
1791478921      0     17311    0.00    0.00    0.00    0.00    0.00     2      0.00      0.00   56816   12524   0.15      0.00      0.00      0.00       0  nginx
1791478921     33    203690    3.00    5.00    0.00   21.00    8.00     2      9.00      0.00   58684   12536   0.15      0.00    128.00     80.00       0  nginx
1791478921     33    203691    5.00    6.00    0.00   31.00   11.00     2      1.00      0.00   59896   13692   0.17      0.00    156.00     72.00       0  nginx
1791478921     33    203692    4.00    7.00    0.00   20.00   11.00     2      2.00      0.00   59100   12912   0.16      0.00    508.00    428.00       0  nginx
1791478921     33    203693    7.00   11.00    0.00   39.00   18.00     2      0.00      0.00   61936   15704   0.19      0.00    648.00    460.00       0  nginx
1791478921    113    218632   10.00   27.00    0.00    0.00   37.00     1      3.00      0.00  674328   59668   0.73      0.00      0.00      0.00       0  pdns_server
1791478921   1100    218881   34.00   33.00    0.00   25.00   67.00     2   1577.00      0.00 2270452   19872   0.24      0.00    816.00      0.00       0  isupipe

# Time        UID       PID    %usr %system  %guest   %wait    %CPU   CPU  minflt/s  majflt/s     VSZ     RSS   %MEM   kB_rd/s   kB_wr/s kB_ccwr/s iodelay  Command
1791478922    112     14307   49.00   27.00    0.00    0.00   76.00     1     85.00      0.00 2898540 1119192  13.79      0.00  28388.00   7280.00       0  mysqld
1791478922      0     17311    0.00    0.00    0.00    0.00    0.00     2      0.00      0.00   56816   12524   0.15      0.00      0.00      0.00       0  nginx
1791478922     33    203690    3.00    4.00    0.00   13.00    7.00     0      0.00      0.00   58684   12536   0.15      0.00    220.00    160.00       0  nginx
1791478922     33    203691    5.00    9.00    0.00   30.00   14.00     2      2.00      0.00   59896   13692   0.17      0.00    392.00    188.00       0  nginx
1791478922     33    203692    3.00    7.00    0.00   21.00   10.00     0     13.00      0.00   59100   12912   0.16      0.00    132.00     80.00       0  nginx
1791478922     33    203693    8.00   10.00    0.00   37.00   18.00     2     12.00      0.00   61936   15704   0.19      0.00    528.00    552.00       0  nginx
1791478922    113    218632   10.00   27.00    0.00    0.00   37.00     1      1.00      0.00  674328   59668   0.73      0.00      0.00      0.00       0  pdns_server
1791478922   1100    218881   34.00   31.00    0.00   28.00   65.00     0   1376.00      0.00 2270452   21124   0.26      0.00    748.00      0.00       0  isupipe

# Time        UID       PID    %usr %system  %guest   %wait    %CPU   CPU  minflt/s  majflt/s     VSZ     RSS   %MEM   kB_rd/s   kB_wr/s kB_ccwr/s iodelay  Command
1791478923    112     14307   44.00   30.00    0.00    1.00   74.00     3      0.00      0.00 2898540 1119192  13.79      0.00  16972.00   6752.00       0  mysqld
1791478923      0     17311    0.00    0.00    0.00    0.00    0.00     2      0.00      0.00   56816   12524   0.15      0.00      0.00      0.00       0  nginx
1791478923     33    203690    2.00    2.00    0.00    5.00    4.00     2      0.00      0.00   58684   12536   0.15      0.00      4.00      0.00       0  nginx
1791478923     33    203691    5.00    7.00    0.00   20.00   12.00     2      0.00      0.00   59896   13692   0.17      0.00    320.00    376.00       0  nginx
1791478923     33    203692    2.00    4.00    0.00   11.00    6.00     2      1.00      0.00   59100   12912   0.16      0.00    404.00    364.00       0  nginx
1791478923     33    203693    6.00   17.00    0.00   30.00   23.00     2     22.00      0.00   61936   15704   0.19      0.00    380.00    208.00       0  nginx
1791478923    113    218632   13.00   24.00    0.00    0.00   37.00     1      3.00      0.00  674328   59668   0.73      0.00      0.00      0.00       0  pdns_server
1791478923   1100    218881   33.00   30.00    0.00   22.00   63.00     2   1069.00      0.00 2270452   21444   0.26      0.00    680.00      0.00       0  isupipe

# Time        UID       PID    %usr %system  %guest   %wait    %CPU   CPU  minflt/s  majflt/s     VSZ     RSS   %MEM   kB_rd/s   kB_wr/s kB_ccwr/s iodelay  Command
1791478924    112     14307   45.00   30.00    0.00    0.00   75.00     3     11.00      0.00 2898540 1119168  13.79      0.00  18752.00   7636.00       0  mysqld
1791478924      0     17311    0.00    0.00    0.00    0.00    0.00     2      0.00      0.00   56816   12524   0.15      0.00      0.00      0.00       0  nginx
1791478924     33    203690    1.00    4.00    0.00    7.00    5.00     2     15.00      0.00   58684   12536   0.15      0.00    108.00     84.00       0  nginx
1791478924     33    203691    2.00   10.00    0.00   19.00   12.00     1     20.00      0.00   59896   13692   0.17      0.00    400.00    356.00       0  nginx
1791478924     33    203692    4.00    7.00    0.00   14.00   11.00     1     31.00      0.00   59100   12912   0.16      0.00    528.00    492.00       0  nginx
1791478924     33    203693    4.00   17.00    0.00   31.00   21.00     3     15.00      0.00   61936   15704   0.19      0.00    452.00    276.00       0  nginx
1791478924    113    218632   11.00   25.00    0.00    0.00   36.00     1      1.00      0.00  674328   59668   0.73      0.00      0.00      0.00       0  pdns_server
1791478924   1100    218881   32.00   34.00    0.00   37.00   66.00     1   1338.00      0.00 2270452   20996   0.26    332.00    748.00      0.00       0  isupipe

# Time        UID       PID    %usr %system  %guest   %wait    %CPU   CPU  minflt/s  majflt/s     VSZ     RSS   %MEM   kB_rd/s   kB_wr/s kB_ccwr/s iodelay  Command
1791478925    112     14307   39.00   34.00    0.00    1.00   73.00     0      5.00      0.00 2898540 1119100  13.78      4.00  17224.00   7864.00       0  mysqld
1791478925      0     17311    0.00    0.00    0.00    0.00    0.00     2      0.00      0.00   56816   12524   0.15      0.00      0.00      0.00       0  nginx
1791478925     33    203690    1.00    1.00    0.00    3.00    2.00     2     31.00      0.00   58684   12532   0.15      0.00      8.00      0.00       0  nginx
1791478925     33    203691    3.00   10.00    0.00   15.00   13.00     1     53.00      0.00   59896   13688   0.17      0.00    716.00    644.00       0  nginx
1791478925     33    203692    2.00    5.00    0.00    8.00    7.00     2     35.00      0.00   59100   12908   0.16      0.00    296.00    240.00       0  nginx
1791478925     33    203693    8.00   14.00    0.00   23.00   22.00     2     35.00      0.00   61936   15700   0.19      0.00    572.00    432.00       0  nginx
1791478925    113    218632   15.00   21.00    0.00    0.00   36.00     1      3.00      0.00  674328   59668   0.73      0.00      0.00      0.00       0  pdns_server
1791478925   1100    218881   33.00   32.00    0.00   36.00   65.00     1    949.00      0.00 2270452   21844   0.27     92.00    748.00      0.00       0  isupipe

# Time        UID       PID    %usr %system  %guest   %wait    %CPU   CPU  minflt/s  majflt/s     VSZ     RSS   %MEM   kB_rd/s   kB_wr/s kB_ccwr/s iodelay  Command
1791478926    112     14307   42.00   29.00    0.00    0.00   71.00     0      8.00      0.00 2898540 1119100  13.78      0.00  21144.00   7844.00       0  mysqld
1791478926      0     17311    0.00    0.00    0.00    0.00    0.00     2      0.00      0.00   56816   12524   0.15      0.00      0.00      0.00       0  nginx
1791478926     33    203690    1.00    5.00    0.00   12.00    6.00     2      3.00      0.00   58684   12532   0.15      0.00    132.00    100.00       0  nginx
1791478926     33    203691    5.00    6.00    0.00   22.00   11.00     2      6.00      0.00   59896   13688   0.17      0.00    464.00    272.00       0  nginx
1791478926     33    203692    4.00    7.00    0.00   17.00   11.00     2      3.00      0.00   59100   12908   0.16      0.00     44.00      0.00       0  nginx
1791478926     33    203693    5.00   11.00    0.00   33.00   16.00     0      0.00      0.00   61936   15700   0.19      0.00    916.00    820.00       0  nginx
1791478926    113    218632   11.00   26.00    0.00    0.00   37.00     1      3.00      0.00  674328   59668   0.73      0.00      0.00      0.00       0  pdns_server
1791478926   1100    218881   37.00   26.00    0.00   36.00   63.00     2   1110.00      0.00 2270452   20068   0.25      0.00    748.00      0.00       0  isupipe

# Time        UID       PID    %usr %system  %guest   %wait    %CPU   CPU  minflt/s  majflt/s     VSZ     RSS   %MEM   kB_rd/s   kB_wr/s kB_ccwr/s iodelay  Command
1791478927    112     14307   48.00   26.00    0.00    0.00   74.00     0      9.00      0.00 2898540 1119100  13.78      0.00  18760.00   9324.00       0  mysqld
1791478927      0     17311    0.00    0.00    0.00    0.00    0.00     2      0.00      0.00   56816   12524   0.15      0.00      0.00      0.00       0  nginx
1791478927     33    203690    1.00    2.00    0.00    5.00    3.00     2      0.00      0.00   58684   12532   0.15      0.00     72.00     60.00       0  nginx
1791478927     33    203691    6.00    8.00    0.00   20.00   14.00     3      2.00      0.00   59896   13688   0.17      0.00    612.00    508.00       0  nginx
1791478927     33    203692    3.00    5.00    0.00    9.00    8.00     2      3.00      0.00   59100   12908   0.16      0.00    248.00    224.00       0  nginx
1791478927     33    203693    9.00   13.00    0.00   25.00   22.00     2      0.00      0.00   61936   15700   0.19      0.00    716.00    580.00       0  nginx
1791478927    113    218632    9.00   27.00    0.00    0.00   36.00     1      3.00      0.00  674328   59668   0.73      0.00      0.00      0.00       0  pdns_server
1791478927   1100    218881   33.00   33.00    0.00   37.00   66.00     3   1519.00      0.00 2270452   20876   0.26      0.00    864.00      0.00       0  isupipe

# Time        UID       PID    %usr %system  %guest   %wait    %CPU   CPU  minflt/s  majflt/s     VSZ     RSS   %MEM   kB_rd/s   kB_wr/s kB_ccwr/s iodelay  Command
1791478928    112     14307   35.00   38.00    0.00    1.00   73.00     1     10.00      0.00 2898540 1119092  13.78      0.00  17432.00   7552.00       0  mysqld
1791478928      0     17311    0.00    0.00    0.00    0.00    0.00     2      0.00      0.00   56816   12524   0.15      0.00      0.00      0.00       0  nginx
1791478928     33    203690    3.00    2.00    0.00    6.00    5.00     2     28.00      0.00   58684   12524   0.15      0.00    148.00    112.00       0  nginx
1791478928     33    203691    5.00    9.00    0.00   19.00   14.00     2     31.00      0.00   59896   13680   0.17      0.00    656.00    668.00       0  nginx
1791478928     33    203692    4.00    5.00    0.00   10.00    9.00     2     27.00      0.00   59100   12900   0.16      0.00    144.00    104.00       0  nginx
1791478928     33    203693    6.00   13.00    0.00   25.00   19.00     2     28.00      0.00   61936   15692   0.19      0.00    788.00    676.00       0  nginx
1791478928    113    218632   10.00   29.00    0.00    0.00   39.00     1      1.00      0.00  674328   59524   0.73      0.00      0.00      0.00       0  pdns_server
1791478928   1100    218881   36.00   26.00    0.00   28.00   62.00     1   1749.00      0.00 2270708   21604   0.27     32.00    792.00      0.00       0  isupipe

# Time        UID       PID    %usr %system  %guest   %wait    %CPU   CPU  minflt/s  majflt/s     VSZ     RSS   %MEM   kB_rd/s   kB_wr/s kB_ccwr/s iodelay  Command
1791478929    112     14307   44.00   30.00    0.00    0.00   74.00     1     35.00      0.00 2898540 1119292  13.79      0.00  16540.00   7596.00       0  mysqld
1791478929      0     17311    0.00    0.00    0.00    0.00    0.00     2      0.00      0.00   56816   12524   0.15      0.00      0.00      0.00       0  nginx
1791478929     33    203690    1.00    1.00    0.00    3.00    2.00     2      3.00      0.00   58684   12524   0.15      0.00      8.00      0.00       0  nginx
1791478929     33    203691    4.00    7.00    0.00   18.00   11.00     3     14.00      0.00   59896   13680   0.17      0.00    352.00    260.00       0  nginx
1791478929     33    203692    5.00    5.00    0.00   10.00   10.00     2     15.00      0.00   59100   12900   0.16      0.00    216.00    172.00       0  nginx
1791478929     33    203693    8.00   14.00    0.00   24.00   22.00     2     44.00      0.00   61936   15692   0.19      0.00    604.00    468.00       0  nginx
1791478929    113    218632   10.00   28.00    0.00    0.00   38.00     1      6.00      0.00  674328   59292   0.73      0.00      0.00      0.00       0  pdns_server
1791478929   1100    218881   32.00   30.00    0.00   29.00   62.00     1    937.00      0.00 2270708   21024   0.26      0.00    792.00      0.00       0  isupipe

# Time        UID       PID    %usr %system  %guest   %wait    %CPU   CPU  minflt/s  majflt/s     VSZ     RSS   %MEM   kB_rd/s   kB_wr/s kB_ccwr/s iodelay  Command
1791478930    112     14307   44.00   30.00    0.00    0.00   74.00     0      5.00      0.00 2898540 1119288  13.79      0.00  21172.00   8084.00       0  mysqld
1791478930      0     17311    0.00    0.00    0.00    0.00    0.00     2      0.00      0.00   56816   12524   0.15      0.00      0.00      0.00       0  nginx
1791478930     33    203690    2.00    4.00    0.00   11.00    6.00     2     42.00      0.00   58684   12520   0.15      0.00    212.00    188.00       0  nginx
1791478930     33    203691    4.00    8.00    0.00   23.00   12.00     2     31.00      0.00   59896   13676   0.17      0.00    332.00    264.00       0  nginx
1791478930     33    203692    3.00    6.00    0.00   17.00    9.00     2     15.00      0.00   59100   12896   0.16      0.00    384.00    324.00       0  nginx
1791478930     33    203693    7.00   12.00    0.00   32.00   19.00     3     33.00      0.00   61936   15688   0.19      0.00    680.00    544.00       0  nginx
1791478930    113    218632    9.00   26.00    0.00    0.00   35.00     1      2.00      0.00  674328   58804   0.72      0.00      0.00      0.00       0  pdns_server
1791478930   1100    218881   28.00   36.00    0.00    0.00   64.00     1   1219.00      0.00 2270964   21084   0.26      0.00    792.00      0.00       0  isupipe

# Time        UID       PID    %usr %system  %guest   %wait    %CPU   CPU  minflt/s  majflt/s     VSZ     RSS   %MEM   kB_rd/s   kB_wr/s kB_ccwr/s iodelay  Command
1791478931    112     14307   53.00   24.00    0.00    1.00   77.00     3      5.00      0.00 2898540 1119288  13.79      0.00  19036.00   8212.00       0  mysqld
1791478931      0     17311    0.00    0.00    0.00    0.00    0.00     2      0.00      0.00   56816   12524   0.15      0.00      0.00      0.00       0  nginx
1791478931     33    203690    2.00    5.00    0.00    8.00    7.00     2     22.00      0.00   58684   12520   0.15      0.00    456.00    420.00       0  nginx
1791478931     33    203691    2.00   12.00    0.00   24.00   14.00     3     12.00      0.00   59896   13676   0.17      0.00    604.00    508.00       0  nginx
1791478931     33    203692    1.00    8.00    0.00   13.00    9.00     2     19.00      0.00   59100   12896   0.16      0.00    220.00    176.00       0  nginx
1791478931     33    203693    9.00   10.00    0.00   31.00   19.00     0     10.00      0.00   61936   15688   0.19      0.00    256.00    152.00       0  nginx
1791478931    113    218632    9.00   29.00    0.00    0.00   38.00     1      4.00      0.00  674328   58548   0.72      0.00      0.00      0.00       0  pdns_server
1791478931   1100    218881   38.00   30.00    0.00   10.00   68.00     1   1150.00      0.00 2270964   20872   0.26     16.00    792.00      0.00       0  isupipe

# Time        UID       PID    %usr %system  %guest   %wait    %CPU   CPU  minflt/s  majflt/s     VSZ     RSS   %MEM   kB_rd/s   kB_wr/s kB_ccwr/s iodelay  Command
1791478932    112     14307   45.00   23.00    0.00    0.00   68.00     3      6.00      0.00 2898540 1119236  13.79      0.00  15572.00   7368.00       0  mysqld
1791478932      0     17311    0.00    0.00    0.00    0.00    0.00     2      0.00      0.00   56816   12524   0.15      0.00      0.00      0.00       0  nginx
1791478932     33    203690    2.00    5.00    0.00    9.00    7.00     2     27.00      1.00   58684   12468   0.15     52.00    236.00    192.00       0  nginx
1791478932     33    203691    4.00    8.00    0.00   20.00   12.00     2     25.00      1.00   59896   13672   0.17      0.00    252.00    192.00       0  nginx
1791478932     33    203692    3.00    7.00    0.00   18.00   10.00     2     20.00      1.00   59100   12844   0.16      0.00    208.00    168.00       0  nginx
1791478932     33    203693    8.00   13.00    0.00   31.00   21.00     3     19.00      2.00   61936   15636   0.19     20.00    604.00    484.00       0  nginx
1791478932    113    218632   12.00   24.00    0.00    0.00   36.00     1      3.00      0.00  674328   58388   0.72      0.00      0.00      0.00       0  pdns_server
1791478932   1100    218881   32.00   31.00    0.00   25.00   63.00     2    824.00      0.00 2270964   21044   0.26      0.00    648.00      0.00       0  isupipe

# Time        UID       PID    %usr %system  %guest   %wait    %CPU   CPU  minflt/s  majflt/s     VSZ     RSS   %MEM   kB_rd/s   kB_wr/s kB_ccwr/s iodelay  Command
1791478933    112     14307   42.00   30.00    0.00    1.00   72.00     3      6.00      0.00 2898540 1119236  13.79      0.00  16700.00   7372.00       0  mysqld
1791478933      0     17311    0.00    0.00    0.00    0.00    0.00     2      0.00      0.00   56816   12524   0.15      0.00      0.00      0.00       0  nginx
1791478933     33    203690    0.00    7.00    0.00    8.00    7.00     2      0.00      0.00   58684   12468   0.15      0.00     36.00      0.00       0  nginx
1791478933     33    203691    3.00    8.00    0.00   11.00   11.00     2      0.00      0.00   59896   13672   0.17      0.00    284.00    236.00       0  nginx
1791478933     33    203692    3.00    4.00    0.00    7.00    7.00     2      0.00      0.00   59100   12844   0.16      0.00     64.00      0.00       0  nginx
1791478933     33    203693    9.00   13.00    0.00   24.00   22.00     2      1.00      0.00   61936   15636   0.19      0.00   1004.00    856.00       0  nginx
1791478933    113    218632   13.00   26.00    0.00    0.00   39.00     1      1.00      0.00  674328   58388   0.72      0.00      0.00      0.00       0  pdns_server
1791478933   1100    218881   34.00   32.00    0.00   27.00   66.00     1   1323.00      0.00 2270964   21352   0.26      0.00    792.00      0.00       0  isupipe

# Time        UID       PID    %usr %system  %guest   %wait    %CPU   CPU  minflt/s  majflt/s     VSZ     RSS   %MEM   kB_rd/s   kB_wr/s kB_ccwr/s iodelay  Command
1791478934    112     14307   47.00   26.00    0.00    0.00   73.00     3     13.00      0.00 2898540 1119236  13.79      0.00  18084.00   9148.00       0  mysqld
1791478934      0     17311    0.00    0.00    0.00    0.00    0.00     2      0.00      0.00   56816   12524   0.15      0.00      0.00      0.00       0  nginx
1791478934     33    203690    2.00    4.00    0.00    9.00    6.00     1     15.00      0.00   58684   12468   0.15      0.00    236.00    212.00       0  nginx
1791478934     33    203691    3.00   10.00    0.00   33.00   13.00     0     15.00      0.00   59896   13672   0.17      0.00    504.00    432.00       0  nginx
1791478934     33    203692    3.00    6.00    0.00   19.00    9.00     0      5.00      0.00   59100   12844   0.16      0.00    400.00    368.00       0  nginx
1791478934     33    203693    5.00   14.00    0.00   39.00   19.00     2     15.00      0.00   61936   15700   0.19      0.00    632.00    508.00       0  nginx
1791478934    113    218632    8.00   29.00    0.00    0.00   37.00     1      5.00      0.00  674328   57876   0.71      0.00      0.00      0.00       0  pdns_server
1791478934   1100    218881   34.00   30.00    0.00   22.00   64.00     0   1675.00      0.00 2270964   20760   0.26    172.00    864.00      0.00       0  isupipe

# Time        UID       PID    %usr %system  %guest   %wait    %CPU   CPU  minflt/s  majflt/s     VSZ     RSS   %MEM   kB_rd/s   kB_wr/s kB_ccwr/s iodelay  Command
1791478935    112     14307   52.00   20.00    0.00    0.00   72.00     3      5.00      0.00 2898540 1119220  13.79      0.00  23672.00   6992.00       0  mysqld
1791478935      0     17311    0.00    0.00    0.00    0.00    0.00     2      0.00      0.00   56816   12524   0.15      0.00      0.00      0.00       0  nginx
1791478935     33    203690    1.00    4.00    0.00    6.00    5.00     2     28.00      0.00   58684   12516   0.15      0.00     40.00      0.00       0  nginx
1791478935     33    203691    4.00    9.00    0.00   15.00   13.00     2     22.00      0.00   59896   13656   0.17      0.00    444.00    400.00       0  nginx
1791478935     33    203692    2.00    6.00    0.00   11.00    8.00     2     29.00      0.00   59100   12892   0.16      0.00     36.00      0.00       0  nginx
1791478935     33    203693    6.00   15.00    0.00   21.00   21.00     2     35.00      0.00   61936   15684   0.19      0.00   1084.00    960.00       0  nginx
1791478935    113    218632    8.00   27.00    0.00    0.00   35.00     1      1.00      0.00  674328   57352   0.71      0.00      0.00      0.00       0  pdns_server
1791478935   1100    218881   30.00   31.00    0.00   22.00   61.00     2   1537.00      0.00 2270964   21888   0.27    252.00    660.00      0.00       0  isupipe

# Time        UID       PID    %usr %system  %guest   %wait    %CPU   CPU  minflt/s  majflt/s     VSZ     RSS   %MEM   kB_rd/s   kB_wr/s kB_ccwr/s iodelay  Command
1791478936    112     14307   40.59   25.74    0.00    0.99   66.34     3      0.00      0.00 2898540 1119220  13.79      0.00  20740.59   7366.34       0  mysqld
1791478936      0     17311    0.00    0.00    0.00    0.00    0.00     2      0.00      0.00   56816   12524   0.15      0.00      0.00      0.00       0  nginx
1791478936     33    203690    2.97    2.97    0.00    6.93    5.94     2      0.00      0.00   58684   12516   0.15      0.00    257.43    245.54       0  nginx
1791478936     33    203691    5.94    7.92    0.00   23.76   13.86     2      0.00      0.00   59896   13656   0.17      0.00    407.92    348.51       0  nginx
1791478936     33    203692    1.98    6.93    0.00   10.89    8.91     2      0.00      0.00   59100   12892   0.16      0.00    352.48    312.87       0  nginx
1791478936     33    203693    5.94   13.86    0.00   34.65   19.80     2      0.00      0.00   61936   15684   0.19      0.00    344.55    201.98       0  nginx
1791478936    113    218632    9.90   22.77    0.00    0.00   32.67     1      3.96      0.00  674328   57352   0.71      0.00      0.00      0.00       0  pdns_server
1791478936   1100    218881   25.74   29.70    0.00   31.68   55.45     3    478.22      0.00 2270964   22160   0.27      0.00    677.23      0.00       0  isupipe

# Time        UID       PID    %usr %system  %guest   %wait    %CPU   CPU  minflt/s  majflt/s     VSZ     RSS   %MEM   kB_rd/s   kB_wr/s kB_ccwr/s iodelay  Command
1791478937    112     14307   42.00   27.00    0.00    0.00   69.00     1      3.00      0.00 2898540 1119220  13.79      0.00  16948.00   8340.00       0  mysqld
1791478937      0     17311    0.00    0.00    0.00    0.00    0.00     2      0.00      0.00   56816   12524   0.15      0.00      0.00      0.00       0  nginx
1791478937     33    203690    5.00    3.00    0.00   13.00    8.00     2      0.00      0.00   58684   12516   0.15      0.00    148.00    120.00       0  nginx
1791478937     33    203691    5.00    8.00    0.00   27.00   13.00     2      2.00      0.00   59896   13656   0.17      0.00    212.00    104.00       0  nginx
1791478937     33    203692    5.00    8.00    0.00   21.00   13.00     2      0.00      0.00   59100   12892   0.16      0.00    468.00    416.00       0  nginx
1791478937     33    203693    8.00   12.00    0.00   29.00   20.00     2      0.00      0.00   61936   15684   0.19      0.00    696.00    624.00       0  nginx
1791478937    113    218632   10.00   30.00    0.00    0.00   40.00     1      1.00      0.00  674328   57352   0.71      0.00      0.00      0.00       0  pdns_server
1791478937   1100    218881   31.00   27.00    0.00   21.00   58.00     0   1425.00      0.00 2270964   22556   0.28      0.00    912.00      0.00       0  isupipe

# Time        UID       PID    %usr %system  %guest   %wait    %CPU   CPU  minflt/s  majflt/s     VSZ     RSS   %MEM   kB_rd/s   kB_wr/s kB_ccwr/s iodelay  Command
1791478938    112     14307   45.00   27.00    0.00    0.00   72.00     0      4.00      0.00 2898540 1119220  13.79      0.00  15740.00   7376.00       0  mysqld
1791478938      0     17311    0.00    0.00    0.00    0.00    0.00     2      0.00      0.00   56816   12524   0.15      0.00      0.00      0.00       0  nginx
1791478938     33    203690    2.00    4.00    0.00   10.00    6.00     2     15.00      0.00   58684   12516   0.15      0.00    240.00    216.00       0  nginx
1791478938     33    203691    8.00    7.00    0.00   28.00   15.00     2      0.00      0.00   59896   13656   0.17      0.00    416.00    332.00       0  nginx
1791478938     33    203692    6.00    6.00    0.00   19.00   12.00     2      0.00      0.00   59100   12892   0.16      0.00    116.00     76.00       0  nginx
1791478938     33    203693    9.00   12.00    0.00   33.00   21.00     2      0.00      0.00   61936   15684   0.19      0.00    480.00    396.00       0  nginx
1791478938    113    218632   15.00   21.00    0.00    0.00   36.00     1      2.00      0.00  674328   57352   0.71      0.00      0.00      0.00       0  pdns_server
1791478938   1100    218881   30.00   30.00    0.00    0.00   60.00     0    579.00      0.00 2271220   22452   0.28      0.00    760.00      0.00       0  isupipe

# Time        UID       PID    %usr %system  %guest   %wait    %CPU   CPU  minflt/s  majflt/s     VSZ     RSS   %MEM   kB_rd/s   kB_wr/s kB_ccwr/s iodelay  Command
1791478939    112     14307   38.00   31.00    0.00    0.00   69.00     3     40.00      0.00 2898540 1119220  13.79      0.00  17088.00   8108.00       0  mysqld
1791478939      0     17311    0.00    0.00    0.00    0.00    0.00     2      0.00      0.00   56816   12524   0.15      0.00      0.00      0.00       0  nginx
1791478939     33    203690    6.00    6.00    0.00   23.00   12.00     3     10.00      0.00   58684   12516   0.15      0.00    124.00     80.00       0  nginx
1791478939     33    203691    7.00    7.00    0.00   31.00   14.00     2      0.00      0.00   59896   13656   0.17      0.00    488.00    424.00       0  nginx
1791478939     33    203692    4.00    6.00    0.00   28.00   10.00     2      0.00      0.00   59100   12892   0.16      0.00    236.00    188.00       0  nginx
1791478939     33    203693    9.00    7.00    0.00   41.00   16.00     2      0.00      0.00   61936   15684   0.19      0.00    468.00    384.00       0  nginx
1791478939    113    218632   10.00   28.00    0.00    0.00   38.00     1      3.00      0.00  674328   57352   0.71      0.00      0.00      0.00       0  pdns_server
1791478939   1100    218881   34.00   26.00    0.00    0.00   60.00     0    901.00      0.00 2271220   21808   0.27      0.00    760.00      0.00       0  isupipe

# Time        UID       PID    %usr %system  %guest   %wait    %CPU   CPU  minflt/s  majflt/s     VSZ     RSS   %MEM   kB_rd/s   kB_wr/s kB_ccwr/s iodelay  Command
1791478940    112     14307   38.00   30.00    0.00    1.00   68.00     3      0.00      0.00 2898540 1119220  13.79      0.00  19632.00   7668.00       0  mysqld
1791478940      0     17311    0.00    0.00    0.00    0.00    0.00     2      0.00      0.00   56816   12524   0.15      0.00      0.00      0.00       0  nginx
1791478940     33    203690    4.00    6.00    0.00   20.00   10.00     2     11.00      0.00   58684   12516   0.15      0.00     56.00      0.00       0  nginx
1791478940     33    203691    4.00    9.00    0.00   30.00   13.00     1      0.00      0.00   59896   13656   0.17      0.00    276.00    188.00       0  nginx
1791478940     33    203692    6.00    4.00    0.00   18.00   10.00     2      3.00      0.00   59100   12892   0.16      0.00    252.00    224.00       0  nginx
1791478940     33    203693    5.00   13.00    0.00   36.00   18.00     0      0.00      0.00   61936   15684   0.19      0.00    804.00    716.00       0  nginx
1791478940    113    218632   12.00   27.00    0.00    0.00   39.00     1      0.00      0.00  674328   57352   0.71      0.00      0.00      0.00       0  pdns_server
1791478940   1100    218881   28.00   31.00    0.00    0.00   59.00     3   1357.00      0.00 2271220   22032   0.27      0.00    836.00      0.00       0  isupipe

# Time        UID       PID    %usr %system  %guest   %wait    %CPU   CPU  minflt/s  majflt/s     VSZ     RSS   %MEM   kB_rd/s   kB_wr/s kB_ccwr/s iodelay  Command
1791478941    112     14307   45.00   28.00    0.00    0.00   73.00     0     19.00      0.00 2898540 1119512  13.79      0.00  17752.00   8668.00       0  mysqld
1791478941      0     17311    0.00    0.00    0.00    0.00    0.00     2      0.00      0.00   56816   12524   0.15      0.00      0.00      0.00       0  nginx
1791478941     33    203690    2.00    3.00    0.00    5.00    5.00     1      0.00      0.00   58684   12516   0.15      0.00    280.00    276.00       0  nginx
1791478941     33    203691    5.00    9.00    0.00   20.00   14.00     2      0.00      0.00   59896   13656   0.17      0.00    572.00    480.00       0  nginx
1791478941     33    203692    3.00    6.00    0.00    9.00    9.00     0      0.00      0.00   59100   12892   0.16      0.00    384.00    364.00       0  nginx
1791478941     33    203693   12.00   12.00    0.00   24.00   24.00     2      0.00      0.00   61936   15684   0.19      0.00    440.00    292.00       0  nginx
1791478941    113    218632   11.00   27.00    0.00    0.00   38.00     1      2.00      0.00  674328   57352   0.71      0.00      0.00      0.00       0  pdns_server
1791478941   1100    218881   33.00   28.00    0.00    0.00   61.00     3   2379.00      0.00 2271220   21632   0.27      0.00    836.00      0.00       0  isupipe

# Time        UID       PID    %usr %system  %guest   %wait    %CPU   CPU  minflt/s  majflt/s     VSZ     RSS   %MEM   kB_rd/s   kB_wr/s kB_ccwr/s iodelay  Command
1791478942    112     14307   41.00   30.00    0.00    1.00   71.00     0     16.00      0.00 2898540 1119660  13.79      0.00  17220.00   8464.00       0  mysqld
1791478942      0     17311    0.00    0.00    0.00    0.00    0.00     2      0.00      0.00   56816   12524   0.15      0.00      0.00      0.00       0  nginx
1791478942     33    203690    3.00    6.00    0.00   15.00    9.00     2      0.00      0.00   58684   12516   0.15      0.00    224.00    208.00       0  nginx
1791478942     33    203691    5.00    9.00    0.00   33.00   14.00     2      0.00      0.00   59896   13656   0.17      0.00    316.00    204.00       0  nginx
1791478942     33    203692    3.00    7.00    0.00   26.00   10.00     3      0.00      0.00   59100   12892   0.16      0.00    460.00    416.00       0  nginx
1791478942     33    203693    7.00   11.00    0.00   44.00   18.00     3      0.00      0.00   61936   15684   0.19      0.00    520.00    372.00       0  nginx
1791478942    113    218632   16.00   23.00    0.00    0.00   39.00     1      4.00      0.00  674328   57352   0.71      0.00      0.00      0.00       0  pdns_server
1791478942   1100    218881   32.00   27.00    0.00    0.00   59.00     3   2055.00      0.00 2271220   23184   0.29      0.00    836.00      0.00       0  isupipe

# Time        UID       PID    %usr %system  %guest   %wait    %CPU   CPU  minflt/s  majflt/s     VSZ     RSS   %MEM   kB_rd/s   kB_wr/s kB_ccwr/s iodelay  Command
1791478943    112     14307   42.00   28.00    0.00    0.00   70.00     0      4.00      0.00 2898540 1119660  13.79      0.00  19108.00   9416.00       0  mysqld
1791478943      0     17311    0.00    0.00    0.00    0.00    0.00     2      0.00      0.00   56816   12524   0.15      0.00      0.00      0.00       0  nginx
1791478943     33    203690    2.00    7.00    0.00   19.00    9.00     2      0.00      0.00   58684   12516   0.15      0.00    124.00     92.00       0  nginx
1791478943     33    203691    5.00    8.00    0.00   37.00   13.00     2      0.00      0.00   59896   13656   0.17      0.00    648.00    668.00       0  nginx
1791478943     33    203692    3.00    8.00    0.00   25.00   11.00     2      1.00      0.00   59100   12892   0.16      0.00    368.00    304.00       0  nginx
1791478943     33    203693    8.00   12.00    0.00   42.00   20.00     3      0.00      0.00   61936   15684   0.19      0.00    376.00    260.00       0  nginx
1791478943    113    218632   13.00   25.00    0.00    0.00   38.00     1      2.00      0.00  674328   57352   0.71      0.00      0.00      0.00       0  pdns_server
1791478943   1100    218881   32.00   31.00    0.00    0.00   63.00     3    985.00      0.00 2271220   22676   0.28      0.00    836.00      0.00       0  isupipe

# Time        UID       PID    %usr %system  %guest   %wait    %CPU   CPU  minflt/s  majflt/s     VSZ     RSS   %MEM   kB_rd/s   kB_wr/s kB_ccwr/s iodelay  Command
1791478944    112     14307   43.00   27.00    0.00    0.00   70.00     0      2.00      0.00 2898540 1119660  13.79      0.00  18108.00   8108.00       0  mysqld
1791478944      0     17311    0.00    0.00    0.00    0.00    0.00     2      0.00      0.00   56816   12524   0.15      0.00      0.00      0.00       0  nginx
1791478944     33    203690    4.00    3.00    0.00   17.00    7.00     0      0.00      0.00   58684   12516   0.15      0.00    116.00     92.00       0  nginx
1791478944     33    203691    5.00    9.00    0.00   36.00   14.00     2      0.00      0.00   59896   13656   0.17      0.00    320.00    260.00       0  nginx
1791478944     33    203692    3.00    7.00    0.00   19.00   10.00     2      2.00      0.00   59100   12892   0.16      0.00    296.00    256.00       0  nginx
1791478944     33    203693    9.00   12.00    0.00   42.00   21.00     2      0.00      0.00   61936   15684   0.19      0.00    884.00    768.00       0  nginx
1791478944    113    218632   12.00   27.00    0.00    0.00   39.00     1      2.00      0.00  674328   57352   0.71      0.00      0.00      0.00       0  pdns_server
1791478944   1100    218881   29.00   30.00    0.00    0.00   59.00     3   1323.00      0.00 2271220   21560   0.27      0.00    856.00      0.00       0  isupipe

# Time        UID       PID    %usr %system  %guest   %wait    %CPU   CPU  minflt/s  majflt/s     VSZ     RSS   %MEM   kB_rd/s   kB_wr/s kB_ccwr/s iodelay  Command
1791478945    112     14307   38.00   31.00    0.00    0.00   69.00     1      0.00      0.00 2898540 1119660  13.79      0.00  17320.00   9060.00       0  mysqld
1791478945      0     17311    0.00    0.00    0.00    0.00    0.00     2      0.00      0.00   56816   12524   0.15      0.00      0.00      0.00       0  nginx
1791478945     33    203690    6.00    7.00    0.00   27.00   13.00     2      5.00      0.00   58684   12516   0.15      0.00    212.00     88.00       0  nginx
1791478945     33    203691    6.00    8.00    0.00   44.00   14.00     2      0.00      0.00   59896   13656   0.17      0.00    444.00    372.00       0  nginx
1791478945     33    203692    4.00    6.00    0.00   27.00   10.00     2      3.00      0.00   59100   12892   0.16      0.00    164.00    124.00       0  nginx
1791478945     33    203693    8.00    9.00    0.00   51.00   17.00     2      0.00      0.00   61936   15684   0.19      0.00    488.00    400.00       0  nginx
1791478945    113    218632   16.00   21.00    0.00    0.00   37.00     1      2.00      0.00  674328   57352   0.71      0.00      0.00      0.00       0  pdns_server
1791478945   1100    218881   31.00   26.00    0.00   22.00   57.00     2    747.00      0.00 2271220   21264   0.26      0.00    880.00      0.00       0  isupipe

# Time        UID       PID    %usr %system  %guest   %wait    %CPU   CPU  minflt/s  majflt/s     VSZ     RSS   %MEM   kB_rd/s   kB_wr/s kB_ccwr/s iodelay  Command
1791478946    112     14307   35.00   32.00    0.00    0.00   67.00     1      0.00      0.00 2898540 1119660  13.79      0.00  24128.00   9036.00       0  mysqld
1791478946      0     17311    0.00    0.00    0.00    0.00    0.00     2      0.00      0.00   56816   12524   0.15      0.00      0.00      0.00       0  nginx
1791478946     33    203690    4.00    6.00    0.00   31.00   10.00     0     14.00      0.00   58684   12516   0.15      0.00    216.00    264.00       0  nginx
1791478946     33    203691    3.00   10.00    0.00   34.00   13.00     2      0.00      0.00   59896   13656   0.17      0.00    436.00    384.00       0  nginx
1791478946     33    203692    3.00    9.00    0.00   25.00   12.00     0      1.00      0.00   59100   12892   0.16      0.00    292.00    236.00       0  nginx
1791478946     33    203693    7.00    9.00    0.00   40.00   16.00     2      0.00      0.00   61936   15684   0.19      0.00    604.00    436.00       0  nginx
1791478946    113    218632   12.00   25.00    0.00    0.00   37.00     1      3.00      0.00  674328   57352   0.71      0.00      0.00      0.00       0  pdns_server
1791478946   1100    218881   32.00   30.00    0.00   24.00   62.00     0   1391.00      0.00 2271220   21332   0.26      0.00    960.00      0.00       0  isupipe

# Time        UID       PID    %usr %system  %guest   %wait    %CPU   CPU  minflt/s  majflt/s     VSZ     RSS   %MEM   kB_rd/s   kB_wr/s kB_ccwr/s iodelay  Command
1791478947    112     14307   42.00   27.00    0.00    1.00   69.00     1     31.00      0.00 2898540 1119660  13.79      0.00  16940.00   7844.00       0  mysqld
1791478947      0     17311    0.00    0.00    0.00    0.00    0.00     2      0.00      0.00   56816   12524   0.15      0.00      0.00      0.00       0  nginx
1791478947     33    203690    3.00    7.00    0.00   17.00   10.00     0      0.00      0.00   58684   12516   0.15      0.00    280.00    208.00       0  nginx
1791478947     33    203691    4.00    9.00    0.00   26.00   13.00     0      0.00      0.00   59896   13656   0.17      0.00    432.00    372.00       0  nginx
1791478947     33    203692    5.00    5.00    0.00   23.00   10.00     3      0.00      0.00   59100   12892   0.16      0.00    148.00    100.00       0  nginx
1791478947     33    203693    7.00   12.00    0.00   37.00   19.00     0      0.00      0.00   61936   15684   0.19      0.00    400.00    404.00       0  nginx
1791478947    113    218632   12.00   26.00    0.00    0.00   38.00     1      0.00      0.00  674328   57352   0.71      0.00      0.00      0.00       0  pdns_server
1791478947   1100    218881   29.00   31.00    0.00   31.00   60.00     2    921.00      0.00 2271220   21672   0.27      0.00    720.00      0.00       0  isupipe

# Time        UID       PID    %usr %system  %guest   %wait    %CPU   CPU  minflt/s  majflt/s     VSZ     RSS   %MEM   kB_rd/s   kB_wr/s kB_ccwr/s iodelay  Command
1791478948    112     14307   48.00   24.00    0.00    0.00   72.00     3      2.00      0.00 2898540 1119660  13.79      0.00  15352.00   7192.00       0  mysqld
1791478948      0     17311    0.00    0.00    0.00    0.00    0.00     2      0.00      0.00   56816   12524   0.15      0.00      0.00      0.00       0  nginx
1791478948     33    203690    4.00    5.00    0.00   13.00    9.00     2      0.00      0.00   58684   12516   0.15      0.00    124.00     92.00       0  nginx
1791478948     33    203691    5.00    7.00    0.00   22.00   12.00     1      0.00      0.00   59896   13656   0.17      0.00    548.00    508.00       0  nginx
1791478948     33    203692    4.00    8.00    0.00   18.00   12.00     2      0.00      0.00   59100   12892   0.16      0.00    112.00     72.00       0  nginx
1791478948     33    203693   10.00   13.00    0.00   28.00   23.00     2      0.00      0.00   61936   15684   0.19      0.00    448.00    324.00       0  nginx
1791478948    113    218632   14.00   21.00    0.00    0.00   35.00     1      3.00      0.00  674328   57580   0.71      0.00      0.00      0.00       0  pdns_server
1791478948   1100    218881   27.00   35.00    0.00    6.00   62.00     0   1321.00      0.00 2271220   21048   0.26      0.00    800.00      0.00       0  isupipe

# Time        UID       PID    %usr %system  %guest   %wait    %CPU   CPU  minflt/s  majflt/s     VSZ     RSS   %MEM   kB_rd/s   kB_wr/s kB_ccwr/s iodelay  Command
1791478949    112     14307   39.00   34.00    0.00    1.00   73.00     2      0.00      0.00 2898540 1119660  13.79      0.00  18764.00   8664.00       0  mysqld
1791478949      0     17311    0.00    0.00    0.00    0.00    0.00     2      0.00      0.00   56816   12524   0.15      0.00      0.00      0.00       0  nginx
1791478949     33    203690    3.00    7.00    0.00   24.00   10.00     2      0.00      0.00   58684   12516   0.15      0.00    296.00    252.00       0  nginx
1791478949     33    203691    6.00    8.00    0.00   36.00   14.00     3      0.00      0.00   59896   13656   0.17      0.00    416.00    324.00       0  nginx
1791478949     33    203692    4.00    6.00    0.00   30.00   10.00     0      0.00      0.00   59100   12892   0.16      0.00    204.00    152.00       0  nginx
1791478949     33    203693    6.00   11.00    0.00   47.00   17.00     2      0.00      0.00   61936   15684   0.19      0.00    364.00    288.00       0  nginx
1791478949    113    218632   14.00   26.00    0.00    0.00   40.00     1      1.00      0.00  674328   57580   0.71      0.00      0.00      0.00       0  pdns_server
1791478949   1100    218881   35.00   25.00    0.00    0.00   60.00     0   1291.00      0.00 2271220   21320   0.26      0.00    880.00      0.00       0  isupipe

# Time        UID       PID    %usr %system  %guest   %wait    %CPU   CPU  minflt/s  majflt/s     VSZ     RSS   %MEM   kB_rd/s   kB_wr/s kB_ccwr/s iodelay  Command
1791478950    112     14307   38.00   31.00    0.00    1.00   69.00     1      3.00      0.00 2898540 1119660  13.79      0.00  18928.00   8832.00       0  mysqld
1791478950      0     17311    0.00    0.00    0.00    0.00    0.00     2      0.00      0.00   56816   12524   0.15      0.00      0.00      0.00       0  nginx
1791478950     33    203690    4.00    5.00    0.00   13.00    9.00     2      0.00      0.00   58684   12516   0.15      0.00     56.00      0.00       0  nginx
1791478950     33    203691    5.00   11.00    0.00   25.00   16.00     2      0.00      0.00   59896   13656   0.17      0.00    424.00    384.00       0  nginx
1791478950     33    203692    3.00    7.00    0.00   17.00   10.00     2      0.00      0.00   59100   12892   0.16      0.00    200.00    172.00       0  nginx
1791478950     33    203693    9.00   14.00    0.00   35.00   23.00     2      0.00      0.00   61936   15684   0.19      0.00    812.00    672.00       0  nginx
1791478950    113    218632   10.00   27.00    0.00    0.00   37.00     1      2.00      0.00  674328   57580   0.71      0.00      0.00      0.00       0  pdns_server
1791478950   1100    218881   34.00   28.00    0.00    0.00   62.00     0   1051.00      0.00 2271220   21492   0.26      0.00    880.00      0.00       0  isupipe

# Time        UID       PID    %usr %system  %guest   %wait    %CPU   CPU  minflt/s  majflt/s     VSZ     RSS   %MEM   kB_rd/s   kB_wr/s kB_ccwr/s iodelay  Command
1791478951    112     14307   45.00   25.00    0.00    1.00   70.00     3     15.00      0.00 2898540 1119660  13.79      0.00  21868.00   9216.00       0  mysqld
1791478951      0     17311    0.00    0.00    0.00    0.00    0.00     2      0.00      0.00   56816   12524   0.15      0.00      0.00      0.00       0  nginx
1791478951     33    203690    4.00    5.00    0.00   13.00    9.00     2      0.00      0.00   58684   12516   0.15      0.00    380.00    364.00       0  nginx
1791478951     33    203691    5.00    8.00    0.00   36.00   13.00     2      5.00      0.00   59896   13656   0.17      0.00    384.00    320.00       0  nginx
1791478951     33    203692    5.00    3.00    0.00   17.00    8.00     1      0.00      0.00   59100   12892   0.16      0.00    412.00    400.00       0  nginx
1791478951     33    203693    6.00   12.00    0.00   42.00   18.00     2      0.00      0.00   61936   15684   0.19      0.00    448.00    232.00       0  nginx
1791478951    113    218632   13.00   25.00    0.00    0.00   38.00     1      3.00      0.00  674328   57580   0.71      0.00      0.00      0.00       0  pdns_server
1791478951   1100    218881   31.00   27.00    0.00    0.00   58.00     0   1691.00      0.00 2271220   21228   0.26      0.00    880.00      0.00       0  isupipe

# Time        UID       PID    %usr %system  %guest   %wait    %CPU   CPU  minflt/s  majflt/s     VSZ     RSS   %MEM   kB_rd/s   kB_wr/s kB_ccwr/s iodelay  Command
1791478952    112     14307   38.00   27.00    0.00    0.00   65.00     3      0.00      0.00 2898540 1119660  13.79      0.00  14996.00   7228.00       0  mysqld
1791478952      0     17311    0.00    0.00    0.00    0.00    0.00     2      0.00      0.00   56816   12524   0.15      0.00      0.00      0.00       0  nginx
1791478952     33    203690    2.00    6.00    0.00   11.00    8.00     2      0.00      0.00   58684   12516   0.15      0.00     48.00      0.00       0  nginx
1791478952     33    203691    4.00    7.00    0.00   21.00   11.00     2      0.00      0.00   59896   13656   0.17      0.00    208.00    176.00       0  nginx
1791478952     33    203692    5.00    5.00    0.00   12.00   10.00     2      0.00      0.00   59100   12892   0.16      0.00    308.00    284.00       0  nginx
1791478952     33    203693   11.00   11.00    0.00   27.00   22.00     2      0.00      0.00   61936   15684   0.19      0.00    500.00    472.00       0  nginx
1791478952    113    218632   14.00   23.00    0.00    0.00   37.00     1      1.00      0.00  674328   57580   0.71      0.00      0.00      0.00       0  pdns_server
1791478952   1100    218881   39.00   22.00    0.00    0.00   61.00     0    653.00      0.00 2271220   22120   0.27      0.00    720.00      0.00       0  isupipe

# Time        UID       PID    %usr %system  %guest   %wait    %CPU   CPU  minflt/s  majflt/s     VSZ     RSS   %MEM   kB_rd/s   kB_wr/s kB_ccwr/s iodelay  Command
1791478953    112     14307   37.00   29.00    0.00    1.00   66.00     3      0.00      0.00 2898540 1119660  13.79      0.00  19288.00   8892.00       0  mysqld
1791478953      0     17311    0.00    0.00    0.00    0.00    0.00     2      0.00      0.00   56816   12524   0.15      0.00      0.00      0.00       0  nginx
1791478953     33    203690    4.00    8.00    0.00   26.00   12.00     2      0.00      0.00   58684   12516   0.15      0.00    324.00    252.00       0  nginx
1791478953     33    203691    5.00    9.00    0.00   38.00   14.00     2      0.00      0.00   59896   13656   0.17      0.00    244.00    180.00       0  nginx
1791478953     33    203692    5.00    7.00    0.00   26.00   12.00     2      1.00      0.00   59100   12892   0.16      0.00    288.00    244.00       0  nginx
1791478953     33    203693    9.00    8.00    0.00   44.00   17.00     1      0.00      0.00   61936   15684   0.19      0.00    520.00    396.00       0  nginx
1791478953    113    218632   13.00   26.00    0.00    0.00   39.00     1      2.00      0.00  674328   57580   0.71      0.00      0.00      0.00       0  pdns_server
1791478953   1100    218881   29.00   28.00    0.00    0.00   57.00     0    630.00      0.00 2271220   21828   0.27      0.00    904.00      0.00       0  isupipe

# Time        UID       PID    %usr %system  %guest   %wait    %CPU   CPU  minflt/s  majflt/s     VSZ     RSS   %MEM   kB_rd/s   kB_wr/s kB_ccwr/s iodelay  Command
1791478954    112     14307   42.00   28.00    0.00    0.00   70.00     3      8.00      0.00 2898540 1119660  13.79      0.00  18496.00   9048.00       0  mysqld
1791478954      0     17311    0.00    0.00    0.00    0.00    0.00     2      0.00      0.00   56816   12524   0.15      0.00      0.00      0.00       0  nginx
1791478954     33    203690    4.00    6.00    0.00   19.00   10.00     2      0.00      0.00   58684   12516   0.15      0.00    152.00     76.00       0  nginx
1791478954     33    203691    6.00    9.00    0.00   29.00   15.00     2      0.00      0.00   59896   13656   0.17      0.00    540.00    484.00       0  nginx
1791478954     33    203692    5.00    6.00    0.00   19.00   11.00     2      0.00      0.00   59100   12892   0.16      0.00    228.00    184.00       0  nginx
1791478954     33    203693   11.00   10.00    0.00   37.00   21.00     2      0.00      0.00   61936   15684   0.19      0.00    580.00    540.00       0  nginx
1791478954    113    218632   11.00   25.00    0.00    0.00   36.00     1      4.00      0.00  674328   57580   0.71      0.00      0.00      0.00       0  pdns_server
1791478954   1100    218881   34.00   29.00    0.00    4.00   63.00     3   1039.00      0.00 2271220   22392   0.28      0.00    924.00      0.00       0  isupipe

# Time        UID       PID    %usr %system  %guest   %wait    %CPU   CPU  minflt/s  majflt/s     VSZ     RSS   %MEM   kB_rd/s   kB_wr/s kB_ccwr/s iodelay  Command
1791478955    112     14307   41.00   28.00    0.00    0.00   69.00     3      4.00      0.00 2898540 1119660  13.79      0.00  17948.00   8972.00       0  mysqld
1791478955      0     17311    0.00    0.00    0.00    0.00    0.00     2      0.00      0.00   56816   12524   0.15      0.00      0.00      0.00       0  nginx
1791478955     33    203690    5.00    4.00    0.00    9.00    9.00     3      0.00      0.00   58684   12516   0.15      0.00    120.00     80.00       0  nginx
1791478955     33    203691    4.00   11.00    0.00   26.00   15.00     3      0.00      0.00   59896   13656   0.17      0.00    372.00    300.00       0  nginx
1791478955     33    203692    6.00    6.00    0.00   16.00   12.00     2      0.00      0.00   59100   12892   0.16      0.00    356.00    308.00       0  nginx
1791478955     33    203693   11.00   15.00    0.00   36.00   26.00     2      0.00      0.00   61936   15684   0.19      0.00    652.00    512.00       0  nginx
1791478955    113    218632   11.00   26.00    0.00    0.00   37.00     1      1.00      0.00  674328   57580   0.71      0.00      0.00      0.00       0  pdns_server
1791478955   1100    218881   31.00   32.00    0.00   36.00   63.00     1   1185.00      0.00 2271220   21544   0.27      0.00    924.00      0.00       0  isupipe

# Time        UID       PID    %usr %system  %guest   %wait    %CPU   CPU  minflt/s  majflt/s     VSZ     RSS   %MEM   kB_rd/s   kB_wr/s kB_ccwr/s iodelay  Command
1791478956    112     14307   49.00   25.00    0.00    1.00   74.00     3     16.00      0.00 2898540 1119852  13.79      0.00  22104.00   8968.00       0  mysqld
1791478956      0     17311    0.00    0.00    0.00    0.00    0.00     2      0.00      0.00   56816   12524   0.15      0.00      0.00      0.00       0  nginx
1791478956     33    203690    2.00    6.00    0.00   12.00    8.00     2     24.00      0.00   58684   12516   0.15      0.00    224.00    172.00       0  nginx
1791478956     33    203691    6.00    9.00    0.00   21.00   15.00     2     17.00      0.00   59896   13672   0.17      0.00    264.00    200.00       0  nginx
1791478956     33    203692    3.00    6.00    0.00   10.00    9.00     0     18.00      0.00   59100   12892   0.16      0.00     32.00      0.00       0  nginx
1791478956     33    203693   11.00   10.00    0.00   23.00   21.00     3     17.00      0.00   61936   15684   0.19      0.00    852.00    660.00       0  nginx
1791478956    113    218632   12.00   26.00    0.00    0.00   38.00     1      1.00      0.00  674328   57524   0.71      0.00      0.00      0.00       0  pdns_server
1791478956   1100    218881   31.00   32.00    0.00   36.00   63.00     0   1223.00      0.00 2271220   22648   0.28     56.00    924.00      0.00       0  isupipe

# Time        UID       PID    %usr %system  %guest   %wait    %CPU   CPU  minflt/s  majflt/s     VSZ     RSS   %MEM   kB_rd/s   kB_wr/s kB_ccwr/s iodelay  Command
1791478957    112     14307    6.73    5.77    0.00    0.00   12.50     3      0.00      0.00 2898540 1119852  13.79      0.00   8576.92   1542.31       0  mysqld
1791478957      0     17311    0.00    0.00    0.00    0.00    0.00     2      0.00      0.00   56816   12524   0.15      0.00      0.00      0.00       0  nginx
1791478957     33    203690    0.96    0.00    0.00    0.00    0.96     2      0.00      0.00   58684   12516   0.15      0.00      3.85      0.00       0  nginx
1791478957     33    203691    0.96    1.92    0.00    0.96    2.88     0      0.00      0.00   59896   13672   0.17      0.00    103.85     92.31       0  nginx
1791478957     33    203692    0.96    0.00    0.00    0.00    0.96     1      0.00      0.00   59100   12892   0.16      0.00      3.85      0.00       0  nginx
1791478957     33    203693    1.92    2.88    0.00    2.88    4.81     3      0.00      0.00   61936   15684   0.19      0.00     23.08     84.62       0  nginx
1791478957    113    218632    0.96    5.77    0.00    0.00    6.73     1      0.96      0.00  674328   57524   0.71      0.00      0.00      0.00       0  pdns_server
1791478957   1100    218881    5.77    4.81    0.00    6.73   10.58     2     85.58      0.00 2271220   21500   0.26      0.00    161.54      0.00       0  isupipe
