Linux 5.15.0-198-generic (isucon13-app) 	10/08/26 	_aarch64_	(4 CPU)

# Time        UID       PID    %usr %system  %guest   %wait    %CPU   CPU  minflt/s  majflt/s     VSZ     RSS   %MEM   kB_rd/s   kB_wr/s kB_ccwr/s iodelay  Command
1791478091    112     14307    7.00   12.00    0.00    0.00   19.00     3    295.00      0.00 2890316 1068284  13.16      0.00   9520.00      0.00       0  mysqld
1791478091      0     17311    0.00    0.00    0.00    0.00    0.00     1      0.00      0.00   56800   12808   0.16      0.00      0.00      0.00       0  nginx
1791478091     33     23432    0.00    0.00    0.00    0.00    0.00     2     18.00      0.00   63232   16764   0.21      0.00      0.00      0.00       0  nginx
1791478091     33     23433    0.00    0.00    0.00    0.00    0.00     1      0.00      0.00   60284   13764   0.17      0.00      0.00      0.00       0  nginx
1791478091     33     23434    0.00    0.00    0.00    0.00    0.00     3      0.00      0.00   58948   12368   0.15      0.00      0.00      0.00       0  nginx
1791478091     33     23435    0.00    0.00    0.00    0.00    0.00     0      0.00      0.00   59592   13028   0.16      0.00      0.00      0.00       0  nginx
1791478091    113    185612    0.00    0.00    0.00    0.00    0.00     1      2.00      0.00  682592   60484   0.75      0.00      0.00      0.00       0  pdns_server
1791478091   1100    197497    0.00    0.00    0.00    0.00    0.00     1      6.00      0.00 1753416   13648   0.17      0.00      0.00      0.00       0  isupipe

# Time        UID       PID    %usr %system  %guest   %wait    %CPU   CPU  minflt/s  majflt/s     VSZ     RSS   %MEM   kB_rd/s   kB_wr/s kB_ccwr/s iodelay  Command
1791478092    112     14307    8.00    7.00    0.00    0.00   15.00     3      2.00      0.00 2890316 1068284  13.16      0.00   7388.00      0.00       0  mysqld
1791478092      0     17311    0.00    0.00    0.00    0.00    0.00     1      0.00      0.00   56800   12808   0.16      0.00      0.00      0.00       0  nginx
1791478092     33     23432    0.00    0.00    0.00    0.00    0.00     2      0.00      0.00   63232   16764   0.21      0.00      0.00      0.00       0  nginx
1791478092     33     23433    0.00    0.00    0.00    0.00    0.00     1      0.00      0.00   60284   13764   0.17      0.00      0.00      0.00       0  nginx
1791478092     33     23434    0.00    0.00    0.00    0.00    0.00     3      0.00      0.00   58948   12368   0.15      0.00      0.00      0.00       0  nginx
1791478092     33     23435    0.00    0.00    0.00    0.00    0.00     0      0.00      0.00   59592   13028   0.16      0.00      0.00      0.00       0  nginx
1791478092    113    185612    0.00    0.00    0.00    0.00    0.00     1      0.00      0.00  682592   60484   0.75      0.00      0.00      0.00       0  pdns_server
1791478092   1100    197497    0.00    0.00    0.00    0.00    0.00     1      0.00      0.00 1753416   13648   0.17      0.00      0.00      0.00       0  isupipe

# Time        UID       PID    %usr %system  %guest   %wait    %CPU   CPU  minflt/s  majflt/s     VSZ     RSS   %MEM   kB_rd/s   kB_wr/s kB_ccwr/s iodelay  Command
1791478093    112     14307    8.00    8.00    0.00    0.00   16.00     3      0.00      0.00 2890316 1068284  13.16      0.00   6008.00      0.00       0  mysqld
1791478093      0     17311    0.00    0.00    0.00    0.00    0.00     1      0.00      0.00   56800   12808   0.16      0.00      0.00      0.00       0  nginx
1791478093     33     23432    0.00    0.00    0.00    0.00    0.00     2      0.00      0.00   63232   16764   0.21      0.00      0.00      0.00       0  nginx
1791478093     33     23433    0.00    0.00    0.00    0.00    0.00     1      0.00      0.00   60284   13764   0.17      0.00      0.00      0.00       0  nginx
1791478093     33     23434    0.00    0.00    0.00    0.00    0.00     3      0.00      0.00   58948   12368   0.15      0.00      0.00      0.00       0  nginx
1791478093     33     23435    0.00    0.00    0.00    0.00    0.00     0      0.00      0.00   59592   13028   0.16      0.00      0.00      0.00       0  nginx
1791478093    113    185612    0.00    0.00    0.00    0.00    0.00     1      0.00      0.00  682592   60484   0.75      0.00      0.00      0.00       0  pdns_server
1791478093   1100    197497    0.00    0.00    0.00    0.00    0.00     1      0.00      0.00 1753416   13648   0.17      0.00      0.00      0.00       0  isupipe

# Time        UID       PID    %usr %system  %guest   %wait    %CPU   CPU  minflt/s  majflt/s     VSZ     RSS   %MEM   kB_rd/s   kB_wr/s kB_ccwr/s iodelay  Command
1791478094    112     14307   10.00   11.00    0.00    0.00   21.00     3   6756.00      0.00 2890316 1064264  13.11      0.00  23896.00   1948.00       0  mysqld
1791478094      0     17311    0.00    0.00    0.00    0.00    0.00     1      0.00      0.00   56800   12808   0.16      0.00      0.00      0.00       0  nginx
1791478094     33     23432    0.00    0.00    0.00    0.00    0.00     2      0.00      0.00   63232   16764   0.21      0.00      0.00      0.00       0  nginx
1791478094     33     23433    0.00    0.00    0.00    0.00    0.00     1      0.00      0.00   60284   13764   0.17      0.00      0.00      0.00       0  nginx
1791478094     33     23434    0.00    0.00    0.00    0.00    0.00     3      0.00      0.00   58948   12368   0.15      0.00      0.00      0.00       0  nginx
1791478094     33     23435    0.00    0.00    0.00    0.00    0.00     0      0.00      0.00   59592   13028   0.16      0.00      0.00      0.00       0  nginx
1791478094    113    185612    0.00    0.00    0.00    0.00    0.00     1      0.00      0.00  682592   60484   0.75      0.00      0.00      0.00       0  pdns_server
1791478094   1100    197497    0.00    0.00    0.00    0.00    0.00     1      0.00      0.00 1753416   13648   0.17      0.00      0.00      0.00       0  isupipe

# Time        UID       PID    %usr %system  %guest   %wait    %CPU   CPU  minflt/s  majflt/s     VSZ     RSS   %MEM   kB_rd/s   kB_wr/s kB_ccwr/s iodelay  Command
1791478095    112     14307   29.00   17.00    0.00    0.00   46.00     3   8617.00      0.00 2891344 1098292  13.53      0.00  37664.00   1544.00       0  mysqld
1791478095      0     17311    0.00    0.00    0.00    0.00    0.00     1      0.00      0.00   56800   12808   0.16      0.00      0.00      0.00       0  nginx
1791478095     33     23432    1.00    1.00    0.00    0.00    2.00     0    208.00      0.00   63232   16888   0.21      0.00      8.00      0.00       0  nginx
1791478095     33     23433    0.00    0.00    0.00    0.00    0.00     1      0.00      0.00   60284   13764   0.17      0.00      0.00      0.00       0  nginx
1791478095     33     23434    0.00    0.00    0.00    0.00    0.00     3      0.00      0.00   58948   12368   0.15      0.00      0.00      0.00       0  nginx
1791478095     33     23435    0.00    0.00    0.00    0.00    0.00     0      0.00      0.00   59592   13028   0.16      0.00      0.00      0.00       0  nginx
1791478095    113    185612    0.00    1.00    0.00    0.00    1.00     1     48.00      0.00  682592   60484   0.75      0.00      0.00      0.00       0  pdns_server
1791478095   1100    197497    3.00    3.00    0.00    0.00    6.00     1    551.00      0.00 1753416   14244   0.18     88.00     52.00     52.00       0  isupipe

# Time        UID       PID    %usr %system  %guest   %wait    %CPU   CPU  minflt/s  majflt/s     VSZ     RSS   %MEM   kB_rd/s   kB_wr/s kB_ccwr/s iodelay  Command
1791478096    112     14307    4.85    1.94    0.00    0.00    6.80     1      0.00      0.00 2891344 1098292  13.53      0.00   3165.05     46.60       0  mysqld
1791478096      0     17311    0.00    0.00    0.00    0.00    0.00     1      0.00      0.00   56800   12808   0.16      0.00      0.00      0.00       0  nginx
1791478096     33     23432    0.00    0.00    0.00    0.00    0.00     1      0.00      0.00   63232   16888   0.21      0.00     69.90     62.14       0  nginx
1791478096     33     23433    0.00    0.00    0.00    0.00    0.00     1      0.00      0.00   60284   13764   0.17      0.00      0.00      0.00       0  nginx
1791478096     33     23434    0.00    0.00    0.00    0.00    0.00     3      0.00      0.00   58948   12368   0.15      0.00      0.00      0.00       0  nginx
1791478096     33     23435    0.00    0.00    0.00    0.00    0.00     0      0.00      0.00   59592   13028   0.16      0.00      0.00      0.00       0  nginx
1791478096    113    185612    0.00    0.00    0.00    0.00    0.00     1      0.00      0.00  682592   60484   0.75      0.00      0.00      0.00       0  pdns_server
1791478096   1100    197497    2.91    3.88    0.00    0.00    6.80     0    113.59      0.00 1753416   14404   0.18     34.95      0.00      0.00       0  isupipe

# Time        UID       PID    %usr %system  %guest   %wait    %CPU   CPU  minflt/s  majflt/s     VSZ     RSS   %MEM   kB_rd/s   kB_wr/s kB_ccwr/s iodelay  Command
1791478097    112     14307    1.00    1.00    0.00    0.00    2.00     1      3.00      0.00 2891344 1098292  13.53      0.00   3392.00      0.00       0  mysqld
1791478097      0     17311    0.00    0.00    0.00    0.00    0.00     1      0.00      0.00   56800   12808   0.16      0.00      0.00      0.00       0  nginx
1791478097     33     23432    0.00    0.00    0.00    0.00    0.00     1      0.00      0.00   63232   16888   0.21      0.00      0.00      0.00       0  nginx
1791478097     33     23433    0.00    0.00    0.00    0.00    0.00     1      0.00      0.00   60284   13764   0.17      0.00      0.00      0.00       0  nginx
1791478097     33     23434    0.00    0.00    0.00    0.00    0.00     3      0.00      0.00   58948   12368   0.15      0.00      0.00      0.00       0  nginx
1791478097     33     23435    0.00    0.00    0.00    0.00    0.00     0      0.00      0.00   59592   13028   0.16      0.00      0.00      0.00       0  nginx
1791478097    113    185612    0.00    0.00    0.00    0.00    0.00     1      0.00      0.00  682592   60484   0.75      0.00      0.00      0.00       0  pdns_server
1791478097   1100    197497    0.00    0.00    0.00    0.00    0.00     0      0.00      0.00 1753416   14404   0.18      0.00      0.00      0.00       0  isupipe

# Time        UID       PID    %usr %system  %guest   %wait    %CPU   CPU  minflt/s  majflt/s     VSZ     RSS   %MEM   kB_rd/s   kB_wr/s kB_ccwr/s iodelay  Command
1791478098    112     14307    2.00    3.00    0.00    0.00    5.00     1      5.00      0.00 2891344 1098292  13.53      0.00   3944.00     76.00       0  mysqld
1791478098      0     17311    0.00    0.00    0.00    0.00    0.00     1      0.00      0.00   56800   12808   0.16      0.00      0.00      0.00       0  nginx
1791478098     33     23432    0.00    1.00    0.00    0.00    1.00     1      0.00      0.00   63232   16888   0.21      0.00    116.00    104.00       0  nginx
1791478098     33     23433    0.00    0.00    0.00    0.00    0.00     1      0.00      0.00   60284   13764   0.17      0.00      0.00      0.00       0  nginx
1791478098     33     23434    0.00    0.00    0.00    0.00    0.00     3      0.00      0.00   58948   12368   0.15      0.00      0.00      0.00       0  nginx
1791478098     33     23435    0.00    0.00    0.00    0.00    0.00     0      0.00      0.00   59592   13028   0.16      0.00      0.00      0.00       0  nginx
1791478098    113    185612    0.00    0.00    0.00    0.00    0.00     1      0.00      0.00  682592   60484   0.75      0.00      0.00      0.00       0  pdns_server
1791478098   1100    197497    4.00    1.00    0.00    0.00    5.00     2    114.00      0.00 1753416   14460   0.18      0.00      0.00      0.00       0  isupipe

# Time        UID       PID    %usr %system  %guest   %wait    %CPU   CPU  minflt/s  majflt/s     VSZ     RSS   %MEM   kB_rd/s   kB_wr/s kB_ccwr/s iodelay  Command
1791478099    112     14307    0.00    1.98    0.00    0.00    1.98     1      0.99      0.00 2891344 1098292  13.53      0.00   6336.63      0.00       0  mysqld
1791478099      0     17311    0.00    0.00    0.00    0.00    0.00     1      0.00      0.00   56800   12808   0.16      0.00      0.00      0.00       0  nginx
1791478099     33     23432    0.00    0.00    0.00    0.00    0.00     1      0.00      0.00   63232   16888   0.21      0.00      0.00      0.00       0  nginx
1791478099     33     23433    0.00    0.00    0.00    0.00    0.00     1      0.00      0.00   60284   13764   0.17      0.00      0.00      0.00       0  nginx
1791478099     33     23434    0.00    0.00    0.00    0.00    0.00     3      0.00      0.00   58948   12368   0.15      0.00      0.00      0.00       0  nginx
1791478099     33     23435    0.00    0.00    0.00    0.00    0.00     0      0.00      0.00   59592   13028   0.16      0.00      0.00      0.00       0  nginx
1791478099    113    185612    0.00    0.00    0.00    0.00    0.00     1      0.00      0.00  682592   60484   0.75      0.00      0.00      0.00       0  pdns_server
1791478099   1100    197497    0.00    0.00    0.00    0.00    0.00     2      0.00      0.00 1753416   14460   0.18      0.00      0.00      0.00       0  isupipe

# Time        UID       PID    %usr %system  %guest   %wait    %CPU   CPU  minflt/s  majflt/s     VSZ     RSS   %MEM   kB_rd/s   kB_wr/s kB_ccwr/s iodelay  Command
1791478100    112     14307   25.00   11.00    0.00    1.00   36.00     2     25.00      0.00 2891344 1098292  13.53      0.00   8952.00    648.00       0  mysqld
1791478100      0     17311    0.00    0.00    0.00    0.00    0.00     1      0.00      0.00   56800   12808   0.16      0.00      0.00      0.00       0  nginx
1791478100     33     23432    6.00    2.00    0.00    1.00    8.00     3      9.00      0.00   63232   16888   0.21      0.00    708.00    692.00       0  nginx
1791478100     33     23433    0.00    1.00    0.00    0.00    1.00     2    214.00      0.00   60284   13888   0.17      0.00     12.00      0.00       0  nginx
1791478100     33     23434    0.00    0.00    0.00    0.00    0.00     3      0.00      0.00   58948   12368   0.15      0.00      0.00      0.00       0  nginx
1791478100     33     23435    0.00    0.00    0.00    0.00    0.00     0      0.00      0.00   59592   13028   0.16      0.00      0.00      0.00       0  nginx
1791478100    113    185612    5.00    6.00    0.00    0.00   11.00     1      1.00      0.00  682592   60484   0.75      0.00      0.00      0.00       0  pdns_server
1791478100   1100    197497   11.00    7.00    0.00    2.00   18.00     3    487.00      0.00 1827208   14712   0.18      0.00      0.00      0.00       0  isupipe

# Time        UID       PID    %usr %system  %guest   %wait    %CPU   CPU  minflt/s  majflt/s     VSZ     RSS   %MEM   kB_rd/s   kB_wr/s kB_ccwr/s iodelay  Command
1791478101    112     14307   73.00   26.00    0.00    0.00   99.00     2    144.00      0.00 2897512 1098448  13.53      0.00  15840.00   1844.00       0  mysqld
1791478101      0     17311    0.00    0.00    0.00    0.00    0.00     1      0.00      0.00   56800   12808   0.16      0.00      0.00      0.00       0  nginx
1791478101     33     23432    7.00   16.00    0.00   23.00   23.00     2      0.00      0.00   63232   16888   0.21      0.00   1128.00    928.00       0  nginx
1791478101     33     23433    4.00    7.00    0.00   13.00   11.00     3      3.00      0.00   60284   13888   0.17      0.00   1200.00    988.00       0  nginx
1791478101     33     23434    0.00    2.00    0.00    4.00    2.00     2    213.00      0.00   58948   12492   0.15      0.00     16.00      0.00       0  nginx
1791478101     33     23435    3.00    2.00    0.00    5.00    5.00     2    215.00      0.00   59592   13152   0.16      0.00    256.00    232.00       0  nginx
1791478101    113    185612   10.00   14.00    0.00    0.00   24.00     1      2.00      0.00  682592   60484   0.75      0.00      0.00      0.00       0  pdns_server
1791478101   1100    197497   34.00   28.00    0.00   18.00   62.00     2   2195.00      0.00 1901256   15596   0.19      0.00      0.00      0.00       0  isupipe

# Time        UID       PID    %usr %system  %guest   %wait    %CPU   CPU  minflt/s  majflt/s     VSZ     RSS   %MEM   kB_rd/s   kB_wr/s kB_ccwr/s iodelay  Command
1791478102    112     14307   68.00   38.00    0.00    2.00  106.00     0     90.00      0.00 2898540 1098592  13.53      0.00  12948.00   1840.00       0  mysqld
1791478102      0     17311    0.00    0.00    0.00    0.00    0.00     1      0.00      0.00   56800   12808   0.16      0.00      0.00      0.00       0  nginx
1791478102     33     23432    9.00   14.00    0.00   30.00   23.00     2      2.00      0.00   63232   16888   0.21      0.00   1072.00    904.00       0  nginx
1791478102     33     23433    6.00    9.00    0.00   16.00   15.00     2      0.00      0.00   60284   13888   0.17      0.00    768.00    832.00       0  nginx
1791478102     33     23434    2.00    2.00    0.00    3.00    4.00     2      0.00      0.00   58948   12492   0.15      0.00    200.00    184.00       0  nginx
1791478102     33     23435    5.00    7.00    0.00   10.00   12.00     1      1.00      0.00   59592   13152   0.16      0.00    448.00    400.00       0  nginx
1791478102    113    185612   13.00   15.00    0.00    0.00   28.00     1      4.00      0.00  682592   60484   0.75      0.00      0.00      0.00       0  pdns_server
1791478102   1100    197497   36.00   36.00    0.00   33.00   72.00     1   3048.00      0.00 1901256   16724   0.21      0.00      0.00      0.00       0  isupipe

# Time        UID       PID    %usr %system  %guest   %wait    %CPU   CPU  minflt/s  majflt/s     VSZ     RSS   %MEM   kB_rd/s   kB_wr/s kB_ccwr/s iodelay  Command
1791478103    112     14307   73.00   35.00    0.00    0.00  108.00     1      2.00      0.00 2898540 1098592  13.53      0.00  12496.00   1696.00       0  mysqld
1791478103      0     17311    0.00    0.00    0.00    0.00    0.00     1      0.00      0.00   56800   12808   0.16      0.00      0.00      0.00       0  nginx
1791478103     33     23432    8.00   17.00    0.00   23.00   25.00     0      0.00      0.00   63232   16888   0.21      0.00   1324.00   1128.00       0  nginx
1791478103     33     23433    3.00    9.00    0.00   13.00   12.00     0      0.00      0.00   60284   13888   0.17      0.00    640.00    564.00       0  nginx
1791478103     33     23434    1.00    1.00    0.00    3.00    2.00     2      1.00      0.00   58948   12492   0.15      0.00     84.00     76.00       0  nginx
1791478103     33     23435    2.00    5.00    0.00    8.00    7.00     2      0.00      0.00   59592   13152   0.16      0.00    208.00    188.00       0  nginx
1791478103    113    185612   14.00   15.00    0.00    0.00   29.00     1      0.00      0.00  682592   60484   0.75      0.00      0.00      0.00       0  pdns_server
1791478103   1100    197497   41.00   24.00    0.00   31.00   65.00     0   3372.00      0.00 1975048   17788   0.22      0.00      0.00      0.00       0  isupipe

# Time        UID       PID    %usr %system  %guest   %wait    %CPU   CPU  minflt/s  majflt/s     VSZ     RSS   %MEM   kB_rd/s   kB_wr/s kB_ccwr/s iodelay  Command
1791478104    112     14307   79.00   34.00    0.00    0.00  113.00     1    159.00      0.00 2898540 1098920  13.54      0.00  13244.00   1628.00       0  mysqld
1791478104      0     17311    0.00    0.00    0.00    0.00    0.00     1      0.00      0.00   56800   12808   0.16      0.00      0.00      0.00       0  nginx
1791478104     33     23432    8.00   10.00    0.00   50.00   18.00     3      1.00      0.00   63232   16888   0.21      0.00    720.00    588.00       0  nginx
1791478104     33     23433    5.00    7.00    0.00   28.00   12.00     2      0.00      0.00   60284   13888   0.17      0.00   1016.00    852.00       0  nginx
1791478104     33     23434    2.00    4.00    0.00   16.00    6.00     1      0.00      0.00   58948   12492   0.15      0.00    224.00    192.00       0  nginx
1791478104     33     23435    4.00    5.00    0.00   22.00    9.00     3      0.00      0.00   59592   13152   0.16      0.00    408.00    344.00       0  nginx
1791478104    113    185612   21.00   20.00    0.00    0.00   41.00     1      1.00      0.00  682592   60484   0.75      0.00      0.00      0.00       0  pdns_server
1791478104   1100    197497   40.00   25.00    0.00    0.00   65.00     2   2873.00      0.00 1975304   18088   0.22      0.00      0.00      0.00       0  isupipe

# Time        UID       PID    %usr %system  %guest   %wait    %CPU   CPU  minflt/s  majflt/s     VSZ     RSS   %MEM   kB_rd/s   kB_wr/s kB_ccwr/s iodelay  Command
1791478105    112     14307   83.00   37.00    0.00    1.00  120.00     1    209.00      0.00 2898540 1099532  13.54      0.00  11180.00   1612.00       0  mysqld
1791478105      0     17311    0.00    0.00    0.00    0.00    0.00     1      0.00      0.00   56800   12808   0.16      0.00      0.00      0.00       0  nginx
1791478105     33     23432    6.00   10.00    0.00   39.00   16.00     2      1.00      0.00   63232   16888   0.21      0.00    916.00    796.00       0  nginx
1791478105     33     23433    6.00    6.00    0.00   25.00   12.00     2      0.00      0.00   60284   13888   0.17      0.00    432.00    432.00       0  nginx
1791478105     33     23434    2.00    7.00    0.00   14.00    9.00     2      2.00      0.00   58948   12492   0.15      0.00    160.00    112.00       0  nginx
1791478105     33     23435    2.00    7.00    0.00   17.00    9.00     2      0.00      0.00   59592   13152   0.16      0.00    516.00    480.00       0  nginx
1791478105    113    185612   19.00   23.00    0.00    0.00   42.00     1      4.00      0.00  682592   60716   0.75      0.00      0.00      0.00       0  pdns_server
1791478105   1100    197497   36.00   24.00    0.00    0.00   60.00     2   1440.00      0.00 1975304   18184   0.22      0.00      0.00      0.00       0  isupipe

# Time        UID       PID    %usr %system  %guest   %wait    %CPU   CPU  minflt/s  majflt/s     VSZ     RSS   %MEM   kB_rd/s   kB_wr/s kB_ccwr/s iodelay  Command
1791478106    112     14307   78.00   35.00    0.00    0.00  113.00     3    103.00      0.00 2898540 1099788  13.55      0.00  16944.00   1856.00       0  mysqld
1791478106      0     17311    0.00    0.00    0.00    0.00    0.00     1      0.00      0.00   56800   12808   0.16      0.00      0.00      0.00       0  nginx
1791478106     33     23432    9.00   10.00    0.00   29.00   19.00     0      1.00      0.00   63232   16888   0.21      0.00   1380.00   1200.00       0  nginx
1791478106     33     23433    4.00    8.00    0.00   24.00   12.00     2      0.00      0.00   60284   13888   0.17      0.00    656.00    472.00       0  nginx
1791478106     33     23434    2.00    4.00    0.00   10.00    6.00     2      0.00      0.00   58948   12492   0.15      0.00    100.00     64.00       0  nginx
1791478106     33     23435    3.00    8.00    0.00   13.00   11.00     2      0.00      0.00   59592   13152   0.16      0.00    376.00    296.00       0  nginx
1791478106    113    185612   18.00   16.00    0.00    0.00   34.00     1      1.00      0.00  682592   60716   0.75      0.00      0.00      0.00       0  pdns_server
1791478106   1100    197497   44.00   25.00    0.00    0.00   69.00     2   2624.00      0.00 1975304   18840   0.23      0.00      0.00      0.00       0  isupipe

# Time        UID       PID    %usr %system  %guest   %wait    %CPU   CPU  minflt/s  majflt/s     VSZ     RSS   %MEM   kB_rd/s   kB_wr/s kB_ccwr/s iodelay  Command
1791478107    112     14307   72.00   37.00    0.00    1.00  109.00     3      7.00      0.00 2898540 1099788  13.55      0.00  10828.00   1668.00       0  mysqld
1791478107      0     17311    0.00    0.00    0.00    0.00    0.00     1      0.00      0.00   56800   12808   0.16      0.00      0.00      0.00       0  nginx
1791478107     33     23432    8.00   14.00    0.00   32.00   22.00     3      0.00      0.00   63232   16888   0.21      0.00   1204.00   1100.00       0  nginx
1791478107     33     23433    6.00   10.00    0.00   21.00   16.00     2      0.00      0.00   60284   13888   0.17      0.00    184.00    188.00       0  nginx
1791478107     33     23434    0.00    2.00    0.00    2.00    2.00     2      0.00      0.00   58948   12492   0.15      0.00    196.00     76.00       0  nginx
1791478107     33     23435    4.00    5.00    0.00   10.00    9.00     2      0.00      0.00   59592   13152   0.16      0.00    620.00    572.00       0  nginx
1791478107    113    185612   13.00   20.00    0.00    0.00   33.00     1      0.00      0.00  682592   60716   0.75      0.00      0.00      0.00       0  pdns_server
1791478107   1100    197497   43.00   30.00    0.00    0.00   73.00     2   1699.00      0.00 1975304   19128   0.24      0.00      0.00      0.00       0  isupipe

# Time        UID       PID    %usr %system  %guest   %wait    %CPU   CPU  minflt/s  majflt/s     VSZ     RSS   %MEM   kB_rd/s   kB_wr/s kB_ccwr/s iodelay  Command
1791478108    112     14307   76.00   37.00    0.00    2.00  113.00     3    104.00      0.00 2898540 1099996  13.55      0.00  10296.00   1456.00       0  mysqld
1791478108      0     17311    0.00    0.00    0.00    0.00    0.00     1      0.00      0.00   56800   12808   0.16      0.00      0.00      0.00       0  nginx
1791478108     33     23432    7.00   15.00    0.00   26.00   22.00     2      1.00      0.00   63232   16888   0.21      0.00   1088.00    840.00       0  nginx
1791478108     33     23433    6.00   10.00    0.00   22.00   16.00     2      0.00      0.00   60284   13888   0.17      0.00    492.00    380.00       0  nginx
1791478108     33     23434    1.00    5.00    0.00    7.00    6.00     2      0.00      0.00   58948   12492   0.15      0.00    372.00    452.00       0  nginx
1791478108     33     23435    3.00    6.00    0.00    9.00    9.00     2      0.00      0.00   59592   13152   0.16      0.00    144.00    100.00       0  nginx
1791478108    113    185612   16.00   17.00    0.00    0.00   33.00     1      0.00      0.00  682592   60716   0.75      0.00      0.00      0.00       0  pdns_server
1791478108   1100    197497   37.00   28.00    0.00   22.00   65.00     3   1749.00      0.00 1975304   18492   0.23      0.00      0.00      0.00       0  isupipe

# Time        UID       PID    %usr %system  %guest   %wait    %CPU   CPU  minflt/s  majflt/s     VSZ     RSS   %MEM   kB_rd/s   kB_wr/s kB_ccwr/s iodelay  Command
1791478109    112     14307   75.00   39.00    0.00    0.00  114.00     3     33.00      0.00 2898540 1099996  13.55      0.00  10832.00   1436.00       0  mysqld
1791478109      0     17311    0.00    0.00    0.00    0.00    0.00     1      0.00      0.00   56800   12808   0.16      0.00      0.00      0.00       0  nginx
1791478109     33     23432    6.00   13.00    0.00   35.00   19.00     3      0.00      0.00   63232   16888   0.21      0.00    708.00    644.00       0  nginx
1791478109     33     23433    3.00    8.00    0.00   21.00   11.00     2      0.00      0.00   60284   13888   0.17      0.00    452.00    408.00       0  nginx
1791478109     33     23434    3.00    6.00    0.00    9.00    9.00     2      0.00      0.00   58948   12492   0.15      0.00    544.00    504.00       0  nginx
1791478109     33     23435    4.00    6.00    0.00   14.00   10.00     2      0.00      0.00   59592   13152   0.16      0.00    220.00    160.00       0  nginx
1791478109    113    185612   13.00   19.00    0.00    0.00   32.00     1      3.00      0.00  682592   60716   0.75      0.00      0.00      0.00       0  pdns_server
1791478109   1100    197497   38.00   30.00    0.00   18.00   68.00     1   1474.00      0.00 1975304   17660   0.22      0.00      0.00      0.00       0  isupipe

# Time        UID       PID    %usr %system  %guest   %wait    %CPU   CPU  minflt/s  majflt/s     VSZ     RSS   %MEM   kB_rd/s   kB_wr/s kB_ccwr/s iodelay  Command
1791478110    112     14307   77.00   43.00    0.00    2.00  120.00     0      0.00      0.00 2898540 1099996  13.55      0.00  18268.00   1784.00       0  mysqld
1791478110      0     17311    0.00    0.00    0.00    0.00    0.00     1      0.00      0.00   56800   12808   0.16      0.00      0.00      0.00       0  nginx
1791478110     33     23432    5.00   15.00    0.00   38.00   20.00     2      1.00      0.00   63232   16888   0.21      0.00   1104.00    988.00       0  nginx
1791478110     33     23433    9.00    4.00    0.00   26.00   13.00     2      0.00      0.00   60284   13888   0.17      0.00    528.00    452.00       0  nginx
1791478110     33     23434    3.00    2.00    0.00    5.00    5.00     2      0.00      0.00   58948   12492   0.15      0.00    200.00    184.00       0  nginx
1791478110     33     23435    3.00    9.00    0.00   21.00   12.00     2      0.00      0.00   59592   13152   0.16      0.00    572.00    480.00       0  nginx
1791478110    113    185612   17.00   22.00    0.00    0.00   39.00     1      0.00      0.00  682592   60716   0.75      0.00      0.00      0.00       0  pdns_server
1791478110   1100    197497   40.00   26.00    0.00   31.00   66.00     2   2299.00      0.00 1975304   19200   0.24      0.00      0.00      0.00       0  isupipe

# Time        UID       PID    %usr %system  %guest   %wait    %CPU   CPU  minflt/s  majflt/s     VSZ     RSS   %MEM   kB_rd/s   kB_wr/s kB_ccwr/s iodelay  Command
1791478111    112     14307   80.00   38.00    0.00    0.00  118.00     1     83.00      0.00 2898540 1100180  13.55      0.00  10812.00   1460.00       0  mysqld
1791478111      0     17311    0.00    0.00    0.00    0.00    0.00     1      0.00      0.00   56800   12808   0.16      0.00      0.00      0.00       0  nginx
1791478111     33     23432    6.00    9.00    0.00   26.00   15.00     1      0.00      0.00   63232   16888   0.21      0.00    672.00    496.00       0  nginx
1791478111     33     23433    5.00    8.00    0.00   24.00   13.00     3      0.00      0.00   60284   13888   0.17      0.00    692.00    620.00       0  nginx
1791478111     33     23434    2.00    7.00    0.00   12.00    9.00     2      0.00      0.00   58948   12492   0.15      0.00    244.00    196.00       0  nginx
1791478111     33     23435    3.00    8.00    0.00   19.00   11.00     2      0.00      0.00   59592   13152   0.16      0.00    448.00    244.00       0  nginx
1791478111    113    185612   22.00   23.00    0.00    0.00   45.00     1      3.00      0.00  682592   60716   0.75      0.00      0.00      0.00       0  pdns_server
1791478111   1100    197497   40.00   20.00    0.00   21.00   60.00     1   1498.00      0.00 1975304   18180   0.22      0.00      0.00      0.00       0  isupipe

# Time        UID       PID    %usr %system  %guest   %wait    %CPU   CPU  minflt/s  majflt/s     VSZ     RSS   %MEM   kB_rd/s   kB_wr/s kB_ccwr/s iodelay  Command
1791478112    112     14307   92.00   30.00    0.00    0.00  122.00     0     41.00      0.00 2898540 1100388  13.55      0.00  11024.00   1392.00       0  mysqld
1791478112      0     17311    0.00    0.00    0.00    0.00    0.00     1      0.00      0.00   56800   12808   0.16      0.00      0.00      0.00       0  nginx
1791478112     33     23432    7.00   11.00    0.00   34.00   18.00     2      0.00      0.00   63232   16888   0.21      0.00    736.00    692.00       0  nginx
1791478112     33     23433    5.00    8.00    0.00   26.00   13.00     3      0.00      0.00   60284   13888   0.17      0.00    232.00    156.00       0  nginx
1791478112     33     23434    3.00    5.00    0.00   14.00    8.00     2      0.00      0.00   58948   12492   0.15      0.00    308.00    264.00       0  nginx
1791478112     33     23435    5.00    5.00    0.00   13.00   10.00     2      0.00      0.00   59592   13152   0.16      0.00    484.00    572.00       0  nginx
1791478112    113    185612   20.00   26.00    0.00    0.00   46.00     1      1.00      0.00  682592   60716   0.75      0.00      0.00      0.00       0  pdns_server
1791478112   1100    197497   37.00   25.00    0.00   28.00   62.00     1   1869.00      0.00 1975560   18512   0.23      0.00      0.00      0.00       0  isupipe

# Time        UID       PID    %usr %system  %guest   %wait    %CPU   CPU  minflt/s  majflt/s     VSZ     RSS   %MEM   kB_rd/s   kB_wr/s kB_ccwr/s iodelay  Command
1791478113    112     14307   82.00   39.00    0.00    1.00  121.00     1     49.00      0.00 2898540 1100536  13.56      0.00  11556.00   1440.00       0  mysqld
1791478113      0     17311    0.00    0.00    0.00    0.00    0.00     1      0.00      0.00   56800   12808   0.16      0.00      0.00      0.00       0  nginx
1791478113     33     23432    7.00   12.00    0.00   26.00   19.00     1      1.00      0.00   63232   16888   0.21      0.00    928.00    748.00       0  nginx
1791478113     33     23433    4.00    7.00    0.00   20.00   11.00     2      0.00      0.00   60284   13888   0.17      0.00    584.00    492.00       0  nginx
1791478113     33     23434    1.00    4.00    0.00    5.00    5.00     2      0.00      0.00   58948   12492   0.15      0.00    408.00    384.00       0  nginx
1791478113     33     23435    3.00    8.00    0.00   12.00   11.00     0      0.00      0.00   59592   13152   0.16      0.00    176.00    100.00       0  nginx
1791478113    113    185612   21.00   22.00    0.00    0.00   43.00     1      0.00      0.00  682592   60716   0.75      0.00      0.00      0.00       0  pdns_server
1791478113   1100    197497   31.00   36.00    0.00   27.00   67.00     1   1986.00      0.00 1975560   18952   0.23      0.00      0.00      0.00       0  isupipe

# Time        UID       PID    %usr %system  %guest   %wait    %CPU   CPU  minflt/s  majflt/s     VSZ     RSS   %MEM   kB_rd/s   kB_wr/s kB_ccwr/s iodelay  Command
1791478114    112     14307   85.00   42.00    0.00    0.00  127.00     1      1.00      0.00 2898540 1100536  13.56      0.00  10616.00   1100.00       0  mysqld
1791478114      0     17311    0.00    0.00    0.00    0.00    0.00     1      0.00      0.00   56800   12808   0.16      0.00      0.00      0.00       0  nginx
1791478114     33     23432    7.00   12.00    0.00   36.00   19.00     3      2.00      0.00   63232   16888   0.21      0.00    704.00    620.00       0  nginx
1791478114     33     23433    6.00    7.00    0.00   20.00   13.00     2      0.00      0.00   60284   13888   0.17      0.00    652.00    524.00       0  nginx
1791478114     33     23434    2.00    6.00    0.00   11.00    8.00     2      0.00      0.00   58948   12492   0.15      0.00    140.00     80.00       0  nginx
1791478114     33     23435    2.00    8.00    0.00   16.00   10.00     2      0.00      0.00   59592   13152   0.16      0.00    288.00    236.00       0  nginx
1791478114    113    185612   22.00   22.00    0.00    0.00   44.00     1      1.00      0.00  682592   60716   0.75      0.00      0.00      0.00       0  pdns_server
1791478114   1100    197497   33.00   29.00    0.00   20.00   62.00     3   1821.00      0.00 1975560   19036   0.23      0.00      0.00      0.00       0  isupipe

# Time        UID       PID    %usr %system  %guest   %wait    %CPU   CPU  minflt/s  majflt/s     VSZ     RSS   %MEM   kB_rd/s   kB_wr/s kB_ccwr/s iodelay  Command
1791478115    112     14307   86.00   43.00    0.00    1.00  129.00     1      4.00      0.00 2898540 1100536  13.56      0.00  11208.00   1216.00       0  mysqld
1791478115      0     17311    0.00    0.00    0.00    0.00    0.00     1      0.00      0.00   56800   12808   0.16      0.00      0.00      0.00       0  nginx
1791478115     33     23432    6.00   15.00    0.00   31.00   21.00     2      2.00      0.00   63232   16888   0.21      0.00    924.00    756.00       0  nginx
1791478115     33     23433    3.00    9.00    0.00   20.00   12.00     2      0.00      0.00   60284   13888   0.17      0.00    372.00    396.00       0  nginx
1791478115     33     23434    1.00    5.00    0.00    8.00    6.00     3      0.00      0.00   58948   12492   0.15      0.00    368.00    292.00       0  nginx
1791478115     33     23435    3.00    7.00    0.00   10.00   10.00     2      0.00      0.00   59592   13152   0.16      0.00    144.00     92.00       0  nginx
1791478115    113    185612   22.00   26.00    0.00    0.00   48.00     1      2.00      0.00  682592   60716   0.75      0.00      0.00      0.00       0  pdns_server
1791478115   1100    197497   37.00   29.00    0.00   28.00   66.00     3   2077.00      0.00 1975560   18800   0.23      0.00      0.00      0.00       0  isupipe

# Time        UID       PID    %usr %system  %guest   %wait    %CPU   CPU  minflt/s  majflt/s     VSZ     RSS   %MEM   kB_rd/s   kB_wr/s kB_ccwr/s iodelay  Command
1791478116    112     14307   85.00   34.00    0.00    0.00  119.00     1      0.00      0.00 2898540 1100536  13.56      4.00  17756.00   1516.00       0  mysqld
1791478116      0     17311    0.00    0.00    0.00    0.00    0.00     1      0.00      0.00   56800   12808   0.16      0.00      0.00      0.00       0  nginx
1791478116     33     23432    7.00   11.00    0.00   33.00   18.00     2      0.00      0.00   63232   16888   0.21      0.00    648.00    544.00       0  nginx
1791478116     33     23433    4.00    8.00    0.00   21.00   12.00     2      0.00      0.00   60284   13888   0.17      0.00    336.00    244.00       0  nginx
1791478116     33     23434    2.00    5.00    0.00    6.00    7.00     2      0.00      0.00   58948   12492   0.15      0.00    584.00    516.00       0  nginx
1791478116     33     23435    4.00    8.00    0.00   18.00   12.00     2      0.00      0.00   59592   13152   0.16      0.00    344.00     60.00       0  nginx
1791478116    113    185612   20.00   21.00    0.00    0.00   41.00     1      0.00      0.00  682592   60716   0.75      0.00      0.00      0.00       0  pdns_server
1791478116   1100    197497   39.00   27.00    0.00   30.00   66.00     3   2295.00      0.00 1975560   19208   0.24      0.00      0.00      0.00       0  isupipe

# Time        UID       PID    %usr %system  %guest   %wait    %CPU   CPU  minflt/s  majflt/s     VSZ     RSS   %MEM   kB_rd/s   kB_wr/s kB_ccwr/s iodelay  Command
1791478117    112     14307   88.00   35.00    0.00    1.00  123.00     3      4.00      0.00 2898540 1100536  13.56      0.00  11580.00   1196.00       0  mysqld
1791478117      0     17311    0.00    0.00    0.00    0.00    0.00     1      0.00      0.00   56800   12808   0.16      0.00      0.00      0.00       0  nginx
1791478117     33     23432    8.00   11.00    0.00   32.00   19.00     2      0.00      0.00   63232   16888   0.21      0.00    684.00    540.00       0  nginx
1791478117     33     23433    6.00    8.00    0.00   18.00   14.00     2      0.00      0.00   60284   13888   0.17      0.00    816.00    784.00       0  nginx
1791478117     33     23434    0.00    7.00    0.00   10.00    7.00     2      0.00      0.00   58948   12492   0.15      0.00    116.00     72.00       0  nginx
1791478117     33     23435    2.00    6.00    0.00   13.00    8.00     2      0.00      0.00   59592   13152   0.16      0.00    148.00    192.00       0  nginx
1791478117    113    185612   24.00   21.00    0.00    0.00   45.00     1      1.00      0.00  682592   60716   0.75      0.00      0.00      0.00       0  pdns_server
1791478117   1100    197497   37.00   28.00    0.00   36.00   65.00     3   1818.00      0.00 1975560   19704   0.24      0.00      0.00      0.00       0  isupipe

# Time        UID       PID    %usr %system  %guest   %wait    %CPU   CPU  minflt/s  majflt/s     VSZ     RSS   %MEM   kB_rd/s   kB_wr/s kB_ccwr/s iodelay  Command
1791478118    112     14307   93.00   37.00    0.00    1.00  130.00     3     18.00      0.00 2898540 1100536  13.56      0.00  12240.00   1416.00       0  mysqld
1791478118      0     17311    0.00    0.00    0.00    0.00    0.00     1      0.00      0.00   56800   12808   0.16      0.00      0.00      0.00       0  nginx
1791478118     33     23432    5.00   13.00    0.00   49.00   18.00     2      0.00      0.00   63232   16888   0.21      0.00   1020.00    892.00       0  nginx
1791478118     33     23433    6.00    6.00    0.00   28.00   12.00     2      0.00      0.00   60284   13888   0.17      0.00    288.00    220.00       0  nginx
1791478118     33     23434    3.00    5.00    0.00   17.00    8.00     2      0.00      0.00   58948   12492   0.15      0.00    376.00    336.00       0  nginx
1791478118     33     23435    3.00    9.00    0.00   24.00   12.00     2      0.00      0.00   59592   13152   0.16      0.00    236.00    156.00       0  nginx
1791478118    113    185612   28.00   23.00    0.00    0.00   51.00     1      0.00      0.00  682592   60716   0.75      0.00      0.00      0.00       0  pdns_server
1791478118   1100    197497   41.00   22.00    0.00   33.00   63.00     1   1496.00      0.00 1975560   18440   0.23      0.00      0.00      0.00       0  isupipe

# Time        UID       PID    %usr %system  %guest   %wait    %CPU   CPU  minflt/s  majflt/s     VSZ     RSS   %MEM   kB_rd/s   kB_wr/s kB_ccwr/s iodelay  Command
1791478119    112     14307   88.00   36.00    0.00    0.00  124.00     3     40.00      0.00 2898540 1100536  13.56      4.00  10932.00   1336.00       0  mysqld
1791478119      0     17311    0.00    0.00    0.00    0.00    0.00     1      0.00      0.00   56800   12808   0.16      0.00      0.00      0.00       0  nginx
1791478119     33     23432    5.00   13.00    0.00   38.00   18.00     2      0.00      0.00   63232   16888   0.21      0.00    744.00    604.00       0  nginx
1791478119     33     23433    5.00    7.00    0.00   26.00   12.00     2      0.00      0.00   60284   13888   0.17      0.00    432.00    360.00       0  nginx
1791478119     33     23434    2.00    6.00    0.00    9.00    8.00     2      0.00      0.00   58948   12492   0.15      0.00    372.00    336.00       0  nginx
1791478119     33     23435    2.00    7.00    0.00   25.00    9.00     2      0.00      0.00   59592   13152   0.16      0.00    316.00    272.00       0  nginx
1791478119    113    185612   29.00   21.00    0.00    0.00   50.00     1      2.00      0.00  682592   60716   0.75      0.00      0.00      0.00       0  pdns_server
1791478119   1100    197497   40.00   24.00    0.00   19.00   64.00     0   1715.00      0.00 1975560   19272   0.24      0.00      0.00      0.00       0  isupipe

# Time        UID       PID    %usr %system  %guest   %wait    %CPU   CPU  minflt/s  majflt/s     VSZ     RSS   %MEM   kB_rd/s   kB_wr/s kB_ccwr/s iodelay  Command
1791478120    112     14307   89.00   37.00    0.00    1.00  126.00     3     57.00      0.00 2898540 1100676  13.56      0.00  18004.00   1712.00       0  mysqld
1791478120      0     17311    0.00    0.00    0.00    0.00    0.00     1      0.00      0.00   56800   12808   0.16      0.00      0.00      0.00       0  nginx
1791478120     33     23432    5.00   14.00    0.00   36.00   19.00     2      0.00      0.00   63232   16888   0.21      0.00    628.00    508.00       0  nginx
1791478120     33     23433    5.00    4.00    0.00   12.00    9.00     2      0.00      0.00   60284   13888   0.17      0.00   1080.00   1032.00       0  nginx
1791478120     33     23434    2.00    6.00    0.00   15.00    8.00     2      0.00      0.00   58948   12492   0.15      0.00    144.00     80.00       0  nginx
1791478120     33     23435    2.00    6.00    0.00   13.00    8.00     2      0.00      0.00   59592   13152   0.16      0.00    216.00    172.00       0  nginx
1791478120    113    185612   23.00   24.00    0.00    0.00   47.00     1      1.00      0.00  682592   60716   0.75      0.00      0.00      0.00       0  pdns_server
1791478120   1100    197497   34.00   28.00    0.00   22.00   62.00     3   1813.00      0.00 1975560   19136   0.24      0.00      0.00      0.00       0  isupipe

# Time        UID       PID    %usr %system  %guest   %wait    %CPU   CPU  minflt/s  majflt/s     VSZ     RSS   %MEM   kB_rd/s   kB_wr/s kB_ccwr/s iodelay  Command
1791478121    112     14307   80.00   39.00    0.00    1.00  119.00     0      6.00      0.00 2898540 1100676  13.56      4.00  11592.00   1224.00       0  mysqld
1791478121      0     17311    0.00    0.00    0.00    0.00    0.00     1      0.00      0.00   56800   12808   0.16      0.00      0.00      0.00       0  nginx
1791478121     33     23432    9.00   13.00    0.00   35.00   22.00     2      0.00      0.00   63232   16888   0.21      0.00    880.00    744.00       0  nginx
1791478121     33     23433    5.00    8.00    0.00   19.00   13.00     2      0.00      0.00   60284   13888   0.17      0.00    380.00    316.00       0  nginx
1791478121     33     23434    1.00    6.00    0.00   10.00    7.00     2      0.00      0.00   58948   12492   0.15      0.00    184.00    160.00       0  nginx
1791478121     33     23435    3.00    4.00    0.00    9.00    7.00     2      0.00      0.00   59592   13152   0.16      0.00    396.00    348.00       0  nginx
1791478121    113    185612   20.00   22.00    0.00    0.00   42.00     1      0.00      0.00  682592   60716   0.75      0.00      0.00      0.00       0  pdns_server
1791478121   1100    197497   36.00   26.00    0.00   30.00   62.00     0   1534.00      0.00 1975560   19260   0.24      0.00      0.00      0.00       0  isupipe

# Time        UID       PID    %usr %system  %guest   %wait    %CPU   CPU  minflt/s  majflt/s     VSZ     RSS   %MEM   kB_rd/s   kB_wr/s kB_ccwr/s iodelay  Command
1791478122    112     14307   90.00   40.00    0.00    0.00  130.00     3      3.00      0.00 2898540 1100820  13.56      0.00  11340.00   1308.00       0  mysqld
1791478122      0     17311    0.00    0.00    0.00    0.00    0.00     1      0.00      0.00   56800   12808   0.16      0.00      0.00      0.00       0  nginx
1791478122     33     23432    8.00    9.00    0.00   26.00   17.00     2      2.00      0.00   63232   16888   0.21      0.00    512.00    424.00       0  nginx
1791478122     33     23433    5.00    8.00    0.00   27.00   13.00     3      0.00      0.00   60284   13888   0.17      0.00    668.00    576.00       0  nginx
1791478122     33     23434    5.00    2.00    0.00   11.00    7.00     2      0.00      0.00   58948   12492   0.15      0.00    340.00    332.00       0  nginx
1791478122     33     23435    3.00    6.00    0.00   18.00    9.00     2      0.00      0.00   59592   13152   0.16      0.00    364.00    204.00       0  nginx
1791478122    113    185612   22.00   33.00    0.00    0.00   55.00     1      1.00      0.00  682592   60716   0.75      0.00      0.00      0.00       0  pdns_server
1791478122   1100    197497   32.00   24.00    0.00   28.00   56.00     3   1280.00      0.00 1975560   19952   0.25      0.00      0.00      0.00       0  isupipe

# Time        UID       PID    %usr %system  %guest   %wait    %CPU   CPU  minflt/s  majflt/s     VSZ     RSS   %MEM   kB_rd/s   kB_wr/s kB_ccwr/s iodelay  Command
1791478123    112     14307   96.00   40.00    0.00    1.00  136.00     1      7.00      0.00 2898540 1100820  13.56      4.00  18420.00   1428.00       0  mysqld
1791478123      0     17311    0.00    0.00    0.00    0.00    0.00     1      0.00      0.00   56800   12808   0.16      0.00      0.00      0.00       0  nginx
1791478123     33     23432    7.00   10.00    0.00   27.00   17.00     2      0.00      0.00   63232   16888   0.21      0.00    952.00    832.00       0  nginx
1791478123     33     23433    4.00    6.00    0.00   19.00   10.00     2      0.00      0.00   60284   13888   0.17      0.00    644.00    580.00       0  nginx
1791478123     33     23434    2.00    8.00    0.00   21.00   10.00     2      0.00      0.00   58948   12492   0.15      0.00     68.00      0.00       0  nginx
1791478123     33     23435    2.00    7.00    0.00   14.00    9.00     2      0.00      0.00   59592   13152   0.16      0.00    236.00    300.00       0  nginx
1791478123    113    185612   27.00   27.00    0.00    0.00   54.00     1      0.00      0.00  682592   60716   0.75      0.00      0.00      0.00       0  pdns_server
1791478123   1100    197497   37.00   18.00    0.00   25.00   55.00     0   1323.00      0.00 1975560   19600   0.24      0.00      0.00      0.00       0  isupipe

# Time        UID       PID    %usr %system  %guest   %wait    %CPU   CPU  minflt/s  majflt/s     VSZ     RSS   %MEM   kB_rd/s   kB_wr/s kB_ccwr/s iodelay  Command
1791478124    112     14307   83.00   38.00    0.00    0.00  121.00     1     40.00      0.00 2898540 1100820  13.56      0.00  18176.00   1060.00       0  mysqld
1791478124      0     17311    0.00    0.00    0.00    0.00    0.00     1      0.00      0.00   56800   12808   0.16      0.00      0.00      0.00       0  nginx
1791478124     33     23432    6.00   12.00    0.00   29.00   18.00     2     17.00      0.00   63232   16888   0.21      0.00    720.00    588.00       0  nginx
1791478124     33     23433    4.00    9.00    0.00   23.00   13.00     2     17.00      0.00   60284   13888   0.17      0.00    252.00    152.00       0  nginx
1791478124     33     23434    3.00    6.00    0.00    9.00    9.00     2     17.00      0.00   58948   12492   0.15      0.00     24.00      0.00       0  nginx
1791478124     33     23435    3.00    5.00    0.00    8.00    8.00     2     17.00      0.00   59592   13152   0.16      0.00    764.00    664.00       0  nginx
1791478124    113    185612   20.00   24.00    0.00    0.00   44.00     1      9.00      0.00  682592   60708   0.75      0.00      0.00      0.00       0  pdns_server
1791478124   1100    197497   33.00   29.00    0.00   31.00   62.00     3   1301.00      0.00 1975560   20036   0.25    100.00      0.00      0.00       0  isupipe

# Time        UID       PID    %usr %system  %guest   %wait    %CPU   CPU  minflt/s  majflt/s     VSZ     RSS   %MEM   kB_rd/s   kB_wr/s kB_ccwr/s iodelay  Command
1791478125    112     14307   85.15   34.65    0.00    0.99  119.80     0     47.52      0.00 2898540 1100820  13.56      3.96  10376.24    914.85       0  mysqld
1791478125      0     17311    0.00    0.00    0.00    0.00    0.00     1      0.00      0.00   56800   12808   0.16      0.00      0.00      0.00       0  nginx
1791478125     33     23432    8.91   12.87    0.00   30.69   21.78     2     15.84      0.00   63232   16888   0.21      0.00    716.83    566.34       0  nginx
1791478125     33     23433    4.95    5.94    0.00   16.83   10.89     0     15.84      0.00   60284   13888   0.17      0.00    134.65     87.13       0  nginx
1791478125     33     23434    1.98    2.97    0.00    6.93    4.95     2     15.84      0.00   58948   12492   0.15      0.00    110.89     87.13       0  nginx
1791478125     33     23435    2.97    5.94    0.00   13.86    8.91     0     15.84      0.00   59592   13152   0.16      0.00    499.01    459.41       0  nginx
1791478125    113    185612   21.78   19.80    0.00    0.00   41.58     1      0.00      0.00  682592   60708   0.75      0.00      0.00      0.00       0  pdns_server
1791478125   1100    197497   36.63   25.74    0.00   15.84   62.38     0   1119.80      0.00 1975560   20544   0.25     19.80      0.00      0.00       0  isupipe

# Time        UID       PID    %usr %system  %guest   %wait    %CPU   CPU  minflt/s  majflt/s     VSZ     RSS   %MEM   kB_rd/s   kB_wr/s kB_ccwr/s iodelay  Command
1791478126    112     14307   81.00   43.00    0.00    0.00  124.00     0    121.00      0.00 2898540 1100960  13.56      0.00  16828.00   1032.00       0  mysqld
1791478126      0     17311    0.00    0.00    0.00    0.00    0.00     1      0.00      0.00   56800   12808   0.16      0.00      0.00      0.00       0  nginx
1791478126     33     23432    7.00   11.00    0.00   26.00   18.00     2     40.00      0.00   63232   16876   0.21      0.00    844.00    740.00       0  nginx
1791478126     33     23433    4.00    7.00    0.00   18.00   11.00     3     27.00      0.00   60284   13876   0.17      0.00    224.00    168.00       0  nginx
1791478126     33     23434    2.00    1.00    0.00    6.00    3.00     2     30.00      0.00   58948   12480   0.15      0.00    104.00     80.00       0  nginx
1791478126     33     23435    2.00    5.00    0.00    7.00    7.00     3     39.00      0.00   59592   13140   0.16      0.00    276.00    296.00       0  nginx
1791478126    113    185612   26.00   21.00    0.00    0.00   47.00     1      4.00      0.00  682592   60696   0.75      0.00      0.00      0.00       0  pdns_server
1791478126   1100    197497   36.00   22.00    0.00   14.00   58.00     2    751.00      0.00 1975560   20816   0.26      4.00      0.00      0.00       0  isupipe

# Time        UID       PID    %usr %system  %guest   %wait    %CPU   CPU  minflt/s  majflt/s     VSZ     RSS   %MEM   kB_rd/s   kB_wr/s kB_ccwr/s iodelay  Command
1791478127    112     14307   91.00   38.00    0.00    0.00  129.00     0      4.00      0.00 2898540 1100960  13.56      0.00   9156.00    848.00       0  mysqld
1791478127      0     17311    0.00    0.00    0.00    0.00    0.00     1      0.00      0.00   56800   12808   0.16      0.00      0.00      0.00       0  nginx
1791478127     33     23432    6.00   14.00    0.00   26.00   20.00     2      0.00      0.00   63232   16876   0.21      0.00    916.00    772.00       0  nginx
1791478127     33     23433    5.00    4.00    0.00   10.00    9.00     3      0.00      0.00   60284   13876   0.17      0.00    384.00    260.00       0  nginx
1791478127     33     23434    2.00    2.00    0.00    4.00    4.00     2      0.00      0.00   58948   12480   0.15      0.00     28.00      0.00       0  nginx
1791478127     33     23435    3.00    3.00    0.00    7.00    6.00     2      0.00      0.00   59592   13140   0.16      0.00    120.00     96.00       0  nginx
1791478127    113    185612   24.00   25.00    0.00    0.00   49.00     1      0.00      0.00  682592   60696   0.75      0.00      0.00      0.00       0  pdns_server
1791478127   1100    197497   37.00   20.00    0.00    9.00   57.00     3    473.00      0.00 2049352   19908   0.25      0.00      0.00      0.00       0  isupipe

# Time        UID       PID    %usr %system  %guest   %wait    %CPU   CPU  minflt/s  majflt/s     VSZ     RSS   %MEM   kB_rd/s   kB_wr/s kB_ccwr/s iodelay  Command
1791478128    112     14307   75.00   48.00    0.00    1.00  123.00     0      2.00      0.00 2898540 1100960  13.56      4.00   9932.00    984.00       0  mysqld
1791478128      0     17311    0.00    0.00    0.00    0.00    0.00     1      0.00      0.00   56800   12808   0.16      0.00      0.00      0.00       0  nginx
1791478128     33     23432    7.00   13.00    0.00   20.00   20.00     2      0.00      0.00   63232   16876   0.21      0.00    684.00    572.00       0  nginx
1791478128     33     23433    5.00    8.00    0.00   17.00   13.00     2      0.00      0.00   60284   13876   0.17      0.00    236.00    272.00       0  nginx
1791478128     33     23434    3.00    1.00    0.00    3.00    4.00     2      1.00      0.00   58948   12480   0.15      0.00    120.00    104.00       0  nginx
1791478128     33     23435    3.00    6.00    0.00    8.00    9.00     2      0.00      0.00   59592   13140   0.16      0.00    412.00    356.00       0  nginx
1791478128    113    185612   23.00   24.00    0.00    0.00   47.00     1      1.00      0.00  682592   60696   0.75      0.00      0.00      0.00       0  pdns_server
1791478128   1100    197497   37.00   22.00    0.00   32.00   59.00     0   1273.00      0.00 2049352   20124   0.25      0.00      0.00      0.00       0  isupipe

# Time        UID       PID    %usr %system  %guest   %wait    %CPU   CPU  minflt/s  majflt/s     VSZ     RSS   %MEM   kB_rd/s   kB_wr/s kB_ccwr/s iodelay  Command
1791478129    112     14307   83.00   43.00    0.00    1.00  126.00     0     86.00      0.00 2898540 1100960  13.56      0.00  14672.00   1204.00       0  mysqld
1791478129      0     17311    0.00    0.00    0.00    0.00    0.00     1      0.00      0.00   56800   12808   0.16      0.00      0.00      0.00       0  nginx
1791478129     33     23432    8.00   11.00    0.00   25.00   19.00     3     35.00      0.00   63232   16876   0.21      0.00   1100.00    980.00       0  nginx
1791478129     33     23433    4.00   10.00    0.00   21.00   14.00     2     34.00      0.00   60284   13876   0.17      0.00    340.00    240.00       0  nginx
1791478129     33     23434    1.00    3.00    0.00    6.00    4.00     2     34.00      0.00   58948   12480   0.15      0.00    124.00    112.00       0  nginx
1791478129     33     23435    4.00    5.00    0.00   10.00    9.00     3     25.00      0.00   59592   13140   0.16      0.00    224.00    180.00       0  nginx
1791478129    113    185612   20.00   27.00    0.00    0.00   47.00     1      1.00      0.00  682592   60696   0.75      0.00      0.00      0.00       0  pdns_server
1791478129   1100    197497   31.00   29.00    0.00   28.00   60.00     3   1199.00      0.00 2049352   20560   0.25      0.00      0.00      0.00       0  isupipe

# Time        UID       PID    %usr %system  %guest   %wait    %CPU   CPU  minflt/s  majflt/s     VSZ     RSS   %MEM   kB_rd/s   kB_wr/s kB_ccwr/s iodelay  Command
1791478130    112     14307   90.00   40.00    0.00    0.00  130.00     0     12.00      0.00 2898540 1100960  13.56      4.00  15512.00   1504.00       0  mysqld
1791478130      0     17311    0.00    0.00    0.00    0.00    0.00     1      0.00      0.00   56800   12808   0.16      0.00      0.00      0.00       0  nginx
1791478130     33     23432    8.00   10.00    0.00   21.00   18.00     2      1.00      0.00   63232   16876   0.21      0.00   1232.00   1072.00       0  nginx
1791478130     33     23433    5.00    5.00    0.00   14.00   10.00     1      1.00      0.00   60284   13876   0.17      0.00    292.00    236.00       0  nginx
1791478130     33     23434    2.00    3.00    0.00    5.00    5.00     2      1.00      0.00   58948   12480   0.15      0.00    320.00    292.00       0  nginx
1791478130     33     23435    4.00    4.00    0.00    8.00    8.00     2      1.00      0.00   59592   13140   0.16      0.00    244.00    208.00       0  nginx
1791478130    113    185612   25.00   31.00    0.00    0.00   56.00     1      2.00      0.00  682592   60696   0.75      0.00      0.00      0.00       0  pdns_server
1791478130   1100    197497   35.00   27.00    0.00   36.00   62.00     1   1729.00      0.00 2123144   19996   0.25      0.00      0.00      0.00       0  isupipe

# Time        UID       PID    %usr %system  %guest   %wait    %CPU   CPU  minflt/s  majflt/s     VSZ     RSS   %MEM   kB_rd/s   kB_wr/s kB_ccwr/s iodelay  Command
1791478131    112     14307   83.00   38.00    0.00    1.00  121.00     0      1.00      0.00 2898540 1100960  13.56      0.00  10992.00   1332.00       0  mysqld
1791478131      0     17311    0.00    0.00    0.00    0.00    0.00     1      0.00      0.00   56800   12808   0.16      0.00      0.00      0.00       0  nginx
1791478131     33     23432    9.00   12.00    0.00   29.00   21.00     2      0.00      0.00   63232   16876   0.21      0.00    844.00    732.00       0  nginx
1791478131     33     23433    4.00    7.00    0.00   19.00   11.00     3      0.00      0.00   60284   13876   0.17      0.00    380.00    320.00       0  nginx
1791478131     33     23434    2.00    2.00    0.00    6.00    4.00     2      0.00      0.00   58948   12480   0.15      0.00    312.00    284.00       0  nginx
1791478131     33     23435    5.00    5.00    0.00   16.00   10.00     2      0.00      0.00   59592   13140   0.16      0.00    268.00    228.00       0  nginx
1791478131    113    185612   20.00   25.00    0.00    0.00   45.00     1      1.00      0.00  682592   60696   0.75      0.00      0.00      0.00       0  pdns_server
1791478131   1100    197497   35.00   29.00    0.00   27.00   64.00     2   1063.00      0.00 2123144   21080   0.26      0.00      0.00      0.00       0  isupipe

# Time        UID       PID    %usr %system  %guest   %wait    %CPU   CPU  minflt/s  majflt/s     VSZ     RSS   %MEM   kB_rd/s   kB_wr/s kB_ccwr/s iodelay  Command
1791478132    112     14307   86.00   39.00    0.00    0.00  125.00     0     18.00      0.00 2898540 1101108  13.56      4.00  11480.00   1520.00       0  mysqld
1791478132      0     17311    0.00    0.00    0.00    0.00    0.00     1      0.00      0.00   56800   12808   0.16      0.00      0.00      0.00       0  nginx
1791478132     33     23432    7.00   13.00    0.00   34.00   20.00     0      0.00      0.00   63232   16876   0.21      0.00    948.00    772.00       0  nginx
1791478132     33     23433    5.00    7.00    0.00   20.00   12.00     0      0.00      0.00   60284   13876   0.17      0.00    708.00    580.00       0  nginx
1791478132     33     23434    3.00    5.00    0.00   11.00    8.00     2      0.00      0.00   58948   12480   0.15      0.00    232.00    108.00       0  nginx
1791478132     33     23435    5.00    5.00    0.00   17.00   10.00     0      0.00      0.00   59592   13140   0.16      0.00    184.00    112.00       0  nginx
1791478132    113    185612   26.00   27.00    0.00    0.00   53.00     1      0.00      0.00  682592   60696   0.75      0.00      0.00      0.00       0  pdns_server
1791478132   1100    197497   37.00   22.00    0.00   38.00   59.00     0   1634.00      0.00 2123144   20504   0.25      0.00      0.00      0.00       0  isupipe

# Time        UID       PID    %usr %system  %guest   %wait    %CPU   CPU  minflt/s  majflt/s     VSZ     RSS   %MEM   kB_rd/s   kB_wr/s kB_ccwr/s iodelay  Command
1791478133    112     14307   84.00   40.00    0.00    1.00  124.00     0      0.00      0.00 2898540 1101108  13.56      0.00  11888.00   1576.00       0  mysqld
1791478133      0     17311    0.00    0.00    0.00    0.00    0.00     1      0.00      0.00   56800   12808   0.16      0.00      0.00      0.00       0  nginx
1791478133     33     23432    8.00   13.00    0.00   24.00   21.00     0      0.00      0.00   63232   16876   0.21      0.00    996.00    912.00       0  nginx
1791478133     33     23433    3.00   10.00    0.00   19.00   13.00     1      0.00      0.00   60284   13876   0.17      0.00    532.00    424.00       0  nginx
1791478133     33     23434    1.00    4.00    0.00    4.00    5.00     2      0.00      0.00   58948   12480   0.15      0.00    196.00    260.00       0  nginx
1791478133     33     23435    1.00   10.00    0.00   12.00   11.00     1      0.00      0.00   59592   13140   0.16      0.00    292.00    236.00       0  nginx
1791478133    113    185612   19.00   25.00    0.00    0.00   44.00     1      0.00      0.00  682592   60696   0.75      0.00      0.00      0.00       0  pdns_server
1791478133   1100    197497   34.00   29.00    0.00   26.00   63.00     0   2166.00      0.00 2123144   19876   0.24      0.00      0.00      0.00       0  isupipe

# Time        UID       PID    %usr %system  %guest   %wait    %CPU   CPU  minflt/s  majflt/s     VSZ     RSS   %MEM   kB_rd/s   kB_wr/s kB_ccwr/s iodelay  Command
1791478134    112     14307   88.00   37.00    0.00    0.00  125.00     1      3.00      0.00 2898540 1101108  13.56      4.00  15764.00   1480.00       0  mysqld
1791478134      0     17311    0.00    0.00    0.00    0.00    0.00     1      0.00      0.00   56800   12808   0.16      0.00      0.00      0.00       0  nginx
1791478134     33     23432    9.00   14.00    0.00   24.00   23.00     2      0.00      0.00   63232   16876   0.21      0.00   1124.00    944.00       0  nginx
1791478134     33     23433    3.00    8.00    0.00   11.00   11.00     0      0.00      0.00   60284   13876   0.17      0.00    228.00    288.00       0  nginx
1791478134     33     23434    0.00    3.00    0.00    5.00    3.00     2      0.00      0.00   58948   12480   0.15      0.00    104.00     84.00       0  nginx
1791478134     33     23435    3.00    4.00    0.00    6.00    7.00     2      0.00      0.00   59592   13140   0.16      0.00    472.00    432.00       0  nginx
1791478134    113    185612   25.00   23.00    0.00    0.00   48.00     1      2.00      0.00  682592   60696   0.75      0.00      0.00      0.00       0  pdns_server
1791478134   1100    197497   38.00   29.00    0.00   11.00   67.00     0   1737.00      0.00 2123144   21220   0.26      0.00      0.00      0.00       0  isupipe

# Time        UID       PID    %usr %system  %guest   %wait    %CPU   CPU  minflt/s  majflt/s     VSZ     RSS   %MEM   kB_rd/s   kB_wr/s kB_ccwr/s iodelay  Command
1791478135    112     14307   88.00   40.00    0.00    0.00  128.00     1      7.00      0.00 2898540 1101108  13.56      0.00  10604.00   1092.00       0  mysqld
1791478135      0     17311    0.00    0.00    0.00    0.00    0.00     1      0.00      0.00   56800   12808   0.16      0.00      0.00      0.00       0  nginx
1791478135     33     23432    9.00   12.00    0.00   33.00   21.00     2      0.00      0.00   63232   16876   0.21      0.00    872.00    748.00       0  nginx
1791478135     33     23433    3.00    8.00    0.00   23.00   11.00     2      0.00      0.00   60284   13876   0.17      0.00    328.00    232.00       0  nginx
1791478135     33     23434    2.00    2.00    0.00    8.00    4.00     2      0.00      0.00   58948   12480   0.15      0.00     20.00      0.00       0  nginx
1791478135     33     23435    3.00    7.00    0.00   17.00   10.00     2      0.00      0.00   59592   13140   0.16      0.00    404.00    172.00       0  nginx
1791478135    113    185612   22.00   30.00    0.00    0.00   52.00     1      0.00      0.00  682592   60696   0.75      0.00      0.00      0.00       0  pdns_server
1791478135   1100    197497   36.00   21.00    0.00   19.00   57.00     2    996.00      0.00 2123144   19840   0.24      0.00      0.00      0.00       0  isupipe

# Time        UID       PID    %usr %system  %guest   %wait    %CPU   CPU  minflt/s  majflt/s     VSZ     RSS   %MEM   kB_rd/s   kB_wr/s kB_ccwr/s iodelay  Command
1791478136    112     14307   97.00   35.00    0.00    1.00  132.00     0      8.00      0.00 2898540 1101108  13.56      0.00  11388.00   1412.00       0  mysqld
1791478136      0     17311    0.00    0.00    0.00    0.00    0.00     1      0.00      0.00   56800   12808   0.16      0.00      0.00      0.00       0  nginx
1791478136     33     23432    8.00   12.00    0.00   43.00   20.00     2      4.00      0.00   63232   16876   0.21      0.00    780.00    664.00       0  nginx
1791478136     33     23433    6.00    6.00    0.00   30.00   12.00     0      0.00      0.00   60284   13876   0.17      0.00    348.00    280.00       0  nginx
1791478136     33     23434    3.00    1.00    0.00   10.00    4.00     2      0.00      0.00   58948   12480   0.15      0.00    292.00    284.00       0  nginx
1791478136     33     23435    3.00    7.00    0.00   21.00   10.00     0      0.00      0.00   59592   13140   0.16      0.00    436.00    560.00       0  nginx
1791478136    113    185612   28.00   29.00    0.00    0.00   57.00     1      1.00      0.00  682592   60696   0.75      0.00      0.00      0.00       0  pdns_server
1791478136   1100    197497   36.00   26.00    0.00   29.00   62.00     2   2522.00      0.00 2123144   20176   0.25      0.00      0.00      0.00       0  isupipe

# Time        UID       PID    %usr %system  %guest   %wait    %CPU   CPU  minflt/s  majflt/s     VSZ     RSS   %MEM   kB_rd/s   kB_wr/s kB_ccwr/s iodelay  Command
1791478137    112     14307   83.00   34.00    0.00    1.00  117.00     0      0.00      0.00 2898540 1101108  13.56      4.00   9820.00    960.00       0  mysqld
1791478137      0     17311    0.00    0.00    0.00    0.00    0.00     1      0.00      0.00   56800   12808   0.16      0.00      0.00      0.00       0  nginx
1791478137     33     23432    8.00    7.00    0.00   36.00   15.00     2      0.00      0.00   63232   16876   0.21      0.00    700.00    636.00       0  nginx
1791478137     33     23433    6.00    5.00    0.00   24.00   11.00     2      0.00      0.00   60284   13876   0.17      0.00    396.00    340.00       0  nginx
1791478137     33     23434    3.00    6.00    0.00   19.00    9.00     2      0.00      0.00   58948   12480   0.15      0.00    156.00    108.00       0  nginx
1791478137     33     23435    3.00    7.00    0.00   28.00   10.00     1      0.00      0.00   59592   13140   0.16      0.00    140.00     76.00       0  nginx
1791478137    113    185612   25.00   26.00    0.00    0.00   51.00     1      0.00      0.00  682592   60696   0.75      0.00      0.00      0.00       0  pdns_server
1791478137   1100    197497   33.00   21.00    0.00    0.00   54.00     2   1058.00      0.00 2123144   20092   0.25      0.00      0.00      0.00       0  isupipe

# Time        UID       PID    %usr %system  %guest   %wait    %CPU   CPU  minflt/s  majflt/s     VSZ     RSS   %MEM   kB_rd/s   kB_wr/s kB_ccwr/s iodelay  Command
1791478138    112     14307   76.00   42.00    0.00    1.00  118.00     1      5.00      0.00 2898540 1101108  13.56      0.00  15240.00   1244.00       0  mysqld
1791478138      0     17311    0.00    0.00    0.00    0.00    0.00     1      0.00      0.00   56800   12808   0.16      0.00      0.00      0.00       0  nginx
1791478138     33     23432   11.00   14.00    0.00   28.00   25.00     2      0.00      0.00   63232   16876   0.21      0.00    996.00    788.00       0  nginx
1791478138     33     23433    7.00   10.00    0.00   22.00   17.00     0      0.00      0.00   60284   13876   0.17      0.00    460.00    356.00       0  nginx
1791478138     33     23434    2.00    6.00    0.00    9.00    8.00     2      0.00      0.00   58948   12480   0.15      0.00     36.00      0.00       0  nginx
1791478138     33     23435    3.00    5.00    0.00   13.00    8.00     2      0.00      0.00   59592   13140   0.16      0.00    372.00    328.00       0  nginx
1791478138    113    185612   25.00   23.00    0.00    0.00   48.00     1      0.00      0.00  682592   60696   0.75      0.00      0.00      0.00       0  pdns_server
1791478138   1100    197497   32.00   29.00    0.00    4.00   61.00     1   1378.00      0.00 2123400   21316   0.26      0.00      0.00      0.00       0  isupipe

# Time        UID       PID    %usr %system  %guest   %wait    %CPU   CPU  minflt/s  majflt/s     VSZ     RSS   %MEM   kB_rd/s   kB_wr/s kB_ccwr/s iodelay  Command
1791478139    112     14307   75.00   42.00    0.00    0.00  117.00     1      0.00      0.00 2898540 1101108  13.56      4.00  10512.00   1084.00       0  mysqld
1791478139      0     17311    0.00    0.00    0.00    0.00    0.00     1      0.00      0.00   56800   12808   0.16      0.00      0.00      0.00       0  nginx
1791478139     33     23432   10.00   12.00    0.00   42.00   22.00     2      0.00      0.00   63232   16876   0.21      0.00    764.00    760.00       0  nginx
1791478139     33     23433    6.00    9.00    0.00   32.00   15.00     2      0.00      0.00   60284   13876   0.17      0.00    428.00    224.00       0  nginx
1791478139     33     23434    3.00    1.00    0.00    9.00    4.00     2      0.00      0.00   58948   12480   0.15      0.00    216.00    196.00       0  nginx
1791478139     33     23435    5.00    5.00    0.00   16.00   10.00     2      0.00      0.00   59592   13140   0.16      0.00    208.00    172.00       0  nginx
1791478139    113    185612   23.00   29.00    0.00    0.00   52.00     1      2.00      0.00  682592   60696   0.75      0.00      0.00      0.00       0  pdns_server
1791478139   1100    197497   34.00   22.00    0.00   28.00   56.00     0    523.00      0.00 2123400   20004   0.25      0.00      0.00      0.00       0  isupipe

# Time        UID       PID    %usr %system  %guest   %wait    %CPU   CPU  minflt/s  majflt/s     VSZ     RSS   %MEM   kB_rd/s   kB_wr/s kB_ccwr/s iodelay  Command
1791478140    112     14307   80.00   41.00    0.00    1.00  121.00     1      3.00      0.00 2898540 1101108  13.56      0.00  11848.00   1548.00       0  mysqld
1791478140      0     17311    0.00    0.00    0.00    0.00    0.00     1      0.00      0.00   56800   12808   0.16      0.00      0.00      0.00       0  nginx
1791478140     33     23432    8.00    8.00    0.00   47.00   16.00     2      0.00      0.00   63232   16876   0.21      0.00    272.00    164.00       0  nginx
1791478140     33     23433    7.00    6.00    0.00   41.00   13.00     2      0.00      0.00   60284   13876   0.17      0.00    656.00    712.00       0  nginx
1791478140     33     23434    5.00    6.00    0.00   18.00   11.00     3      0.00      0.00   58948   12480   0.15      0.00    728.00    680.00       0  nginx
1791478140     33     23435    5.00    7.00    0.00   25.00   12.00     2      0.00      0.00   59592   13140   0.16      0.00    372.00    228.00       0  nginx
1791478140    113    185612   21.00   28.00    0.00    0.00   49.00     1      0.00      0.00  682592   60696   0.75      0.00      0.00      0.00       0  pdns_server
1791478140   1100    197497   35.00   23.00    0.00    4.00   58.00     3    927.00      0.00 2123400   21756   0.27      0.00      0.00      0.00       0  isupipe

# Time        UID       PID    %usr %system  %guest   %wait    %CPU   CPU  minflt/s  majflt/s     VSZ     RSS   %MEM   kB_rd/s   kB_wr/s kB_ccwr/s iodelay  Command
1791478141    112     14307   83.00   37.00    0.00    0.00  120.00     1      2.00      0.00 2898540 1101108  13.56      4.00  15356.00   1424.00       0  mysqld
1791478141      0     17311    0.00    0.00    0.00    0.00    0.00     1      0.00      0.00   56800   12808   0.16      0.00      0.00      0.00       0  nginx
1791478141     33     23432    8.00   12.00    0.00   35.00   20.00     0      0.00      0.00   63232   16876   0.21      0.00    688.00    608.00       0  nginx
1791478141     33     23433    7.00    7.00    0.00   31.00   14.00     2      0.00      0.00   60284   13876   0.17      0.00    452.00    380.00       0  nginx
1791478141     33     23434    4.00    2.00    0.00   11.00    6.00     2      0.00      0.00   58948   12480   0.15      0.00    456.00    420.00       0  nginx
1791478141     33     23435    5.00    4.00    0.00   16.00    9.00     2      0.00      0.00   59592   13140   0.16      0.00    300.00    348.00       0  nginx
1791478141    113    185612   27.00   23.00    0.00    0.00   50.00     1      2.00      0.00  682592   60696   0.75      0.00      0.00      0.00       0  pdns_server
1791478141   1100    197497   30.00   28.00    0.00   31.00   58.00     3   1762.00      0.00 2123400   20232   0.25      0.00      0.00      0.00       0  isupipe

# Time        UID       PID    %usr %system  %guest   %wait    %CPU   CPU  minflt/s  majflt/s     VSZ     RSS   %MEM   kB_rd/s   kB_wr/s kB_ccwr/s iodelay  Command
1791478142    112     14307   81.00   42.00    0.00    1.00  123.00     1     15.00      0.00 2898540 1101108  13.56      0.00  10364.00   1040.00       0  mysqld
1791478142      0     17311    0.00    0.00    0.00    0.00    0.00     1      0.00      0.00   56800   12808   0.16      0.00      0.00      0.00       0  nginx
1791478142     33     23432    6.00   12.00    0.00   34.00   18.00     2      0.00      0.00   63232   16876   0.21      0.00    540.00    432.00       0  nginx
1791478142     33     23433    6.00    5.00    0.00   23.00   11.00     2      0.00      0.00   60284   13876   0.17      0.00    380.00    236.00       0  nginx
1791478142     33     23434    3.00    6.00    0.00   11.00    9.00     2      0.00      0.00   58948   12480   0.15      0.00    384.00    344.00       0  nginx
1791478142     33     23435    5.00    5.00    0.00   14.00   10.00     0      0.00      0.00   59592   13140   0.16      0.00    384.00    344.00       0  nginx
1791478142    113    185612   21.00   31.00    0.00    0.00   52.00     1      0.00      0.00  682592   60696   0.75      0.00      0.00      0.00       0  pdns_server
1791478142   1100    197497   34.00   24.00    0.00   20.00   58.00     0    917.00      0.00 2123400   20088   0.25      0.00      0.00      0.00       0  isupipe

# Time        UID       PID    %usr %system  %guest   %wait    %CPU   CPU  minflt/s  majflt/s     VSZ     RSS   %MEM   kB_rd/s   kB_wr/s kB_ccwr/s iodelay  Command
1791478143    112     14307   85.00   35.00    0.00    1.00  120.00     2      5.00      0.00 2898540 1101108  13.56      0.00  11196.00   1272.00       0  mysqld
1791478143      0     17311    0.00    0.00    0.00    0.00    0.00     1      0.00      0.00   56800   12808   0.16      0.00      0.00      0.00       0  nginx
1791478143     33     23432   10.00   12.00    0.00   40.00   22.00     2      0.00      0.00   63232   16876   0.21      0.00    744.00    636.00       0  nginx
1791478143     33     23433    5.00    7.00    0.00   29.00   12.00     2      0.00      0.00   60284   13876   0.17      0.00    620.00    516.00       0  nginx
1791478143     33     23434    4.00    4.00    0.00   19.00    8.00     2      0.00      0.00   58948   12480   0.15      0.00    260.00    204.00       0  nginx
1791478143     33     23435    4.00    6.00    0.00   24.00   10.00     2      0.00      0.00   59592   13140   0.16      0.00    260.00    184.00       0  nginx
1791478143    113    185612   24.00   24.00    0.00    0.00   48.00     1      1.00      0.00  682592   60696   0.75      0.00      0.00      0.00       0  pdns_server
1791478143   1100    197497   33.00   26.00    0.00   18.00   59.00     1   1084.00      0.00 2123400   20748   0.26      0.00      0.00      0.00       0  isupipe

# Time        UID       PID    %usr %system  %guest   %wait    %CPU   CPU  minflt/s  majflt/s     VSZ     RSS   %MEM   kB_rd/s   kB_wr/s kB_ccwr/s iodelay  Command
1791478144    112     14307   91.00   36.00    0.00    3.00  127.00     2     16.00      0.00 2898540 1101272  13.56      4.00  10900.00   1360.00       0  mysqld
1791478144      0     17311    0.00    0.00    0.00    0.00    0.00     1      0.00      0.00   56800   12808   0.16      0.00      0.00      0.00       0  nginx
1791478144     33     23432    7.00   10.00    0.00   42.00   17.00     2      0.00      0.00   63232   16876   0.21      0.00    544.00    368.00       0  nginx
1791478144     33     23433    6.00    5.00    0.00   26.00   11.00     2      0.00      0.00   60284   13876   0.17      0.00    872.00    968.00       0  nginx
1791478144     33     23434    4.00    5.00    0.00   15.00    9.00     2      0.00      0.00   58948   12480   0.15      0.00    184.00    148.00       0  nginx
1791478144     33     23435    4.00    6.00    0.00   26.00   10.00     2      0.00      0.00   59592   13140   0.16      0.00     64.00      0.00       0  nginx
1791478144    113    185612   29.00   26.00    0.00    0.00   55.00     1      1.00      0.00  682592   60696   0.75      0.00      0.00      0.00       0  pdns_server
1791478144   1100    197497   29.00   25.00    0.00   23.00   54.00     3    715.00      0.00 2123400   21196   0.26      0.00      0.00      0.00       0  isupipe

# Time        UID       PID    %usr %system  %guest   %wait    %CPU   CPU  minflt/s  majflt/s     VSZ     RSS   %MEM   kB_rd/s   kB_wr/s kB_ccwr/s iodelay  Command
1791478145    112     14307   77.00   43.00    0.00    2.00  120.00     3      5.00      0.00 2898540 1101444  13.57      0.00  10956.00   1152.00       0  mysqld
1791478145      0     17311    0.00    0.00    0.00    0.00    0.00     1      0.00      0.00   56800   12808   0.16      0.00      0.00      0.00       0  nginx
1791478145     33     23432    6.00   13.00    0.00   42.00   19.00     2      0.00      0.00   63232   16876   0.21      0.00    644.00    632.00       0  nginx
1791478145     33     23433    7.00    8.00    0.00   29.00   15.00     2      0.00      0.00   60284   13876   0.17      0.00    360.00    268.00       0  nginx
1791478145     33     23434    4.00    4.00    0.00   12.00    8.00     2      0.00      0.00   58948   12480   0.15      0.00    256.00    208.00       0  nginx
1791478145     33     23435    4.00    8.00    0.00   27.00   12.00     2      0.00      0.00   59592   13140   0.16      0.00    496.00    456.00       0  nginx
1791478145    113    185612   22.00   23.00    0.00    0.00   45.00     1      1.00      0.00  682592   60696   0.75      0.00      0.00      0.00       0  pdns_server
1791478145   1100    197497   39.00   22.00    0.00   24.00   61.00     0   1656.00      0.00 2123400   20596   0.25      0.00      0.00      0.00       0  isupipe

# Time        UID       PID    %usr %system  %guest   %wait    %CPU   CPU  minflt/s  majflt/s     VSZ     RSS   %MEM   kB_rd/s   kB_wr/s kB_ccwr/s iodelay  Command
1791478146    112     14307   79.00   37.00    0.00    0.00  116.00     3      8.00      0.00 2898540 1101444  13.57      4.00  15304.00   1272.00       0  mysqld
1791478146      0     17311    0.00    0.00    0.00    0.00    0.00     1      0.00      0.00   56800   12808   0.16      0.00      0.00      0.00       0  nginx
1791478146     33     23432    9.00    9.00    0.00   37.00   18.00     2      0.00      0.00   63232   16876   0.21      0.00   1016.00    884.00       0  nginx
1791478146     33     23433    4.00    8.00    0.00   27.00   12.00     2      0.00      0.00   60284   13876   0.17      0.00    152.00     92.00       0  nginx
1791478146     33     23434    4.00    7.00    0.00   17.00   11.00     2      0.00      0.00   58948   12480   0.15      0.00    564.00    540.00       0  nginx
1791478146     33     23435    5.00    7.00    0.00   24.00   12.00     2      0.00      0.00   59592   13140   0.16      0.00    152.00     92.00       0  nginx
1791478146    113    185612   21.00   22.00    0.00    0.00   43.00     1      0.00      0.00  682592   60696   0.75      0.00      0.00      0.00       0  pdns_server
1791478146   1100    197497   34.00   29.00    0.00    6.00   63.00     2   1987.00      0.00 2123400   20876   0.26      0.00      0.00      0.00       0  isupipe

# Time        UID       PID    %usr %system  %guest   %wait    %CPU   CPU  minflt/s  majflt/s     VSZ     RSS   %MEM   kB_rd/s   kB_wr/s kB_ccwr/s iodelay  Command
1791478147    112     14307   87.00   41.00    0.00    1.00  128.00     0      2.00      0.00 2898540 1101444  13.57      0.00  10920.00   1332.00       0  mysqld
1791478147      0     17311    0.00    0.00    0.00    0.00    0.00     1      0.00      0.00   56800   12808   0.16      0.00      0.00      0.00       0  nginx
1791478147     33     23432    7.00   10.00    0.00   46.00   17.00     2      0.00      0.00   63232   16876   0.21      0.00    688.00    576.00       0  nginx
1791478147     33     23433    8.00    3.00    0.00   36.00   11.00     2      0.00      0.00   60284   13876   0.17      0.00    420.00    260.00       0  nginx
1791478147     33     23434    6.00    3.00    0.00   25.00    9.00     2      0.00      0.00   58948   12480   0.15      0.00    452.00    416.00       0  nginx
1791478147     33     23435    6.00    5.00    0.00   31.00   11.00     2      0.00      0.00   59592   13140   0.16      0.00    288.00    256.00       0  nginx
1791478147    113    185612   27.00   32.00    0.00    0.00   59.00     1      1.00      0.00  682592   60696   0.75      0.00      0.00      0.00       0  pdns_server
1791478147   1100    197497   31.00   21.00    0.00   27.00   52.00     3    680.00      0.00 2123400   20816   0.26      0.00      0.00      0.00       0  isupipe

# Time        UID       PID    %usr %system  %guest   %wait    %CPU   CPU  minflt/s  majflt/s     VSZ     RSS   %MEM   kB_rd/s   kB_wr/s kB_ccwr/s iodelay  Command
1791478148    112     14307   85.00   35.00    0.00    1.00  120.00     3      6.00      0.00 2898540 1101444  13.57      4.00  15824.00   1396.00       0  mysqld
1791478148      0     17311    0.00    0.00    0.00    0.00    0.00     1      0.00      0.00   56800   12808   0.16      0.00      0.00      0.00       0  nginx
1791478148     33     23432    7.00    9.00    0.00   40.00   16.00     0      0.00      0.00   63232   16876   0.21      0.00   1016.00    928.00       0  nginx
1791478148     33     23433    5.00    9.00    0.00   34.00   14.00     2      0.00      0.00   60284   13876   0.17      0.00    248.00    280.00       0  nginx
1791478148     33     23434    3.00    7.00    0.00   20.00   10.00     2      0.00      0.00   58948   12480   0.15      0.00    620.00    568.00       0  nginx
1791478148     33     23435    5.00    6.00    0.00   29.00   11.00     2      0.00      0.00   59592   13140   0.16      0.00     56.00      0.00       0  nginx
1791478148    113    185612   24.00   27.00    0.00    0.00   51.00     1      0.00      0.00  682592   60696   0.75      0.00      0.00      0.00       0  pdns_server
1791478148   1100    197497   28.00   26.00    0.00   22.00   54.00     0    866.00      0.00 2123400   20972   0.26      0.00      0.00      0.00       0  isupipe

# Time        UID       PID    %usr %system  %guest   %wait    %CPU   CPU  minflt/s  majflt/s     VSZ     RSS   %MEM   kB_rd/s   kB_wr/s kB_ccwr/s iodelay  Command
1791478149    112     14307   78.00   31.00    0.00    0.00  109.00     3      4.00      0.00 2898540 1101444  13.57      0.00  10520.00    964.00       0  mysqld
1791478149      0     17311    0.00    0.00    0.00    0.00    0.00     1      0.00      0.00   56800   12808   0.16      0.00      0.00      0.00       0  nginx
1791478149     33     23432   11.00   11.00    0.00   38.00   22.00     2      0.00      0.00   63232   16876   0.21      0.00    740.00    600.00       0  nginx
1791478149     33     23433    5.00    7.00    0.00   32.00   12.00     3      0.00      0.00   60284   13876   0.17      0.00    320.00    280.00       0  nginx
1791478149     33     23434    2.00    8.00    0.00   20.00   10.00     2     19.00      0.00   58948   12480   0.15      0.00    256.00    192.00       0  nginx
1791478149     33     23435    4.00    5.00    0.00   17.00    9.00     3      0.00      0.00   59592   13140   0.16      0.00    240.00    204.00       0  nginx
1791478149    113    185612   23.00   18.00    0.00    0.00   41.00     1      1.00      0.00  682592   60696   0.75      0.00      0.00      0.00       0  pdns_server
1791478149   1100    197497   34.00   23.00    0.00   11.00   57.00     1    935.00      0.00 2123400   22160   0.27      0.00      0.00      0.00       0  isupipe

# Time        UID       PID    %usr %system  %guest   %wait    %CPU   CPU  minflt/s  majflt/s     VSZ     RSS   %MEM   kB_rd/s   kB_wr/s kB_ccwr/s iodelay  Command
1791478150    112     14307   86.00   39.00    0.00    1.00  125.00     3      4.00      0.00 2898540 1101444  13.57      0.00  11212.00   1056.00       0  mysqld
1791478150      0     17311    0.00    0.00    0.00    0.00    0.00     1      0.00      0.00   56800   12808   0.16      0.00      0.00      0.00       0  nginx
1791478150     33     23432    8.00   14.00    0.00   26.00   22.00     2      0.00      0.00   63232   16876   0.21      0.00    864.00    688.00       0  nginx
1791478150     33     23433    6.00    7.00    0.00   19.00   13.00     2      0.00      0.00   60284   13876   0.17      0.00    560.00    504.00       0  nginx
1791478150     33     23434    2.00    2.00    0.00    8.00    4.00     2      0.00      0.00   58948   12480   0.15      0.00     16.00      0.00       0  nginx
1791478150     33     23435    2.00    5.00    0.00   10.00    7.00     2      0.00      0.00   59592   13140   0.16      0.00    220.00    200.00       0  nginx
1791478150    113    185612   28.00   28.00    0.00    0.00   56.00     1      1.00      0.00  682592   60696   0.75      0.00      0.00      0.00       0  pdns_server
1791478150   1100    197497   28.00   21.00    0.00   17.00   49.00     0   1152.00      0.00 2123400   20988   0.26      0.00      0.00      0.00       0  isupipe

# Time        UID       PID    %usr %system  %guest   %wait    %CPU   CPU  minflt/s  majflt/s     VSZ     RSS   %MEM   kB_rd/s   kB_wr/s kB_ccwr/s iodelay  Command
1791478151    112     14307   78.00   37.00    0.00    1.00  115.00     3      3.00      0.00 2898540 1101444  13.57      4.00  11032.00   1004.00       0  mysqld
1791478151      0     17311    0.00    0.00    0.00    0.00    0.00     1      0.00      0.00   56800   12808   0.16      0.00      0.00      0.00       0  nginx
1791478151     33     23432   11.00    9.00    0.00   38.00   20.00     3      0.00      0.00   63232   16876   0.21      0.00    756.00    648.00       0  nginx
1791478151     33     23433    5.00    8.00    0.00   29.00   13.00     2      0.00      0.00   60284   13876   0.17      0.00    308.00    164.00       0  nginx
1791478151     33     23434    3.00    6.00    0.00   16.00    9.00     2      0.00      0.00   58948   12480   0.15      0.00    192.00    152.00       0  nginx
1791478151     33     23435    3.00    4.00    0.00   10.00    7.00     2      0.00      0.00   59592   13140   0.16      0.00    400.00    368.00       0  nginx
1791478151    113    185612   20.00   28.00    0.00    0.00   48.00     1      0.00      0.00  682592   60696   0.75      0.00      0.00      0.00       0  pdns_server
1791478151   1100    197497   35.00   22.00    0.00   11.00   57.00     3   1231.00      0.00 2123400   20492   0.25      0.00      0.00      0.00       0  isupipe

# Time        UID       PID    %usr %system  %guest   %wait    %CPU   CPU  minflt/s  majflt/s     VSZ     RSS   %MEM   kB_rd/s   kB_wr/s kB_ccwr/s iodelay  Command
1791478152    112     14307   75.00   34.00    0.00    0.00  109.00     3     29.00      0.00 2898540 1101624  13.57      0.00  14812.00   1064.00       0  mysqld
1791478152      0     17311    0.00    0.00    0.00    0.00    0.00     1      0.00      0.00   56800   12808   0.16      0.00      0.00      0.00       0  nginx
1791478152     33     23432    7.00   13.00    0.00   34.00   20.00     2      0.00      0.00   63232   16876   0.21      0.00    768.00    628.00       0  nginx
1791478152     33     23433    4.00    7.00    0.00   26.00   11.00     2      0.00      0.00   60284   13876   0.17      0.00    256.00    252.00       0  nginx
1791478152     33     23434    5.00    5.00    0.00   20.00   10.00     2      0.00      0.00   58948   12480   0.15      0.00    236.00    204.00       0  nginx
1791478152     33     23435    5.00    6.00    0.00   19.00   11.00     3      0.00      0.00   59592   13140   0.16      0.00    256.00    236.00       0  nginx
1791478152    113    185612   19.00   25.00    0.00    0.00   44.00     1      1.00      0.00  682592   60696   0.75      0.00      0.00      0.00       0  pdns_server
1791478152   1100    197497   35.00   22.00    0.00   27.00   57.00     2   1025.00      0.00 2123400   21224   0.26      0.00      0.00      0.00       0  isupipe

# Time        UID       PID    %usr %system  %guest   %wait    %CPU   CPU  minflt/s  majflt/s     VSZ     RSS   %MEM   kB_rd/s   kB_wr/s kB_ccwr/s iodelay  Command
1791478153    112     14307   77.00   39.00    0.00    0.00  116.00     1     11.00      0.00 2898540 1101624  13.57      0.00  11756.00   1508.00       0  mysqld
1791478153      0     17311    0.00    0.00    0.00    0.00    0.00     1      0.00      0.00   56800   12808   0.16      0.00      0.00      0.00       0  nginx
1791478153     33     23432    7.00   12.00    0.00   38.00   19.00     0      0.00      0.00   63232   16876   0.21      0.00    888.00    800.00       0  nginx
1791478153     33     23433    6.00    7.00    0.00   29.00   13.00     2      0.00      0.00   60284   13876   0.17      0.00    200.00    180.00       0  nginx
1791478153     33     23434    5.00    3.00    0.00   13.00    8.00     2      0.00      0.00   58948   12480   0.15      0.00    500.00    464.00       0  nginx
1791478153     33     23435    4.00    5.00    0.00   24.00    9.00     3      0.00      0.00   59592   13140   0.16      0.00    296.00    244.00       0  nginx
1791478153    113    185612   25.00   20.00    0.00    0.00   45.00     1      1.00      0.00  682592   60696   0.75      0.00      0.00      0.00       0  pdns_server
1791478153   1100    197497   35.00   19.00    0.00    4.00   54.00     3    971.00      0.00 2123400   23336   0.29      0.00      0.00      0.00       0  isupipe

# Time        UID       PID    %usr %system  %guest   %wait    %CPU   CPU  minflt/s  majflt/s     VSZ     RSS   %MEM   kB_rd/s   kB_wr/s kB_ccwr/s iodelay  Command
1791478154    112     14307   88.00   34.00    0.00    1.00  122.00     1      6.00      0.00 2898540 1101624  13.57      0.00  11328.00   1216.00       0  mysqld
1791478154      0     17311    0.00    0.00    0.00    0.00    0.00     1      0.00      0.00   56800   12808   0.16      0.00      0.00      0.00       0  nginx
1791478154     33     23432    7.00    9.00    0.00   40.00   16.00     2      0.00      0.00   63232   16876   0.21      0.00    456.00    372.00       0  nginx
1791478154     33     23433    6.00    5.00    0.00   30.00   11.00     2      0.00      0.00   60284   13876   0.17      0.00    560.00    496.00       0  nginx
1791478154     33     23434    3.00    4.00    0.00   14.00    7.00     2      0.00      0.00   58948   12480   0.15      0.00    380.00    272.00       0  nginx
1791478154     33     23435    5.00    5.00    0.00   19.00   10.00     1      0.00      0.00   59592   13140   0.16      0.00    440.00    396.00       0  nginx
1791478154    113    185612   21.00   32.00    0.00    0.00   53.00     1      0.00      0.00  682592   60696   0.75      0.00      0.00      0.00       0  pdns_server
1791478154   1100    197497   26.00   27.00    0.00   31.00   53.00     2   1194.00      0.00 2123400   21408   0.26      0.00      0.00      0.00       0  isupipe

# Time        UID       PID    %usr %system  %guest   %wait    %CPU   CPU  minflt/s  majflt/s     VSZ     RSS   %MEM   kB_rd/s   kB_wr/s kB_ccwr/s iodelay  Command
1791478155    112     14307   73.00   41.00    0.00    0.00  114.00     1     62.00      0.00 2898540 1101624  13.57      0.00  15788.00   1452.00       0  mysqld
1791478155      0     17311    0.00    0.00    0.00    0.00    0.00     1      0.00      0.00   56800   12808   0.16      0.00      0.00      0.00       0  nginx
1791478155     33     23432    8.00   10.00    0.00   41.00   18.00     2     26.00      0.00   63232   16876   0.21      0.00    672.00    572.00       0  nginx
1791478155     33     23433    5.00    7.00    0.00   30.00   12.00     2     26.00      0.00   60284   13876   0.17      0.00    644.00    576.00       0  nginx
1791478155     33     23434    3.00    6.00    0.00   13.00    9.00     2     27.00      0.00   58948   12556   0.15      0.00    208.00    264.00       0  nginx
1791478155     33     23435    5.00    6.00    0.00   26.00   11.00     2     26.00      0.00   59592   13140   0.16      0.00    316.00    256.00       0  nginx
1791478155    113    185612   25.00   21.00    0.00    0.00   46.00     1      9.00      0.00  682592   60772   0.75      0.00      0.00      0.00       0  pdns_server
1791478155   1100    197497   32.00   21.00    0.00    0.00   53.00     3    884.00      0.00 2123400   22328   0.28      0.00      0.00      0.00       0  isupipe

# Time        UID       PID    %usr %system  %guest   %wait    %CPU   CPU  minflt/s  majflt/s     VSZ     RSS   %MEM   kB_rd/s   kB_wr/s kB_ccwr/s iodelay  Command
1791478156    112     14307   88.00   34.00    0.00    0.00  122.00     1      5.00      0.00 2898540 1101624  13.57      0.00  10900.00   1140.00       0  mysqld
1791478156      0     17311    0.00    0.00    0.00    0.00    0.00     1      0.00      0.00   56800   12808   0.16      0.00      0.00      0.00       0  nginx
1791478156     33     23432   10.00    8.00    0.00   35.00   18.00     2      1.00      0.00   63232   16876   0.21      0.00    696.00    620.00       0  nginx
1791478156     33     23433    5.00    8.00    0.00   25.00   13.00     2      1.00      0.00   60284   13876   0.17      0.00    440.00    352.00       0  nginx
1791478156     33     23434    3.00    6.00    0.00   19.00    9.00     2      0.00      0.00   58948   12556   0.15      0.00    156.00     96.00       0  nginx
1791478156     33     23435    3.00    6.00    0.00   22.00    9.00     2      1.00      0.00   59592   13140   0.16      0.00    412.00    356.00       0  nginx
1791478156    113    185612   27.00   24.00    0.00    0.00   51.00     1      1.00      0.00  682592   60772   0.75      0.00      0.00      0.00       0  pdns_server
1791478156   1100    197497   25.00   29.00    0.00   27.00   54.00     0    560.00      0.00 2123400   21060   0.26      0.00      0.00      0.00       0  isupipe

# Time        UID       PID    %usr %system  %guest   %wait    %CPU   CPU  minflt/s  majflt/s     VSZ     RSS   %MEM   kB_rd/s   kB_wr/s kB_ccwr/s iodelay  Command
1791478157    112     14307   82.00   42.00    0.00    1.00  124.00     3      0.00      0.00 2898540 1101624  13.57      0.00  11160.00   1284.00       0  mysqld
1791478157      0     17311    0.00    0.00    0.00    0.00    0.00     1      0.00      0.00   56800   12808   0.16      0.00      0.00      0.00       0  nginx
1791478157     33     23432    9.00   10.00    0.00   41.00   19.00     2      0.00      0.00   63232   16876   0.21      0.00   1084.00    976.00       0  nginx
1791478157     33     23433    6.00    5.00    0.00   32.00   11.00     2      0.00      0.00   60284   13876   0.17      0.00    272.00     84.00       0  nginx
1791478157     33     23434    3.00    5.00    0.00   18.00    8.00     2      0.00      0.00   58948   12556   0.15      0.00    224.00    184.00       0  nginx
1791478157     33     23435    5.00    4.00    0.00   22.00    9.00     2      0.00      0.00   59592   13140   0.16      0.00    288.00    248.00       0  nginx
1791478157    113    185612   22.00   29.00    0.00    0.00   51.00     1      1.00      0.00  682592   60772   0.75      0.00      0.00      0.00       0  pdns_server
1791478157   1100    197497   36.00   18.00    0.00   20.00   54.00     0    846.00      0.00 2123400   21320   0.26      0.00      0.00      0.00       0  isupipe

# Time        UID       PID    %usr %system  %guest   %wait    %CPU   CPU  minflt/s  majflt/s     VSZ     RSS   %MEM   kB_rd/s   kB_wr/s kB_ccwr/s iodelay  Command
1791478158    112     14307   79.00   34.00    0.00    1.00  113.00     0      5.00      0.00 2898540 1101624  13.57      0.00  11244.00   1336.00       0  mysqld
1791478158      0     17311    0.00    0.00    0.00    0.00    0.00     1      0.00      0.00   56800   12808   0.16      0.00      0.00      0.00       0  nginx
1791478158     33     23432   11.00    6.00    0.00   40.00   17.00     2      0.00      0.00   63232   16876   0.21      0.00    868.00    788.00       0  nginx
1791478158     33     23433    7.00    5.00    0.00   30.00   12.00     2      0.00      0.00   60284   13876   0.17      0.00    488.00    584.00       0  nginx
1791478158     33     23434    3.00    8.00    0.00   20.00   11.00     2      0.00      0.00   58948   12556   0.15      0.00    164.00     80.00       0  nginx
1791478158     33     23435    7.00    7.00    0.00   25.00   14.00     2      0.00      0.00   59592   13140   0.16      0.00    240.00    168.00       0  nginx
1791478158    113    185612   22.00   21.00    0.00    0.00   43.00     1      1.00      0.00  682592   60772   0.75      0.00      0.00      0.00       0  pdns_server
1791478158   1100    197497   38.00   22.00    0.00   12.00   60.00     3    535.00      0.00 2123400   22576   0.28      0.00      0.00      0.00       0  isupipe

# Time        UID       PID    %usr %system  %guest   %wait    %CPU   CPU  minflt/s  majflt/s     VSZ     RSS   %MEM   kB_rd/s   kB_wr/s kB_ccwr/s iodelay  Command
1791478159    112     14307   74.00   52.00    0.00    0.00  126.00     1      3.00      0.00 2898540 1101624  13.57      0.00  11164.00   1156.00       0  mysqld
1791478159      0     17311    0.00    0.00    0.00    0.00    0.00     1      0.00      0.00   56800   12808   0.16      0.00      0.00      0.00       0  nginx
1791478159     33     23432   10.00    9.00    0.00   35.00   19.00     2      0.00      0.00   63232   16876   0.21      0.00    436.00    256.00       0  nginx
1791478159     33     23433    5.00   11.00    0.00   29.00   16.00     2      0.00      0.00   60284   13876   0.17      0.00    668.00    580.00       0  nginx
1791478159     33     23434    1.00    6.00    0.00   11.00    7.00     2      0.00      0.00   58948   12556   0.15      0.00    208.00    164.00       0  nginx
1791478159     33     23435    4.00    5.00    0.00   19.00    9.00     2      0.00      0.00   59592   13140   0.16      0.00    388.00    344.00       0  nginx
1791478159    113    185612   26.00   25.00    0.00    0.00   51.00     1      0.00      0.00  682592   60772   0.75      0.00      0.00      0.00       0  pdns_server
1791478159   1100    197497   31.00   27.00    0.00   28.00   58.00     3   1286.00      0.00 2123400   21776   0.27      0.00      0.00      0.00       0  isupipe

# Time        UID       PID    %usr %system  %guest   %wait    %CPU   CPU  minflt/s  majflt/s     VSZ     RSS   %MEM   kB_rd/s   kB_wr/s kB_ccwr/s iodelay  Command
1791478160    112     14307   56.00   40.00    0.00    0.00   96.00     1     12.00      0.00 2898540 1101624  13.57      0.00   9420.00    628.00       0  mysqld
1791478160      0     17311    0.00    0.00    0.00    0.00    0.00     1      0.00      0.00   56800   12808   0.16      0.00      0.00      0.00       0  nginx
1791478160     33     23432    8.00    5.00    0.00   23.00   13.00     0      0.00      0.00   63232   16876   0.21      0.00    312.00    364.00       0  nginx
1791478160     33     23433    3.00    6.00    0.00   18.00    9.00     3      0.00      0.00   60284   13876   0.17      0.00    164.00    120.00       0  nginx
1791478160     33     23434    1.00    3.00    0.00    5.00    4.00     2      0.00      0.00   58948   12556   0.15      0.00    184.00    164.00       0  nginx
1791478160     33     23435    4.00    5.00    0.00   12.00    9.00     1      0.00      0.00   59592   13140   0.16      0.00    188.00    172.00       0  nginx
1791478160    113    185612   17.00   20.00    0.00    0.00   37.00     1      1.00      0.00  682592   60772   0.75      0.00      0.00      0.00       0  pdns_server
1791478160   1100    197497   20.00   20.00    0.00   22.00   40.00     1    592.00      0.00 2123400   23120   0.28      0.00      0.00      0.00       0  isupipe

# Time        UID       PID    %usr %system  %guest   %wait    %CPU   CPU  minflt/s  majflt/s     VSZ     RSS   %MEM   kB_rd/s   kB_wr/s kB_ccwr/s iodelay  Command
1791478161    112     14307    1.00    0.00    0.00    0.00    1.00     1      0.00      0.00 2898540 1101624  13.57      0.00   4832.00      0.00       0  mysqld
1791478161      0     17311    0.00    0.00    0.00    0.00    0.00     1      0.00      0.00   56800   12808   0.16      0.00      0.00      0.00       0  nginx
1791478161     33     23432    0.00    0.00    0.00    0.00    0.00     0      0.00      0.00   63232   16876   0.21      0.00      0.00      0.00       0  nginx
1791478161     33     23433    0.00    0.00    0.00    0.00    0.00     1      0.00      0.00   60284   13876   0.17      0.00      0.00      0.00       0  nginx
1791478161     33     23434    0.00    0.00    0.00    0.00    0.00     3      0.00      0.00   58948   12556   0.15      0.00      0.00      0.00       0  nginx
1791478161     33     23435    0.00    0.00    0.00    0.00    0.00     2      0.00      0.00   59592   13140   0.16      0.00      0.00      0.00       0  nginx
1791478161    113    185612    0.00    0.00    0.00    0.00    0.00     1      0.00      0.00  682592   60772   0.75      0.00      0.00      0.00       0  pdns_server
1791478161   1100    197497    0.00    0.00    0.00    0.00    0.00     1      0.00      0.00 2123400   23120   0.28      0.00      0.00      0.00       0  isupipe
