Linux 5.15.0-198-generic (isucon13-app) 	10/08/26 	_aarch64_	(4 CPU)

# Time        UID       PID    %usr %system  %guest   %wait    %CPU   CPU  minflt/s  majflt/s     VSZ     RSS   %MEM   kB_rd/s   kB_wr/s kB_ccwr/s iodelay  Command
1791476108    112     14307   11.00    8.00    0.00    0.00   19.00     1      1.00      0.00 2878708  893676  11.01      0.00  10412.00      0.00       0  mysqld
1791476108      0     17311    0.00    0.00    0.00    0.00    0.00     1      0.00      0.00   56800   12976   0.16      0.00      0.00      0.00       0  nginx
1791476108     33     23432    0.00    0.00    0.00    0.00    0.00     1      0.00      0.00   60836   14636   0.18      0.00      0.00      0.00       0  nginx
1791476108     33     23433    0.00    0.00    0.00    0.00    0.00     0      0.00      0.00   59068   13000   0.16      0.00      0.00      0.00       0  nginx
1791476108     33     23434    0.00    0.00    0.00    0.00    0.00     0      0.00      0.00   57564   11416   0.14      0.00      0.00      0.00       0  nginx
1791476108     33     23435    0.00    0.00    0.00    0.00    0.00     2      0.00      0.00   58232   11944   0.15      0.00      0.00      0.00       0  nginx
1791476108    113    107411    0.00    0.00    0.00    0.00    0.00     2      0.00      0.00  682592   63688   0.78      0.00      0.00      0.00       0  pdns_server
1791476108   1100    124509    0.00    0.00    0.00    0.00    0.00     2     45.00      0.00 1603236    7040   0.09      0.00      0.00      0.00       0  isupipe

# Time        UID       PID    %usr %system  %guest   %wait    %CPU   CPU  minflt/s  majflt/s     VSZ     RSS   %MEM   kB_rd/s   kB_wr/s kB_ccwr/s iodelay  Command
1791476109    112     14307    7.00    8.00    0.00    0.00   15.00     1      0.00      0.00 2878708  893676  11.01      0.00   7304.00      0.00       0  mysqld
1791476109      0     17311    0.00    0.00    0.00    0.00    0.00     1      0.00      0.00   56800   12976   0.16      0.00      0.00      0.00       0  nginx
1791476109     33     23432    0.00    0.00    0.00    0.00    0.00     1      0.00      0.00   60836   14636   0.18      0.00      0.00      0.00       0  nginx
1791476109     33     23433    0.00    0.00    0.00    0.00    0.00     0      0.00      0.00   59068   13000   0.16      0.00      0.00      0.00       0  nginx
1791476109     33     23434    0.00    0.00    0.00    0.00    0.00     0      0.00      0.00   57564   11416   0.14      0.00      0.00      0.00       0  nginx
1791476109     33     23435    0.00    0.00    0.00    0.00    0.00     2      0.00      0.00   58232   11944   0.15      0.00      0.00      0.00       0  nginx
1791476109    113    107411    0.00    0.00    0.00    0.00    0.00     2      0.00      0.00  682592   63688   0.78      0.00      0.00      0.00       0  pdns_server
1791476109   1100    124509    0.00    0.00    0.00    0.00    0.00     2      0.00      0.00 1603236    7040   0.09      0.00      0.00      0.00       0  isupipe

# Time        UID       PID    %usr %system  %guest   %wait    %CPU   CPU  minflt/s  majflt/s     VSZ     RSS   %MEM   kB_rd/s   kB_wr/s kB_ccwr/s iodelay  Command
1791476110    112     14307    4.00   10.00    0.00    0.00   14.00     1      0.00      0.00 2878708  893676  11.01      0.00   7028.00      0.00       0  mysqld
1791476110      0     17311    0.00    0.00    0.00    0.00    0.00     1      0.00      0.00   56800   12976   0.16      0.00      0.00      0.00       0  nginx
1791476110     33     23432    0.00    0.00    0.00    0.00    0.00     1      0.00      0.00   60836   14636   0.18      0.00      0.00      0.00       0  nginx
1791476110     33     23433    0.00    0.00    0.00    0.00    0.00     0      0.00      0.00   59068   13000   0.16      0.00      0.00      0.00       0  nginx
1791476110     33     23434    0.00    0.00    0.00    0.00    0.00     0      0.00      0.00   57564   11416   0.14      0.00      0.00      0.00       0  nginx
1791476110     33     23435    0.00    0.00    0.00    0.00    0.00     2      0.00      0.00   58232   11944   0.15      0.00      0.00      0.00       0  nginx
1791476110    113    107411    0.00    0.00    0.00    0.00    0.00     2      0.00      0.00  682592   63688   0.78      0.00      0.00      0.00       0  pdns_server
1791476110   1100    124509    0.00    0.00    0.00    0.00    0.00     2      0.00      0.00 1603236    7040   0.09      0.00      0.00      0.00       0  isupipe

# Time        UID       PID    %usr %system  %guest   %wait    %CPU   CPU  minflt/s  majflt/s     VSZ     RSS   %MEM   kB_rd/s   kB_wr/s kB_ccwr/s iodelay  Command
1791476111    112     14307    9.00   12.00    0.00    0.00   21.00     0   7607.00      0.00 2877240  892436  10.99      0.00  23032.00   1948.00       0  mysqld
1791476111      0     17311    0.00    0.00    0.00    0.00    0.00     1      0.00      0.00   56800   12976   0.16      0.00      0.00      0.00       0  nginx
1791476111     33     23432    0.00    0.00    0.00    0.00    0.00     1      0.00      0.00   60836   14636   0.18      0.00      0.00      0.00       0  nginx
1791476111     33     23433    0.00    0.00    0.00    0.00    0.00     0      0.00      0.00   59068   13000   0.16      0.00      0.00      0.00       0  nginx
1791476111     33     23434    0.00    0.00    0.00    0.00    0.00     0      0.00      0.00   57564   11416   0.14      0.00      0.00      0.00       0  nginx
1791476111     33     23435    0.00    0.00    0.00    0.00    0.00     2      0.00      0.00   58232   11944   0.15      0.00      0.00      0.00       0  nginx
1791476111    113    107411    0.00    0.00    0.00    0.00    0.00     2      0.00      0.00  682592   63688   0.78      0.00      0.00      0.00       0  pdns_server
1791476111   1100    124509    0.00    0.00    0.00    0.00    0.00     2      0.00      0.00 1603236    7040   0.09      0.00      0.00      0.00       0  isupipe

# Time        UID       PID    %usr %system  %guest   %wait    %CPU   CPU  minflt/s  majflt/s     VSZ     RSS   %MEM   kB_rd/s   kB_wr/s kB_ccwr/s iodelay  Command
1791476112    112     14307   30.00   13.00    0.00    0.00   43.00     1  11440.00      0.00 2878268  937524  11.55      0.00  35820.00   1520.00       0  mysqld
1791476112      0     17311    0.00    0.00    0.00    0.00    0.00     1      0.00      0.00   56800   12976   0.16      0.00      0.00      0.00       0  nginx
1791476112     33     23432    2.00    0.00    0.00    0.00    2.00     0      0.00      0.00   60836   14636   0.18      0.00      8.00      0.00       0  nginx
1791476112     33     23433    0.00    0.00    0.00    0.00    0.00     0      0.00      0.00   59068   13000   0.16      0.00      0.00      0.00       0  nginx
1791476112     33     23434    0.00    0.00    0.00    0.00    0.00     0      0.00      0.00   57564   11416   0.14      0.00      0.00      0.00       0  nginx
1791476112     33     23435    0.00    0.00    0.00    0.00    0.00     2      0.00      0.00   58232   11944   0.15      0.00      0.00      0.00       0  nginx
1791476112    113    107411    0.00    1.00    0.00    0.00    1.00     2      0.00      0.00  682592   63688   0.78      0.00      0.00      0.00       0  pdns_server
1791476112   1100    124509    2.00    2.00    0.00    0.00    4.00     1   1437.00      0.00 1679332   12532   0.15      0.00     52.00     52.00       0  isupipe

# Time        UID       PID    %usr %system  %guest   %wait    %CPU   CPU  minflt/s  majflt/s     VSZ     RSS   %MEM   kB_rd/s   kB_wr/s kB_ccwr/s iodelay  Command
1791476113    112     14307   15.00    3.00    0.00    0.00   18.00     0      0.00      0.00 2878268  937524  11.55      0.00   3576.00     52.00       0  mysqld
1791476113      0     17311    0.00    0.00    0.00    0.00    0.00     1      0.00      0.00   56800   12976   0.16      0.00      0.00      0.00       0  nginx
1791476113     33     23432    0.00    1.00    0.00    0.00    1.00     1      0.00      0.00   60836   14636   0.18      0.00     76.00     68.00       0  nginx
1791476113     33     23433    0.00    0.00    0.00    0.00    0.00     0      0.00      0.00   59068   13000   0.16      0.00      0.00      0.00       0  nginx
1791476113     33     23434    0.00    0.00    0.00    0.00    0.00     0      0.00      0.00   57564   11416   0.14      0.00      0.00      0.00       0  nginx
1791476113     33     23435    0.00    0.00    0.00    0.00    0.00     2      0.00      0.00   58232   11944   0.15      0.00      0.00      0.00       0  nginx
1791476113    113    107411    0.00    0.00    0.00    0.00    0.00     2      0.00      0.00  682592   63688   0.78      0.00      0.00      0.00       0  pdns_server
1791476113   1100    124509    1.00    9.00    0.00    0.00   10.00     2    672.00      0.00 1679588   13424   0.17      0.00      0.00      0.00       0  isupipe

# Time        UID       PID    %usr %system  %guest   %wait    %CPU   CPU  minflt/s  majflt/s     VSZ     RSS   %MEM   kB_rd/s   kB_wr/s kB_ccwr/s iodelay  Command
1791476114    112     14307    0.00    1.92    0.00    0.00    1.92     0      0.00      0.00 2878268  937524  11.55      0.00   2676.92      0.00       0  mysqld
1791476114      0     17311    0.00    0.00    0.00    0.00    0.00     1      0.00      0.00   56800   12976   0.16      0.00      0.00      0.00       0  nginx
1791476114     33     23432    0.00    0.00    0.00    0.00    0.00     1      0.00      0.00   60836   14636   0.18      0.00      0.00      0.00       0  nginx
1791476114     33     23433    0.00    0.00    0.00    0.00    0.00     0      0.00      0.00   59068   13000   0.16      0.00      0.00      0.00       0  nginx
1791476114     33     23434    0.00    0.00    0.00    0.00    0.00     0      0.00      0.00   57564   11416   0.14      0.00      0.00      0.00       0  nginx
1791476114     33     23435    0.00    0.00    0.00    0.00    0.00     2      0.00      0.00   58232   11944   0.15      0.00      0.00      0.00       0  nginx
1791476114    113    107411    0.00    0.00    0.00    0.00    0.00     2      0.00      0.00  682592   63688   0.78      0.00      0.00      0.00       0  pdns_server
1791476114   1100    124509    0.00    0.00    0.00    0.00    0.00     2      0.00      0.00 1679588   13424   0.17      0.00      0.00      0.00       0  isupipe

# Time        UID       PID    %usr %system  %guest   %wait    %CPU   CPU  minflt/s  majflt/s     VSZ     RSS   %MEM   kB_rd/s   kB_wr/s kB_ccwr/s iodelay  Command
1791476115    112     14307    4.00    3.00    0.00    0.00    7.00     0      0.00      0.00 2878268  937524  11.55      0.00   3156.00     40.00       0  mysqld
1791476115      0     17311    0.00    0.00    0.00    0.00    0.00     1      0.00      0.00   56800   12976   0.16      0.00      0.00      0.00       0  nginx
1791476115     33     23432    1.00    0.00    0.00    0.00    1.00     3      0.00      0.00   60836   14636   0.18      0.00     64.00     52.00       0  nginx
1791476115     33     23433    0.00    0.00    0.00    0.00    0.00     0      0.00      0.00   59068   13000   0.16      0.00      0.00      0.00       0  nginx
1791476115     33     23434    0.00    0.00    0.00    0.00    0.00     0      0.00      0.00   57564   11416   0.14      0.00      0.00      0.00       0  nginx
1791476115     33     23435    0.00    0.00    0.00    0.00    0.00     2      0.00      0.00   58232   11944   0.15      0.00      0.00      0.00       0  nginx
1791476115    113    107411    0.00    0.00    0.00    0.00    0.00     2      0.00      0.00  682592   63688   0.78      0.00      0.00      0.00       0  pdns_server
1791476115   1100    124509    4.00    2.00    0.00    0.00    6.00     1     80.00      0.00 1679588   13308   0.16      0.00      0.00      0.00       0  isupipe

# Time        UID       PID    %usr %system  %guest   %wait    %CPU   CPU  minflt/s  majflt/s     VSZ     RSS   %MEM   kB_rd/s   kB_wr/s kB_ccwr/s iodelay  Command
1791476117    112     14307    0.00    1.87    0.00    0.00    1.87     0      0.00      0.00 2878268  937524  11.55      0.00   5988.79      0.00       0  mysqld
1791476117      0     17311    0.00    0.00    0.00    0.00    0.00     1      0.00      0.00   56800   12976   0.16      0.00      0.00      0.00       0  nginx
1791476117     33     23432    0.00    0.00    0.00    0.00    0.00     3      0.00      0.00   60836   14636   0.18      0.00      0.00      0.00       0  nginx
1791476117     33     23433    0.00    0.00    0.00    0.00    0.00     0      0.00      0.00   59068   13000   0.16      0.00      0.00      0.00       0  nginx
1791476117     33     23434    0.00    0.00    0.00    0.00    0.00     0      0.00      0.00   57564   11416   0.14      0.00      0.00      0.00       0  nginx
1791476117     33     23435    0.00    0.00    0.00    0.00    0.00     2      0.00      0.00   58232   11944   0.15      0.00      0.00      0.00       0  nginx
1791476117    113    107411    0.00    0.00    0.00    0.00    0.00     2      0.00      0.00  682592   63688   0.78      0.00      0.00      0.00       0  pdns_server
1791476117   1100    124509    0.00    0.00    0.00    0.00    0.00     1      0.00      0.00 1679588   13308   0.16      0.00      0.00      0.00       0  isupipe

# Time        UID       PID    %usr %system  %guest   %wait    %CPU   CPU  minflt/s  majflt/s     VSZ     RSS   %MEM   kB_rd/s   kB_wr/s kB_ccwr/s iodelay  Command
1791476118    112     14307    4.00    6.00    0.00    0.00   10.00     2      0.00      0.00 2878268  937524  11.55      0.00   2204.00      0.00       0  mysqld
1791476118      0     17311    0.00    0.00    0.00    0.00    0.00     1      0.00      0.00   56800   12976   0.16      0.00      0.00      0.00       0  nginx
1791476118     33     23432    1.00    1.00    0.00    0.00    2.00     3      0.00      0.00   60836   14636   0.18      0.00      4.00      0.00       0  nginx
1791476118     33     23433    0.00    0.00    0.00    0.00    0.00     0      0.00      0.00   59068   13000   0.16      0.00      0.00      0.00       0  nginx
1791476118     33     23434    0.00    0.00    0.00    0.00    0.00     0      0.00      0.00   57564   11416   0.14      0.00      0.00      0.00       0  nginx
1791476118     33     23435    0.00    0.00    0.00    0.00    0.00     2      0.00      0.00   58232   11944   0.15      0.00      0.00      0.00       0  nginx
1791476118    113    107411    1.00    0.00    0.00    0.00    1.00     2      0.00      0.00  682592   63688   0.78      0.00      0.00      0.00       0  pdns_server
1791476118   1100    124509    4.00    1.00    0.00    0.00    5.00     0     84.00      0.00 1679588   13664   0.17      0.00      0.00      0.00       0  isupipe

# Time        UID       PID    %usr %system  %guest   %wait    %CPU   CPU  minflt/s  majflt/s     VSZ     RSS   %MEM   kB_rd/s   kB_wr/s kB_ccwr/s iodelay  Command
1791476119    112     14307   77.00   27.00    0.00    3.00  104.00     3    367.00      0.00 2878740  937792  11.55      0.00  17608.00   1596.00       0  mysqld
1791476119      0     17311    0.00    0.00    0.00    0.00    0.00     1      0.00      0.00   56800   12976   0.16      0.00      0.00      0.00       0  nginx
1791476119     33     23432    7.00    5.00    0.00    9.00   12.00     0      0.00      0.00   60836   14636   0.18      0.00   1256.00   1104.00       0  nginx
1791476119     33     23433    3.00    4.00    0.00    7.00    7.00     3      0.00      0.00   59068   13000   0.16      0.00    588.00    440.00       0  nginx
1791476119     33     23434    0.00    0.00    0.00    0.00    0.00     0      0.00      0.00   57564   11416   0.14      0.00      0.00      0.00       0  nginx
1791476119     33     23435    2.00    2.00    0.00    3.00    4.00     3      0.00      0.00   58232   11944   0.15      0.00    116.00    108.00       0  nginx
1791476119    113    107411   10.00   20.00    0.00    0.00   30.00     2      0.00      0.00  682592   63688   0.78      0.00      0.00      0.00       0  pdns_server
1791476119   1100    124509   34.00   22.00    0.00   15.00   56.00     2   5029.00      0.00 1827428   14740   0.18      0.00      0.00      0.00       0  isupipe

# Time        UID       PID    %usr %system  %guest   %wait    %CPU   CPU  minflt/s  majflt/s     VSZ     RSS   %MEM   kB_rd/s   kB_wr/s kB_ccwr/s iodelay  Command
1791476120    112     14307   75.00   41.00    0.00    3.00  116.00     2    158.00      0.00 2879768  938144  11.56      0.00   6260.00   1044.00       0  mysqld
1791476120      0     17311    0.00    0.00    0.00    0.00    0.00     1      0.00      0.00   56800   12976   0.16      0.00      0.00      0.00       0  nginx
1791476120     33     23432    5.00   14.00    0.00   20.00   19.00     3      0.00      0.00   60836   14636   0.18      0.00    952.00    848.00       0  nginx
1791476120     33     23433    3.00    4.00    0.00    9.00    7.00     3      0.00      0.00   59068   13000   0.16      0.00    264.00    240.00       0  nginx
1791476120     33     23434    0.00    0.00    0.00    0.00    0.00     0      0.00      0.00   57564   11416   0.14      0.00      0.00      0.00       0  nginx
1791476120     33     23435    2.00    4.00    0.00    7.00    6.00     3      0.00      0.00   58232   11944   0.15      0.00    312.00    200.00       0  nginx
1791476120    113    107411   11.00   14.00    0.00    0.00   25.00     2      0.00      0.00  682592   63688   0.78      0.00      0.00      0.00       0  pdns_server
1791476120   1100    124509   43.00   36.00    0.00   21.00   79.00     1   9419.00      0.00 1975012   17660   0.22      0.00      0.00      0.00       0  isupipe

# Time        UID       PID    %usr %system  %guest   %wait    %CPU   CPU  minflt/s  majflt/s     VSZ     RSS   %MEM   kB_rd/s   kB_wr/s kB_ccwr/s iodelay  Command
1791476121    112     14307   78.00   36.00    0.00    1.00  114.00     2    192.00      0.00 2880796  938268  11.56      0.00   5256.00   1076.00       0  mysqld
1791476121      0     17311    0.00    0.00    0.00    0.00    0.00     1      0.00      0.00   56800   12976   0.16      0.00      0.00      0.00       0  nginx
1791476121     33     23432    8.00   11.00    0.00   19.00   19.00     0      0.00      0.00   60836   14636   0.18      0.00    640.00    548.00       0  nginx
1791476121     33     23433    3.00    6.00    0.00   11.00    9.00     1      0.00      0.00   59068   13000   0.16      0.00    312.00    292.00       0  nginx
1791476121     33     23434    1.00    0.00    0.00    0.00    1.00     1      0.00      0.00   57564   11416   0.14      0.00    316.00    316.00       0  nginx
1791476121     33     23435    1.00    3.00    0.00    7.00    4.00     3      0.00      0.00   58232   11944   0.15      0.00    104.00    176.00       0  nginx
1791476121    113    107411   13.00   16.00    0.00    0.00   29.00     2      0.00      0.00  682592   63688   0.78      0.00      0.00      0.00       0  pdns_server
1791476121   1100    124509   40.00   32.00    0.00   19.00   72.00     3  10549.00      0.00 2048804   19372   0.24      0.00      0.00      0.00       0  isupipe

# Time        UID       PID    %usr %system  %guest   %wait    %CPU   CPU  minflt/s  majflt/s     VSZ     RSS   %MEM   kB_rd/s   kB_wr/s kB_ccwr/s iodelay  Command
1791476122    112     14307   85.00   29.00    0.00    2.00  114.00     1     87.00      0.00 2879768  938500  11.56      0.00   8212.00   1008.00       0  mysqld
1791476122      0     17311    0.00    0.00    0.00    0.00    0.00     1      0.00      0.00   56800   12976   0.16      0.00      0.00      0.00       0  nginx
1791476122     33     23432    9.00   11.00    0.00   21.00   20.00     3      0.00      0.00   60836   14636   0.18      0.00    636.00    572.00       0  nginx
1791476122     33     23433    5.00    5.00    0.00   11.00   10.00     3      0.00      0.00   59068   13000   0.16      0.00    732.00    696.00       0  nginx
1791476122     33     23434    0.00    0.00    0.00    0.00    0.00     1      0.00      0.00   57564   11416   0.14      0.00      0.00      0.00       0  nginx
1791476122     33     23435    3.00    2.00    0.00    6.00    5.00     3      0.00      0.00   58232   11944   0.15      0.00     24.00      0.00       0  nginx
1791476122    113    107411   13.00   19.00    0.00    0.00   32.00     2      0.00      0.00  682592   63688   0.78      0.00      0.00      0.00       0  pdns_server
1791476122   1100    124509   40.00   33.00    0.00   26.00   73.00     3  11092.00      0.00 2048804   19816   0.24      0.00      0.00      0.00       0  isupipe

# Time        UID       PID    %usr %system  %guest   %wait    %CPU   CPU  minflt/s  majflt/s     VSZ     RSS   %MEM   kB_rd/s   kB_wr/s kB_ccwr/s iodelay  Command
1791476123    112     14307   86.00   44.00    0.00    2.00  130.00     0    208.00      0.00 2879768  938880  11.56      0.00   6560.00    784.00       0  mysqld
1791476123      0     17311    0.00    0.00    0.00    0.00    0.00     1      0.00      0.00   56800   12976   0.16      0.00      0.00      0.00       0  nginx
1791476123     33     23432    6.00   12.00    0.00   18.00   18.00     0      0.00      0.00   60836   14636   0.18      0.00    528.00    436.00       0  nginx
1791476123     33     23433    3.00    7.00    0.00   11.00   10.00     3      0.00      0.00   59068   13000   0.16      0.00    400.00    380.00       0  nginx
1791476123     33     23434    0.00    0.00    0.00    2.00    0.00     2      0.00      0.00   57564   11416   0.14      0.00     96.00     92.00       0  nginx
1791476123     33     23435    3.00    0.00    0.00    4.00    3.00     3      0.00      0.00   58232   11944   0.15      0.00    240.00    128.00       0  nginx
1791476123    113    107411   20.00   19.00    0.00    0.00   39.00     2      1.00      0.00  682592   63688   0.78      0.00      0.00      0.00       0  pdns_server
1791476123   1100    124509   43.00   33.00    0.00   29.00   76.00     0  12936.00      0.00 2048804   18904   0.23      0.00      0.00      0.00       0  isupipe

# Time        UID       PID    %usr %system  %guest   %wait    %CPU   CPU  minflt/s  majflt/s     VSZ     RSS   %MEM   kB_rd/s   kB_wr/s kB_ccwr/s iodelay  Command
1791476124    112     14307   86.00   35.00    0.00    3.00  121.00     2     30.00      0.00 2879768  938880  11.56      0.00   6576.00   1104.00       0  mysqld
1791476124      0     17311    0.00    0.00    0.00    0.00    0.00     1      0.00      0.00   56800   12976   0.16      0.00      0.00      0.00       0  nginx
1791476124     33     23432    7.00   12.00    0.00   17.00   19.00     3      0.00      0.00   60836   14636   0.18      0.00    704.00    516.00       0  nginx
1791476124     33     23433    4.00    7.00    0.00   13.00   11.00     3      0.00      0.00   59068   13000   0.16      0.00    244.00    204.00       0  nginx
1791476124     33     23434    1.00    0.00    0.00    0.00    1.00     2      0.00      0.00   57564   11416   0.14      0.00      0.00      0.00       0  nginx
1791476124     33     23435    1.00    4.00    0.00    4.00    5.00     3      0.00      0.00   58232   11944   0.15      0.00    520.00    616.00       0  nginx
1791476124    113    107411   15.00   14.00    0.00    0.00   29.00     2      1.00      0.00  682592   63688   0.78      0.00      0.00      0.00       0  pdns_server
1791476124   1100    124509   43.00   32.00    0.00   37.00   75.00     2  15613.00      0.00 2049060   17972   0.22      0.00      0.00      0.00       0  isupipe

# Time        UID       PID    %usr %system  %guest   %wait    %CPU   CPU  minflt/s  majflt/s     VSZ     RSS   %MEM   kB_rd/s   kB_wr/s kB_ccwr/s iodelay  Command
1791476125    112     14307   87.00   41.00    0.00    3.00  128.00     2     95.00      0.00 2878740  938880  11.56      0.00   7760.00    808.00       0  mysqld
1791476125      0     17311    0.00    0.00    0.00    0.00    0.00     1      0.00      0.00   56800   12976   0.16      0.00      0.00      0.00       0  nginx
1791476125     33     23432    5.00   11.00    0.00   19.00   16.00     3      0.00      0.00   60836   14636   0.18      0.00    624.00    580.00       0  nginx
1791476125     33     23433    4.00    7.00    0.00   12.00   11.00     3      0.00      0.00   59068   13000   0.16      0.00    196.00    160.00       0  nginx
1791476125     33     23434    1.00    1.00    0.00    2.00    2.00     3      0.00      0.00   57564   11416   0.14      0.00    204.00    192.00       0  nginx
1791476125     33     23435    2.00    4.00    0.00    5.00    6.00     3      0.00      0.00   58232   11944   0.15      0.00    156.00    140.00       0  nginx
1791476125    113    107411   19.00   17.00    0.00    0.00   36.00     2      1.00      0.00  682592   63688   0.78      0.00      0.00      0.00       0  pdns_server
1791476125   1100    124509   43.00   30.00    0.00   29.00   73.00     0  15255.00      0.00 2049060   19336   0.24      0.00      0.00      0.00       0  isupipe

# Time        UID       PID    %usr %system  %guest   %wait    %CPU   CPU  minflt/s  majflt/s     VSZ     RSS   %MEM   kB_rd/s   kB_wr/s kB_ccwr/s iodelay  Command
1791476126    112     14307   92.00   37.00    0.00    1.00  129.00     2     18.00      0.00 2878740  938880  11.56      0.00   6104.00    712.00       0  mysqld
1791476126      0     17311    0.00    0.00    0.00    0.00    0.00     1      0.00      0.00   56800   12976   0.16      0.00      0.00      0.00       0  nginx
1791476126     33     23432    5.00    8.00    0.00   22.00   13.00     3      0.00      0.00   60836   14636   0.18      0.00    728.00    776.00       0  nginx
1791476126     33     23433    4.00    6.00    0.00   16.00   10.00     3      0.00      0.00   59068   13000   0.16      0.00     40.00      0.00       0  nginx
1791476126     33     23434    1.00    1.00    0.00    3.00    2.00     3      0.00      0.00   57564   11416   0.14      0.00    100.00     96.00       0  nginx
1791476126     33     23435    4.00    5.00    0.00   11.00    9.00     3      0.00      0.00   58232   11944   0.15      0.00    112.00    100.00       0  nginx
1791476126    113    107411   17.00   15.00    0.00    0.00   32.00     2      1.00      0.00  682592   63688   0.78      0.00      0.00      0.00       0  pdns_server
1791476126   1100    124509   37.00   36.00    0.00   30.00   73.00     0  14438.00      0.00 2049060   20904   0.26      0.00      0.00      0.00       0  isupipe

# Time        UID       PID    %usr %system  %guest   %wait    %CPU   CPU  minflt/s  majflt/s     VSZ     RSS   %MEM   kB_rd/s   kB_wr/s kB_ccwr/s iodelay  Command
1791476127    112     14307   80.00   44.00    0.00    3.00  124.00     2     15.00      0.00 2879768  938880  11.56      0.00   8176.00    940.00       0  mysqld
1791476127      0     17311    0.00    0.00    0.00    0.00    0.00     1      0.00      0.00   56800   12976   0.16      0.00      0.00      0.00       0  nginx
1791476127     33     23432    6.00    9.00    0.00   18.00   15.00     0      0.00      0.00   60836   14636   0.18      0.00    652.00    608.00       0  nginx
1791476127     33     23433    4.00    7.00    0.00   11.00   11.00     3      0.00      0.00   59068   13000   0.16      0.00    412.00    372.00       0  nginx
1791476127     33     23434    0.00    1.00    0.00    1.00    1.00     1      0.00      0.00   57564   11416   0.14      0.00      8.00      0.00       0  nginx
1791476127     33     23435    3.00    4.00    0.00    5.00    7.00     0      0.00      0.00   58232   11944   0.15      0.00    204.00    188.00       0  nginx
1791476127    113    107411   14.00   24.00    0.00    0.00   38.00     2      0.00      0.00  682592   63688   0.78      0.00      0.00      0.00       0  pdns_server
1791476127   1100    124509   42.00   34.00    0.00   32.00   76.00     1  22338.00      0.00 2049060   23936   0.29      0.00      0.00      0.00       0  isupipe

# Time        UID       PID    %usr %system  %guest   %wait    %CPU   CPU  minflt/s  majflt/s     VSZ     RSS   %MEM   kB_rd/s   kB_wr/s kB_ccwr/s iodelay  Command
1791476128    112     14307   78.22   39.60    0.00    1.98  117.82     0     19.80      0.00 2881824  938880  11.56      0.00   5025.74    558.42       0  mysqld
1791476128      0     17311    0.00    0.00    0.00    0.00    0.00     1      0.00      0.00   56800   12976   0.16      0.00      0.00      0.00       0  nginx
1791476128     33     23432    4.95    7.92    0.00   15.84   12.87     3      0.00      0.00   60836   14636   0.18      0.00    526.73    400.00       0  nginx
1791476128     33     23433    3.96    5.94    0.00   15.84    9.90     3      0.00      0.00   59068   13000   0.16      0.00    273.27    233.66       0  nginx
1791476128     33     23434    0.00    0.99    0.00    0.99    0.99     2      0.00      0.00   57564   11416   0.14      0.00      0.00      0.00       0  nginx
1791476128     33     23435    0.99    3.96    0.00    6.93    4.95     3      0.00      0.00   58232   11944   0.15      0.00    130.69    102.97       0  nginx
1791476128    113    107411   16.83   20.79    0.00    0.00   37.62     2      0.99      0.00  682592   63688   0.78      0.00      0.00      0.00       0  pdns_server
1791476128   1100    124509   37.62   32.67    0.00   23.76   70.30     0  15046.53      0.00 2049316   22220   0.27      0.00      0.00      0.00       0  isupipe

# Time        UID       PID    %usr %system  %guest   %wait    %CPU   CPU  minflt/s  majflt/s     VSZ     RSS   %MEM   kB_rd/s   kB_wr/s kB_ccwr/s iodelay  Command
1791476129    112     14307   86.00   40.00    0.00    2.00  126.00     1    101.00      0.00 2879768  938880  11.56      0.00   8096.00    984.00       0  mysqld
1791476129      0     17311    0.00    0.00    0.00    0.00    0.00     1      0.00      0.00   56800   12976   0.16      0.00      0.00      0.00       0  nginx
1791476129     33     23432    5.00   11.00    0.00   16.00   16.00     3      0.00      0.00   60836   14636   0.18      0.00    684.00    660.00       0  nginx
1791476129     33     23433    4.00    5.00    0.00    9.00    9.00     3      0.00      0.00   59068   13000   0.16      0.00    300.00    256.00       0  nginx
1791476129     33     23434    1.00    2.00    0.00    2.00    3.00     0      0.00      0.00   57564   11416   0.14      0.00      4.00      0.00       0  nginx
1791476129     33     23435    2.00    4.00    0.00    7.00    6.00     3      0.00      0.00   58232   11944   0.15      0.00    196.00    184.00       0  nginx
1791476129    113    107411   15.00   24.00    0.00    0.00   39.00     2      1.00      0.00  682592   63688   0.78      0.00      0.00      0.00       0  pdns_server
1791476129   1100    124509   46.00   26.00    0.00   26.00   72.00     2  18703.00      0.00 2049316   22124   0.27      0.00      0.00      0.00       0  isupipe

# Time        UID       PID    %usr %system  %guest   %wait    %CPU   CPU  minflt/s  majflt/s     VSZ     RSS   %MEM   kB_rd/s   kB_wr/s kB_ccwr/s iodelay  Command
1791476130    112     14307   82.00   52.00    0.00    3.00  134.00     1     50.00      0.00 2879768  938984  11.57      0.00   6928.00    824.00       0  mysqld
1791476130      0     17311    0.00    0.00    0.00    0.00    0.00     1      0.00      0.00   56800   12976   0.16      0.00      0.00      0.00       0  nginx
1791476130     33     23432    6.00    7.00    0.00   15.00   13.00     3      0.00      0.00   60836   14636   0.18      0.00    408.00    400.00       0  nginx
1791476130     33     23433    3.00    6.00    0.00    9.00    9.00     3      0.00      0.00   59068   13000   0.16      0.00    196.00    176.00       0  nginx
1791476130     33     23434    1.00    2.00    0.00    3.00    3.00     0      0.00      0.00   57564   11416   0.14      0.00     92.00     92.00       0  nginx
1791476130     33     23435    0.00    5.00    0.00    4.00    5.00     3      0.00      0.00   58232   11944   0.15      0.00    336.00    316.00       0  nginx
1791476130    113    107411   20.00   24.00    0.00    0.00   44.00     2      1.00      0.00  682592   63688   0.78      0.00      0.00      0.00       0  pdns_server
1791476130   1100    124509   43.00   28.00    0.00   29.00   71.00     1  16591.00      0.00 2049316   18120   0.22      0.00      0.00      0.00       0  isupipe

# Time        UID       PID    %usr %system  %guest   %wait    %CPU   CPU  minflt/s  majflt/s     VSZ     RSS   %MEM   kB_rd/s   kB_wr/s kB_ccwr/s iodelay  Command
1791476131    112     14307   90.00   42.00    0.00    2.00  132.00     1    260.00      0.00 2880796  939212  11.57      0.00   6164.00    836.00       0  mysqld
1791476131      0     17311    0.00    0.00    0.00    0.00    0.00     1      0.00      0.00   56800   12976   0.16      0.00      0.00      0.00       0  nginx
1791476131     33     23432    4.00   14.00    0.00   19.00   18.00     3      0.00      0.00   60836   14636   0.18      0.00    396.00    332.00       0  nginx
1791476131     33     23433    3.00    8.00    0.00    8.00   11.00     3      0.00      0.00   59068   13000   0.16      0.00    500.00    472.00       0  nginx
1791476131     33     23434    0.00    1.00    0.00    1.00    1.00     3      0.00      0.00   57564   11416   0.14      0.00      4.00      0.00       0  nginx
1791476131     33     23435    1.00    1.00    0.00    1.00    2.00     3      0.00      0.00   58232   11944   0.15      0.00    204.00    188.00       0  nginx
1791476131    113    107411   21.00   19.00    0.00    0.00   40.00     2      2.00      0.00  682592   63688   0.78      0.00      0.00      0.00       0  pdns_server
1791476131   1100    124509   38.00   33.00    0.00   27.00   71.00     2  19278.00      0.00 2049316   20136   0.25      0.00      0.00      0.00       0  isupipe

# Time        UID       PID    %usr %system  %guest   %wait    %CPU   CPU  minflt/s  majflt/s     VSZ     RSS   %MEM   kB_rd/s   kB_wr/s kB_ccwr/s iodelay  Command
1791476132    112     14307   93.00   45.00    0.00    1.00  138.00     1     22.00      0.00 2879768  938984  11.57      0.00   6116.00    760.00       0  mysqld
1791476132      0     17311    0.00    0.00    0.00    0.00    0.00     1      0.00      0.00   56800   12976   0.16      0.00      0.00      0.00       0  nginx
1791476132     33     23432    7.00    9.00    0.00   19.00   16.00     3      0.00      0.00   60836   14636   0.18      0.00    524.00    476.00       0  nginx
1791476132     33     23433    1.00    8.00    0.00   13.00    9.00     3      0.00      0.00   59068   13000   0.16      0.00    316.00    176.00       0  nginx
1791476132     33     23434    0.00    1.00    0.00    2.00    1.00     3      0.00      0.00   57564   11416   0.14      0.00      4.00      0.00       0  nginx
1791476132     33     23435    1.00    1.00    0.00    4.00    2.00     3      0.00      0.00   58232   11944   0.15      0.00    240.00    236.00       0  nginx
1791476132    113    107411   23.00   25.00    0.00    0.00   48.00     2      1.00      0.00  682592   63688   0.78      0.00      0.00      0.00       0  pdns_server
1791476132   1100    124509   38.00   31.00    0.00    2.00   69.00     0  17858.00      0.00 2049316   20628   0.25      0.00      0.00      0.00       0  isupipe

# Time        UID       PID    %usr %system  %guest   %wait    %CPU   CPU  minflt/s  majflt/s     VSZ     RSS   %MEM   kB_rd/s   kB_wr/s kB_ccwr/s iodelay  Command
1791476133    112     14307   89.00   43.00    0.00    2.00  132.00     1     21.00      0.00 2882852  938984  11.57      0.00   8420.00    828.00       0  mysqld
1791476133      0     17311    0.00    0.00    0.00    0.00    0.00     1      0.00      0.00   56800   12976   0.16      0.00      0.00      0.00       0  nginx
1791476133     33     23432    6.00   12.00    0.00   17.00   18.00     3      0.00      0.00   60836   14636   0.18      0.00    432.00    388.00       0  nginx
1791476133     33     23433    5.00    5.00    0.00   12.00   10.00     3      0.00      0.00   59068   13000   0.16      0.00    352.00    416.00       0  nginx
1791476133     33     23434    0.00    0.00    0.00    0.00    0.00     3      0.00      0.00   57564   11416   0.14      0.00      0.00      0.00       0  nginx
1791476133     33     23435    2.00    1.00    0.00    2.00    3.00     3      0.00      0.00   58232   11944   0.15      0.00    252.00    240.00       0  nginx
1791476133    113    107411   19.00   20.00    0.00    0.00   39.00     2      0.00      0.00  682592   63688   0.78      0.00      0.00      0.00       0  pdns_server
1791476133   1100    124509   37.00   33.00    0.00   27.00   70.00     1  16356.00      0.00 2049316   23288   0.29      0.00      0.00      0.00       0  isupipe

# Time        UID       PID    %usr %system  %guest   %wait    %CPU   CPU  minflt/s  majflt/s     VSZ     RSS   %MEM   kB_rd/s   kB_wr/s kB_ccwr/s iodelay  Command
1791476134    112     14307  101.00   39.00    0.00    1.00  140.00     1     19.00      0.00 2880796  938984  11.57      0.00   7380.00    800.00       0  mysqld
1791476134      0     17311    0.00    0.00    0.00    0.00    0.00     1      0.00      0.00   56800   12976   0.16      0.00      0.00      0.00       0  nginx
1791476134     33     23432    7.00    9.00    0.00   16.00   16.00     0      0.00      0.00   60836   14636   0.18      0.00    616.00    572.00       0  nginx
1791476134     33     23433    4.00    7.00    0.00   12.00   11.00     3      0.00      0.00   59068   13000   0.16      0.00    244.00    196.00       0  nginx
1791476134     33     23434    0.00    0.00    0.00    1.00    0.00     3      0.00      0.00   57564   11416   0.14      0.00      4.00      0.00       0  nginx
1791476134     33     23435    0.00    3.00    0.00    3.00    3.00     3      0.00      0.00   58232   11944   0.15      0.00    292.00    284.00       0  nginx
1791476134    113    107411   23.00   21.00    0.00    0.00   44.00     2      1.00      0.00  682592   63688   0.78      0.00      0.00      0.00       0  pdns_server
1791476134   1100    124509   43.00   30.00    0.00   12.00   73.00     0  17001.00      0.00 2049316   22532   0.28      0.00      0.00      0.00       0  isupipe

# Time        UID       PID    %usr %system  %guest   %wait    %CPU   CPU  minflt/s  majflt/s     VSZ     RSS   %MEM   kB_rd/s   kB_wr/s kB_ccwr/s iodelay  Command
1791476135    112     14307   94.00   44.00    0.00    2.00  138.00     1      6.00      0.00 2878740  938984  11.57      0.00   6708.00    824.00       0  mysqld
1791476135      0     17311    0.00    0.00    0.00    0.00    0.00     1      0.00      0.00   56800   12976   0.16      0.00      0.00      0.00       0  nginx
1791476135     33     23432    3.00   11.00    0.00   17.00   14.00     3      0.00      0.00   60836   14636   0.18      0.00    532.00    488.00       0  nginx
1791476135     33     23433    4.00    7.00    0.00    9.00   11.00     3      0.00      0.00   59068   13000   0.16      0.00    396.00    364.00       0  nginx
1791476135     33     23434    1.00    2.00    0.00    3.00    3.00     3      0.00      0.00   57564   11416   0.14      0.00     12.00      0.00       0  nginx
1791476135     33     23435    2.00    1.00    0.00    2.00    3.00     3      0.00      0.00   58232   11944   0.15      0.00    216.00    196.00       0  nginx
1791476135    113    107411   21.00   17.00    0.00    0.00   38.00     2      1.00      0.00  682592   63688   0.78      0.00      0.00      0.00       0  pdns_server
1791476135   1100    124509   46.00   30.00    0.00   16.00   76.00     2  20345.00      0.00 2049316   25148   0.31      0.00      0.00      0.00       0  isupipe

# Time        UID       PID    %usr %system  %guest   %wait    %CPU   CPU  minflt/s  majflt/s     VSZ     RSS   %MEM   kB_rd/s   kB_wr/s kB_ccwr/s iodelay  Command
1791476136    112     14307   91.00   50.00    0.00    3.00  141.00     0     83.00      0.00 2879768  939000  11.57      0.00   6440.00    772.00       0  mysqld
1791476136      0     17311    0.00    0.00    0.00    0.00    0.00     1      0.00      0.00   56800   12976   0.16      0.00      0.00      0.00       0  nginx
1791476136     33     23432    6.00    8.00    0.00   16.00   14.00     3      0.00      0.00   60836   14636   0.18      0.00    416.00    364.00       0  nginx
1791476136     33     23433    2.00    7.00    0.00   12.00    9.00     3      0.00      0.00   59068   13000   0.16      0.00    424.00    392.00       0  nginx
1791476136     33     23434    0.00    1.00    0.00    1.00    1.00     3      0.00      0.00   57564   11416   0.14      0.00    180.00    176.00       0  nginx
1791476136     33     23435    3.00    4.00    0.00    5.00    7.00     3      0.00      0.00   58232   11944   0.15      0.00    100.00     80.00       0  nginx
1791476136    113    107411   20.00   22.00    0.00    0.00   42.00     2      2.00      0.00  682592   63688   0.78      0.00      0.00      0.00       0  pdns_server
1791476136   1100    124509   46.00   27.00    0.00   25.00   73.00     0  17344.00      0.00 2049316   22940   0.28      0.00      0.00      0.00       0  isupipe

# Time        UID       PID    %usr %system  %guest   %wait    %CPU   CPU  minflt/s  majflt/s     VSZ     RSS   %MEM   kB_rd/s   kB_wr/s kB_ccwr/s iodelay  Command
1791476137    112     14307   98.00   51.00    0.00    3.00  149.00     2    231.00      0.00 2879768  939216  11.57      0.00   8436.00    788.00       0  mysqld
1791476137      0     17311    0.00    0.00    0.00    0.00    0.00     1      0.00      0.00   56800   12976   0.16      0.00      0.00      0.00       0  nginx
1791476137     33     23432    9.00    9.00    0.00   17.00   18.00     3      0.00      0.00   60836   14636   0.18      0.00    708.00    528.00       0  nginx
1791476137     33     23433    3.00    9.00    0.00   11.00   12.00     3      0.00      0.00   59068   13000   0.16      0.00    372.00    344.00       0  nginx
1791476137     33     23434    0.00    0.00    0.00    0.00    0.00     3      0.00      0.00   57564   11416   0.14      0.00     92.00     92.00       0  nginx
1791476137     33     23435    2.00    3.00    0.00    4.00    5.00     3      0.00      0.00   58232   11944   0.15      0.00     16.00      0.00       0  nginx
1791476137    113    107411   23.00   20.00    0.00    0.00   43.00     2      0.00      0.00  682592   63688   0.78      0.00      0.00      0.00       0  pdns_server
1791476137   1100    124509   37.00   35.00    0.00   22.00   72.00     2  15809.00      0.00 2049316   20368   0.25      0.00      0.00      0.00       0  isupipe

# Time        UID       PID    %usr %system  %guest   %wait    %CPU   CPU  minflt/s  majflt/s     VSZ     RSS   %MEM   kB_rd/s   kB_wr/s kB_ccwr/s iodelay  Command
1791476138    112     14307   98.00   48.00    0.00    3.00  146.00     1     91.00      0.00 2879768  939000  11.57      0.00   7476.00   1008.00       0  mysqld
1791476138      0     17311    0.00    0.00    0.00    0.00    0.00     1      0.00      0.00   56800   12976   0.16      0.00      0.00      0.00       0  nginx
1791476138     33     23432    5.00    8.00    0.00   16.00   13.00     3      0.00      0.00   60836   14636   0.18      0.00    812.00    768.00       0  nginx
1791476138     33     23433    2.00    6.00    0.00    8.00    8.00     3      0.00      0.00   59068   13000   0.16      0.00    208.00    188.00       0  nginx
1791476138     33     23434    0.00    2.00    0.00    2.00    2.00     3      0.00      0.00   57564   11416   0.14      0.00      4.00      0.00       0  nginx
1791476138     33     23435    2.00    3.00    0.00    4.00    5.00     3      0.00      0.00   58232   11944   0.15      0.00    132.00    104.00       0  nginx
1791476138    113    107411   25.00   23.00    0.00    0.00   48.00     2      2.00      0.00  682592   63688   0.78      0.00      0.00      0.00       0  pdns_server
1791476138   1100    124509   34.00   32.00    0.00   24.00   66.00     1  20156.00      0.00 2049316   21352   0.26      0.00      0.00      0.00       0  isupipe

# Time        UID       PID    %usr %system  %guest   %wait    %CPU   CPU  minflt/s  majflt/s     VSZ     RSS   %MEM   kB_rd/s   kB_wr/s kB_ccwr/s iodelay  Command
1791476139    112     14307  108.00   37.00    0.00    2.00  145.00     1     15.00      0.00 2880796  939000  11.57      0.00   6296.00    724.00       0  mysqld
1791476139      0     17311    0.00    0.00    0.00    0.00    0.00     1      0.00      0.00   56800   12976   0.16      0.00      0.00      0.00       0  nginx
1791476139     33     23432    5.00   11.00    0.00   21.00   16.00     3      0.00      0.00   60836   14636   0.18      0.00    832.00    760.00       0  nginx
1791476139     33     23433    4.00    4.00    0.00    8.00    8.00     3      0.00      0.00   59068   13000   0.16      0.00    208.00    184.00       0  nginx
1791476139     33     23434    1.00    1.00    0.00    3.00    2.00     3      0.00      0.00   57564   11416   0.14      0.00      8.00      0.00       0  nginx
1791476139     33     23435    1.00    4.00    0.00    6.00    5.00     3      0.00      0.00   58232   11944   0.15      0.00     20.00      0.00       0  nginx
1791476139    113    107411   22.00   20.00    0.00    0.00   42.00     2      0.00      0.00  682592   63688   0.78      0.00      0.00      0.00       0  pdns_server
1791476139   1100    124509   44.00   24.00    0.00   31.00   68.00     1  18847.00      0.00 2049316   25404   0.31      0.00      0.00      0.00       0  isupipe

# Time        UID       PID    %usr %system  %guest   %wait    %CPU   CPU  minflt/s  majflt/s     VSZ     RSS   %MEM   kB_rd/s   kB_wr/s kB_ccwr/s iodelay  Command
1791476140    112     14307   91.00   46.00    0.00    3.00  137.00     0     26.00      0.00 2878740  939000  11.57      0.00   7608.00   1140.00       0  mysqld
1791476140      0     17311    0.00    0.00    0.00    0.00    0.00     1      0.00      0.00   56800   12976   0.16      0.00      0.00      0.00       0  nginx
1791476140     33     23432    5.00   11.00    0.00   14.00   16.00     3      0.00      0.00   60836   14636   0.18      0.00    568.00    424.00       0  nginx
1791476140     33     23433    4.00    5.00    0.00    8.00    9.00     3      0.00      0.00   59068   13000   0.16      0.00    236.00    212.00       0  nginx
1791476140     33     23434    1.00    2.00    0.00    2.00    3.00     3      0.00      0.00   57564   11416   0.14      0.00     92.00     92.00       0  nginx
1791476140     33     23435    1.00    1.00    0.00    2.00    2.00     3      0.00      0.00   58232   11944   0.15      0.00    324.00    316.00       0  nginx
1791476140    113    107411   19.00   21.00    0.00    0.00   40.00     2      1.00      0.00  682592   63688   0.78      0.00      0.00      0.00       0  pdns_server
1791476140   1100    124509   40.00   29.00    0.00   30.00   69.00     0  16283.00      0.00 2049316   24440   0.30      0.00      0.00      0.00       0  isupipe

# Time        UID       PID    %usr %system  %guest   %wait    %CPU   CPU  minflt/s  majflt/s     VSZ     RSS   %MEM   kB_rd/s   kB_wr/s kB_ccwr/s iodelay  Command
1791476141    112     14307  102.00   35.00    0.00    1.00  137.00     2     21.00      0.00 2879768  939000  11.57      0.00   8456.00    608.00       0  mysqld
1791476141      0     17311    0.00    0.00    0.00    0.00    0.00     1      0.00      0.00   56800   12976   0.16      0.00      0.00      0.00       0  nginx
1791476141     33     23432    6.00   11.00    0.00   17.00   17.00     3      0.00      0.00   60836   14636   0.18      0.00    624.00    536.00       0  nginx
1791476141     33     23433    3.00    4.00    0.00    7.00    7.00     0      0.00      0.00   59068   13000   0.16      0.00    276.00    256.00       0  nginx
1791476141     33     23434    1.00    0.00    0.00    2.00    1.00     1      0.00      0.00   57564   11416   0.14      0.00    100.00     96.00       0  nginx
1791476141     33     23435    2.00    1.00    0.00    4.00    3.00     3      0.00      0.00   58232   11944   0.15      0.00      4.00      0.00       0  nginx
1791476141    113    107411   26.00   22.00    0.00    0.00   48.00     2      1.00      0.00  682592   63688   0.78      0.00      0.00      0.00       0  pdns_server
1791476141   1100    124509   36.00   35.00    0.00   23.00   71.00     1  17585.00      0.00 2049316   19552   0.24      0.00      0.00      0.00       0  isupipe

# Time        UID       PID    %usr %system  %guest   %wait    %CPU   CPU  minflt/s  majflt/s     VSZ     RSS   %MEM   kB_rd/s   kB_wr/s kB_ccwr/s iodelay  Command
1791476142    112     14307   84.00   53.00    0.00    2.00  137.00     1      9.00      0.00 2878740  939000  11.57      0.00   7352.00    748.00       0  mysqld
1791476142      0     17311    0.00    0.00    0.00    0.00    0.00     1      0.00      0.00   56800   12976   0.16      0.00      0.00      0.00       0  nginx
1791476142     33     23432    5.00   13.00    0.00   12.00   18.00     3      0.00      0.00   60836   14636   0.18      0.00    560.00    588.00       0  nginx
1791476142     33     23433    3.00    2.00    0.00    5.00    5.00     3      0.00      0.00   59068   13000   0.16      0.00    328.00    316.00       0  nginx
1791476142     33     23434    1.00    1.00    0.00    1.00    2.00     3      0.00      0.00   57564   11416   0.14      0.00      8.00      0.00       0  nginx
1791476142     33     23435    0.00    2.00    0.00    2.00    2.00     0      0.00      0.00   58232   11944   0.15      0.00     12.00      0.00       0  nginx
1791476142    113    107411   22.00   23.00    0.00    0.00   45.00     2      1.00      0.00  682592   63688   0.78      0.00      0.00      0.00       0  pdns_server
1791476142   1100    124509   38.00   35.00    0.00   35.00   73.00     1  23728.00      0.00 2049316   26364   0.32      0.00      0.00      0.00       0  isupipe

# Time        UID       PID    %usr %system  %guest   %wait    %CPU   CPU  minflt/s  majflt/s     VSZ     RSS   %MEM   kB_rd/s   kB_wr/s kB_ccwr/s iodelay  Command
1791476143    112     14307   85.00   51.00    0.00    2.00  136.00     1      6.00      0.00 2879768  939000  11.57      0.00  11332.00    648.00       0  mysqld
1791476143      0     17311    0.00    0.00    0.00    0.00    0.00     1      0.00      0.00   56800   12976   0.16      0.00      0.00      0.00       0  nginx
1791476143     33     23432    4.00   10.00    0.00   15.00   14.00     3      0.00      0.00   60836   14636   0.18      0.00    268.00    216.00       0  nginx
1791476143     33     23433    3.00    5.00    0.00    6.00    8.00     1      0.00      0.00   59068   13000   0.16      0.00    376.00    364.00       0  nginx
1791476143     33     23434    1.00    1.00    0.00    2.00    2.00     0      0.00      0.00   57564   11416   0.14      0.00     16.00      0.00       0  nginx
1791476143     33     23435    1.00    2.00    0.00    3.00    3.00     3      0.00      0.00   58232   11944   0.15      0.00    280.00    276.00       0  nginx
1791476143    113    107411   20.00   23.00    0.00    0.00   43.00     2      0.00      0.00  682592   63688   0.78      0.00      0.00      0.00       0  pdns_server
1791476143   1100    124509   38.00   32.00    0.00   45.00   70.00     2  20053.00      0.00 2123108   24600   0.30      0.00      0.00      0.00       0  isupipe
1791476143   1100    126097    0.00    0.00    0.00    0.00    0.00     1      0.00      0.00 2123108   24600   0.30      0.00      0.00      0.00       0  isupipe

# Time        UID       PID    %usr %system  %guest   %wait    %CPU   CPU  minflt/s  majflt/s     VSZ     RSS   %MEM   kB_rd/s   kB_wr/s kB_ccwr/s iodelay  Command
1791476144    112     14307   85.00   46.00    0.00    1.00  131.00     1     91.00      0.00 2879768  939000  11.57      0.00   7644.00    736.00       0  mysqld
1791476144      0     17311    0.00    0.00    0.00    0.00    0.00     1      0.00      0.00   56800   12976   0.16      0.00      0.00      0.00       0  nginx
1791476144     33     23432    4.00   10.00    0.00   15.00   14.00     3      0.00      0.00   60836   14636   0.18      0.00    820.00    776.00       0  nginx
1791476144     33     23433    4.00    3.00    0.00    8.00    7.00     3      0.00      0.00   59068   13000   0.16      0.00     92.00     76.00       0  nginx
1791476144     33     23434    1.00    2.00    0.00    3.00    3.00     3      0.00      0.00   57564   11416   0.14      0.00      4.00      0.00       0  nginx
1791476144     33     23435    2.00    4.00    0.00    6.00    6.00     3      0.00      0.00   58232   11944   0.15      0.00     16.00      0.00       0  nginx
1791476144    113    107411   21.00   22.00    0.00    0.00   43.00     2      1.00      0.00  682592   63952   0.79      0.00      0.00      0.00       0  pdns_server
1791476144   1100    124509   41.00   30.00    0.00   35.00   71.00     2  18008.00      0.00 2123108   27616   0.34      0.00      0.00      0.00       0  isupipe

# Time        UID       PID    %usr %system  %guest   %wait    %CPU   CPU  minflt/s  majflt/s     VSZ     RSS   %MEM   kB_rd/s   kB_wr/s kB_ccwr/s iodelay  Command
1791476145    112     14307  102.00   42.00    0.00    1.00  144.00     1     96.00      0.00 2878740  939000  11.57      0.00   7140.00    860.00       0  mysqld
1791476145      0     17311    0.00    0.00    0.00    0.00    0.00     1      0.00      0.00   56800   12976   0.16      0.00      0.00      0.00       0  nginx
1791476145     33     23432    6.00    9.00    0.00   13.00   15.00     2      0.00      0.00   60836   14636   0.18      0.00    672.00    632.00       0  nginx
1791476145     33     23433    3.00    6.00    0.00   10.00    9.00     2      0.00      0.00   59068   13000   0.16      0.00    188.00    132.00       0  nginx
1791476145     33     23434    2.00    3.00    0.00    3.00    5.00     3      0.00      0.00   57564   11416   0.14      0.00     92.00     84.00       0  nginx
1791476145     33     23435    1.00    2.00    0.00    3.00    3.00     3      0.00      0.00   58232   11944   0.15      0.00    216.00    212.00       0  nginx
1791476145    113    107411   19.00   25.00    0.00    0.00   44.00     2      0.00      0.00  682592   63952   0.79      0.00      0.00      0.00       0  pdns_server
1791476145   1100    124509   37.00   31.00    0.00   17.00   68.00     2  24720.00      0.00 2123108   23316   0.29      0.00      0.00      0.00       0  isupipe

# Time        UID       PID    %usr %system  %guest   %wait    %CPU   CPU  minflt/s  majflt/s     VSZ     RSS   %MEM   kB_rd/s   kB_wr/s kB_ccwr/s iodelay  Command
1791476146    112     14307  103.00   44.00    0.00    2.00  147.00     1     24.00      0.00 2880796  939000  11.57      0.00   7156.00    784.00       0  mysqld
1791476146      0     17311    0.00    0.00    0.00    0.00    0.00     1      0.00      0.00   56800   12976   0.16      0.00      0.00      0.00       0  nginx
1791476146     33     23432    7.00   13.00    0.00   15.00   20.00     3      0.00      0.00   60836   14636   0.18      0.00    456.00    328.00       0  nginx
1791476146     33     23433    3.00    5.00    0.00    7.00    8.00     0      0.00      0.00   59068   13000   0.16      0.00    260.00    212.00       0  nginx
1791476146     33     23434    0.00    0.00    0.00    1.00    0.00     3      0.00      0.00   57564   11416   0.14      0.00      0.00      0.00       0  nginx
1791476146     33     23435    2.00    2.00    0.00    3.00    4.00     3      0.00      0.00   58232   11944   0.15      0.00    512.00    404.00       0  nginx
1791476146    113    107411   23.00   19.00    0.00    0.00   42.00     2      1.00      0.00  682592   63952   0.79      0.00      0.00      0.00       0  pdns_server
1791476146   1100    124509   44.00   26.00    0.00   26.00   70.00     0  24709.00      0.00 2123108   22456   0.28      0.00      0.00      0.00       0  isupipe

# Time        UID       PID    %usr %system  %guest   %wait    %CPU   CPU  minflt/s  majflt/s     VSZ     RSS   %MEM   kB_rd/s   kB_wr/s kB_ccwr/s iodelay  Command
1791476147    112     14307   85.00   43.00    0.00    3.00  128.00     2    171.00      0.00 2880796  939188  11.57      0.00   5552.00    496.00       0  mysqld
1791476147      0     17311    0.00    0.00    0.00    0.00    0.00     1      0.00      0.00   56800   12976   0.16      0.00      0.00      0.00       0  nginx
1791476147     33     23432    4.00   11.00    0.00   28.00   15.00     3      0.00      0.00   60836   14636   0.18      0.00    344.00    372.00       0  nginx
1791476147     33     23433    3.00    6.00    0.00   17.00    9.00     3      0.00      0.00   59068   13000   0.16      0.00     92.00     80.00       0  nginx
1791476147     33     23434    2.00    1.00    0.00    9.00    3.00     3      0.00      0.00   57564   11416   0.14      0.00    116.00    116.00       0  nginx
1791476147     33     23435    2.00    1.00    0.00   10.00    3.00     3      0.00      0.00   58232   11944   0.15      0.00     88.00    184.00       0  nginx
1791476147    113    107411   19.00   23.00    0.00    0.00   42.00     2      1.00      0.00  682592   63952   0.79      0.00      0.00      0.00       0  pdns_server
1791476147   1100    124509   33.00   31.00    0.00   17.00   64.00     3  13606.00      0.00 2123108   22672   0.28      0.00      0.00      0.00       0  isupipe

# Time        UID       PID    %usr %system  %guest   %wait    %CPU   CPU  minflt/s  majflt/s     VSZ     RSS   %MEM   kB_rd/s   kB_wr/s kB_ccwr/s iodelay  Command
1791476148    112     14307   99.00   37.00    0.00    2.00  136.00     1     21.00      0.00 2879768  939000  11.57      0.00   5916.00    548.00       0  mysqld
1791476148      0     17311    0.00    0.00    0.00    0.00    0.00     1      0.00      0.00   56800   12976   0.16      0.00      0.00      0.00       0  nginx
1791476148     33     23432    9.00    8.00    0.00   17.00   17.00     3      0.00      0.00   60836   14636   0.18      0.00    396.00    364.00       0  nginx
1791476148     33     23433    4.00    5.00    0.00   12.00    9.00     3      0.00      0.00   59068   13000   0.16      0.00    296.00    268.00       0  nginx
1791476148     33     23434    1.00    1.00    0.00    1.00    2.00     3      0.00      0.00   57564   11416   0.14      0.00      8.00      0.00       0  nginx
1791476148     33     23435    2.00    3.00    0.00    5.00    5.00     3      0.00      0.00   58232   11944   0.15      0.00    124.00    104.00       0  nginx
1791476148    113    107411   22.00   27.00    0.00    0.00   49.00     2      0.00      0.00  682592   63952   0.79      0.00      0.00      0.00       0  pdns_server
1791476148   1100    124509   38.00   31.00    0.00   23.00   69.00     2  18207.00      0.00 2123364   22872   0.28      0.00      0.00      0.00       0  isupipe

# Time        UID       PID    %usr %system  %guest   %wait    %CPU   CPU  minflt/s  majflt/s     VSZ     RSS   %MEM   kB_rd/s   kB_wr/s kB_ccwr/s iodelay  Command
1791476149    112     14307   92.00   43.00    0.00    3.00  135.00     2     12.00      0.00 2879768  939000  11.57      0.00   6408.00    672.00       0  mysqld
1791476149      0     17311    0.00    0.00    0.00    0.00    0.00     1      0.00      0.00   56800   12976   0.16      0.00      0.00      0.00       0  nginx
1791476149     33     23432    9.00    7.00    0.00   19.00   16.00     3      0.00      0.00   60836   14636   0.18      0.00    416.00    360.00       0  nginx
1791476149     33     23433    5.00    7.00    0.00   10.00   12.00     3      0.00      0.00   59068   13000   0.16      0.00    292.00    260.00       0  nginx
1791476149     33     23434    0.00    0.00    0.00    1.00    0.00     3      0.00      0.00   57564   11416   0.14      0.00    180.00    180.00       0  nginx
1791476149     33     23435    3.00    5.00    0.00    8.00    8.00     3      0.00      0.00   58232   11944   0.15      0.00    100.00     88.00       0  nginx
1791476149    113    107411   22.00   23.00    0.00    0.00   45.00     2      1.00      0.00  682592   63952   0.79      0.00      0.00      0.00       0  pdns_server
1791476149   1100    124509   37.00   31.00    0.00   24.00   68.00     0  19987.00      0.00 2123364   17500   0.22      0.00      0.00      0.00       0  isupipe

# Time        UID       PID    %usr %system  %guest   %wait    %CPU   CPU  minflt/s  majflt/s     VSZ     RSS   %MEM   kB_rd/s   kB_wr/s kB_ccwr/s iodelay  Command
1791476150    112     14307   89.00   37.00    0.00    2.00  126.00     0      9.00      0.00 2878740  939000  11.57      0.00   5884.00    552.00       0  mysqld
1791476150      0     17311    0.00    0.00    0.00    0.00    0.00     1      0.00      0.00   56800   12976   0.16      0.00      0.00      0.00       0  nginx
1791476150     33     23432    3.00   11.00    0.00   19.00   14.00     3      0.00      0.00   60836   14636   0.18      0.00    328.00    284.00       0  nginx
1791476150     33     23433    3.00    7.00    0.00   17.00   10.00     3      0.00      0.00   59068   13000   0.16      0.00    372.00    336.00       0  nginx
1791476150     33     23434    2.00    2.00    0.00    2.00    4.00     3      0.00      0.00   57564   11416   0.14      0.00      8.00      0.00       0  nginx
1791476150     33     23435    1.00    6.00    0.00    7.00    7.00     1      0.00      0.00   58232   11944   0.15      0.00    112.00    100.00       0  nginx
1791476150    113    107411   19.00   26.00    0.00    0.00   45.00     2      2.00      0.00  682592   63952   0.79      0.00      0.00      0.00       0  pdns_server
1791476150   1100    124509   41.00   28.00    0.00   25.00   69.00     0  19310.00      0.00 2123364   19812   0.24      0.00      0.00      0.00       0  isupipe

# Time        UID       PID    %usr %system  %guest   %wait    %CPU   CPU  minflt/s  majflt/s     VSZ     RSS   %MEM   kB_rd/s   kB_wr/s kB_ccwr/s iodelay  Command
1791476151    112     14307   80.20   54.46    0.00    1.98  134.65     2     79.21      0.00 2878740  939000  11.57      0.00   6629.70    800.00       0  mysqld
1791476151      0     17311    0.00    0.00    0.00    0.00    0.00     1      0.00      0.00   56800   12976   0.16      0.00      0.00      0.00       0  nginx
1791476151     33     23432    7.92    8.91    0.00   21.78   16.83     0      0.00      0.00   60836   14636   0.18      0.00    510.89    487.13       0  nginx
1791476151     33     23433    4.95    5.94    0.00   13.86   10.89     3      0.00      0.00   59068   13000   0.16      0.00    423.76    388.12       0  nginx
1791476151     33     23434    0.99    2.97    0.00    5.94    3.96     0      0.00      0.00   57564   11416   0.14      0.00     19.80      0.00       0  nginx
1791476151     33     23435    2.97    2.97    0.00    8.91    5.94     3      0.00      0.00   58232   11944   0.15      0.00     87.13     75.25       0  nginx
1791476151    113    107411   25.74   25.74    0.00    0.00   51.49     2      0.00      0.00  682592   63952   0.79      0.00      0.00      0.00       0  pdns_server
1791476151   1100    124509   39.60   31.68    0.00   29.70   71.29     3  19023.76      0.00 2123364   26924   0.33      0.00      0.00      0.00       0  isupipe

# Time        UID       PID    %usr %system  %guest   %wait    %CPU   CPU  minflt/s  majflt/s     VSZ     RSS   %MEM   kB_rd/s   kB_wr/s kB_ccwr/s iodelay  Command
1791476152    112     14307   79.00   48.00    0.00    2.00  127.00     0     22.00      0.00 2879768  939000  11.57      0.00   6356.00    780.00       0  mysqld
1791476152      0     17311    0.00    0.00    0.00    0.00    0.00     1      0.00      0.00   56800   12976   0.16      0.00      0.00      0.00       0  nginx
1791476152     33     23432    6.00    9.00    0.00   21.00   15.00     0      0.00      0.00   60836   14636   0.18      0.00    508.00    444.00       0  nginx
1791476152     33     23433    4.00    8.00    0.00   12.00   12.00     0      0.00      0.00   59068   13000   0.16      0.00    408.00    384.00       0  nginx
1791476152     33     23434    1.00    3.00    0.00    4.00    4.00     3      0.00      0.00   57564   11416   0.14      0.00      0.00      0.00       0  nginx
1791476152     33     23435    1.00    4.00    0.00    7.00    5.00     3      0.00      0.00   58232   11944   0.15      0.00    100.00     92.00       0  nginx
1791476152    113    107411   21.00   25.00    0.00    0.00   46.00     2      0.00      0.00  682592   63952   0.79      0.00      0.00      0.00       0  pdns_server
1791476152   1100    124509   42.00   31.00    0.00   11.00   73.00     0  20238.00      0.00 2123364   25704   0.32      0.00      0.00      0.00       0  isupipe

# Time        UID       PID    %usr %system  %guest   %wait    %CPU   CPU  minflt/s  majflt/s     VSZ     RSS   %MEM   kB_rd/s   kB_wr/s kB_ccwr/s iodelay  Command
1791476153    112     14307   69.00   59.00    0.00    2.00  128.00     0     14.00      0.00 2878740  939000  11.57      0.00   6604.00    512.00       0  mysqld
1791476153      0     17311    0.00    0.00    0.00    0.00    0.00     1      0.00      0.00   56800   12976   0.16      0.00      0.00      0.00       0  nginx
1791476153     33     23432    8.00   11.00    0.00   19.00   19.00     2      0.00      0.00   60836   14636   0.18      0.00    420.00    368.00       0  nginx
1791476153     33     23433    4.00    7.00    0.00   12.00   11.00     2      0.00      0.00   59068   13000   0.16      0.00    244.00    228.00       0  nginx
1791476153     33     23434    1.00    1.00    0.00    3.00    2.00     3      0.00      0.00   57564   11416   0.14      0.00      4.00      0.00       0  nginx
1791476153     33     23435    3.00    4.00    0.00    6.00    7.00     3      0.00      0.00   58232   11944   0.15      0.00     92.00     80.00       0  nginx
1791476153    113    107411   17.00   29.00    0.00    0.00   46.00     2      0.00      0.00  682592   63952   0.79      0.00      0.00      0.00       0  pdns_server
1791476153   1100    124509   38.00   34.00    0.00   22.00   72.00     0  21622.00      0.00 2123364   33992   0.42      0.00      0.00      0.00       0  isupipe

# Time        UID       PID    %usr %system  %guest   %wait    %CPU   CPU  minflt/s  majflt/s     VSZ     RSS   %MEM   kB_rd/s   kB_wr/s kB_ccwr/s iodelay  Command
1791476154    112     14307   69.31   47.52    0.00    1.98  116.83     1    151.49      0.00 2893772  939160  11.57      0.00   5552.48    637.62       0  mysqld
1791476154      0     17311    0.00    0.00    0.00    0.00    0.00     1      0.00      0.00   56800   12976   0.16      0.00      0.00      0.00       0  nginx
1791476154     33     23432    4.95    8.91    0.00   18.81   13.86     3      0.00      0.00   60836   14636   0.18      0.00    475.25    431.68       0  nginx
1791476154     33     23433    3.96    3.96    0.00   13.86    7.92     2      0.00      0.00   59068   13000   0.16      0.00    118.81     87.13       0  nginx
1791476154     33     23434    0.99    2.97    0.00    2.97    3.96     3      0.00      0.00   57564   11416   0.14      0.00    182.18    182.18       0  nginx
1791476154     33     23435    2.97    2.97    0.00    7.92    5.94     3      0.00      0.00   58232   11944   0.15      0.00     91.09     71.29       0  nginx
1791476154    113    107411   24.75   26.73    0.00    0.00   51.49     2      2.97      0.00  682592   63952   0.79      0.00      0.00      0.00       0  pdns_server
1791476154   1100    124509   35.64   34.65    0.00   14.85   70.30     1  18520.79      0.00 2123364   28244   0.35      0.00      0.00      0.00       0  isupipe

# Time        UID       PID    %usr %system  %guest   %wait    %CPU   CPU  minflt/s  majflt/s     VSZ     RSS   %MEM   kB_rd/s   kB_wr/s kB_ccwr/s iodelay  Command
1791476155    112     14307   83.00   49.00    0.00    2.00  132.00     0     18.00      0.00 2891716  939400  11.57      0.00   6404.00    620.00       0  mysqld
1791476155      0     17311    0.00    0.00    0.00    0.00    0.00     1      0.00      0.00   56800   12976   0.16      0.00      0.00      0.00       0  nginx
1791476155     33     23432    8.00   11.00    0.00   15.00   19.00     1      0.00      0.00   60836   14636   0.18      0.00    364.00    308.00       0  nginx
1791476155     33     23433    6.00    7.00    0.00    8.00   13.00     3      0.00      0.00   59068   13000   0.16      0.00    568.00    328.00       0  nginx
1791476155     33     23434    1.00    2.00    0.00    2.00    3.00     3      0.00      0.00   57564   11416   0.14      0.00      0.00      0.00       0  nginx
1791476155     33     23435    1.00    3.00    0.00    4.00    4.00     3      0.00      0.00   58232   11944   0.15      0.00    180.00     76.00       0  nginx
1791476155    113    107411   25.00   25.00    0.00    0.00   50.00     2      0.00      0.00  682592   63952   0.79      0.00      0.00      0.00       0  pdns_server
1791476155   1100    124509   38.00   30.00    0.00   35.00   68.00     0  19438.00      0.00 2123364   23608   0.29      0.00      0.00      0.00       0  isupipe

# Time        UID       PID    %usr %system  %guest   %wait    %CPU   CPU  minflt/s  majflt/s     VSZ     RSS   %MEM   kB_rd/s   kB_wr/s kB_ccwr/s iodelay  Command
1791476156    112     14307   91.00   36.00    0.00    2.00  127.00     0     93.00      0.00 2890688  939400  11.57      0.00  10600.00   1152.00       0  mysqld
1791476156      0     17311    0.00    0.00    0.00    0.00    0.00     1      0.00      0.00   56800   12976   0.16      0.00      0.00      0.00       0  nginx
1791476156     33     23432    7.00    9.00    0.00   20.00   16.00     0      0.00      0.00   60836   14636   0.18      0.00    780.00    716.00       0  nginx
1791476156     33     23433    4.00    5.00    0.00   12.00    9.00     3      0.00      0.00   59068   13000   0.16      0.00    304.00    388.00       0  nginx
1791476156     33     23434    2.00    2.00    0.00    8.00    4.00     3      0.00      0.00   57564   11416   0.14      0.00     16.00      0.00       0  nginx
1791476156     33     23435    3.00    4.00    0.00    6.00    7.00     3      0.00      0.00   58232   11944   0.15      0.00    184.00    260.00       0  nginx
1791476156    113    107411   27.00   21.00    0.00    0.00   48.00     2      1.00      0.00  682592   63952   0.79      0.00      0.00      0.00       0  pdns_server
1791476156   1100    124509   42.00   27.00    0.00   11.00   69.00     0  21722.00      0.00 2123364   26816   0.33      0.00      0.00      0.00       0  isupipe

# Time        UID       PID    %usr %system  %guest   %wait    %CPU   CPU  minflt/s  majflt/s     VSZ     RSS   %MEM   kB_rd/s   kB_wr/s kB_ccwr/s iodelay  Command
1791476157    112     14307   90.00   42.00    0.00    2.00  132.00     2    177.00      0.00 2890688  939612  11.57      0.00   9816.00    568.00       0  mysqld
1791476157      0     17311    0.00    0.00    0.00    0.00    0.00     1      0.00      0.00   56800   12976   0.16      0.00      0.00      0.00       0  nginx
1791476157     33     23432    7.00   10.00    0.00   20.00   17.00     2      0.00      0.00   60836   14636   0.18      0.00    388.00    344.00       0  nginx
1791476157     33     23433    5.00    4.00    0.00   11.00    9.00     0      0.00      0.00   59068   13000   0.16      0.00    348.00    324.00       0  nginx
1791476157     33     23434    1.00    3.00    0.00    4.00    4.00     3      0.00      0.00   57564   11416   0.14      0.00     92.00     80.00       0  nginx
1791476157     33     23435    1.00    4.00    0.00    8.00    5.00     0      0.00      0.00   58232   11944   0.15      0.00     20.00      0.00       0  nginx
1791476157    113    107411   26.00   25.00    0.00    0.00   51.00     2      1.00      0.00  682592   63952   0.79      0.00      0.00      0.00       0  pdns_server
1791476157   1100    124509   40.00   29.00    0.00    0.00   69.00     0  20995.00      0.00 2123364   21720   0.27      0.00      0.00      0.00       0  isupipe

# Time        UID       PID    %usr %system  %guest   %wait    %CPU   CPU  minflt/s  majflt/s     VSZ     RSS   %MEM   kB_rd/s   kB_wr/s kB_ccwr/s iodelay  Command
1791476158    112     14307   87.00   38.00    0.00    2.00  125.00     2      6.00      0.00 2889660  939400  11.57      0.00   6584.00    888.00       0  mysqld
1791476158      0     17311    0.00    0.00    0.00    0.00    0.00     1      0.00      0.00   56800   12976   0.16      0.00      0.00      0.00       0  nginx
1791476158     33     23432   10.00    8.00    0.00   20.00   18.00     0      0.00      0.00   60836   14636   0.18      0.00    668.00    520.00       0  nginx
1791476158     33     23433    4.00    6.00    0.00   11.00   10.00     3      0.00      0.00   59068   13000   0.16      0.00    364.00    344.00       0  nginx
1791476158     33     23434    1.00    2.00    0.00    3.00    3.00     3      0.00      0.00   57564   11416   0.14      0.00      4.00      0.00       0  nginx
1791476158     33     23435    3.00    3.00    0.00    8.00    6.00     3      0.00      0.00   58232   11944   0.15      0.00     92.00     84.00       0  nginx
1791476158    113    107411   22.00   27.00    0.00    0.00   49.00     2      0.00      0.00  682592   63952   0.79      0.00      0.00      0.00       0  pdns_server
1791476158   1100    124509   43.00   28.00    0.00    0.00   71.00     0  21681.00      0.00 2123364   22824   0.28      0.00      0.00      0.00       0  isupipe

# Time        UID       PID    %usr %system  %guest   %wait    %CPU   CPU  minflt/s  majflt/s     VSZ     RSS   %MEM   kB_rd/s   kB_wr/s kB_ccwr/s iodelay  Command
1791476159    112     14307   81.00   39.00    0.00    5.00  120.00     0      9.00      0.00 2889660  939400  11.57      0.00   7696.00   1188.00       0  mysqld
1791476159      0     17311    0.00    0.00    0.00    0.00    0.00     1      0.00      0.00   56800   12976   0.16      0.00      0.00      0.00       0  nginx
1791476159     33     23432    7.00   10.00    0.00   17.00   17.00     3      0.00      0.00   60836   14636   0.18      0.00    788.00    728.00       0  nginx
1791476159     33     23433    4.00    6.00    0.00    9.00   10.00     3      0.00      0.00   59068   13000   0.16      0.00    496.00    468.00       0  nginx
1791476159     33     23434    1.00    0.00    0.00    2.00    1.00     3      0.00      0.00   57564   11416   0.14      0.00    212.00    208.00       0  nginx
1791476159     33     23435    2.00    2.00    0.00    5.00    4.00     3      0.00      0.00   58232   11944   0.15      0.00      0.00      0.00       0  nginx
1791476159    113    107411   23.00   29.00    0.00    0.00   52.00     2      1.00      0.00  682592   63952   0.79      0.00      0.00      0.00       0  pdns_server
1791476159   1100    124509   37.00   27.00    0.00    0.00   64.00     0  24466.00      0.00 2123364   25484   0.31      0.00      0.00      0.00       0  isupipe

# Time        UID       PID    %usr %system  %guest   %wait    %CPU   CPU  minflt/s  majflt/s     VSZ     RSS   %MEM   kB_rd/s   kB_wr/s kB_ccwr/s iodelay  Command
1791476160    112     14307   79.00   46.00    0.00    4.00  125.00     0      9.00      0.00 2889660  939400  11.57      0.00   6248.00    692.00       0  mysqld
1791476160      0     17311    0.00    0.00    0.00    0.00    0.00     1      0.00      0.00   56800   12976   0.16      0.00      0.00      0.00       0  nginx
1791476160     33     23432    5.00    8.00    0.00   27.00   13.00     3      0.00      0.00   60836   14636   0.18      0.00    532.00    588.00       0  nginx
1791476160     33     23433    4.00   10.00    0.00   22.00   14.00     3      0.00      0.00   59068   13000   0.16      0.00    184.00    156.00       0  nginx
1791476160     33     23434    2.00    6.00    0.00   11.00    8.00     3      0.00      0.00   57564   11416   0.14      0.00     20.00      0.00       0  nginx
1791476160     33     23435    5.00    0.00    0.00    5.00    5.00     3      0.00      0.00   58232   11944   0.15      0.00     92.00     92.00       0  nginx
1791476160    113    107411   19.00   29.00    0.00    0.00   48.00     2      1.00      0.00  682592   63952   0.79      0.00      0.00      0.00       0  pdns_server
1791476160   1100    124509   39.00   33.00    0.00   22.00   72.00     1  18990.00      0.00 2123364   22600   0.28      0.00      0.00      0.00       0  isupipe

# Time        UID       PID    %usr %system  %guest   %wait    %CPU   CPU  minflt/s  majflt/s     VSZ     RSS   %MEM   kB_rd/s   kB_wr/s kB_ccwr/s iodelay  Command
1791476161    112     14307   75.00   43.00    0.00    2.00  118.00     1      9.00      0.00 2889660  939400  11.57      0.00  12380.00    480.00       0  mysqld
1791476161      0     17311    0.00    0.00    0.00    0.00    0.00     1      0.00      0.00   56800   12976   0.16      0.00      0.00      0.00       0  nginx
1791476161     33     23432    5.00    8.00    0.00   19.00   13.00     3      0.00      0.00   60836   14636   0.18      0.00    400.00    372.00       0  nginx
1791476161     33     23433    4.00    4.00    0.00   17.00    8.00     3      0.00      0.00   59068   13000   0.16      0.00     32.00      0.00       0  nginx
1791476161     33     23434    0.00    5.00    0.00    9.00    5.00     3      0.00      0.00   57564   11416   0.14      0.00     16.00      0.00       0  nginx
1791476161     33     23435    2.00    3.00    0.00    6.00    5.00     0      0.00      0.00   58232   11944   0.15      0.00    268.00    264.00       0  nginx
1791476161    113    107411   25.00   22.00    0.00    0.00   47.00     2      0.00      0.00  682592   63952   0.79      0.00      0.00      0.00       0  pdns_server
1791476161   1100    124509   32.00   33.00    0.00   19.00   65.00     2  17611.00      0.00 2123364   23476   0.29      0.00      0.00      0.00       0  isupipe

# Time        UID       PID    %usr %system  %guest   %wait    %CPU   CPU  minflt/s  majflt/s     VSZ     RSS   %MEM   kB_rd/s   kB_wr/s kB_ccwr/s iodelay  Command
1791476162    112     14307   74.00   46.00    0.00    4.00  120.00     1     89.00      0.00 2891716  939616  11.57      0.00   5712.00    584.00       0  mysqld
1791476162      0     17311    0.00    0.00    0.00    0.00    0.00     1      0.00      0.00   56800   12976   0.16      0.00      0.00      0.00       0  nginx
1791476162     33     23432    7.00    7.00    0.00   21.00   14.00     0      0.00      0.00   60836   14636   0.18      0.00    328.00    300.00       0  nginx
1791476162     33     23433    5.00    6.00    0.00   15.00   11.00     3      0.00      0.00   59068   13000   0.16      0.00    116.00     88.00       0  nginx
1791476162     33     23434    1.00    3.00    0.00    6.00    4.00     3      0.00      0.00   57564   11416   0.14      0.00    172.00    160.00       0  nginx
1791476162     33     23435    3.00    3.00    0.00    9.00    6.00     3      0.00      0.00   58232   11944   0.15      0.00    252.00    232.00       0  nginx
1791476162    113    107411   20.00   26.00    0.00    0.00   46.00     2      1.00      0.00  682592   63952   0.79      0.00      0.00      0.00       0  pdns_server
1791476162   1100    124509   31.00   38.00    0.00   33.00   69.00     1  17020.00      0.00 2123364   26304   0.32      0.00      0.00      0.00       0  isupipe

# Time        UID       PID    %usr %system  %guest   %wait    %CPU   CPU  minflt/s  majflt/s     VSZ     RSS   %MEM   kB_rd/s   kB_wr/s kB_ccwr/s iodelay  Command
1791476163    112     14307   68.00   44.00    0.00    1.00  112.00     1     96.00      0.00 2890688  939644  11.57      0.00  10196.00    672.00       0  mysqld
1791476163      0     17311    0.00    0.00    0.00    0.00    0.00     1      0.00      0.00   56800   12976   0.16      0.00      0.00      0.00       0  nginx
1791476163     33     23432    4.00   11.00    0.00   21.00   15.00     3      0.00      0.00   60836   14636   0.18      0.00    480.00    352.00       0  nginx
1791476163     33     23433    2.00    7.00    0.00   14.00    9.00     3      0.00      0.00   59068   13000   0.16      0.00    264.00    240.00       0  nginx
1791476163     33     23434    1.00    3.00    0.00    5.00    4.00     3      0.00      0.00   57564   11416   0.14      0.00      8.00      0.00       0  nginx
1791476163     33     23435    1.00    3.00    0.00    5.00    4.00     3      0.00      0.00   58232   11944   0.15      0.00    200.00    192.00       0  nginx
1791476163    113    107411   20.00   23.00    0.00    0.00   43.00     2      0.00      0.00  682592   63952   0.79      0.00      0.00      0.00       0  pdns_server
1791476163   1100    124509   30.00   35.00    0.00   19.00   65.00     0  17465.00      0.00 2123364   19936   0.25      0.00      0.00      0.00       0  isupipe

# Time        UID       PID    %usr %system  %guest   %wait    %CPU   CPU  minflt/s  majflt/s     VSZ     RSS   %MEM   kB_rd/s   kB_wr/s kB_ccwr/s iodelay  Command
1791476164    112     14307   74.00   52.00    0.00    2.00  126.00     0     85.00      0.00 2891716  939448  11.57      0.00   5140.00    460.00       0  mysqld
1791476164      0     17311    0.00    0.00    0.00    0.00    0.00     1      0.00      0.00   56800   12976   0.16      0.00      0.00      0.00       0  nginx
1791476164     33     23432    5.00   10.00    0.00   17.00   15.00     2      0.00      0.00   60836   14636   0.18      0.00    264.00    320.00       0  nginx
1791476164     33     23433    3.00    5.00    0.00   11.00    8.00     3      0.00      0.00   59068   13000   0.16      0.00    316.00    288.00       0  nginx
1791476164     33     23434    0.00    1.00    0.00    3.00    1.00     1      0.00      0.00   57564   11416   0.14      0.00      8.00      0.00       0  nginx
1791476164     33     23435    2.00    3.00    0.00    4.00    5.00     3      0.00      0.00   58232   11944   0.15      0.00      8.00      0.00       0  nginx
1791476164    113    107411   26.00   21.00    0.00    0.00   47.00     2      1.00      0.00  682592   63952   0.79      0.00      0.00      0.00       0  pdns_server
1791476164   1100    124509   32.00   33.00    0.00   23.00   65.00     1  15079.00      0.00 2123364   21088   0.26      0.00      0.00      0.00       0  isupipe

# Time        UID       PID    %usr %system  %guest   %wait    %CPU   CPU  minflt/s  majflt/s     VSZ     RSS   %MEM   kB_rd/s   kB_wr/s kB_ccwr/s iodelay  Command
1791476165    112     14307   74.00   45.00    0.00    3.00  119.00     0     21.00      0.00 2889660  939448  11.57      0.00   5516.00    576.00       0  mysqld
1791476165      0     17311    0.00    0.00    0.00    0.00    0.00     1      0.00      0.00   56800   12976   0.16      0.00      0.00      0.00       0  nginx
1791476165     33     23432    4.00    8.00    0.00   24.00   12.00     3      0.00      0.00   60836   14636   0.18      0.00    360.00    224.00       0  nginx
1791476165     33     23433    4.00    5.00    0.00   15.00    9.00     3      0.00      0.00   59068   13000   0.16      0.00    488.00    448.00       0  nginx
1791476165     33     23434    1.00    2.00    0.00    5.00    3.00     3      0.00      0.00   57564   11416   0.14      0.00      4.00      0.00       0  nginx
1791476165     33     23435    1.00    5.00    0.00   10.00    6.00     3      0.00      0.00   58232   11944   0.15      0.00     88.00     80.00       0  nginx
1791476165    113    107411   21.00   25.00    0.00    0.00   46.00     2      1.00      0.00  682592   63952   0.79      0.00      0.00      0.00       0  pdns_server
1791476165   1100    124509   30.00   31.00    0.00   16.00   61.00     3  18012.00      0.00 2123364   22148   0.27      0.00      0.00      0.00       0  isupipe

# Time        UID       PID    %usr %system  %guest   %wait    %CPU   CPU  minflt/s  majflt/s     VSZ     RSS   %MEM   kB_rd/s   kB_wr/s kB_ccwr/s iodelay  Command
1791476166    112     14307   77.00   49.00    0.00    1.00  126.00     2     18.00      0.00 2890688  939448  11.57      0.00   6144.00    704.00       0  mysqld
1791476166      0     17311    0.00    0.00    0.00    0.00    0.00     1      0.00      0.00   56800   12976   0.16      0.00      0.00      0.00       0  nginx
1791476166     33     23432    6.00    7.00    0.00   20.00   13.00     3      0.00      0.00   60836   14636   0.18      0.00    372.00    444.00       0  nginx
1791476166     33     23433    3.00    7.00    0.00   16.00   10.00     3      0.00      0.00   59068   13000   0.16      0.00    300.00    264.00       0  nginx
1791476166     33     23434    2.00    1.00    0.00    3.00    3.00     3      0.00      0.00   57564   11416   0.14      0.00    140.00    128.00       0  nginx
1791476166     33     23435    3.00    4.00    0.00    8.00    7.00     3      0.00      0.00   58232   11944   0.15      0.00    112.00    100.00       0  nginx
1791476166    113    107411   22.00   23.00    0.00    0.00   45.00     2      0.00      0.00  682592   63952   0.79      0.00      0.00      0.00       0  pdns_server
1791476166   1100    124509   36.00   27.00    0.00   26.00   63.00     0  21109.00      0.00 2123364   19536   0.24      0.00      0.00      0.00       0  isupipe

# Time        UID       PID    %usr %system  %guest   %wait    %CPU   CPU  minflt/s  majflt/s     VSZ     RSS   %MEM   kB_rd/s   kB_wr/s kB_ccwr/s iodelay  Command
1791476167    112     14307   87.00   38.00    0.00    2.00  125.00     2     15.00      0.00 2889660  939448  11.57      0.00   5876.00    600.00       0  mysqld
1791476167      0     17311    0.00    0.00    0.00    0.00    0.00     1      0.00      0.00   56800   12976   0.16      0.00      0.00      0.00       0  nginx
1791476167     33     23432    5.00    7.00    0.00   22.00   12.00     0      0.00      0.00   60836   14636   0.18      0.00    488.00    348.00       0  nginx
1791476167     33     23433    3.00    6.00    0.00   15.00    9.00     0      0.00      0.00   59068   13000   0.16      0.00    272.00    236.00       0  nginx
1791476167     33     23434    0.00    2.00    0.00    3.00    2.00     0      0.00      0.00   57564   11416   0.14      0.00    100.00     96.00       0  nginx
1791476167     33     23435    3.00    5.00    0.00   11.00    8.00     0      0.00      0.00   58232   11944   0.15      0.00    120.00    108.00       0  nginx
1791476167    113    107411   25.00   24.00    0.00    0.00   49.00     2      2.00      0.00  682592   63952   0.79      0.00      0.00      0.00       0  pdns_server
1791476167   1100    124509   45.00   24.00    0.00   26.00   69.00     2  16861.00      0.00 2123364   21180   0.26      0.00      0.00      0.00       0  isupipe

# Time        UID       PID    %usr %system  %guest   %wait    %CPU   CPU  minflt/s  majflt/s     VSZ     RSS   %MEM   kB_rd/s   kB_wr/s kB_ccwr/s iodelay  Command
1791476168    112     14307   80.00   40.00    0.00    2.00  120.00     3     12.00      0.00 2889660  939448  11.57      0.00   6656.00    848.00       0  mysqld
1791476168      0     17311    0.00    0.00    0.00    0.00    0.00     1      0.00      0.00   56800   12976   0.16      0.00      0.00      0.00       0  nginx
1791476168     33     23432    7.00    6.00    0.00   29.00   13.00     3      0.00      0.00   60836   14636   0.18      0.00    292.00    352.00       0  nginx
1791476168     33     23433    8.00    3.00    0.00   23.00   11.00     3      0.00      0.00   59068   13000   0.16      0.00    340.00    328.00       0  nginx
1791476168     33     23434    4.00    2.00    0.00   10.00    6.00     3      0.00      0.00   57564   11416   0.14      0.00    204.00    188.00       0  nginx
1791476168     33     23435    5.00    5.00    0.00   19.00   10.00     0      0.00      0.00   58232   11944   0.15      0.00    212.00    176.00       0  nginx
1791476168    113    107411   21.00   25.00    0.00    0.00   46.00     2      0.00      0.00  682592   63952   0.79      0.00      0.00      0.00       0  pdns_server
1791476168   1100    124509   42.00   28.00    0.00   27.00   70.00     2  23056.00      0.00 2123364   16980   0.21      0.00      0.00      0.00       0  isupipe

# Time        UID       PID    %usr %system  %guest   %wait    %CPU   CPU  minflt/s  majflt/s     VSZ     RSS   %MEM   kB_rd/s   kB_wr/s kB_ccwr/s iodelay  Command
1791476169    112     14307   82.00   44.00    0.00    8.00  126.00     1      9.00      0.00 2889660  939448  11.57      0.00   5464.00    456.00       0  mysqld
1791476169      0     17311    0.00    0.00    0.00    0.00    0.00     1      0.00      0.00   56800   12976   0.16      0.00      0.00      0.00       0  nginx
1791476169     33     23432    5.00    7.00    0.00   28.00   12.00     3      0.00      0.00   60836   14636   0.18      0.00    536.00    508.00       0  nginx
1791476169     33     23433    2.00    5.00    0.00   18.00    7.00     3      0.00      0.00   59068   13000   0.16      0.00     12.00      0.00       0  nginx
1791476169     33     23434    3.00    3.00    0.00   14.00    6.00     1      0.00      0.00   57564   11416   0.14      0.00     24.00      0.00       0  nginx
1791476169     33     23435    4.00    4.00    0.00   20.00    8.00     3      0.00      0.00   58232   11944   0.15      0.00    128.00     96.00       0  nginx
1791476169    113    107411   21.00   24.00    0.00    0.00   45.00     2      1.00      0.00  682592   63952   0.79      0.00      0.00      0.00       0  pdns_server
1791476169   1100    124509   43.00   25.00    0.00   31.00   68.00     1  20605.00      0.00 2123364   20804   0.26      0.00      0.00      0.00       0  isupipe

# Time        UID       PID    %usr %system  %guest   %wait    %CPU   CPU  minflt/s  majflt/s     VSZ     RSS   %MEM   kB_rd/s   kB_wr/s kB_ccwr/s iodelay  Command
1791476170    112     14307   85.00   46.00    0.00    3.00  131.00     1    175.00      0.00 2889660  939972  11.58      0.00   9208.00    304.00       0  mysqld
1791476170      0     17311    0.00    0.00    0.00    0.00    0.00     1      0.00      0.00   56800   12976   0.16      0.00      0.00      0.00       0  nginx
1791476170     33     23432    5.00    6.00    0.00   23.00   11.00     3      0.00      0.00   60836   14636   0.18      0.00    200.00    184.00       0  nginx
1791476170     33     23433    5.00    4.00    0.00   13.00    9.00     0      0.00      0.00   59068   13000   0.16      0.00    268.00    236.00       0  nginx
1791476170     33     23434    2.00    6.00    0.00   14.00    8.00     3     13.00      0.00   57700   11416   0.14      0.00     32.00      0.00       0  nginx
1791476170     33     23435    2.00    6.00    0.00   10.00    8.00     0      0.00      0.00   58232   11944   0.15      0.00     40.00      0.00       0  nginx
1791476170    113    107411   24.00   23.00    0.00    0.00   47.00     2      1.00      0.00  682592   63952   0.79      0.00      0.00      0.00       0  pdns_server
1791476170   1100    124509   42.00   28.00    0.00   29.00   70.00     0  25428.00      0.00 2123364   21916   0.27      0.00      0.00      0.00       0  isupipe

# Time        UID       PID    %usr %system  %guest   %wait    %CPU   CPU  minflt/s  majflt/s     VSZ     RSS   %MEM   kB_rd/s   kB_wr/s kB_ccwr/s iodelay  Command
1791476171    112     14307   79.00   40.00    0.00    3.00  119.00     2    101.00      0.00 2890688  939972  11.58      0.00   5456.00    480.00       0  mysqld
1791476171      0     17311    0.00    0.00    0.00    0.00    0.00     1      0.00      0.00   56800   12976   0.16      0.00      0.00      0.00       0  nginx
1791476171     33     23432    8.00    7.00    0.00   25.00   15.00     3      0.00      0.00   60836   14636   0.18      0.00    412.00    284.00       0  nginx
1791476171     33     23433    6.00    4.00    0.00   13.00   10.00     3      0.00      0.00   59068   13000   0.16      0.00    148.00    132.00       0  nginx
1791476171     33     23434    1.00    3.00    0.00    8.00    4.00     3      0.00      0.00   57700   11416   0.14      0.00      8.00      0.00       0  nginx
1791476171     33     23435    4.00    4.00    0.00    7.00    8.00     0      0.00      0.00   58232   11944   0.15      0.00    248.00    224.00       0  nginx
1791476171    113    107411   23.00   24.00    0.00    0.00   47.00     2      0.00      0.00  682592   63952   0.79      0.00      0.00      0.00       0  pdns_server
1791476171   1100    124509   34.00   28.00    0.00   36.00   62.00     1  17670.00      0.00 2123364   23040   0.28      0.00      0.00      0.00       0  isupipe

# Time        UID       PID    %usr %system  %guest   %wait    %CPU   CPU  minflt/s  majflt/s     VSZ     RSS   %MEM   kB_rd/s   kB_wr/s kB_ccwr/s iodelay  Command
1791476172    112     14307   78.00   49.00    0.00    2.00  127.00     2      9.00      0.00 2890688  939972  11.58      0.00   5860.00    556.00       0  mysqld
1791476172      0     17311    0.00    0.00    0.00    0.00    0.00     1      0.00      0.00   56800   12976   0.16      0.00      0.00      0.00       0  nginx
1791476172     33     23432    7.00    9.00    0.00   22.00   16.00     3      0.00      0.00   60836   14636   0.18      0.00    416.00    372.00       0  nginx
1791476172     33     23433    5.00    6.00    0.00   15.00   11.00     3      0.00      0.00   59068   13000   0.16      0.00    308.00    268.00       0  nginx
1791476172     33     23434    3.00    1.00    0.00    4.00    4.00     3      0.00      0.00   57700   11416   0.14      0.00      4.00      0.00       0  nginx
1791476172     33     23435    2.00    3.00    0.00    7.00    5.00     3      0.00      0.00   58232   11944   0.15      0.00    120.00    104.00       0  nginx
1791476172    113    107411   22.00   24.00    0.00    0.00   46.00     2      1.00      0.00  682592   63952   0.79      0.00      0.00      0.00       0  pdns_server
1791476172   1100    124509   39.00   28.00    0.00   26.00   67.00     0  20071.00      0.00 2123364   18532   0.23      0.00      0.00      0.00       0  isupipe

# Time        UID       PID    %usr %system  %guest   %wait    %CPU   CPU  minflt/s  majflt/s     VSZ     RSS   %MEM   kB_rd/s   kB_wr/s kB_ccwr/s iodelay  Command
1791476173    112     14307   70.00   48.00    0.00    2.00  118.00     1    109.00      0.00 2891716  940076  11.58      0.00   6644.00    896.00       0  mysqld
1791476173      0     17311    0.00    0.00    0.00    0.00    0.00     1      0.00      0.00   56800   12976   0.16      0.00      0.00      0.00       0  nginx
1791476173     33     23432    5.00   10.00    0.00   28.00   15.00     3      0.00      0.00   60836   14636   0.18      0.00    688.00    736.00       0  nginx
1791476173     33     23433    4.00    5.00    0.00   17.00    9.00     3      0.00      0.00   59068   13000   0.16      0.00    392.00    352.00       0  nginx
1791476173     33     23434    1.00    4.00    0.00    8.00    5.00     3      0.00      0.00   57700   11416   0.14      0.00     16.00      0.00       0  nginx
1791476173     33     23435    4.00    4.00    0.00    9.00    8.00     3      0.00      0.00   58232   11944   0.15      0.00      8.00      0.00       0  nginx
1791476173    113    107411   18.00   24.00    0.00    0.00   42.00     2      1.00      0.00  682592   63952   0.79      0.00      0.00      0.00       0  pdns_server
1791476173   1100    124509   44.00   31.00    0.00   37.00   75.00     2  21290.00      0.00 2123364   20604   0.25      0.00      0.00      0.00       0  isupipe

# Time        UID       PID    %usr %system  %guest   %wait    %CPU   CPU  minflt/s  majflt/s     VSZ     RSS   %MEM   kB_rd/s   kB_wr/s kB_ccwr/s iodelay  Command
1791476174    112     14307   88.00   39.00    0.00    1.00  127.00     2      6.00      0.00 2889660  940076  11.58      0.00  10520.00    724.00       0  mysqld
1791476174      0     17311    0.00    0.00    0.00    0.00    0.00     1      0.00      0.00   56800   12976   0.16      0.00      0.00      0.00       0  nginx
1791476174     33     23432    8.00   11.00    0.00   18.00   19.00     0      0.00      0.00   60836   14636   0.18      0.00    572.00    520.00       0  nginx
1791476174     33     23433    6.00    4.00    0.00    8.00   10.00     3      0.00      0.00   59068   13000   0.16      0.00    396.00    360.00       0  nginx
1791476174     33     23434    1.00    1.00    0.00    4.00    2.00     3      0.00      0.00   57700   11416   0.14      0.00     84.00     80.00       0  nginx
1791476174     33     23435    2.00    3.00    0.00    6.00    5.00     1      0.00      0.00   58232   11944   0.15      0.00     12.00      0.00       0  nginx
1791476174    113    107411   25.00   23.00    0.00    0.00   48.00     2      0.00      0.00  682592   63952   0.79      0.00      0.00      0.00       0  pdns_server
1791476174   1100    124509   42.00   30.00    0.00   27.00   72.00     0  22436.00      0.00 2123364   19524   0.24      0.00      0.00      0.00       0  isupipe

# Time        UID       PID    %usr %system  %guest   %wait    %CPU   CPU  minflt/s  majflt/s     VSZ     RSS   %MEM   kB_rd/s   kB_wr/s kB_ccwr/s iodelay  Command
1791476175    112     14307   86.00   37.00    0.00    3.00  123.00     2     26.00      0.00 2890688  940076  11.58      0.00   6760.00    676.00       0  mysqld
1791476175      0     17311    0.00    0.00    0.00    0.00    0.00     1      0.00      0.00   56800   12976   0.16      0.00      0.00      0.00       0  nginx
1791476175     33     23432    6.00    9.00    0.00   21.00   15.00     3      0.00      0.00   60836   14636   0.18      0.00    316.00    248.00       0  nginx
1791476175     33     23433    5.00    7.00    0.00   11.00   12.00     3      0.00      0.00   59068   13000   0.16      0.00    268.00    256.00       0  nginx
1791476175     33     23434    1.00    1.00    0.00    3.00    2.00     3      0.00      0.00   57700   11416   0.14      0.00    104.00     96.00       0  nginx
1791476175     33     23435    2.00    5.00    0.00    7.00    7.00     3      0.00      0.00   58232   11944   0.15      0.00    320.00    296.00       0  nginx
1791476175    113    107411   18.00   24.00    0.00    0.00   42.00     2      0.00      0.00  682592   63952   0.79      0.00      0.00      0.00       0  pdns_server
1791476175   1100    124509   43.00   27.00    0.00   33.00   70.00     0  24664.00      0.00 2123364   22344   0.28      0.00      0.00      0.00       0  isupipe

# Time        UID       PID    %usr %system  %guest   %wait    %CPU   CPU  minflt/s  majflt/s     VSZ     RSS   %MEM   kB_rd/s   kB_wr/s kB_ccwr/s iodelay  Command
1791476176    112     14307   87.00   46.00    0.00    1.00  133.00     2     24.00      0.00 2891716  940076  11.58      0.00   6404.00    656.00       0  mysqld
1791476176      0     17311    0.00    0.00    0.00    0.00    0.00     1      0.00      0.00   56800   12976   0.16      0.00      0.00      0.00       0  nginx
1791476176     33     23432    7.00    8.00    0.00   16.00   15.00     1      0.00      0.00   60836   14636   0.18      0.00    564.00    436.00       0  nginx
1791476176     33     23433    3.00    7.00    0.00   10.00   10.00     3      0.00      0.00   59068   13000   0.16      0.00    104.00     80.00       0  nginx
1791476176     33     23434    0.00    0.00    0.00    1.00    0.00     3      0.00      0.00   57700   11416   0.14      0.00      0.00      0.00       0  nginx
1791476176     33     23435    3.00    4.00    0.00    6.00    7.00     3      0.00      0.00   58232   11944   0.15      0.00    364.00    348.00       0  nginx
1791476176    113    107411   21.00   25.00    0.00    0.00   46.00     2      1.00      0.00  682592   63952   0.79      0.00      0.00      0.00       0  pdns_server
1791476176   1100    124509   43.00   27.00    0.00   26.00   70.00     1  21500.00      0.00 2123364   23312   0.29      0.00      0.00      0.00       0  isupipe

# Time        UID       PID    %usr %system  %guest   %wait    %CPU   CPU  minflt/s  majflt/s     VSZ     RSS   %MEM   kB_rd/s   kB_wr/s kB_ccwr/s iodelay  Command
1791476177    112     14307   78.00   44.00    0.00    2.00  122.00     0     13.00      0.00 2889660  940076  11.58      0.00   5692.00    544.00       0  mysqld
1791476177      0     17311    0.00    0.00    0.00    0.00    0.00     1      0.00      0.00   56800   12976   0.16      0.00      0.00      0.00       0  nginx
1791476177     33     23432    7.00    7.00    0.00   13.00   14.00     3      0.00      0.00   60836   14636   0.18      0.00    208.00    236.00       0  nginx
1791476177     33     23433    4.00    5.00    0.00   11.00    9.00     3      0.00      0.00   59068   13000   0.16      0.00    188.00     84.00       0  nginx
1791476177     33     23434    1.00    1.00    0.00    0.00    2.00     3      0.00      0.00   57700   11416   0.14      0.00    184.00    184.00       0  nginx
1791476177     33     23435    2.00    2.00    0.00    4.00    4.00     3      0.00      0.00   58232   11944   0.15      0.00    144.00    132.00       0  nginx
1791476177    113    107411   20.00   25.00    0.00    0.00   45.00     2      0.00      0.00  682592   63952   0.79      0.00      0.00      0.00       0  pdns_server
1791476177   1100    124509   41.00   29.00    0.00   20.00   70.00     1  16766.00      0.00 2123364   23980   0.30      0.00      0.00      0.00       0  isupipe

# Time        UID       PID    %usr %system  %guest   %wait    %CPU   CPU  minflt/s  majflt/s     VSZ     RSS   %MEM   kB_rd/s   kB_wr/s kB_ccwr/s iodelay  Command
1791476178    112     14307   82.18   44.55    0.00    1.98  126.73     0      5.94      0.00 2889660  940076  11.58      0.00   6930.69    788.12       0  mysqld
1791476178      0     17311    0.00    0.00    0.00    0.00    0.00     1      0.00      0.00   56800   12976   0.16      0.00      0.00      0.00       0  nginx
1791476178     33     23432   10.89    8.91    0.00   20.79   19.80     3      0.00      0.00   60836   14636   0.18      0.00    601.98    538.61       0  nginx
1791476178     33     23433    6.93    3.96    0.00    9.90   10.89     3      0.00      0.00   59068   13000   0.16      0.00    201.98    253.47       0  nginx
1791476178     33     23434    2.97    0.99    0.00    2.97    3.96     3      0.00      0.00   57700   11416   0.14      0.00     91.09     87.13       0  nginx
1791476178     33     23435    0.99    4.95    0.00    4.95    5.94     3      0.00      0.00   58232   11944   0.15      0.00    170.30    154.46       0  nginx
1791476178    113    107411   17.82   21.78    0.00    0.00   39.60     2      1.98      0.00  682592   63952   0.79      0.00      0.00      0.00       0  pdns_server
1791476178   1100    124509   44.55   29.70    0.00   31.68   74.26     0  27567.33      0.00 2123364   17296   0.21      0.00      0.00      0.00       0  isupipe

# Time        UID       PID    %usr %system  %guest   %wait    %CPU   CPU  minflt/s  majflt/s     VSZ     RSS   %MEM   kB_rd/s   kB_wr/s kB_ccwr/s iodelay  Command
1791476179    112     14307    2.00    3.00    0.00    0.00    5.00     1      0.00      0.00 2889660  940076  11.58      0.00   3104.00      0.00       0  mysqld
1791476179      0     17311    0.00    0.00    0.00    0.00    0.00     1      0.00      0.00   56800   12976   0.16      0.00      0.00      0.00       0  nginx
1791476179     33     23432    0.00    0.00    0.00    1.00    0.00     1      0.00      0.00   60836   14636   0.18      0.00      4.00      0.00       0  nginx
1791476179     33     23433    0.00    0.00    0.00    0.00    0.00     3      0.00      0.00   59068   13000   0.16      0.00      0.00      0.00       0  nginx
1791476179     33     23434    0.00    0.00    0.00    1.00    0.00     3      0.00      0.00   57700   11416   0.14      0.00      0.00      0.00       0  nginx
1791476179     33     23435    0.00    0.00    0.00    1.00    0.00     1      0.00      0.00   58232   11944   0.15      0.00      0.00      0.00       0  nginx
1791476179    113    107411    1.00    1.00    0.00    0.00    2.00     2      0.00      0.00  682592   63952   0.79      0.00      0.00      0.00       0  pdns_server
1791476179   1100    124509    0.00    1.00    0.00    2.00    1.00     2     57.00      0.00 2123364   16444   0.20      0.00      0.00      0.00       0  isupipe
