Linux 5.15.0-198-generic (isucon13-app) 	10/08/26 	_aarch64_	(4 CPU)

# Time        UID       PID    %usr %system  %guest   %wait    %CPU   CPU  minflt/s  majflt/s     VSZ     RSS   %MEM   kB_rd/s   kB_wr/s kB_ccwr/s iodelay  Command
1791495951      0        13    0.00    0.00    0.00    0.00    0.00     0      0.00      0.00       0       0   0.00      0.00      0.00      0.00       0  ksoftirqd/0
1791495951      0        22    0.00    0.00    0.00    0.00    0.00     1      0.00      0.00       0       0   0.00      0.00      0.00      0.00       0  ksoftirqd/1
1791495951      0        28    0.00    0.00    0.00    0.00    0.00     2      0.00      0.00       0       0   0.00      0.00      0.00      0.00       0  ksoftirqd/2
1791495951      0        34    0.00    0.00    0.00    0.00    0.00     3      0.00      0.00       0       0   0.00      0.00      0.00      0.00       0  ksoftirqd/3
1791495951      0       344    0.00    2.00    0.00    1.00    2.00     2      0.00      0.00       0       0   0.00      0.00    104.00      0.00       0  jbd2/sda1-8
1791495951      0       418    0.00    0.00    0.00    0.00    0.00     0      0.00      2.00   65156   16292   0.20      0.00      8.00      0.00       0  systemd-journal
1791495951    104       664    0.00    0.00    0.00    0.00    0.00     2      0.00      0.00  222072    4484   0.06      0.00      0.00      0.00       0  rsyslogd
1791495951      0       728    0.00    0.00    0.00    0.00    0.00     0      0.00      0.00   56244    2480   0.03      0.00      0.00      0.00       0  nginx
1791495951     33       729    0.00    0.00    0.00    0.00    0.00     3      0.00      0.00   62808   16228   0.20      0.00      0.00      0.00       0  nginx
1791495951     33       730    0.00    0.00    0.00    0.00    0.00     1      0.00      0.00   64768   18340   0.23      0.00      0.00      0.00       0  nginx
1791495951     33       731    0.00    0.00    0.00    0.00    0.00     2      0.00      0.00   63120   16756   0.21      0.00      0.00      0.00       0  nginx
1791495951     33       732    0.00    0.00    0.00    0.00    0.00     2      0.00      0.00   68436   22016   0.27      0.00      0.00      0.00       0  nginx
1791495951    112       737   21.00   17.00    0.00    0.00   38.00     2  14458.00      0.00 2848800  633952   7.81     96.00  37748.00      0.00       0  mysqld
1791495951   1100     25770    0.00    0.00    0.00    0.00    0.00     0      4.00      0.00 1753668   12496   0.15      0.00      0.00      0.00       0  isupipe

# Time        UID       PID    %usr %system  %guest   %wait    %CPU   CPU  minflt/s  majflt/s     VSZ     RSS   %MEM   kB_rd/s   kB_wr/s kB_ccwr/s iodelay  Command
1791495952      0        13    0.00    0.00    0.00    0.00    0.00     0      0.00      0.00       0       0   0.00      0.00      0.00      0.00       0  ksoftirqd/0
1791495952      0        22    0.00    0.00    0.00    0.00    0.00     1      0.00      0.00       0       0   0.00      0.00      0.00      0.00       0  ksoftirqd/1
1791495952      0        28    0.00    0.00    0.00    0.00    0.00     2      0.00      0.00       0       0   0.00      0.00      0.00      0.00       0  ksoftirqd/2
1791495952      0        34    0.00    0.00    0.00    0.00    0.00     3      0.00      0.00       0       0   0.00      0.00      0.00      0.00       0  ksoftirqd/3
1791495952      0       344    0.00    0.00    0.00    0.00    0.00     2      0.00      0.00       0       0   0.00      0.00     20.00      0.00       0  jbd2/sda1-8
1791495952      0       418    0.00    0.00    0.00    0.00    0.00     0      0.00      0.00   65156   16292   0.20      0.00      0.00      0.00       0  systemd-journal
1791495952    104       664    0.00    0.00    0.00    0.00    0.00     2      0.00      0.00  222072    4484   0.06      0.00      0.00      0.00       0  rsyslogd
1791495952      0       728    0.00    0.00    0.00    0.00    0.00     0      0.00      0.00   56244    2480   0.03      0.00      0.00      0.00       0  nginx
1791495952     33       729    0.00    0.00    0.00    0.00    0.00     3      0.00      0.00   62808   16228   0.20      0.00      0.00      0.00       0  nginx
1791495952     33       730    0.00    0.00    0.00    0.00    0.00     1      0.00      0.00   64768   18340   0.23      0.00      0.00      0.00       0  nginx
1791495952     33       731    0.00    0.00    0.00    0.00    0.00     2      0.00      0.00   63120   16756   0.21      0.00      0.00      0.00       0  nginx
1791495952     33       732    2.00    0.00    0.00    0.00    2.00     1      0.00      0.00   68436   22016   0.27      0.00     96.00     96.00       0  nginx
1791495952    112       737   29.00    7.00    0.00    0.00   36.00     2   7634.00      0.00 2849828  662928   8.17      0.00  19692.00      0.00       0  mysqld
1791495952   1100     25770    8.00    7.00    0.00    0.00   15.00     0   1089.00      0.00 1754244   15328   0.19      0.00     52.00     52.00       0  isupipe

# Time        UID       PID    %usr %system  %guest   %wait    %CPU   CPU  minflt/s  majflt/s     VSZ     RSS   %MEM   kB_rd/s   kB_wr/s kB_ccwr/s iodelay  Command
1791495953      0        13    0.00    0.00    0.00    0.00    0.00     0      0.00      0.00       0       0   0.00      0.00      0.00      0.00       0  ksoftirqd/0
1791495953      0        22    0.00    0.00    0.00    0.00    0.00     1      0.00      0.00       0       0   0.00      0.00      0.00      0.00       0  ksoftirqd/1
1791495953      0        28    0.00    0.00    0.00    0.00    0.00     2      0.00      0.00       0       0   0.00      0.00      0.00      0.00       0  ksoftirqd/2
1791495953      0        34    0.00    0.00    0.00    0.00    0.00     3      0.00      0.00       0       0   0.00      0.00      0.00      0.00       0  ksoftirqd/3
1791495953      0       344    0.00    0.99    0.00    0.00    0.99     0      0.00      0.00       0       0   0.00      0.00    114.85      0.00       0  jbd2/sda1-8
1791495953      0       418    0.00    0.00    0.00    0.00    0.00     0      0.00      0.00   65156   16292   0.20      0.00      0.00      0.00       0  systemd-journal
1791495953    104       664    0.00    0.00    0.00    0.00    0.00     2      0.00      0.00  222072    4484   0.06      0.00      0.00      0.00       0  rsyslogd
1791495953      0       728    0.00    0.00    0.00    0.00    0.00     0      0.00      0.00   56244    2480   0.03      0.00      0.00      0.00       0  nginx
1791495953     33       729    0.00    0.00    0.00    0.00    0.00     3      0.00      0.00   62808   16228   0.20      0.00      0.00      0.00       0  nginx
1791495953     33       730    0.00    0.00    0.00    0.00    0.00     1      0.00      0.00   64768   18340   0.23      0.00      0.00      0.00       0  nginx
1791495953     33       731    0.00    0.00    0.00    0.00    0.00     2      0.00      0.00   63120   16756   0.21      0.00      0.00      0.00       0  nginx
1791495953     33       732    0.00    0.00    0.00    0.00    0.00     2      0.00      0.00   68436   22016   0.27      0.00     11.88      0.00       0  nginx
1791495953    112       737    0.99    0.99    0.00    0.00    1.98     2      0.00      0.00 2849828  662928   8.17      0.00   3009.90      0.00       0  mysqld
1791495953   1100     25770    0.00    0.00    0.00    0.00    0.00     0      0.00      0.00 1754244   15328   0.19      0.00      0.00      0.00       0  isupipe

# Time        UID       PID    %usr %system  %guest   %wait    %CPU   CPU  minflt/s  majflt/s     VSZ     RSS   %MEM   kB_rd/s   kB_wr/s kB_ccwr/s iodelay  Command
1791495954      0        13    0.00    0.00    0.00    0.00    0.00     0      0.00      0.00       0       0   0.00      0.00      0.00      0.00       0  ksoftirqd/0
1791495954      0        22    0.00    0.00    0.00    0.00    0.00     1      0.00      0.00       0       0   0.00      0.00      0.00      0.00       0  ksoftirqd/1
1791495954      0        28    0.00    0.00    0.00    0.00    0.00     2      0.00      0.00       0       0   0.00      0.00      0.00      0.00       0  ksoftirqd/2
1791495954      0        34    0.00    0.00    0.00    0.00    0.00     3      0.00      0.00       0       0   0.00      0.00      0.00      0.00       0  ksoftirqd/3
1791495954      0       344    0.00    0.00    0.00    0.00    0.00     1      0.00      0.00       0       0   0.00      0.00     26.92      0.00       0  jbd2/sda1-8
1791495954      0       418    0.00    0.00    0.00    0.00    0.00     0      0.00      0.00   65156   16292   0.20      0.00      0.00      0.00       0  systemd-journal
1791495954    104       664    0.00    0.00    0.00    0.00    0.00     2      0.00      0.00  222072    4484   0.06      0.00      0.00      0.00       0  rsyslogd
1791495954      0       728    0.00    0.00    0.00    0.00    0.00     0      0.00      0.00   56244    2480   0.03      0.00      0.00      0.00       0  nginx
1791495954     33       729    0.00    0.00    0.00    0.00    0.00     3      0.00      0.00   62808   16228   0.20      0.00      0.00      0.00       0  nginx
1791495954     33       730    0.00    0.00    0.00    0.00    0.00     1      0.00      0.00   64768   18340   0.23      0.00      0.00      0.00       0  nginx
1791495954     33       731    0.00    0.00    0.00    0.00    0.00     2      0.00      0.00   63120   16756   0.21      0.00      0.00      0.00       0  nginx
1791495954     33       732    0.96    0.00    0.00    0.00    0.96     0      0.00      0.00   68436   22016   0.27      0.00     80.77     80.77       0  nginx
1791495954    112       737    1.92    0.96    0.00    0.00    2.88     2      0.00      0.00 2849828  662928   8.17      0.00   2757.69      0.00       0  mysqld
1791495954   1100     25770    0.96    2.88    0.00    0.00    3.85     1     73.08      0.00 1754244   14952   0.18      0.00      0.00      0.00       0  isupipe

# Time        UID       PID    %usr %system  %guest   %wait    %CPU   CPU  minflt/s  majflt/s     VSZ     RSS   %MEM   kB_rd/s   kB_wr/s kB_ccwr/s iodelay  Command
1791495955      0        13    0.00    0.00    0.00    0.00    0.00     0      0.00      0.00       0       0   0.00      0.00      0.00      0.00       0  ksoftirqd/0
1791495955      0        22    0.00    0.00    0.00    0.00    0.00     1      0.00      0.00       0       0   0.00      0.00      0.00      0.00       0  ksoftirqd/1
1791495955      0        28    0.00    0.00    0.00    0.00    0.00     2      0.00      0.00       0       0   0.00      0.00      0.00      0.00       0  ksoftirqd/2
1791495955      0        34    0.00    0.00    0.00    0.00    0.00     3      0.00      0.00       0       0   0.00      0.00      0.00      0.00       0  ksoftirqd/3
1791495955      0       344    0.00    0.00    0.00    0.00    0.00     1      0.00      0.00       0       0   0.00      0.00      0.00      0.00       0  jbd2/sda1-8
1791495955      0       418    0.00    0.00    0.00    0.00    0.00     0      0.00      0.00   65156   16292   0.20      0.00      0.00      0.00       0  systemd-journal
1791495955    104       664    0.00    0.00    0.00    0.00    0.00     2      0.00      0.00  222072    4484   0.06      0.00      0.00      0.00       0  rsyslogd
1791495955      0       728    0.00    0.00    0.00    0.00    0.00     0      0.00      0.00   56244    2480   0.03      0.00      0.00      0.00       0  nginx
1791495955     33       729    0.00    0.00    0.00    0.00    0.00     3      0.00      0.00   62808   16228   0.20      0.00      0.00      0.00       0  nginx
1791495955     33       730    0.00    0.00    0.00    0.00    0.00     1      0.00      0.00   64768   18340   0.23      0.00      0.00      0.00       0  nginx
1791495955     33       731    0.00    0.00    0.00    0.00    0.00     2      0.00      0.00   63120   16756   0.21      0.00      0.00      0.00       0  nginx
1791495955     33       732    0.00    0.00    0.00    0.00    0.00     2      0.00      0.00   68436   22016   0.27      0.00     11.43      0.00       0  nginx
1791495955    112       737    0.95    0.95    0.00    0.00    1.90     2      0.00      0.00 2849828  662928   8.17      0.00   6095.24      0.00       0  mysqld
1791495955   1100     25770    0.00    0.00    0.00    0.00    0.00     1      0.00      0.00 1754244   14952   0.18      0.00      0.00      0.00       0  isupipe

# Time        UID       PID    %usr %system  %guest   %wait    %CPU   CPU  minflt/s  majflt/s     VSZ     RSS   %MEM   kB_rd/s   kB_wr/s kB_ccwr/s iodelay  Command
1791495956      0        13    0.00    0.00    0.00    0.00    0.00     0      0.00      0.00       0       0   0.00      0.00      0.00      0.00       0  ksoftirqd/0
1791495956      0        22    0.00    0.00    0.00    0.00    0.00     1      0.00      0.00       0       0   0.00      0.00      0.00      0.00       0  ksoftirqd/1
1791495956      0        28    0.00    0.00    0.00    0.00    0.00     2      0.00      0.00       0       0   0.00      0.00      0.00      0.00       0  ksoftirqd/2
1791495956      0        34    0.00    0.00    0.00    0.00    0.00     3      0.00      0.00       0       0   0.00      0.00      0.00      0.00       0  ksoftirqd/3
1791495956      0       344    0.00    0.00    0.00    0.00    0.00     1      0.00      0.00       0       0   0.00      0.00     12.00      0.00       0  jbd2/sda1-8
1791495956      0       418    0.00    0.00    0.00    0.00    0.00     1      0.00     34.00   65156   16292   0.20      0.00    136.00      0.00       0  systemd-journal
1791495956    104       664    0.00    0.00    0.00    0.00    0.00     2      0.00      0.00  222072    4484   0.06      0.00      4.00      0.00       0  rsyslogd
1791495956      0       728    0.00    0.00    0.00    0.00    0.00     0      0.00      0.00   56244    2480   0.03      0.00      0.00      0.00       0  nginx
1791495956     33       729    0.00    0.00    0.00    0.00    0.00     3      0.00      0.00   62808   16228   0.20      0.00      0.00      0.00       0  nginx
1791495956     33       730    0.00    0.00    0.00    0.00    0.00     1      0.00      0.00   64768   18340   0.23      0.00     84.00      0.00       0  nginx
1791495956     33       731    0.00    0.00    0.00    0.00    0.00     2      0.00      0.00   63120   16756   0.21      0.00      0.00      0.00       0  nginx
1791495956     33       732    2.00    0.00    0.00    0.00    2.00     0      0.00      0.00   68436   22016   0.27      0.00     84.00      0.00       0  nginx
1791495956    112       737    6.00    1.00    0.00    0.00    7.00     3      1.00      0.00 2849828  662928   8.17      0.00   1792.00      0.00       0  mysqld
1791495956   1100     25770    5.00    2.00    0.00    0.00    7.00     3    208.00      0.00 1754500   15732   0.19      0.00      0.00      0.00       0  isupipe

# Time        UID       PID    %usr %system  %guest   %wait    %CPU   CPU  minflt/s  majflt/s     VSZ     RSS   %MEM   kB_rd/s   kB_wr/s kB_ccwr/s iodelay  Command
1791495957      0        13    0.00    1.00    0.00    0.00    1.00     0      0.00      0.00       0       0   0.00      0.00      0.00      0.00       0  ksoftirqd/0
1791495957      0        22    0.00    0.00    0.00    0.00    0.00     1      0.00      0.00       0       0   0.00      0.00      0.00      0.00       0  ksoftirqd/1
1791495957      0        28    0.00    0.00    0.00    0.00    0.00     2      0.00      0.00       0       0   0.00      0.00      0.00      0.00       0  ksoftirqd/2
1791495957      0        34    0.00    0.00    0.00    0.00    0.00     3      0.00      0.00       0       0   0.00      0.00      0.00      0.00       0  ksoftirqd/3
1791495957      0       344    0.00    1.00    0.00    0.00    1.00     1      0.00      0.00       0       0   0.00      0.00     56.00      0.00       0  jbd2/sda1-8
1791495957      0       418    0.00    0.00    0.00    0.00    0.00     1      0.00      0.00   65156   16292   0.20      0.00      0.00      0.00       0  systemd-journal
1791495957    104       664    0.00    0.00    0.00    0.00    0.00     2      0.00      0.00  222072    4484   0.06      0.00      0.00      0.00       0  rsyslogd
1791495957      0       728    0.00    0.00    0.00    0.00    0.00     0      0.00      0.00   56244    2480   0.03      0.00      0.00      0.00       0  nginx
1791495957     33       729    0.00    2.00    0.00    1.00    2.00     0      0.00      0.00   62808   16228   0.20      0.00    160.00    160.00       0  nginx
1791495957     33       730    8.00    7.00    0.00    8.00   15.00     1      0.00      0.00   64768   18340   0.23      0.00   1040.00    956.00       0  nginx
1791495957     33       731    2.00    3.00    0.00    2.00    5.00     0      0.00      0.00   63120   16756   0.21      0.00    224.00    224.00       0  nginx
1791495957     33       732   13.00   14.00    0.00   15.00   27.00     0      0.00      0.00   68436   22016   0.27      0.00   2148.00   2072.00       0  nginx
1791495957    112       737   70.00   25.00    0.00    1.00   95.00     1   1474.00      0.00 2858180  667356   8.22      0.00  15516.00      0.00       0  mysqld
1791495957   1100     25770   53.00   30.00    0.00   19.00   83.00     1   4287.00      0.00 1976132   19472   0.24      0.00      0.00      0.00       0  isupipe

# Time        UID       PID    %usr %system  %guest   %wait    %CPU   CPU  minflt/s  majflt/s     VSZ     RSS   %MEM   kB_rd/s   kB_wr/s kB_ccwr/s iodelay  Command
1791495958      0        13    0.00    0.99    0.00    0.99    0.99     0      0.00      0.00       0       0   0.00      0.00      0.00      0.00       0  ksoftirqd/0
1791495958      0        22    0.00    0.00    0.00    0.00    0.00     1      0.00      0.00       0       0   0.00      0.00      0.00      0.00       0  ksoftirqd/1
1791495958      0        28    0.00    0.00    0.00    0.00    0.00     2      0.00      0.00       0       0   0.00      0.00      0.00      0.00       0  ksoftirqd/2
1791495958      0        34    0.00    0.00    0.00    0.00    0.00     3      0.00      0.00       0       0   0.00      0.00      0.00      0.00       0  ksoftirqd/3
1791495958      0       344    0.00    0.99    0.00    0.00    0.99     1      0.00      0.00       0       0   0.00      0.00      7.92      0.00       0  jbd2/sda1-8
1791495958      0       418    0.00    0.00    0.00    0.00    0.00     1      0.00      0.99   65156   16292   0.20      0.00      3.96      0.00       0  systemd-journal
1791495958    104       664    0.00    0.00    0.00    0.00    0.00     2      0.00      0.00  222072    4484   0.06      0.00      0.00      0.00       0  rsyslogd
1791495958      0       728    0.00    0.00    0.00    0.00    0.00     0      0.00      0.00   56244    2480   0.03      0.00      0.00      0.00       0  nginx
1791495958     33       729    4.95    1.98    0.00    2.97    6.93     0      0.00      0.00   62808   16228   0.20      0.00    285.15    265.35       0  nginx
1791495958     33       730    9.90    8.91    0.00   18.81   18.81     2      0.00      0.00   64768   18340   0.23      0.00    776.24    815.84       0  nginx
1791495958     33       731    4.95    4.95    0.00    5.94    9.90     0      0.00      0.00   63120   16756   0.21      0.00    427.72    388.12       0  nginx
1791495958     33       732   10.89   14.85    0.00   24.75   25.74     0      0.00      0.00   68436   22016   0.27      0.00   1829.70   1576.24       0  nginx
1791495958    112       737   75.25   24.75    0.00    0.00  100.00     3    196.04      0.00 2861264  668056   8.23      0.00   7592.08      0.00       0  mysqld
1791495958   1100     25770   60.40   30.69    0.00   16.83   91.09     3   3898.02      0.00 1976132   20592   0.25      0.00      0.00      0.00       0  isupipe

# Time        UID       PID    %usr %system  %guest   %wait    %CPU   CPU  minflt/s  majflt/s     VSZ     RSS   %MEM   kB_rd/s   kB_wr/s kB_ccwr/s iodelay  Command
1791495959      0        13    0.00    1.01    0.00    0.00    1.01     0      0.00      0.00       0       0   0.00      0.00      0.00      0.00       0  ksoftirqd/0
1791495959      0        22    0.00    0.00    0.00    0.00    0.00     1      0.00      0.00       0       0   0.00      0.00      0.00      0.00       0  ksoftirqd/1
1791495959      0        28    0.00    0.00    0.00    0.00    0.00     2      0.00      0.00       0       0   0.00      0.00      0.00      0.00       0  ksoftirqd/2
1791495959      0        34    0.00    0.00    0.00    0.00    0.00     3      0.00      0.00       0       0   0.00      0.00      0.00      0.00       0  ksoftirqd/3
1791495959      0       344    0.00    0.00    0.00    1.01    0.00     3      0.00      0.00       0       0   0.00      0.00      8.08      0.00       0  jbd2/sda1-8
1791495959      0       418    0.00    0.00    0.00    0.00    0.00     2      0.00      3.03   65156   16292   0.20      0.00     12.12      0.00       0  systemd-journal
1791495959    104       664    0.00    0.00    0.00    0.00    0.00     2      0.00      0.00  222072    4484   0.06      0.00      0.00      0.00       0  rsyslogd
1791495959      0       728    0.00    0.00    0.00    0.00    0.00     0      0.00      0.00   56244    2480   0.03      0.00      0.00      0.00       0  nginx
1791495959     33       729    5.05    5.05    0.00    9.09   10.10     0      0.00      0.00   62808   16228   0.20      0.00    428.28    351.52       0  nginx
1791495959     33       730    6.06   13.13    0.00   24.24   19.19     0      0.00      0.00   64768   18340   0.23      0.00    800.00    634.34       0  nginx
1791495959     33       731    8.08    7.07    0.00   17.17   15.15     0      0.00      0.00   63120   16756   0.21      0.00    472.73    412.12       0  nginx
1791495959     33       732   12.12   13.13    0.00   27.27   25.25     1      0.00      0.00   68436   22016   0.27      0.00   1616.16   1389.90       0  nginx
1791495959    112       737   76.77   26.26    0.00    1.01  103.03     1    157.58      0.00 2861264  668492   8.23      0.00   5814.14      0.00       0  mysqld
1791495959   1100     25770   56.57   31.31    0.00   21.21   87.88     2   4004.04      0.00 1976132   21172   0.26      0.00      0.00      0.00       0  isupipe

# Time        UID       PID    %usr %system  %guest   %wait    %CPU   CPU  minflt/s  majflt/s     VSZ     RSS   %MEM   kB_rd/s   kB_wr/s kB_ccwr/s iodelay  Command
1791495960      0        13    0.00    0.99    0.00    0.00    0.99     0      0.00      0.00       0       0   0.00      0.00      0.00      0.00       0  ksoftirqd/0
1791495960      0        22    0.00    0.00    0.00    0.00    0.00     1      0.00      0.00       0       0   0.00      0.00      0.00      0.00       0  ksoftirqd/1
1791495960      0        28    0.00    0.00    0.00    0.00    0.00     2      0.00      0.00       0       0   0.00      0.00      0.00      0.00       0  ksoftirqd/2
1791495960      0        34    0.00    0.00    0.00    0.00    0.00     3      0.00      0.00       0       0   0.00      0.00      0.00      0.00       0  ksoftirqd/3
1791495960      0       344    0.00    0.99    0.00    0.00    0.99     0      0.00      0.00       0       0   0.00      0.00      7.92      0.00       0  jbd2/sda1-8
1791495960      0       418    0.00    0.00    0.00    0.00    0.00     2      0.00      0.00   65156   16292   0.20      0.00      0.00      0.00       0  systemd-journal
1791495960    104       664    0.00    0.00    0.00    0.00    0.00     2      0.00      0.00  222072    4484   0.06      0.00      0.00      0.00       0  rsyslogd
1791495960      0       728    0.00    0.00    0.00    0.00    0.00     0      0.00      0.00   56244    2480   0.03      0.00      0.00      0.00       0  nginx
1791495960     33       729    3.96    4.95    0.00    6.93    8.91     0      0.00      0.00   62808   16228   0.20      0.00    249.50    201.98       0  nginx
1791495960     33       730    7.92    8.91    0.00   19.80   16.83     2      0.00      0.00   64768   18340   0.23      0.00    930.69    772.28       0  nginx
1791495960     33       731    4.95    6.93    0.00   15.84   11.88     0      0.00      0.00   63120   16756   0.21      0.00    803.96    693.07       0  nginx
1791495960     33       732   10.89   11.88    0.00   25.74   22.77     0      0.00      0.00   68436   22016   0.27      0.00   1544.55   1326.73       0  nginx
1791495960    112       737   78.22   22.77    0.00    0.99  100.99     1    114.85      0.00 2861264  668696   8.24      0.00   8348.51      0.00       0  mysqld
1791495960   1100     25770   50.50   39.60    0.00    0.99   90.10     2   2934.65      0.00 1976132   20700   0.25      0.00      0.00      0.00       0  isupipe

# Time        UID       PID    %usr %system  %guest   %wait    %CPU   CPU  minflt/s  majflt/s     VSZ     RSS   %MEM   kB_rd/s   kB_wr/s kB_ccwr/s iodelay  Command
1791495961      0        13    0.00    1.00    0.00    0.00    1.00     0      0.00      0.00       0       0   0.00      0.00      0.00      0.00       0  ksoftirqd/0
1791495961      0        22    0.00    0.00    0.00    0.00    0.00     1      0.00      0.00       0       0   0.00      0.00      0.00      0.00       0  ksoftirqd/1
1791495961      0        28    0.00    0.00    0.00    0.00    0.00     2      0.00      0.00       0       0   0.00      0.00      0.00      0.00       0  ksoftirqd/2
1791495961      0        34    0.00    0.00    0.00    0.00    0.00     3      0.00      0.00       0       0   0.00      0.00      0.00      0.00       0  ksoftirqd/3
1791495961      0       344    0.00    1.00    0.00    0.00    1.00     3      0.00      0.00       0       0   0.00      0.00      4.00      0.00       0  jbd2/sda1-8
1791495961      0       418    0.00    0.00    0.00    0.00    0.00     3      0.00      2.00   65156   16292   0.20      0.00      8.00      0.00       0  systemd-journal
1791495961    104       664    0.00    0.00    0.00    0.00    0.00     2      0.00      0.00  222072    4484   0.06      0.00      0.00      0.00       0  rsyslogd
1791495961      0       728    0.00    0.00    0.00    0.00    0.00     0      0.00      0.00   56244    2480   0.03      0.00      0.00      0.00       0  nginx
1791495961     33       729    4.00    6.00    0.00   12.00   10.00     2      0.00      0.00   62808   16228   0.20      0.00    568.00    504.00       0  nginx
1791495961     33       730    6.00    9.00    0.00   24.00   15.00     0      0.00      0.00   64768   18340   0.23      0.00    588.00    452.00       0  nginx
1791495961     33       731    6.00    8.00    0.00   14.00   14.00     0      0.00      0.00   63120   16756   0.21      0.00    696.00    612.00       0  nginx
1791495961     33       732   12.00   14.00    0.00   32.00   26.00     0      0.00      0.00   68436   22016   0.27      0.00   1864.00   1656.00       0  nginx
1791495961    112       737   76.00   24.00    0.00    0.00  100.00     2     82.00      0.00 2861264  668944   8.24      0.00  12720.00      0.00       0  mysqld
1791495961   1100     25770   51.00   38.00    0.00    6.00   89.00     3   3299.00      0.00 1976132   21544   0.27      0.00      0.00      0.00       0  isupipe

# Time        UID       PID    %usr %system  %guest   %wait    %CPU   CPU  minflt/s  majflt/s     VSZ     RSS   %MEM   kB_rd/s   kB_wr/s kB_ccwr/s iodelay  Command
1791495962      0        13    0.00    1.00    0.00    0.00    1.00     0      0.00      0.00       0       0   0.00      0.00      0.00      0.00       0  ksoftirqd/0
1791495962      0        22    0.00    1.00    0.00    0.00    1.00     1      0.00      0.00       0       0   0.00      0.00      0.00      0.00       0  ksoftirqd/1
1791495962      0        28    0.00    1.00    0.00    0.00    1.00     2      0.00      0.00       0       0   0.00      0.00      0.00      0.00       0  ksoftirqd/2
1791495962      0        34    0.00    0.00    0.00    0.00    0.00     3      0.00      0.00       0       0   0.00      0.00      0.00      0.00       0  ksoftirqd/3
1791495962      0       344    0.00    1.00    0.00    0.00    1.00     3      0.00      0.00       0       0   0.00      0.00      4.00      0.00       0  jbd2/sda1-8
1791495962      0       418    0.00    0.00    0.00    0.00    0.00     2      0.00      1.00   65156   16292   0.20      0.00      4.00      0.00       0  systemd-journal
1791495962    104       664    0.00    0.00    0.00    0.00    0.00     2      0.00      0.00  222072    4484   0.06      0.00      0.00      0.00       0  rsyslogd
1791495962      0       728    0.00    0.00    0.00    0.00    0.00     0      0.00      0.00   56244    2480   0.03      0.00      0.00      0.00       0  nginx
1791495962     33       729    2.00    5.00    0.00    5.00    7.00     0      0.00      0.00   62808   16228   0.20      0.00    496.00    440.00       0  nginx
1791495962     33       730   10.00   10.00    0.00   22.00   20.00     0      0.00      0.00   64768   18340   0.23      0.00    620.00    340.00       0  nginx
1791495962     33       731    4.00    8.00    0.00    9.00   12.00     0      0.00      0.00   63120   16756   0.21      0.00    632.00    528.00       0  nginx
1791495962     33       732   12.00   11.00    0.00   23.00   23.00     0      0.00      0.00   68436   22016   0.27      0.00   1712.00   1436.00       0  nginx
1791495962    112       737   82.00   22.00    0.00    1.00  104.00     2     34.00      0.00 2861264  669136   8.24      0.00   6744.00      0.00       0  mysqld
1791495962   1100     25770   53.00   33.00    0.00   26.00   86.00     1   3111.00      0.00 1976132   21032   0.26      0.00      0.00      0.00       0  isupipe

# Time        UID       PID    %usr %system  %guest   %wait    %CPU   CPU  minflt/s  majflt/s     VSZ     RSS   %MEM   kB_rd/s   kB_wr/s kB_ccwr/s iodelay  Command
1791495963      0        13    0.00    1.00    0.00    0.00    1.00     0      0.00      0.00       0       0   0.00      0.00      0.00      0.00       0  ksoftirqd/0
1791495963      0        22    0.00    0.00    0.00    0.00    0.00     1      0.00      0.00       0       0   0.00      0.00      0.00      0.00       0  ksoftirqd/1
1791495963      0        28    0.00    0.00    0.00    0.00    0.00     2      0.00      0.00       0       0   0.00      0.00      0.00      0.00       0  ksoftirqd/2
1791495963      0        34    0.00    1.00    0.00    0.00    1.00     3      0.00      0.00       0       0   0.00      0.00      0.00      0.00       0  ksoftirqd/3
1791495963      0       344    0.00    1.00    0.00    1.00    1.00     3      0.00      0.00       0       0   0.00      0.00      0.00      0.00       0  jbd2/sda1-8
1791495963      0       418    0.00    0.00    0.00    0.00    0.00     2      0.00      2.00   65156   16292   0.20      0.00      8.00      0.00       0  systemd-journal
1791495963    104       664    0.00    0.00    0.00    0.00    0.00     2      0.00      0.00  222072    4484   0.06      0.00      0.00      0.00       0  rsyslogd
1791495963      0       728    0.00    0.00    0.00    0.00    0.00     0      0.00      0.00   56244    2480   0.03      0.00      0.00      0.00       0  nginx
1791495963     33       729    2.00    3.00    0.00    4.00    5.00     1      0.00      0.00   62808   16228   0.20      0.00    292.00    268.00       0  nginx
1791495963     33       730    7.00   10.00    0.00   17.00   17.00     1      0.00      0.00   64768   18340   0.23      0.00    936.00    912.00       0  nginx
1791495963     33       731    5.00    8.00    0.00   10.00   13.00     0      0.00      0.00   63120   16756   0.21      0.00    744.00    676.00       0  nginx
1791495963     33       732   15.00   14.00    0.00   26.00   29.00     0      0.00      0.00   68436   22016   0.27      0.00   1164.00   1012.00       0  nginx
1791495963    112       737   78.00   23.00    0.00    0.00  101.00     2      6.00      0.00 2861264  669136   8.24      0.00  13360.00      0.00       0  mysqld
1791495963   1100     25770   60.00   33.00    0.00   20.00   93.00     2   3757.00      0.00 2049924   22228   0.27      0.00      0.00      0.00       0  isupipe

# Time        UID       PID    %usr %system  %guest   %wait    %CPU   CPU  minflt/s  majflt/s     VSZ     RSS   %MEM   kB_rd/s   kB_wr/s kB_ccwr/s iodelay  Command
1791495964      0        13    0.00    1.00    0.00    0.00    1.00     0      0.00      0.00       0       0   0.00      0.00      0.00      0.00       0  ksoftirqd/0
1791495964      0        22    0.00    0.00    0.00    0.00    0.00     1      0.00      0.00       0       0   0.00      0.00      0.00      0.00       0  ksoftirqd/1
1791495964      0        28    0.00    0.00    0.00    0.00    0.00     2      0.00      0.00       0       0   0.00      0.00      0.00      0.00       0  ksoftirqd/2
1791495964      0        34    0.00    0.00    0.00    0.00    0.00     3      0.00      0.00       0       0   0.00      0.00      0.00      0.00       0  ksoftirqd/3
1791495964      0       344    0.00    0.00    0.00    0.00    0.00     3      0.00      0.00       0       0   0.00      0.00      0.00      0.00       0  jbd2/sda1-8
1791495964      0       418    0.00    0.00    0.00    0.00    0.00     2      0.00      2.00   65156   16292   0.20      0.00      8.00      0.00       0  systemd-journal
1791495964    104       664    0.00    0.00    0.00    0.00    0.00     2      0.00      0.00  222072    4484   0.06      0.00      0.00      0.00       0  rsyslogd
1791495964      0       728    0.00    0.00    0.00    0.00    0.00     0      0.00      0.00   56244    2480   0.03      0.00      0.00      0.00       0  nginx
1791495964     33       729    4.00    3.00    0.00   10.00    7.00     0      0.00      0.00   62808   16228   0.20      0.00    320.00    288.00       0  nginx
1791495964     33       730    6.00    9.00    0.00   19.00   15.00     0      0.00      0.00   64768   18340   0.23      0.00   1044.00    924.00       0  nginx
1791495964     33       731    4.00   10.00    0.00   16.00   14.00     0      0.00      0.00   63120   16756   0.21      0.00    428.00    328.00       0  nginx
1791495964     33       732   10.00   17.00    0.00   29.00   27.00     0      0.00      0.00   68436   22016   0.27      0.00   1576.00   1320.00       0  nginx
1791495964    112       737   83.00   21.00    0.00    1.00  104.00     1     52.00      0.00 2861264  669136   8.24      0.00   7796.00      0.00       0  mysqld
1791495964   1100     25770   55.00   34.00    0.00   24.00   89.00     2   2446.00      0.00 2049924   21888   0.27      0.00      0.00      0.00       0  isupipe

# Time        UID       PID    %usr %system  %guest   %wait    %CPU   CPU  minflt/s  majflt/s     VSZ     RSS   %MEM   kB_rd/s   kB_wr/s kB_ccwr/s iodelay  Command
1791495965      0        13    0.00    1.00    0.00    0.00    1.00     0      0.00      0.00       0       0   0.00      0.00      0.00      0.00       0  ksoftirqd/0
1791495965      0        22    0.00    0.00    0.00    0.00    0.00     1      0.00      0.00       0       0   0.00      0.00      0.00      0.00       0  ksoftirqd/1
1791495965      0        28    0.00    0.00    0.00    0.00    0.00     2      0.00      0.00       0       0   0.00      0.00      0.00      0.00       0  ksoftirqd/2
1791495965      0        34    0.00    0.00    0.00    0.00    0.00     3      0.00      0.00       0       0   0.00      0.00      0.00      0.00       0  ksoftirqd/3
1791495965      0       344    0.00    1.00    0.00    0.00    1.00     2      0.00      0.00       0       0   0.00      0.00      0.00      0.00       0  jbd2/sda1-8
1791495965      0       418    0.00    0.00    0.00    0.00    0.00     2      0.00      0.00   65156   16292   0.20      0.00      0.00      0.00       0  systemd-journal
1791495965    104       664    0.00    0.00    0.00    0.00    0.00     2      0.00      0.00  222072    4484   0.06      0.00      0.00      0.00       0  rsyslogd
1791495965      0       728    0.00    0.00    0.00    0.00    0.00     0      0.00      0.00   56244    2480   0.03      0.00      0.00      0.00       0  nginx
1791495965     33       729    4.00    6.00    0.00   10.00   10.00     0      0.00      0.00   62808   16228   0.20      0.00    248.00    180.00       0  nginx
1791495965     33       730    8.00    7.00    0.00   16.00   15.00     0      0.00      0.00   64768   18340   0.23      0.00    912.00    800.00       0  nginx
1791495965     33       731    6.00    9.00    0.00   18.00   15.00     0      0.00      0.00   63120   16756   0.21      0.00    576.00    444.00       0  nginx
1791495965     33       732   11.00   16.00    0.00   30.00   27.00     0      0.00      0.00   68436   22016   0.27      0.00   1708.00   1484.00       0  nginx
1791495965    112       737   69.00   28.00    0.00    0.00   97.00     3      2.00      0.00 2861264  669136   8.24      0.00   8172.00      0.00       0  mysqld
1791495965   1100     25770   57.00   33.00    0.00   23.00   90.00     3   3149.00      0.00 2049924   21732   0.27      0.00      0.00      0.00       0  isupipe

# Time        UID       PID    %usr %system  %guest   %wait    %CPU   CPU  minflt/s  majflt/s     VSZ     RSS   %MEM   kB_rd/s   kB_wr/s kB_ccwr/s iodelay  Command
1791495966      0        13    0.00    1.00    0.00    0.00    1.00     0      0.00      0.00       0       0   0.00      0.00      0.00      0.00       0  ksoftirqd/0
1791495966      0        22    0.00    0.00    0.00    0.00    0.00     1      0.00      0.00       0       0   0.00      0.00      0.00      0.00       0  ksoftirqd/1
1791495966      0        28    0.00    0.00    0.00    0.00    0.00     2      0.00      0.00       0       0   0.00      0.00      0.00      0.00       0  ksoftirqd/2
1791495966      0        34    0.00    0.00    0.00    0.00    0.00     3      0.00      0.00       0       0   0.00      0.00      0.00      0.00       0  ksoftirqd/3
1791495966      0       344    0.00    1.00    0.00    0.00    1.00     1      0.00      0.00       0       0   0.00      0.00      0.00      0.00       0  jbd2/sda1-8
1791495966      0       418    0.00    0.00    0.00    0.00    0.00     2      0.00      4.00   65156   16292   0.20      0.00     16.00      0.00       0  systemd-journal
1791495966    104       664    0.00    0.00    0.00    0.00    0.00     2      0.00      0.00  222072    4484   0.06      0.00      4.00      0.00       0  rsyslogd
1791495966      0       728    0.00    0.00    0.00    0.00    0.00     0      0.00      0.00   56244    2480   0.03      0.00      0.00      0.00       0  nginx
1791495966     33       729    4.00   10.00    0.00   13.00   14.00     0      0.00      0.00   62808   16228   0.20      0.00    520.00    332.00       0  nginx
1791495966     33       730    6.00   12.00    0.00   31.00   18.00     1      0.00      0.00   64768   18340   0.23      0.00   1236.00   1152.00       0  nginx
1791495966     33       731    9.00    8.00    0.00   18.00   17.00     0      0.00      0.00   63120   16756   0.21      0.00    740.00    636.00       0  nginx
1791495966     33       732    7.00   19.00    0.00   38.00   26.00     0      0.00      0.00   68436   22016   0.27      0.00   1440.00   1216.00       0  nginx
1791495966    112       737   77.00   25.00    0.00    1.00  102.00     3     48.00      0.00 2861264  669136   8.24      0.00  15244.00      0.00       0  mysqld
1791495966   1100     25770   57.00   33.00    0.00   17.00   90.00     2   4520.00      0.00 2123716   24100   0.30      0.00      0.00      0.00       0  isupipe

# Time        UID       PID    %usr %system  %guest   %wait    %CPU   CPU  minflt/s  majflt/s     VSZ     RSS   %MEM   kB_rd/s   kB_wr/s kB_ccwr/s iodelay  Command
1791495967      0        13    0.00    0.00    0.00    0.00    0.00     0      0.00      0.00       0       0   0.00      0.00      0.00      0.00       0  ksoftirqd/0
1791495967      0        22    0.00    0.00    0.00    0.00    0.00     1      0.00      0.00       0       0   0.00      0.00      0.00      0.00       0  ksoftirqd/1
1791495967      0        28    0.00    0.00    0.00    0.00    0.00     2      0.00      0.00       0       0   0.00      0.00      0.00      0.00       0  ksoftirqd/2
1791495967      0        34    0.00    0.00    0.00    0.00    0.00     3      0.00      0.00       0       0   0.00      0.00      0.00      0.00       0  ksoftirqd/3
1791495967      0       344    0.00    1.00    0.00    1.00    1.00     2      0.00      0.00       0       0   0.00      0.00      0.00      0.00       0  jbd2/sda1-8
1791495967      0       418    0.00    0.00    0.00    0.00    0.00     2      0.00      0.00   65156   16292   0.20      0.00      0.00      0.00       0  systemd-journal
1791495967    104       664    0.00    0.00    0.00    0.00    0.00     2      0.00      0.00  222072    4484   0.06      0.00      0.00      0.00       0  rsyslogd
1791495967      0       728    0.00    0.00    0.00    0.00    0.00     0      0.00      0.00   56244    2480   0.03      0.00      0.00      0.00       0  nginx
1791495967     33       729    5.00    4.00    0.00   10.00    9.00     0      0.00      0.00   62808   16228   0.20      0.00    576.00    596.00       0  nginx
1791495967     33       730    7.00   11.00    0.00   24.00   18.00     0      0.00      0.00   64768   18340   0.23      0.00    796.00    644.00       0  nginx
1791495967     33       731    9.00    7.00    0.00   17.00   16.00     0      0.00      0.00   63120   16756   0.21      0.00    848.00    656.00       0  nginx
1791495967     33       732   11.00   17.00    0.00   33.00   28.00     0      0.00      0.00   68436   22016   0.27      0.00   1476.00   1220.00       0  nginx
1791495967    112       737   90.00   14.00    0.00    0.00  104.00     3     62.00      0.00 2861264  669136   8.24      0.00  10244.00      0.00       0  mysqld
1791495967   1100     25770   57.00   32.00    0.00   19.00   89.00     1   4623.00      0.00 2123972   22752   0.28      0.00      0.00      0.00       0  isupipe

# Time        UID       PID    %usr %system  %guest   %wait    %CPU   CPU  minflt/s  majflt/s     VSZ     RSS   %MEM   kB_rd/s   kB_wr/s kB_ccwr/s iodelay  Command
1791495968      0        13    0.00    1.00    0.00    0.00    1.00     0      0.00      0.00       0       0   0.00      0.00      0.00      0.00       0  ksoftirqd/0
1791495968      0        22    0.00    1.00    0.00    0.00    1.00     1      0.00      0.00       0       0   0.00      0.00      0.00      0.00       0  ksoftirqd/1
1791495968      0        28    0.00    0.00    0.00    0.00    0.00     2      0.00      0.00       0       0   0.00      0.00      0.00      0.00       0  ksoftirqd/2
1791495968      0        34    0.00    0.00    0.00    0.00    0.00     3      0.00      0.00       0       0   0.00      0.00      0.00      0.00       0  ksoftirqd/3
1791495968      0       344    0.00    0.00    0.00    0.00    0.00     2      0.00      0.00       0       0   0.00      0.00      0.00      0.00       0  jbd2/sda1-8
1791495968      0       418    0.00    0.00    0.00    0.00    0.00     2      0.00      2.00   65156   16292   0.20      0.00      8.00      0.00       0  systemd-journal
1791495968    104       664    0.00    0.00    0.00    0.00    0.00     2      0.00      0.00  222072    4484   0.06      0.00      0.00      0.00       0  rsyslogd
1791495968      0       728    0.00    0.00    0.00    0.00    0.00     0      0.00      0.00   56244    2480   0.03      0.00      0.00      0.00       0  nginx
1791495968     33       729    6.00    6.00    0.00    9.00   12.00     0      0.00      0.00   62808   16228   0.20      0.00    468.00    400.00       0  nginx
1791495968     33       730    9.00   10.00    0.00   26.00   19.00     1      0.00      0.00   64768   18340   0.23      0.00   1304.00   1120.00       0  nginx
1791495968     33       731    9.00    6.00    0.00   17.00   15.00     0      0.00      0.00   63120   16756   0.21      0.00    992.00    940.00       0  nginx
1791495968     33       732   13.00   13.00    0.00   40.00   26.00     1      0.00      0.00   68436   22016   0.27      0.00   1196.00    940.00       0  nginx
1791495968    112       737   85.00   21.00    0.00    2.00  106.00     1     42.00      0.00 2861264  669556   8.25      0.00   9596.00      0.00       0  mysqld
1791495968   1100     25770   56.00   34.00    0.00    1.00   90.00     3   2694.00      0.00 2123972   22376   0.28      0.00      0.00      0.00       0  isupipe

# Time        UID       PID    %usr %system  %guest   %wait    %CPU   CPU  minflt/s  majflt/s     VSZ     RSS   %MEM   kB_rd/s   kB_wr/s kB_ccwr/s iodelay  Command
1791495969      0        13    0.00    1.00    0.00    1.00    1.00     0      0.00      0.00       0       0   0.00      0.00      0.00      0.00       0  ksoftirqd/0
1791495969      0        22    0.00    0.00    0.00    0.00    0.00     1      0.00      0.00       0       0   0.00      0.00      0.00      0.00       0  ksoftirqd/1
1791495969      0        28    0.00    1.00    0.00    0.00    1.00     2      0.00      0.00       0       0   0.00      0.00      0.00      0.00       0  ksoftirqd/2
1791495969      0        34    0.00    0.00    0.00    0.00    0.00     3      0.00      0.00       0       0   0.00      0.00      0.00      0.00       0  ksoftirqd/3
1791495969      0       344    0.00    1.00    0.00    0.00    1.00     3      0.00      0.00       0       0   0.00      0.00      0.00      0.00       0  jbd2/sda1-8
1791495969      0       418    0.00    0.00    0.00    0.00    0.00     2      0.00      0.00   65156   16292   0.20      0.00      0.00      0.00       0  systemd-journal
1791495969    104       664    0.00    0.00    0.00    0.00    0.00     2      0.00      0.00  222072    4484   0.06      0.00      0.00      0.00       0  rsyslogd
1791495969      0       728    0.00    0.00    0.00    0.00    0.00     0      0.00      0.00   56244    2480   0.03      0.00      0.00      0.00       0  nginx
1791495969     33       729    6.00    6.00    0.00   11.00   12.00     1      0.00      0.00   62808   16228   0.20      0.00    372.00    296.00       0  nginx
1791495969     33       730    8.00   10.00    0.00   29.00   18.00     0      0.00      0.00   64768   18340   0.23      0.00    780.00    692.00       0  nginx
1791495969     33       731    7.00   10.00    0.00   19.00   17.00     0      0.00      0.00   63120   16756   0.21      0.00    420.00    312.00       0  nginx
1791495969     33       732   11.00   14.00    0.00   39.00   25.00     1      0.00      0.00   68436   22016   0.27      0.00   1664.00   1416.00       0  nginx
1791495969    112       737   85.00   25.00    0.00    1.00  110.00     1     26.00      0.00 2861264  669556   8.25      0.00  24892.00      0.00       0  mysqld
1791495969   1100     25770   57.00   35.00    0.00   29.00   92.00     1   3413.00      0.00 2123972   23444   0.29      0.00      0.00      0.00       0  isupipe

# Time        UID       PID    %usr %system  %guest   %wait    %CPU   CPU  minflt/s  majflt/s     VSZ     RSS   %MEM   kB_rd/s   kB_wr/s kB_ccwr/s iodelay  Command
1791495970      0        13    0.00    1.00    0.00    0.00    1.00     0      0.00      0.00       0       0   0.00      0.00      0.00      0.00       0  ksoftirqd/0
1791495970      0        22    0.00    0.00    0.00    0.00    0.00     1      0.00      0.00       0       0   0.00      0.00      0.00      0.00       0  ksoftirqd/1
1791495970      0        28    0.00    0.00    0.00    0.00    0.00     2      0.00      0.00       0       0   0.00      0.00      0.00      0.00       0  ksoftirqd/2
1791495970      0        34    0.00    0.00    0.00    0.00    0.00     3      0.00      0.00       0       0   0.00      0.00      0.00      0.00       0  ksoftirqd/3
1791495970      0       344    0.00    1.00    0.00    0.00    1.00     0      0.00      0.00       0       0   0.00      0.00      0.00      0.00       0  jbd2/sda1-8
1791495970      0       418    0.00    0.00    0.00    0.00    0.00     3      0.00      4.00   65156   16292   0.20      0.00     16.00      0.00       0  systemd-journal
1791495970    104       664    0.00    0.00    0.00    0.00    0.00     2      0.00      0.00  222072    4484   0.06      0.00      0.00      0.00       0  rsyslogd
1791495970      0       728    0.00    0.00    0.00    0.00    0.00     0      0.00      0.00   56244    2480   0.03      0.00      0.00      0.00       0  nginx
1791495970     33       729    4.00    9.00    0.00   16.00   13.00     0      0.00      0.00   62808   16228   0.20      0.00    720.00    648.00       0  nginx
1791495970     33       730    6.00   11.00    0.00   26.00   17.00     3      0.00      0.00   64768   18340   0.23      0.00    672.00    504.00       0  nginx
1791495970     33       731    6.00   10.00    0.00   21.00   16.00     0      0.00      0.00   63120   16756   0.21      0.00    508.00    364.00       0  nginx
1791495970     33       732   11.00   15.00    0.00   28.00   26.00     0      0.00      0.00   68436   22016   0.27      0.00   1384.00   1160.00       0  nginx
1791495970    112       737   87.00   23.00    0.00    1.00  110.00     2     31.00      0.00 2861264  669556   8.25      0.00  12952.00      0.00       0  mysqld
1791495970   1100     25770   64.00   25.00    0.00   12.00   89.00     3   3649.00      0.00 2124228   22932   0.28      0.00      0.00      0.00       0  isupipe

# Time        UID       PID    %usr %system  %guest   %wait    %CPU   CPU  minflt/s  majflt/s     VSZ     RSS   %MEM   kB_rd/s   kB_wr/s kB_ccwr/s iodelay  Command
1791495971      0        13    0.00    1.00    0.00    0.00    1.00     0      0.00      0.00       0       0   0.00      0.00      0.00      0.00       0  ksoftirqd/0
1791495971      0        22    0.00    0.00    0.00    0.00    0.00     1      0.00      0.00       0       0   0.00      0.00      0.00      0.00       0  ksoftirqd/1
1791495971      0        28    0.00    0.00    0.00    0.00    0.00     2      0.00      0.00       0       0   0.00      0.00      0.00      0.00       0  ksoftirqd/2
1791495971      0        34    0.00    1.00    0.00    0.00    1.00     3      0.00      0.00       0       0   0.00      0.00      0.00      0.00       0  ksoftirqd/3
1791495971      0       344    0.00    1.00    0.00    0.00    1.00     3      0.00      0.00       0       0   0.00      0.00      4.00      0.00       0  jbd2/sda1-8
1791495971      0       418    0.00    0.00    0.00    0.00    0.00     3      0.00      1.00   65156   16292   0.20      0.00      4.00      0.00       0  systemd-journal
1791495971    104       664    0.00    0.00    0.00    0.00    0.00     2      0.00      0.00  222072    4484   0.06      0.00      0.00      0.00       0  rsyslogd
1791495971      0       728    0.00    0.00    0.00    0.00    0.00     0      0.00      0.00   56244    2480   0.03      0.00      0.00      0.00       0  nginx
1791495971     33       729    6.00    7.00    0.00   17.00   13.00     0      0.00      0.00   62808   16228   0.20      0.00    220.00     96.00       0  nginx
1791495971     33       730    8.00   11.00    0.00   28.00   19.00     0      0.00      0.00   64768   18340   0.23      0.00    708.00    588.00       0  nginx
1791495971     33       731    6.00    8.00    0.00   20.00   14.00     0      0.00      0.00   63120   16756   0.21      0.00   1244.00   1012.00       0  nginx
1791495971     33       732   10.00   13.00    0.00   33.00   23.00     0      0.00      0.00   68436   22016   0.27      0.00   1876.00   1680.00       0  nginx
1791495971    112       737   84.00   22.00    0.00    1.00  106.00     3      1.00      0.00 2861264  669556   8.25      0.00  16836.00      0.00       0  mysqld
1791495971   1100     25770   60.00   32.00    0.00   28.00   92.00     2   3439.00      0.00 2124228   22772   0.28      0.00      0.00      0.00       0  isupipe

# Time        UID       PID    %usr %system  %guest   %wait    %CPU   CPU  minflt/s  majflt/s     VSZ     RSS   %MEM   kB_rd/s   kB_wr/s kB_ccwr/s iodelay  Command
1791495972      0        13    0.00    1.00    0.00    0.00    1.00     0      0.00      0.00       0       0   0.00      0.00      0.00      0.00       0  ksoftirqd/0
1791495972      0        22    0.00    0.00    0.00    0.00    0.00     1      0.00      0.00       0       0   0.00      0.00      0.00      0.00       0  ksoftirqd/1
1791495972      0        28    0.00    0.00    0.00    0.00    0.00     2      0.00      0.00       0       0   0.00      0.00      0.00      0.00       0  ksoftirqd/2
1791495972      0        34    0.00    0.00    0.00    0.00    0.00     3      0.00      0.00       0       0   0.00      0.00      0.00      0.00       0  ksoftirqd/3
1791495972      0       344    0.00    0.00    0.00    1.00    0.00     2      0.00      0.00       0       0   0.00      0.00      0.00      0.00       0  jbd2/sda1-8
1791495972      0       418    0.00    0.00    0.00    0.00    0.00     3      0.00      0.00   65156   16292   0.20      0.00      0.00      0.00       0  systemd-journal
1791495972    104       664    0.00    0.00    0.00    0.00    0.00     2      0.00      0.00  222072    4484   0.06      0.00      0.00      0.00       0  rsyslogd
1791495972      0       728    0.00    0.00    0.00    0.00    0.00     0      0.00      0.00   56244    2480   0.03      0.00      0.00      0.00       0  nginx
1791495972     33       729    5.00    8.00    0.00   12.00   13.00     0      0.00      0.00   62808   16228   0.20      0.00    600.00    528.00       0  nginx
1791495972     33       730    8.00    9.00    0.00   28.00   17.00     0      0.00      0.00   64768   18340   0.23      0.00    576.00    408.00       0  nginx
1791495972     33       731    6.00   10.00    0.00   22.00   16.00     0      0.00      0.00   63120   16756   0.21      0.00    836.00    824.00       0  nginx
1791495972     33       732   12.00   11.00    0.00   36.00   23.00     0      0.00      0.00   68436   22016   0.27      0.00   1760.00   1480.00       0  nginx
1791495972    112       737   83.00   20.00    0.00    1.00  103.00     2     19.00      0.00 2861264  669556   8.25      0.00  13904.00      0.00       0  mysqld
1791495972   1100     25770   50.00   36.00    0.00   28.00   86.00     3   2727.00      0.00 2124228   22824   0.28      0.00      0.00      0.00       0  isupipe

# Time        UID       PID    %usr %system  %guest   %wait    %CPU   CPU  minflt/s  majflt/s     VSZ     RSS   %MEM   kB_rd/s   kB_wr/s kB_ccwr/s iodelay  Command
1791495973      0        13    0.00    1.00    0.00    0.00    1.00     0      0.00      0.00       0       0   0.00      0.00      0.00      0.00       0  ksoftirqd/0
1791495973      0        22    0.00    0.00    0.00    0.00    0.00     1      0.00      0.00       0       0   0.00      0.00      0.00      0.00       0  ksoftirqd/1
1791495973      0        28    0.00    0.00    0.00    0.00    0.00     2      0.00      0.00       0       0   0.00      0.00      0.00      0.00       0  ksoftirqd/2
1791495973      0        34    0.00    0.00    0.00    0.00    0.00     3      0.00      0.00       0       0   0.00      0.00      0.00      0.00       0  ksoftirqd/3
1791495973      0       344    0.00    1.00    0.00    0.00    1.00     3      0.00      0.00       0       0   0.00      0.00      0.00      0.00       0  jbd2/sda1-8
1791495973      0       418    0.00    0.00    0.00    0.00    0.00     2      0.00      1.00   65156   16292   0.20      0.00      4.00      0.00       0  systemd-journal
1791495973    104       664    0.00    0.00    0.00    0.00    0.00     2      0.00      0.00  222072    4484   0.06      0.00      0.00      0.00       0  rsyslogd
1791495973      0       728    0.00    0.00    0.00    0.00    0.00     0      0.00      0.00   56244    2480   0.03      0.00      0.00      0.00       0  nginx
1791495973     33       729    5.00    6.00    0.00   13.00   11.00     0      0.00      0.00   62808   16228   0.20      0.00    644.00    468.00       0  nginx
1791495973     33       730    9.00    9.00    0.00   30.00   18.00     2      0.00      0.00   64768   18340   0.23      0.00    636.00    500.00       0  nginx
1791495973     33       731    8.00    7.00    0.00   12.00   15.00     0      0.00      0.00   63120   16756   0.21      0.00   1028.00    928.00       0  nginx
1791495973     33       732   12.00   12.00    0.00   37.00   24.00     0      0.00      0.00   68436   22016   0.27      0.00   1328.00   1216.00       0  nginx
1791495973    112       737   82.00   24.00    0.00    1.00  106.00     1      8.00      0.00 2861264  669556   8.25      0.00  10180.00      0.00       0  mysqld
1791495973   1100     25770   53.00   36.00    0.00   31.00   89.00     1   4045.00      0.00 2124228   24144   0.30      0.00      0.00      0.00       0  isupipe

# Time        UID       PID    %usr %system  %guest   %wait    %CPU   CPU  minflt/s  majflt/s     VSZ     RSS   %MEM   kB_rd/s   kB_wr/s kB_ccwr/s iodelay  Command
1791495974      0        13    0.00    1.00    0.00    0.00    1.00     0      0.00      0.00       0       0   0.00      0.00      0.00      0.00       0  ksoftirqd/0
1791495974      0        22    0.00    0.00    0.00    0.00    0.00     1      0.00      0.00       0       0   0.00      0.00      0.00      0.00       0  ksoftirqd/1
1791495974      0        28    0.00    0.00    0.00    0.00    0.00     2      0.00      0.00       0       0   0.00      0.00      0.00      0.00       0  ksoftirqd/2
1791495974      0        34    0.00    0.00    0.00    0.00    0.00     3      0.00      0.00       0       0   0.00      0.00      0.00      0.00       0  ksoftirqd/3
1791495974      0       344    0.00    1.00    0.00    0.00    1.00     1      0.00      0.00       0       0   0.00      0.00      0.00      0.00       0  jbd2/sda1-8
1791495974      0       418    0.00    0.00    0.00    0.00    0.00     2      0.00      0.00   65156   16292   0.20      0.00      0.00      0.00       0  systemd-journal
1791495974    104       664    0.00    0.00    0.00    0.00    0.00     2      0.00      0.00  222072    4484   0.06      0.00      0.00      0.00       0  rsyslogd
1791495974      0       728    0.00    0.00    0.00    0.00    0.00     0      0.00      0.00   56244    2480   0.03      0.00      0.00      0.00       0  nginx
1791495974     33       729    6.00    6.00    0.00   13.00   12.00     0      0.00      0.00   62808   16228   0.20      0.00    804.00    712.00       0  nginx
1791495974     33       730    9.00    9.00    0.00   27.00   18.00     3      0.00      0.00   64768   18340   0.23      0.00   1092.00    896.00       0  nginx
1791495974     33       731    8.00    9.00    0.00   24.00   17.00     0      0.00      0.00   63120   16756   0.21      0.00    892.00    800.00       0  nginx
1791495974     33       732   16.00   12.00    0.00   35.00   28.00     2      0.00      0.00   68436   22016   0.27      0.00   1464.00   1208.00       0  nginx
1791495974    112       737   84.00   27.00    0.00    1.00  111.00     0     16.00      0.00 2861264  669556   8.25      0.00  15004.00      0.00       0  mysqld
1791495974   1100     25770   55.00   34.00    0.00   30.00   89.00     2   2592.00      0.00 2124228   23720   0.29      0.00      0.00      0.00       0  isupipe

# Time        UID       PID    %usr %system  %guest   %wait    %CPU   CPU  minflt/s  majflt/s     VSZ     RSS   %MEM   kB_rd/s   kB_wr/s kB_ccwr/s iodelay  Command
1791495975      0        13    0.00    1.00    0.00    0.00    1.00     0      0.00      0.00       0       0   0.00      0.00      0.00      0.00       0  ksoftirqd/0
1791495975      0        22    0.00    1.00    0.00    0.00    1.00     1      0.00      0.00       0       0   0.00      0.00      0.00      0.00       0  ksoftirqd/1
1791495975      0        28    0.00    1.00    0.00    0.00    1.00     2      0.00      0.00       0       0   0.00      0.00      0.00      0.00       0  ksoftirqd/2
1791495975      0        34    0.00    0.00    0.00    0.00    0.00     3      0.00      0.00       0       0   0.00      0.00      0.00      0.00       0  ksoftirqd/3
1791495975      0       344    0.00    1.00    0.00    1.00    1.00     2      0.00      0.00       0       0   0.00      0.00      0.00      0.00       0  jbd2/sda1-8
1791495975      0       418    0.00    0.00    0.00    0.00    0.00     2      0.00      0.00   65156   16292   0.20      0.00      0.00      0.00       0  systemd-journal
1791495975    104       664    0.00    0.00    0.00    0.00    0.00     2      0.00      0.00  222072    4484   0.06      0.00      0.00      0.00       0  rsyslogd
1791495975      0       728    0.00    0.00    0.00    0.00    0.00     0      0.00      0.00   56244    2480   0.03      0.00      0.00      0.00       0  nginx
1791495975     33       729    4.00    4.00    0.00    7.00    8.00     0      0.00      0.00   62808   16228   0.20      0.00    848.00    812.00       0  nginx
1791495975     33       730   10.00    9.00    0.00   28.00   19.00     0      0.00      0.00   64768   18340   0.23      0.00   1256.00   1160.00       0  nginx
1791495975     33       731    6.00   11.00    0.00   16.00   17.00     0      0.00      0.00   63120   16756   0.21      0.00    540.00    432.00       0  nginx
1791495975     33       732   12.00   14.00    0.00   35.00   26.00     0      0.00      0.00   68436   22016   0.27      0.00    852.00    596.00       0  nginx
1791495975    112       737   83.00   27.00    0.00    0.00  110.00     2    190.00      0.00 2861264  670008   8.25      0.00  14720.00      0.00       0  mysqld
1791495975   1100     25770   57.00   32.00    0.00    9.00   89.00     1   2580.00      0.00 2124228   23488   0.29      0.00      0.00      0.00       0  isupipe

# Time        UID       PID    %usr %system  %guest   %wait    %CPU   CPU  minflt/s  majflt/s     VSZ     RSS   %MEM   kB_rd/s   kB_wr/s kB_ccwr/s iodelay  Command
1791495976      0        13    0.00    1.00    0.00    0.00    1.00     0      0.00      0.00       0       0   0.00      0.00      0.00      0.00       0  ksoftirqd/0
1791495976      0        22    0.00    0.00    0.00    0.00    0.00     1      0.00      0.00       0       0   0.00      0.00      0.00      0.00       0  ksoftirqd/1
1791495976      0        28    0.00    0.00    0.00    0.00    0.00     2      0.00      0.00       0       0   0.00      0.00      0.00      0.00       0  ksoftirqd/2
1791495976      0        34    0.00    0.00    0.00    0.00    0.00     3      0.00      0.00       0       0   0.00      0.00      0.00      0.00       0  ksoftirqd/3
1791495976      0       344    0.00    1.00    0.00    0.00    1.00     1      0.00      0.00       0       0   0.00      0.00      0.00      0.00       0  jbd2/sda1-8
1791495976      0       418    0.00    0.00    0.00    0.00    0.00     2      0.00      0.00   65156   16292   0.20      0.00      0.00      0.00       0  systemd-journal
1791495976    104       664    0.00    0.00    0.00    0.00    0.00     2      0.00      0.00  222072    4484   0.06      0.00      0.00      0.00       0  rsyslogd
1791495976      0       728    0.00    0.00    0.00    0.00    0.00     0      0.00      0.00   56244    2480   0.03      0.00      0.00      0.00       0  nginx
1791495976     33       729    4.00    6.00    0.00   11.00   10.00     1      0.00      0.00   62808   16228   0.20      0.00    240.00    172.00       0  nginx
1791495976     33       730    8.00   11.00    0.00   31.00   19.00     2      0.00      0.00   64768   18340   0.23      0.00   1048.00    904.00       0  nginx
1791495976     33       731    9.00    6.00    0.00   14.00   15.00     1      0.00      0.00   63120   16756   0.21      0.00   1072.00    944.00       0  nginx
1791495976     33       732   11.00   14.00    0.00   37.00   25.00     0      0.00      0.00   68436   22016   0.27      0.00   1756.00   1524.00       0  nginx
1791495976    112       737   84.00   23.00    0.00    1.00  107.00     1     17.00      0.00 2861264  670008   8.25      0.00  11168.00      0.00       0  mysqld
1791495976   1100     25770   60.00   28.00    0.00   20.00   88.00     2   3710.00      0.00 2124228   24096   0.30      0.00      0.00      0.00       0  isupipe

# Time        UID       PID    %usr %system  %guest   %wait    %CPU   CPU  minflt/s  majflt/s     VSZ     RSS   %MEM   kB_rd/s   kB_wr/s kB_ccwr/s iodelay  Command
1791495977      0        13    0.00    0.00    0.00    0.00    0.00     0      0.00      0.00       0       0   0.00      0.00      0.00      0.00       0  ksoftirqd/0
1791495977      0        22    0.00    0.00    0.00    0.00    0.00     1      0.00      0.00       0       0   0.00      0.00      0.00      0.00       0  ksoftirqd/1
1791495977      0        28    0.00    0.00    0.00    0.00    0.00     2      0.00      0.00       0       0   0.00      0.00      0.00      0.00       0  ksoftirqd/2
1791495977      0        34    0.00    0.00    0.00    0.00    0.00     3      0.00      0.00       0       0   0.00      0.00      0.00      0.00       0  ksoftirqd/3
1791495977      0       344    0.00    1.00    0.00    0.00    1.00     3      0.00      0.00       0       0   0.00      0.00      0.00      0.00       0  jbd2/sda1-8
1791495977      0       418    0.00    0.00    0.00    0.00    0.00     2      1.00      4.00   65156   16292   0.20      0.00     16.00      0.00       0  systemd-journal
1791495977    104       664    0.00    0.00    0.00    0.00    0.00     2      0.00      0.00  222072    4484   0.06      0.00      0.00      0.00       0  rsyslogd
1791495977      0       728    0.00    0.00    0.00    0.00    0.00     0      0.00      0.00   56244    2480   0.03      0.00      0.00      0.00       0  nginx
1791495977     33       729    4.00   10.00    0.00   22.00   14.00     0      0.00      0.00   62808   16228   0.20      0.00    404.00    284.00       0  nginx
1791495977     33       730    7.00   12.00    0.00   26.00   19.00     0      0.00      0.00   64768   18340   0.23      0.00   1008.00    852.00       0  nginx
1791495977     33       731    4.00   10.00    0.00   18.00   14.00     0      0.00      0.00   63120   16756   0.21      0.00    560.00    460.00       0  nginx
1791495977     33       732   12.00   12.00    0.00   37.00   24.00     0      0.00      0.00   68436   22016   0.27      0.00   1576.00   1272.00       0  nginx
1791495977    112       737   84.00   25.00    0.00    1.00  109.00     2     26.00      0.00 2861264  670180   8.25      0.00  10488.00      0.00       0  mysqld
1791495977   1100     25770   65.00   26.00    0.00   20.00   91.00     2   4104.00      0.00 2124228   23764   0.29      0.00      0.00      0.00       0  isupipe

# Time        UID       PID    %usr %system  %guest   %wait    %CPU   CPU  minflt/s  majflt/s     VSZ     RSS   %MEM   kB_rd/s   kB_wr/s kB_ccwr/s iodelay  Command
1791495978      0        13    0.00    1.00    0.00    0.00    1.00     0      0.00      0.00       0       0   0.00      0.00      0.00      0.00       0  ksoftirqd/0
1791495978      0        22    0.00    0.00    0.00    0.00    0.00     1      0.00      0.00       0       0   0.00      0.00      0.00      0.00       0  ksoftirqd/1
1791495978      0        28    0.00    0.00    0.00    0.00    0.00     2      0.00      0.00       0       0   0.00      0.00      0.00      0.00       0  ksoftirqd/2
1791495978      0        34    0.00    0.00    0.00    0.00    0.00     3      0.00      0.00       0       0   0.00      0.00      0.00      0.00       0  ksoftirqd/3
1791495978      0       344    0.00    2.00    0.00    0.00    2.00     3      0.00      0.00       0       0   0.00      0.00     16.00      0.00       0  jbd2/sda1-8
1791495978      0       418    0.00    0.00    0.00    0.00    0.00     1      0.00      0.00   65156   16292   0.20      0.00      0.00      0.00       0  systemd-journal
1791495978    104       664    0.00    0.00    0.00    0.00    0.00     2      0.00      0.00  222072    4484   0.06      0.00      0.00      0.00       0  rsyslogd
1791495978      0       728    0.00    0.00    0.00    0.00    0.00     0      0.00      0.00   56244    2480   0.03      0.00      0.00      0.00       0  nginx
1791495978     33       729    7.00    3.00    0.00    9.00   10.00     0      0.00      0.00   62808   16228   0.20      0.00    496.00    424.00       0  nginx
1791495978     33       730    6.00   10.00    0.00   28.00   16.00     0      0.00      0.00   64768   18340   0.23      0.00    736.00    516.00       0  nginx
1791495978     33       731    6.00   10.00    0.00   21.00   16.00     0      0.00      0.00   63120   16756   0.21      0.00    888.00    784.00       0  nginx
1791495978     33       732   13.00   17.00    0.00   33.00   30.00     0      0.00      0.00   68436   22016   0.27      0.00   1536.00   1388.00       0  nginx
1791495978    112       737   82.00   24.00    0.00    1.00  106.00     1     20.00      0.00 2861264  670180   8.25      0.00  14556.00      0.00       0  mysqld
1791495978   1100     25770   55.00   33.00    0.00   21.00   88.00     2   3320.00      0.00 2124484   23640   0.29      0.00      0.00      0.00       0  isupipe

# Time        UID       PID    %usr %system  %guest   %wait    %CPU   CPU  minflt/s  majflt/s     VSZ     RSS   %MEM   kB_rd/s   kB_wr/s kB_ccwr/s iodelay  Command
1791495979      0        13    0.00    1.00    0.00    0.00    1.00     0      0.00      0.00       0       0   0.00      0.00      0.00      0.00       0  ksoftirqd/0
1791495979      0        22    0.00    0.00    0.00    0.00    0.00     1      0.00      0.00       0       0   0.00      0.00      0.00      0.00       0  ksoftirqd/1
1791495979      0        28    0.00    0.00    0.00    0.00    0.00     2      0.00      0.00       0       0   0.00      0.00      0.00      0.00       0  ksoftirqd/2
1791495979      0        34    0.00    1.00    0.00    0.00    1.00     3      0.00      0.00       0       0   0.00      0.00      0.00      0.00       0  ksoftirqd/3
1791495979      0       344    0.00    0.00    0.00    1.00    0.00     3      0.00      0.00       0       0   0.00      0.00      0.00      0.00       0  jbd2/sda1-8
1791495979      0       418    0.00    0.00    0.00    0.00    0.00     1      0.00      0.00   65156   16292   0.20      0.00      0.00      0.00       0  systemd-journal
1791495979    104       664    0.00    0.00    0.00    0.00    0.00     2      0.00      0.00  222072    4484   0.06      0.00      0.00      0.00       0  rsyslogd
1791495979      0       728    0.00    0.00    0.00    0.00    0.00     0      0.00      0.00   56244    2480   0.03      0.00      0.00      0.00       0  nginx
1791495979     33       729    6.00    7.00    0.00   19.00   13.00     0      0.00      0.00   62808   16228   0.20      0.00    512.00    452.00       0  nginx
1791495979     33       730    8.00   11.00    0.00   35.00   19.00     0      0.00      0.00   64768   18340   0.23      0.00    840.00    792.00       0  nginx
1791495979     33       731    8.00    9.00    0.00   22.00   17.00     0      0.00      0.00   63120   16756   0.21      0.00   1188.00   1084.00       0  nginx
1791495979     33       732    7.00   17.00    0.00   43.00   24.00     0      0.00      0.00   68436   22016   0.27      0.00   1396.00   1140.00       0  nginx
1791495979    112       737   85.00   24.00    0.00    2.00  109.00     3     11.00      0.00 2861264  670180   8.25      0.00  14996.00      0.00       0  mysqld
1791495979   1100     25770   59.00   29.00    0.00   28.00   88.00     2   2795.00      0.00 2124484   24248   0.30      0.00      0.00      0.00       0  isupipe

# Time        UID       PID    %usr %system  %guest   %wait    %CPU   CPU  minflt/s  majflt/s     VSZ     RSS   %MEM   kB_rd/s   kB_wr/s kB_ccwr/s iodelay  Command
1791495980      0        13    0.00    1.00    0.00    1.00    1.00     0      0.00      0.00       0       0   0.00      0.00      0.00      0.00       0  ksoftirqd/0
1791495980      0        22    0.00    0.00    0.00    0.00    0.00     1      0.00      0.00       0       0   0.00      0.00      0.00      0.00       0  ksoftirqd/1
1791495980      0        28    0.00    0.00    0.00    0.00    0.00     2      0.00      0.00       0       0   0.00      0.00      0.00      0.00       0  ksoftirqd/2
1791495980      0        34    0.00    0.00    0.00    0.00    0.00     3      0.00      0.00       0       0   0.00      0.00      0.00      0.00       0  ksoftirqd/3
1791495980      0       344    0.00    2.00    0.00    0.00    2.00     3      0.00      0.00       0       0   0.00      0.00      4.00      0.00       0  jbd2/sda1-8
1791495980      0       418    0.00    0.00    0.00    0.00    0.00     1      0.00      0.00   65156   16292   0.20      0.00      0.00      0.00       0  systemd-journal
1791495980    104       664    0.00    0.00    0.00    0.00    0.00     2      0.00      0.00  222072    4484   0.06      0.00      0.00      0.00       0  rsyslogd
1791495980      0       728    0.00    0.00    0.00    0.00    0.00     0      0.00      0.00   56244    2480   0.03      0.00      0.00      0.00       0  nginx
1791495980     33       729    5.00    5.00    0.00   10.00   10.00     0      0.00      0.00   62808   16228   0.20      0.00    744.00    664.00       0  nginx
1791495980     33       730    5.00   15.00    0.00   36.00   20.00     3      0.00      0.00   64768   18340   0.23      0.00    772.00    620.00       0  nginx
1791495980     33       731    8.00    7.00    0.00   18.00   15.00     0      0.00      0.00   63120   16756   0.21      0.00    936.00    828.00       0  nginx
1791495980     33       732   14.00   11.00    0.00   43.00   25.00     0      0.00      0.00   68436   22016   0.27      0.00   1416.00   1108.00       0  nginx
1791495980    112       737   87.00   20.00    0.00    2.00  107.00     1      0.00      0.00 2861264  670180   8.25      0.00  11912.00      0.00       0  mysqld
1791495980   1100     25770   54.00   32.00    0.00   32.00   86.00     0   3036.00      0.00 2124484   23832   0.29      0.00      0.00      0.00       0  isupipe

# Time        UID       PID    %usr %system  %guest   %wait    %CPU   CPU  minflt/s  majflt/s     VSZ     RSS   %MEM   kB_rd/s   kB_wr/s kB_ccwr/s iodelay  Command
1791495981      0        13    0.00    1.00    0.00    0.00    1.00     0      0.00      0.00       0       0   0.00      0.00      0.00      0.00       0  ksoftirqd/0
1791495981      0        22    0.00    1.00    0.00    0.00    1.00     1      0.00      0.00       0       0   0.00      0.00      0.00      0.00       0  ksoftirqd/1
1791495981      0        28    0.00    0.00    0.00    0.00    0.00     2      0.00      0.00       0       0   0.00      0.00      0.00      0.00       0  ksoftirqd/2
1791495981      0        34    0.00    0.00    0.00    1.00    0.00     3      0.00      0.00       0       0   0.00      0.00      0.00      0.00       0  ksoftirqd/3
1791495981      0       344    0.00    1.00    0.00    0.00    1.00     1      0.00      0.00       0       0   0.00      0.00      0.00      0.00       0  jbd2/sda1-8
1791495981      0       418    0.00    0.00    0.00    0.00    0.00     1      0.00      2.00   65156   16316   0.20      0.00      8.00      0.00       0  systemd-journal
1791495981    104       664    0.00    0.00    0.00    0.00    0.00     2      0.00      0.00  222072    4484   0.06      0.00      4.00      0.00       0  rsyslogd
1791495981      0       728    0.00    0.00    0.00    0.00    0.00     0      0.00      0.00   56244    2480   0.03      0.00      0.00      0.00       0  nginx
1791495981     33       729    6.00    5.00    0.00    8.00   11.00     1      0.00      0.00   62808   16228   0.20      0.00    280.00    236.00       0  nginx
1791495981     33       730   12.00    7.00    0.00   22.00   19.00     0      0.00      0.00   64768   18340   0.23      0.00   1436.00   1272.00       0  nginx
1791495981     33       731    7.00    9.00    0.00   22.00   16.00     0      0.00      0.00   63120   16756   0.21      0.00    640.00    528.00       0  nginx
1791495981     33       732   12.00   14.00    0.00   31.00   26.00     2      0.00      0.00   68436   22016   0.27      0.00   1276.00   1048.00       0  nginx
1791495981    112       737   82.00   26.00    0.00    1.00  108.00     1     41.00      0.00 2861264  670372   8.26      0.00  14852.00      0.00       0  mysqld
1791495981   1100     25770   54.00   37.00    0.00   28.00   91.00     2   4229.00      0.00 2124484   22676   0.28      0.00      0.00      0.00       0  isupipe

# Time        UID       PID    %usr %system  %guest   %wait    %CPU   CPU  minflt/s  majflt/s     VSZ     RSS   %MEM   kB_rd/s   kB_wr/s kB_ccwr/s iodelay  Command
1791495982      0        13    0.00    1.00    0.00    0.00    1.00     0      0.00      0.00       0       0   0.00      0.00      0.00      0.00       0  ksoftirqd/0
1791495982      0        22    0.00    0.00    0.00    0.00    0.00     1      0.00      0.00       0       0   0.00      0.00      0.00      0.00       0  ksoftirqd/1
1791495982      0        28    0.00    1.00    0.00    0.00    1.00     2      0.00      0.00       0       0   0.00      0.00      0.00      0.00       0  ksoftirqd/2
1791495982      0        34    0.00    0.00    0.00    0.00    0.00     3      0.00      0.00       0       0   0.00      0.00      0.00      0.00       0  ksoftirqd/3
1791495982      0       344    0.00    1.00    0.00    1.00    1.00     3      0.00      0.00       0       0   0.00      0.00      0.00      0.00       0  jbd2/sda1-8
1791495982      0       418    0.00    0.00    0.00    1.00    0.00     2      0.00     44.00   65156   16336   0.20      0.00    176.00      0.00       0  systemd-journal
1791495982    104       664    0.00    0.00    0.00    0.00    0.00     2      1.00      0.00  222072    4484   0.06      0.00     12.00      0.00       0  rsyslogd
1791495982      0       728    0.00    0.00    0.00    0.00    0.00     0      0.00      0.00   56244    2480   0.03      0.00      0.00      0.00       0  nginx
1791495982     33       729    3.00    6.00    0.00    9.00    9.00     0      0.00      0.00   62808   16228   0.20      0.00     92.00      0.00       0  nginx
1791495982     33       730    8.00    9.00    0.00   25.00   17.00     1      0.00      0.00   64768   18340   0.23      0.00   1120.00    988.00       0  nginx
1791495982     33       731    6.00    7.00    0.00   12.00   13.00     2      0.00      0.00   63120   16756   0.21      0.00    292.00    176.00       0  nginx
1791495982     33       732   14.00   15.00    0.00   32.00   29.00     0      0.00      0.00   68436   22016   0.27      0.00   2324.00   2092.00       0  nginx
1791495982    112       737   81.00   25.00    0.00    1.00  106.00     2      7.00      0.00 2861264  670372   8.26      0.00  12332.00      0.00       0  mysqld
1791495982   1100     25770   57.00   32.00    0.00   32.00   89.00     0   4690.00      0.00 2124484   25144   0.31      0.00      0.00      0.00       0  isupipe

# Time        UID       PID    %usr %system  %guest   %wait    %CPU   CPU  minflt/s  majflt/s     VSZ     RSS   %MEM   kB_rd/s   kB_wr/s kB_ccwr/s iodelay  Command
1791495983      0        13    0.00    1.00    0.00    0.00    1.00     0      0.00      0.00       0       0   0.00      0.00      0.00      0.00       0  ksoftirqd/0
1791495983      0        22    0.00    0.00    0.00    0.00    0.00     1      0.00      0.00       0       0   0.00      0.00      0.00      0.00       0  ksoftirqd/1
1791495983      0        28    0.00    0.00    0.00    0.00    0.00     2      0.00      0.00       0       0   0.00      0.00      0.00      0.00       0  ksoftirqd/2
1791495983      0        34    0.00    0.00    0.00    0.00    0.00     3      0.00      0.00       0       0   0.00      0.00      0.00      0.00       0  ksoftirqd/3
1791495983      0       344    0.00    1.00    0.00    0.00    1.00     2      0.00      0.00       0       0   0.00      0.00      0.00      0.00       0  jbd2/sda1-8
1791495983      0       418    1.00    0.00    0.00    0.00    1.00     3      0.00     29.00   65156   16368   0.20      0.00    116.00      0.00       0  systemd-journal
1791495983    104       664    0.00    0.00    0.00    0.00    0.00     2      0.00      0.00  222072    4484   0.06      0.00     12.00      0.00       0  rsyslogd
1791495983      0       728    0.00    0.00    0.00    0.00    0.00     0      0.00      0.00   56244    2480   0.03      0.00      0.00      0.00       0  nginx
1791495983     33       729    5.00    9.00    0.00   15.00   14.00     0      0.00      0.00   62808   16228   0.20      0.00    324.00    264.00       0  nginx
1791495983     33       730    9.00   11.00    0.00   31.00   20.00     0      0.00      0.00   64768   18340   0.23      0.00    776.00    652.00       0  nginx
1791495983     33       731    6.00   11.00    0.00   20.00   17.00     0      0.00      0.00   63120   16756   0.21      0.00    412.00    308.00       0  nginx
1791495983     33       732   13.00   11.00    0.00   32.00   24.00     1      0.00      0.00   68436   22016   0.27      0.00   2036.00   1916.00       0  nginx
1791495983    112       737   78.00   28.00    0.00    3.00  106.00     1     31.00      0.00 2861264  670372   8.26      0.00  16136.00      0.00       0  mysqld
1791495983   1100     25770   57.00   35.00    0.00   31.00   92.00     2   2666.00      0.00 2124484   23716   0.29      0.00      0.00      0.00       0  isupipe

# Time        UID       PID    %usr %system  %guest   %wait    %CPU   CPU  minflt/s  majflt/s     VSZ     RSS   %MEM   kB_rd/s   kB_wr/s kB_ccwr/s iodelay  Command
1791495984      0        13    0.00    1.00    0.00    0.00    1.00     0      0.00      0.00       0       0   0.00      0.00      0.00      0.00       0  ksoftirqd/0
1791495984      0        22    0.00    0.00    0.00    0.00    0.00     1      0.00      0.00       0       0   0.00      0.00      0.00      0.00       0  ksoftirqd/1
1791495984      0        28    0.00    0.00    0.00    0.00    0.00     2      0.00      0.00       0       0   0.00      0.00      0.00      0.00       0  ksoftirqd/2
1791495984      0        34    0.00    0.00    0.00    0.00    0.00     3      0.00      0.00       0       0   0.00      0.00      0.00      0.00       0  ksoftirqd/3
1791495984      0       344    0.00    1.00    0.00    1.00    1.00     1      0.00      0.00       0       0   0.00      0.00     96.00      0.00       0  jbd2/sda1-8
1791495984      0       418    0.00    0.00    0.00    0.00    0.00     0      0.00     24.00   65156   16368   0.20      0.00     96.00      0.00       0  systemd-journal
1791495984    104       664    0.00    0.00    0.00    0.00    0.00     2      0.00      0.00  222072    4484   0.06      0.00      8.00      0.00       0  rsyslogd
1791495984      0       728    0.00    0.00    0.00    0.00    0.00     0      0.00      0.00   56244    2480   0.03      0.00      0.00      0.00       0  nginx
1791495984     33       729    8.00    5.00    0.00   11.00   13.00     0      0.00      0.00   62808   16228   0.20      0.00    684.00    576.00       0  nginx
1791495984     33       730   11.00    7.00    0.00   28.00   18.00     1      0.00      0.00   64768   18340   0.23      0.00    864.00    704.00       0  nginx
1791495984     33       731    5.00   10.00    0.00   23.00   15.00     3      0.00      0.00   63120   16756   0.21      0.00    800.00    664.00       0  nginx
1791495984     33       732   10.00   16.00    0.00   31.00   26.00     2      0.00      0.00   68436   22016   0.27      0.00   1608.00   1408.00       0  nginx
1791495984    112       737   75.00   25.00    0.00    1.00  100.00     3     76.00      0.00 2861264  670588   8.26      0.00  16328.00      0.00       0  mysqld
1791495984   1100     25770   58.00   31.00    0.00   30.00   89.00     2   3736.00      0.00 2124484   23424   0.29      0.00      0.00      0.00       0  isupipe

# Time        UID       PID    %usr %system  %guest   %wait    %CPU   CPU  minflt/s  majflt/s     VSZ     RSS   %MEM   kB_rd/s   kB_wr/s kB_ccwr/s iodelay  Command
1791495985      0        13    0.00    1.00    0.00    0.00    1.00     0      0.00      0.00       0       0   0.00      0.00      0.00      0.00       0  ksoftirqd/0
1791495985      0        22    0.00    0.00    0.00    0.00    0.00     1      0.00      0.00       0       0   0.00      0.00      0.00      0.00       0  ksoftirqd/1
1791495985      0        28    0.00    0.00    0.00    0.00    0.00     2      0.00      0.00       0       0   0.00      0.00      0.00      0.00       0  ksoftirqd/2
1791495985      0        34    0.00    0.00    0.00    0.00    0.00     3      0.00      0.00       0       0   0.00      0.00      0.00      0.00       0  ksoftirqd/3
1791495985      0       344    0.00    1.00    0.00    0.00    1.00     3      0.00      0.00       0       0   0.00      0.00      0.00      0.00       0  jbd2/sda1-8
1791495985      0       418    1.00    1.00    0.00    0.00    2.00     0      0.00     31.00   65156   16408   0.20      0.00    124.00      0.00       0  systemd-journal
1791495985    104       664    0.00    0.00    0.00    0.00    0.00     2      0.00      0.00  222072    4484   0.06      0.00     12.00      0.00       0  rsyslogd
1791495985      0       728    0.00    0.00    0.00    0.00    0.00     0      0.00      0.00   56244    2480   0.03      0.00      0.00      0.00       0  nginx
1791495985     33       729    6.00    7.00    0.00   10.00   13.00     0      0.00      0.00   62808   16228   0.20      0.00    532.00    452.00       0  nginx
1791495985     33       730    9.00    9.00    0.00   18.00   18.00     0      0.00      0.00   64768   18340   0.23      0.00   1100.00    948.00       0  nginx
1791495985     33       731    7.00    5.00    0.00   11.00   12.00     0      0.00      0.00   63120   16756   0.21      0.00    576.00    472.00       0  nginx
1791495985     33       732   13.00   16.00    0.00   25.00   29.00     0      0.00      0.00   68436   22016   0.27      0.00   1736.00   1480.00       0  nginx
1791495985    112       737   77.00   24.00    0.00    1.00  101.00     2     11.00      0.00 2861264  670772   8.26      0.00  12000.00      0.00       0  mysqld
1791495985   1100     25770   60.00   33.00    0.00    0.00   93.00     2   5595.00      0.00 2124484   27612   0.34      0.00      0.00      0.00       0  isupipe

# Time        UID       PID    %usr %system  %guest   %wait    %CPU   CPU  minflt/s  majflt/s     VSZ     RSS   %MEM   kB_rd/s   kB_wr/s kB_ccwr/s iodelay  Command
1791495986      0        13    0.00    1.00    0.00    0.00    1.00     0      0.00      0.00       0       0   0.00      0.00      0.00      0.00       0  ksoftirqd/0
1791495986      0        22    0.00    0.00    0.00    0.00    0.00     1      0.00      0.00       0       0   0.00      0.00      0.00      0.00       0  ksoftirqd/1
1791495986      0        28    0.00    0.00    0.00    0.00    0.00     2      0.00      0.00       0       0   0.00      0.00      0.00      0.00       0  ksoftirqd/2
1791495986      0        34    0.00    1.00    0.00    0.00    1.00     3      0.00      0.00       0       0   0.00      0.00      0.00      0.00       0  ksoftirqd/3
1791495986      0       344    0.00    1.00    0.00    1.00    1.00     3      0.00      0.00       0       0   0.00      0.00      4.00      0.00       0  jbd2/sda1-8
1791495986      0       418    1.00    0.00    0.00    1.00    1.00     1      0.00     60.00   65156   16484   0.20     12.00    236.00      0.00       0  systemd-journal
1791495986    104       664    1.00    0.00    0.00    0.00    1.00     2      0.00      0.00  222072    4484   0.06      0.00     28.00      0.00       0  rsyslogd
1791495986      0       728    0.00    0.00    0.00    0.00    0.00     0      0.00      0.00   56244    2480   0.03      0.00      0.00      0.00       0  nginx
1791495986     33       729    4.00   10.00    0.00   14.00   14.00     0      0.00      0.00   62808   16228   0.20      0.00    520.00    408.00       0  nginx
1791495986     33       730    9.00   11.00    0.00   34.00   20.00     1      0.00      0.00   64768   18340   0.23      0.00   1496.00   1356.00       0  nginx
1791495986     33       731    6.00   10.00    0.00   18.00   16.00     0      0.00      0.00   63120   16756   0.21      0.00   1180.00   1092.00       0  nginx
1791495986     33       732   12.00   14.00    0.00   37.00   26.00     0      0.00      0.00   68436   22016   0.27      0.00   1544.00   1300.00       0  nginx
1791495986    112       737   68.00   25.00    0.00    1.00   93.00     0      2.00      0.00 2861264  670772   8.26      0.00  16760.00      0.00       0  mysqld
1791495986   1100     25770   60.00   37.00    0.00    0.00   97.00     2   4333.00      0.00 2124484   25796   0.32      0.00      0.00      0.00       0  isupipe

# Time        UID       PID    %usr %system  %guest   %wait    %CPU   CPU  minflt/s  majflt/s     VSZ     RSS   %MEM   kB_rd/s   kB_wr/s kB_ccwr/s iodelay  Command
1791495987      0        13    0.00    1.00    0.00    0.00    1.00     0      0.00      0.00       0       0   0.00      0.00      0.00      0.00       0  ksoftirqd/0
1791495987      0        22    0.00    1.00    0.00    0.00    1.00     1      0.00      0.00       0       0   0.00      0.00      0.00      0.00       0  ksoftirqd/1
1791495987      0        28    0.00    0.00    0.00    0.00    0.00     2      0.00      0.00       0       0   0.00      0.00      0.00      0.00       0  ksoftirqd/2
1791495987      0        34    0.00    0.00    0.00    0.00    0.00     3      0.00      0.00       0       0   0.00      0.00      0.00      0.00       0  ksoftirqd/3
1791495987      0       344    0.00    1.00    0.00    0.00    1.00     0      0.00      0.00       0       0   0.00      0.00     12.00      0.00       0  jbd2/sda1-8
1791495987      0       418    0.00    1.00    0.00    0.00    1.00     3      0.00     87.00   65156   16592   0.20      0.00    348.00      0.00       0  systemd-journal
1791495987    104       664    0.00    1.00    0.00    0.00    1.00     2      0.00      0.00  222072    4484   0.06      0.00     28.00      0.00       0  rsyslogd
1791495987      0       728    0.00    0.00    0.00    0.00    0.00     0      0.00      0.00   56244    2480   0.03      0.00      0.00      0.00       0  nginx
1791495987     33       729    3.00    5.00    0.00    9.00    8.00     0      0.00      0.00   62808   16228   0.20      0.00    272.00    216.00       0  nginx
1791495987     33       730    7.00    8.00    0.00   21.00   15.00     0      0.00      0.00   64768   18340   0.23      0.00   1204.00   1052.00       0  nginx
1791495987     33       731    7.00    7.00    0.00   17.00   14.00     0      0.00      0.00   63120   16756   0.21      0.00    428.00    328.00       0  nginx
1791495987     33       732   10.00   19.00    0.00   31.00   29.00     2      0.00      0.00   68436   22016   0.27      0.00   1684.00   1432.00       0  nginx
1791495987    112       737   63.00   25.00    0.00    1.00   88.00     2     23.00      0.00 2861264  670772   8.26      0.00  11380.00      0.00       0  mysqld
1791495987   1100     25770   53.00   37.00    0.00    0.00   90.00     2   3348.00      0.00 2124484   24988   0.31      0.00      0.00      0.00       0  isupipe

# Time        UID       PID    %usr %system  %guest   %wait    %CPU   CPU  minflt/s  majflt/s     VSZ     RSS   %MEM   kB_rd/s   kB_wr/s kB_ccwr/s iodelay  Command
1791495988      0        13    0.00    1.00    0.00    0.00    1.00     0      0.00      0.00       0       0   0.00      0.00      0.00      0.00       0  ksoftirqd/0
1791495988      0        22    0.00    0.00    0.00    0.00    0.00     1      0.00      0.00       0       0   0.00      0.00      0.00      0.00       0  ksoftirqd/1
1791495988      0        28    0.00    0.00    0.00    0.00    0.00     2      0.00      0.00       0       0   0.00      0.00      0.00      0.00       0  ksoftirqd/2
1791495988      0        34    0.00    0.00    0.00    0.00    0.00     3      0.00      0.00       0       0   0.00      0.00      0.00      0.00       0  ksoftirqd/3
1791495988      0       344    0.00    2.00    0.00    1.00    2.00     1      0.00      0.00       0       0   0.00      0.00      8.00      0.00       0  jbd2/sda1-8
1791495988      0       418    2.00    1.00    0.00    1.00    3.00     0      0.00     87.00   65156   16652   0.21      0.00    348.00      0.00       0  systemd-journal
1791495988    104       664    1.00    0.00    0.00    0.00    1.00     2      0.00      0.00  222072    4484   0.06      0.00     28.00      0.00       0  rsyslogd
1791495988      0       728    0.00    0.00    0.00    0.00    0.00     0      0.00      0.00   56244    2480   0.03      0.00      0.00      0.00       0  nginx
1791495988     33       729    8.00    8.00    0.00   12.00   16.00     0      0.00      0.00   62808   16228   0.20      0.00    840.00    752.00       0  nginx
1791495988     33       730    9.00   11.00    0.00   32.00   20.00     2      0.00      0.00   64768   18340   0.23      0.00    936.00    812.00       0  nginx
1791495988     33       731    8.00    8.00    0.00   21.00   16.00     2      0.00      0.00   63120   16756   0.21      0.00    912.00    728.00       0  nginx
1791495988     33       732   12.00   12.00    0.00   37.00   24.00     0      0.00      0.00   68436   22016   0.27      0.00   1456.00   1220.00       0  nginx
1791495988    112       737   71.00   21.00    0.00    1.00   92.00     3      9.00      0.00 2861264  670772   8.26      0.00  15920.00      0.00       0  mysqld
1791495988   1100     25770   57.00   32.00    0.00    0.00   89.00     2   2435.00      0.00 2124484   26504   0.33      0.00      0.00      0.00       0  isupipe

# Time        UID       PID    %usr %system  %guest   %wait    %CPU   CPU  minflt/s  majflt/s     VSZ     RSS   %MEM   kB_rd/s   kB_wr/s kB_ccwr/s iodelay  Command
1791495989      0        13    0.00    1.00    0.00    0.00    1.00     0      0.00      0.00       0       0   0.00      0.00      0.00      0.00       0  ksoftirqd/0
1791495989      0        22    0.00    0.00    0.00    0.00    0.00     1      0.00      0.00       0       0   0.00      0.00      0.00      0.00       0  ksoftirqd/1
1791495989      0        28    0.00    1.00    0.00    0.00    1.00     2      0.00      0.00       0       0   0.00      0.00      0.00      0.00       0  ksoftirqd/2
1791495989      0        34    0.00    0.00    0.00    0.00    0.00     3      0.00      0.00       0       0   0.00      0.00      0.00      0.00       0  ksoftirqd/3
1791495989      0       344    0.00    1.00    0.00    0.00    1.00     2      0.00      0.00       0       0   0.00      0.00     84.00      0.00       0  jbd2/sda1-8
1791495989      0       418    1.00    0.00    0.00    1.00    1.00     2      0.00     76.00   65156   16756   0.21      0.00    304.00      0.00       0  systemd-journal
1791495989    104       664    0.00    1.00    0.00    0.00    1.00     2      0.00      0.00  222072    4484   0.06      0.00     28.00      0.00       0  rsyslogd
1791495989      0       728    0.00    0.00    0.00    0.00    0.00     0      0.00      0.00   56244    2480   0.03      0.00      0.00      0.00       0  nginx
1791495989     33       729    6.00    6.00    0.00   12.00   12.00     1      0.00      0.00   62808   16228   0.20      0.00    892.00    824.00       0  nginx
1791495989     33       730    9.00   11.00    0.00   31.00   20.00     0      0.00      0.00   64768   18340   0.23      0.00   1164.00   1012.00       0  nginx
1791495989     33       731    5.00   12.00    0.00   23.00   17.00     0      0.00      0.00   63120   16756   0.21      0.00    796.00    692.00       0  nginx
1791495989     33       732   12.00   15.00    0.00   37.00   27.00     0      0.00      0.00   68436   22016   0.27      0.00   1472.00   1240.00       0  nginx
1791495989    112       737   63.00   26.00    0.00    1.00   89.00     3     13.00      0.00 2861264  670980   8.26      0.00  12064.00      0.00       0  mysqld
1791495989   1100     25770   60.00   36.00    0.00    0.00   96.00     2   3424.00      0.00 2124484   24016   0.30      0.00      0.00      0.00       0  isupipe

# Time        UID       PID    %usr %system  %guest   %wait    %CPU   CPU  minflt/s  majflt/s     VSZ     RSS   %MEM   kB_rd/s   kB_wr/s kB_ccwr/s iodelay  Command
1791495990      0        13    0.00    1.00    0.00    0.00    1.00     0      0.00      0.00       0       0   0.00      0.00      0.00      0.00       0  ksoftirqd/0
1791495990      0        22    0.00    0.00    0.00    0.00    0.00     1      0.00      0.00       0       0   0.00      0.00      0.00      0.00       0  ksoftirqd/1
1791495990      0        28    0.00    0.00    0.00    0.00    0.00     2      0.00      0.00       0       0   0.00      0.00      0.00      0.00       0  ksoftirqd/2
1791495990      0        34    0.00    0.00    0.00    0.00    0.00     3      0.00      0.00       0       0   0.00      0.00      0.00      0.00       0  ksoftirqd/3
1791495990      0       344    0.00    0.00    0.00    0.00    0.00     0      0.00      0.00       0       0   0.00      0.00     12.00      0.00       0  jbd2/sda1-8
1791495990      0       418    2.00    0.00    0.00    1.00    2.00     3      0.00     62.00   65156   16848   0.21      0.00    244.00      0.00       0  systemd-journal
1791495990    104       664    1.00    0.00    0.00    0.00    1.00     2      1.00      0.00  222072    4484   0.06      0.00     28.00      0.00       0  rsyslogd
1791495990      0       728    0.00    0.00    0.00    0.00    0.00     0      0.00      0.00   56244    2480   0.03      0.00      0.00      0.00       0  nginx
1791495990     33       729    6.00    7.00    0.00   15.00   13.00     0      0.00      0.00   62808   16228   0.20      0.00    644.00    556.00       0  nginx
1791495990     33       730    9.00    9.00    0.00   23.00   18.00     0      0.00      0.00   64768   18340   0.23      0.00   2100.00   1948.00       0  nginx
1791495990     33       731    3.00   12.00    0.00   20.00   15.00     0      0.00      0.00   63120   16756   0.21      0.00    288.00    168.00       0  nginx
1791495990     33       732    9.00   19.00    0.00   36.00   28.00     0      0.00      0.00   68436   22016   0.27      0.00   1472.00   1216.00       0  nginx
1791495990    112       737   69.00   20.00    0.00    0.00   89.00     3      4.00      0.00 2861264  670980   8.26      0.00  16472.00      0.00       0  mysqld
1791495990   1100     25770   70.00   25.00    0.00    0.00   95.00     2   3811.00      0.00 2124484   24080   0.30      0.00      0.00      0.00       0  isupipe

# Time        UID       PID    %usr %system  %guest   %wait    %CPU   CPU  minflt/s  majflt/s     VSZ     RSS   %MEM   kB_rd/s   kB_wr/s kB_ccwr/s iodelay  Command
1791495991      0        13    0.00    1.00    0.00    1.00    1.00     0      0.00      0.00       0       0   0.00      0.00      0.00      0.00       0  ksoftirqd/0
1791495991      0        22    0.00    0.00    0.00    0.00    0.00     1      0.00      0.00       0       0   0.00      0.00      0.00      0.00       0  ksoftirqd/1
1791495991      0        28    0.00    0.00    0.00    0.00    0.00     2      0.00      0.00       0       0   0.00      0.00      0.00      0.00       0  ksoftirqd/2
1791495991      0        34    0.00    0.00    0.00    0.00    0.00     3      0.00      0.00       0       0   0.00      0.00      0.00      0.00       0  ksoftirqd/3
1791495991      0       344    0.00    2.00    0.00    0.00    2.00     3      0.00      0.00       0       0   0.00      0.00      8.00      0.00       0  jbd2/sda1-8
1791495991      0       418    1.00    0.00    0.00    0.00    1.00     3      0.00     57.00   65156   16892   0.21      0.00    228.00      0.00       0  systemd-journal
1791495991    104       664    0.00    0.00    0.00    0.00    0.00     2      0.00      0.00  222072    4484   0.06      0.00     32.00      0.00       0  rsyslogd
1791495991      0       728    0.00    0.00    0.00    0.00    0.00     0      0.00      0.00   56244    2480   0.03      0.00      0.00      0.00       0  nginx
1791495991     33       729    7.00    8.00    0.00   14.00   15.00     0      0.00      0.00   62808   16228   0.20      0.00    812.00    732.00       0  nginx
1791495991     33       730    6.00   14.00    0.00   34.00   20.00     0      0.00      0.00   64768   18340   0.23      0.00   1164.00   1064.00       0  nginx
1791495991     33       731    5.00   11.00    0.00   21.00   16.00     0      0.00      0.00   63120   16756   0.21      0.00    948.00    824.00       0  nginx
1791495991     33       732   12.00   12.00    0.00   38.00   24.00     0      0.00      0.00   68436   22016   0.27      0.00   1344.00   1036.00       0  nginx
1791495991    112       737   67.00   25.00    0.00    1.00   92.00     3    139.00      0.00 2861264  671612   8.27      0.00  24740.00      0.00       0  mysqld
1791495991   1100     25770   55.00   38.00    0.00    0.00   93.00     2   3214.00      0.00 2124484   26988   0.33      0.00      0.00      0.00       0  isupipe

# Time        UID       PID    %usr %system  %guest   %wait    %CPU   CPU  minflt/s  majflt/s     VSZ     RSS   %MEM   kB_rd/s   kB_wr/s kB_ccwr/s iodelay  Command
1791495992      0        13    0.00    1.00    0.00    0.00    1.00     0      0.00      0.00       0       0   0.00      0.00      0.00      0.00       0  ksoftirqd/0
1791495992      0        22    0.00    0.00    0.00    0.00    0.00     1      0.00      0.00       0       0   0.00      0.00      0.00      0.00       0  ksoftirqd/1
1791495992      0        28    0.00    0.00    0.00    0.00    0.00     2      0.00      0.00       0       0   0.00      0.00      0.00      0.00       0  ksoftirqd/2
1791495992      0        34    0.00    0.00    0.00    0.00    0.00     3      0.00      0.00       0       0   0.00      0.00      0.00      0.00       0  ksoftirqd/3
1791495992      0       344    0.00    1.00    0.00    1.00    1.00     0      0.00      0.00       0       0   0.00      0.00      0.00      0.00       0  jbd2/sda1-8
1791495992      0       418    1.00    1.00    0.00    1.00    2.00     0      0.00     33.00   65156   16944   0.21      0.00    132.00      0.00       0  systemd-journal
1791495992    104       664    0.00    1.00    0.00    0.00    1.00     2      0.00      0.00  222072    4484   0.06      0.00     28.00      0.00       0  rsyslogd
1791495992      0       728    0.00    0.00    0.00    0.00    0.00     0      0.00      0.00   56244    2480   0.03      0.00      0.00      0.00       0  nginx
1791495992     33       729    6.00    5.00    0.00   11.00   11.00     1      0.00      0.00   62808   16228   0.20      0.00    568.00    492.00       0  nginx
1791495992     33       730    9.00   12.00    0.00   29.00   21.00     2      0.00      0.00   64768   18340   0.23      0.00   1324.00   1152.00       0  nginx
1791495992     33       731    7.00    9.00    0.00   20.00   16.00     0      0.00      0.00   63120   16756   0.21      0.00   1120.00    996.00       0  nginx
1791495992     33       732   11.00   16.00    0.00   33.00   27.00     2      0.00      0.00   68436   22016   0.27      0.00   1420.00   1292.00       0  nginx
1791495992    112       737   66.00   30.00    0.00    0.00   96.00     3      1.00      0.00 2861264  671612   8.27      0.00  12804.00      0.00       0  mysqld
1791495992   1100     25770   56.00   34.00    0.00    0.00   90.00     2   3713.00      0.00 2124484   25464   0.31      0.00      0.00      0.00       0  isupipe

# Time        UID       PID    %usr %system  %guest   %wait    %CPU   CPU  minflt/s  majflt/s     VSZ     RSS   %MEM   kB_rd/s   kB_wr/s kB_ccwr/s iodelay  Command
1791495993      0        13    0.00    1.00    0.00    0.00    1.00     0      0.00      0.00       0       0   0.00      0.00      0.00      0.00       0  ksoftirqd/0
1791495993      0        22    0.00    1.00    0.00    0.00    1.00     1      0.00      0.00       0       0   0.00      0.00      0.00      0.00       0  ksoftirqd/1
1791495993      0        28    0.00    0.00    0.00    0.00    0.00     2      0.00      0.00       0       0   0.00      0.00      0.00      0.00       0  ksoftirqd/2
1791495993      0        34    0.00    1.00    0.00    0.00    1.00     3      0.00      0.00       0       0   0.00      0.00      0.00      0.00       0  ksoftirqd/3
1791495993      0       344    0.00    1.00    0.00    0.00    1.00     3      0.00      0.00       0       0   0.00      0.00      0.00      0.00       0  jbd2/sda1-8
1791495993      0       418    1.00    1.00    0.00    1.00    2.00     3      0.00     35.00   65156   17028   0.21      0.00    136.00      0.00       0  systemd-journal
1791495993    104       664    0.00    1.00    0.00    0.00    1.00     2      0.00      0.00  222072    4484   0.06      0.00     32.00      0.00       0  rsyslogd
1791495993      0       728    0.00    0.00    0.00    0.00    0.00     0      0.00      0.00   56244    2480   0.03      0.00      0.00      0.00       0  nginx
1791495993     33       729    6.00    4.00    0.00    8.00   10.00     2      0.00      0.00   62808   16228   0.20      0.00    540.00    496.00       0  nginx
1791495993     33       730    7.00   10.00    0.00   27.00   17.00     2      0.00      0.00   64768   18340   0.23      0.00    880.00    708.00       0  nginx
1791495993     33       731    9.00    8.00    0.00   16.00   17.00     0      0.00      0.00   63120   16756   0.21      0.00    948.00    836.00       0  nginx
1791495993     33       732   15.00   14.00    0.00   31.00   29.00     0      0.00      0.00   68436   22016   0.27      0.00   1440.00   1184.00       0  nginx
1791495993    112       737   77.00   18.00    0.00    1.00   95.00     3     58.00      0.00 2861264  671740   8.27      0.00  16024.00      0.00       0  mysqld
1791495993   1100     25770   62.00   34.00    0.00    0.00   96.00     2   4025.00      0.00 2124484   26136   0.32      0.00      0.00      0.00       0  isupipe

# Time        UID       PID    %usr %system  %guest   %wait    %CPU   CPU  minflt/s  majflt/s     VSZ     RSS   %MEM   kB_rd/s   kB_wr/s kB_ccwr/s iodelay  Command
1791495994      0        13    0.00    1.00    0.00    0.00    1.00     0      0.00      0.00       0       0   0.00      0.00      0.00      0.00       0  ksoftirqd/0
1791495994      0        22    0.00    0.00    0.00    0.00    0.00     1      0.00      0.00       0       0   0.00      0.00      0.00      0.00       0  ksoftirqd/1
1791495994      0        28    0.00    0.00    0.00    0.00    0.00     2      0.00      0.00       0       0   0.00      0.00      0.00      0.00       0  ksoftirqd/2
1791495994      0        34    0.00    0.00    0.00    0.00    0.00     3      0.00      0.00       0       0   0.00      0.00      0.00      0.00       0  ksoftirqd/3
1791495994      0       344    0.00    1.00    0.00    1.00    1.00     1      0.00      0.00       0       0   0.00      0.00     60.00      0.00       0  jbd2/sda1-8
1791495994      0       418    0.00    1.00    0.00    1.00    1.00     1      0.00     36.00   65156   17172   0.21      0.00    144.00      0.00       0  systemd-journal
1791495994    104       664    1.00    0.00    0.00    0.00    1.00     2      0.00      0.00  222072    4484   0.06      0.00     24.00      0.00       0  rsyslogd
1791495994      0       728    0.00    0.00    0.00    0.00    0.00     0      0.00      0.00   56244    2480   0.03      0.00      0.00      0.00       0  nginx
1791495994     33       729    8.00    6.00    0.00   14.00   14.00     1      0.00      0.00   62808   16228   0.20      0.00    688.00    604.00       0  nginx
1791495994     33       730    7.00   10.00    0.00   33.00   17.00     0      0.00      0.00   64768   18340   0.23      0.00    896.00    752.00       0  nginx
1791495994     33       731    6.00    9.00    0.00   23.00   15.00     1      0.00      0.00   63120   16756   0.21      0.00   1104.00    992.00       0  nginx
1791495994     33       732   15.00   10.00    0.00   36.00   25.00     0      0.00      0.00   68436   22016   0.27      0.00   2024.00   1772.00       0  nginx
1791495994    112       737   67.00   25.00    0.00    0.00   92.00     2      4.00      0.00 2861264  671936   8.28      0.00  12508.00      0.00       0  mysqld
1791495994   1100     25770   58.00   33.00    0.00    0.00   91.00     2   4298.00      0.00 2124484   26992   0.33      0.00      0.00      0.00       0  isupipe

# Time        UID       PID    %usr %system  %guest   %wait    %CPU   CPU  minflt/s  majflt/s     VSZ     RSS   %MEM   kB_rd/s   kB_wr/s kB_ccwr/s iodelay  Command
1791495995      0        13    0.00    1.00    0.00    0.00    1.00     0      0.00      0.00       0       0   0.00      0.00      0.00      0.00       0  ksoftirqd/0
1791495995      0        22    0.00    0.00    0.00    0.00    0.00     1      0.00      0.00       0       0   0.00      0.00      0.00      0.00       0  ksoftirqd/1
1791495995      0        28    0.00    0.00    0.00    0.00    0.00     2      0.00      0.00       0       0   0.00      0.00      0.00      0.00       0  ksoftirqd/2
1791495995      0        34    0.00    0.00    0.00    0.00    0.00     3      0.00      0.00       0       0   0.00      0.00      0.00      0.00       0  ksoftirqd/3
1791495995      0       344    0.00    1.00    0.00    0.00    1.00     3      0.00      0.00       0       0   0.00      0.00     56.00      0.00       0  jbd2/sda1-8
1791495995      0       418    1.00    0.00    0.00    0.00    1.00     2      1.00     31.00   65156   17272   0.21      0.00    124.00      0.00       0  systemd-journal
1791495995    104       664    0.00    1.00    0.00    0.00    1.00     2      0.00      0.00  222072    4484   0.06      0.00     28.00      0.00       0  rsyslogd
1791495995      0       728    0.00    0.00    0.00    0.00    0.00     0      0.00      0.00   56244    2480   0.03      0.00      0.00      0.00       0  nginx
1791495995     33       729    2.00    7.00    0.00    8.00    9.00     0      0.00      0.00   62808   16228   0.20      0.00    784.00    720.00       0  nginx
1791495995     33       730    8.00   11.00    0.00   29.00   19.00     0      0.00      0.00   64768   18340   0.23      0.00   1444.00   1300.00       0  nginx
1791495995     33       731    8.00    7.00    0.00   18.00   15.00     0      0.00      0.00   63120   16756   0.21      4.00    972.00    872.00       0  nginx
1791495995     33       732   13.00   13.00    0.00   33.00   26.00     0      0.00      0.00   68436   22016   0.27      0.00   1456.00   1252.00       0  nginx
1791495995    112       737   73.00   21.00    0.00    1.00   94.00     3      5.00      0.00 2861264  671936   8.28      0.00  17588.00      0.00       0  mysqld
1791495995   1100     25770   58.00   35.00    0.00    0.00   93.00     2   4159.00      0.00 2124484   26224   0.32      0.00      0.00      0.00       0  isupipe

# Time        UID       PID    %usr %system  %guest   %wait    %CPU   CPU  minflt/s  majflt/s     VSZ     RSS   %MEM   kB_rd/s   kB_wr/s kB_ccwr/s iodelay  Command
1791495996      0        13    0.00    1.00    0.00    0.00    1.00     0      0.00      0.00       0       0   0.00      0.00      0.00      0.00       0  ksoftirqd/0
1791495996      0        22    0.00    0.00    0.00    0.00    0.00     1      0.00      0.00       0       0   0.00      0.00      0.00      0.00       0  ksoftirqd/1
1791495996      0        28    0.00    1.00    0.00    0.00    1.00     2      0.00      0.00       0       0   0.00      0.00      0.00      0.00       0  ksoftirqd/2
1791495996      0        34    0.00    0.00    0.00    0.00    0.00     3      0.00      0.00       0       0   0.00      0.00      0.00      0.00       0  ksoftirqd/3
1791495996      0       344    0.00    1.00    0.00    0.00    1.00     2      0.00      0.00       0       0   0.00      0.00      4.00      0.00       0  jbd2/sda1-8
1791495996      0       418    1.00    0.00    0.00    1.00    1.00     0      0.00     33.00   65156   17356   0.21      0.00    132.00      0.00       0  systemd-journal
1791495996    104       664    0.00    0.00    0.00    0.00    0.00     2      1.00      0.00  222072    4484   0.06      0.00     32.00      0.00       0  rsyslogd
1791495996      0       728    0.00    0.00    0.00    0.00    0.00     0      0.00      0.00   56244    2480   0.03      0.00      0.00      0.00       0  nginx
1791495996     33       729    5.00    9.00    0.00   15.00   14.00     0      0.00      0.00   62808   16228   0.20      0.00    656.00    556.00       0  nginx
1791495996     33       730    7.00   11.00    0.00   33.00   18.00     2      0.00      0.00   64768   18340   0.23      0.00   1748.00   1524.00       0  nginx
1791495996     33       731    6.00   10.00    0.00   25.00   16.00     0      0.00      0.00   63120   16756   0.21      0.00    648.00    528.00       0  nginx
1791495996     33       732   12.00   14.00    0.00   36.00   26.00     0      0.00      0.00   68436   22016   0.27      0.00   1984.00   1728.00       0  nginx
1791495996    112       737   70.00   22.00    0.00    1.00   92.00     3      2.00      0.00 2861264  671936   8.28      0.00  16832.00      0.00       0  mysqld
1791495996   1100     25770   57.00   38.00    0.00    0.00   95.00     2   3812.00      0.00 2124484   27080   0.33      0.00      0.00      0.00       0  isupipe

# Time        UID       PID    %usr %system  %guest   %wait    %CPU   CPU  minflt/s  majflt/s     VSZ     RSS   %MEM   kB_rd/s   kB_wr/s kB_ccwr/s iodelay  Command
1791495997      0        13    0.00    1.00    0.00    0.00    1.00     0      0.00      0.00       0       0   0.00      0.00      0.00      0.00       0  ksoftirqd/0
1791495997      0        22    0.00    0.00    0.00    0.00    0.00     1      0.00      0.00       0       0   0.00      0.00      0.00      0.00       0  ksoftirqd/1
1791495997      0        28    0.00    0.00    0.00    0.00    0.00     2      0.00      0.00       0       0   0.00      0.00      0.00      0.00       0  ksoftirqd/2
1791495997      0        34    0.00    0.00    0.00    0.00    0.00     3      0.00      0.00       0       0   0.00      0.00      0.00      0.00       0  ksoftirqd/3
1791495997      0       344    0.00    1.00    0.00    1.00    1.00     3      0.00      0.00       0       0   0.00      0.00      4.00      0.00       0  jbd2/sda1-8
1791495997      0       418    1.00    1.00    0.00    0.00    2.00     1      0.00     73.00   65156   17428   0.21      0.00    292.00      0.00       0  systemd-journal
1791495997    104       664    0.00    0.00    0.00    0.00    0.00     2      0.00      0.00  222072    4484   0.06      0.00     28.00      0.00       0  rsyslogd
1791495997      0       728    0.00    0.00    0.00    0.00    0.00     0      0.00      0.00   56244    2480   0.03      0.00      0.00      0.00       0  nginx
1791495997     33       729    5.00   10.00    0.00   16.00   15.00     0      0.00      0.00   62808   16228   0.20      0.00   1048.00    972.00       0  nginx
1791495997     33       730   10.00    9.00    0.00   33.00   19.00     0      0.00      0.00   64768   18340   0.23      0.00   2024.00   1936.00       0  nginx
1791495997     33       731    8.00    6.00    0.00   18.00   14.00     1      0.00      0.00   63120   16756   0.21      0.00    920.00    804.00       0  nginx
1791495997     33       732    8.00   18.00    0.00   38.00   26.00     0      0.00      0.00   68436   22016   0.27      0.00   1024.00    800.00       0  nginx
1791495997    112       737   70.00   23.00    0.00    2.00   93.00     0     13.00      0.00 2861264  671936   8.28      0.00  14228.00      0.00       0  mysqld
1791495997   1100     25770   60.00   33.00    0.00    0.00   93.00     2   4716.00      0.00 2124484   26700   0.33      0.00      0.00      0.00       0  isupipe

# Time        UID       PID    %usr %system  %guest   %wait    %CPU   CPU  minflt/s  majflt/s     VSZ     RSS   %MEM   kB_rd/s   kB_wr/s kB_ccwr/s iodelay  Command
1791495998      0        13    0.00    1.00    0.00    0.00    1.00     0      0.00      0.00       0       0   0.00      0.00      0.00      0.00       0  ksoftirqd/0
1791495998      0        22    0.00    0.00    0.00    0.00    0.00     1      0.00      0.00       0       0   0.00      0.00      0.00      0.00       0  ksoftirqd/1
1791495998      0        28    0.00    0.00    0.00    0.00    0.00     2      0.00      0.00       0       0   0.00      0.00      0.00      0.00       0  ksoftirqd/2
1791495998      0        34    0.00    0.00    0.00    0.00    0.00     3      0.00      0.00       0       0   0.00      0.00      0.00      0.00       0  ksoftirqd/3
1791495998      0       344    0.00    1.00    0.00    0.00    1.00     3      0.00      0.00       0       0   0.00      0.00     12.00      0.00       0  jbd2/sda1-8
1791495998      0       418    0.00    2.00    0.00    1.00    2.00     1      0.00    109.00   65156   17508   0.22      0.00    436.00      0.00       0  systemd-journal
1791495998    104       664    1.00    0.00    0.00    0.00    1.00     2      0.00      0.00  222072    4484   0.06      0.00     28.00      0.00       0  rsyslogd
1791495998      0       728    0.00    0.00    0.00    0.00    0.00     0      0.00      0.00   56244    2480   0.03      0.00      0.00      0.00       0  nginx
1791495998     33       729    6.00    7.00    0.00   13.00   13.00     0      0.00      0.00   62808   16228   0.20      0.00    756.00    660.00       0  nginx
1791495998     33       730    8.00   10.00    0.00   26.00   18.00     3      0.00      0.00   64768   18340   0.23      0.00   1152.00    992.00       0  nginx
1791495998     33       731    7.00    8.00    0.00   26.00   15.00     1      0.00      0.00   63120   16756   0.21      0.00    800.00    712.00       0  nginx
1791495998     33       732   15.00   14.00    0.00   34.00   29.00     1      0.00      0.00   68436   22016   0.27      0.00   1412.00   1168.00       0  nginx
1791495998    112       737   63.00   27.00    0.00    1.00   90.00     1      4.00      0.00 2861264  671936   8.28      0.00  16644.00      0.00       0  mysqld
1791495998   1100     25770   60.00   36.00    0.00   33.00   96.00     2   3645.00      0.00 2124484   24280   0.30      0.00      0.00      0.00       0  isupipe

# Time        UID       PID    %usr %system  %guest   %wait    %CPU   CPU  minflt/s  majflt/s     VSZ     RSS   %MEM   kB_rd/s   kB_wr/s kB_ccwr/s iodelay  Command
1791495999      0        13    0.00    1.00    0.00    0.00    1.00     0      0.00      0.00       0       0   0.00      0.00      0.00      0.00       0  ksoftirqd/0
1791495999      0        22    0.00    1.00    0.00    0.00    1.00     1      0.00      0.00       0       0   0.00      0.00      0.00      0.00       0  ksoftirqd/1
1791495999      0        28    0.00    0.00    0.00    0.00    0.00     2      0.00      0.00       0       0   0.00      0.00      0.00      0.00       0  ksoftirqd/2
1791495999      0        34    0.00    1.00    0.00    0.00    1.00     3      0.00      0.00       0       0   0.00      0.00      0.00      0.00       0  ksoftirqd/3
1791495999      0       344    0.00    1.00    0.00    0.00    1.00     3      0.00      0.00       0       0   0.00      0.00     12.00      0.00       0  jbd2/sda1-8
1791495999      0       418    0.00    0.00    0.00    0.00    0.00     1      0.00     64.00   65156   17572   0.22      0.00    256.00      0.00       0  systemd-journal
1791495999    104       664    0.00    0.00    0.00    0.00    0.00     2      0.00      0.00  222072    4484   0.06      0.00     28.00      0.00       0  rsyslogd
1791495999      0       728    0.00    0.00    0.00    0.00    0.00     0      0.00      0.00   56244    2480   0.03      0.00      0.00      0.00       0  nginx
1791495999     33       729    6.00   10.00    0.00   25.00   16.00     0      0.00      0.00   62808   16228   0.20      0.00    452.00    340.00       0  nginx
1791495999     33       730    7.00   11.00    0.00   33.00   18.00     0      0.00      0.00   64768   18340   0.23      0.00    884.00    744.00       0  nginx
1791495999     33       731    8.00    7.00    0.00   22.00   15.00     0      0.00      0.00   63120   16756   0.21      0.00   1284.00   1164.00       0  nginx
1791495999     33       732   13.00   11.00    0.00   37.00   24.00     0      0.00      0.00   68436   22016   0.27      0.00   1648.00   1452.00       0  nginx
1791495999    112       737   73.00   20.00    0.00    1.00   93.00     1      5.00      0.00 2861264  671936   8.28      0.00  12436.00      0.00       0  mysqld
1791495999   1100     25770   69.00   27.00    0.00   31.00   96.00     2   3657.00      0.00 2124484   24868   0.31      0.00      0.00      0.00       0  isupipe

# Time        UID       PID    %usr %system  %guest   %wait    %CPU   CPU  minflt/s  majflt/s     VSZ     RSS   %MEM   kB_rd/s   kB_wr/s kB_ccwr/s iodelay  Command
1791496000      0        13    0.00    1.00    0.00    0.00    1.00     0      0.00      0.00       0       0   0.00      0.00      0.00      0.00       0  ksoftirqd/0
1791496000      0        22    0.00    0.00    0.00    0.00    0.00     1      0.00      0.00       0       0   0.00      0.00      0.00      0.00       0  ksoftirqd/1
1791496000      0        28    0.00    0.00    0.00    0.00    0.00     2      0.00      0.00       0       0   0.00      0.00      0.00      0.00       0  ksoftirqd/2
1791496000      0        34    0.00    0.00    0.00    0.00    0.00     3      0.00      0.00       0       0   0.00      0.00      0.00      0.00       0  ksoftirqd/3
1791496000      0       344    0.00    1.00    0.00    1.00    1.00     2      0.00      0.00       0       0   0.00      0.00      0.00      0.00       0  jbd2/sda1-8
1791496000      0       418    1.00    1.00    0.00    0.00    2.00     2      0.00     63.00   65156   17652   0.22      0.00    252.00      0.00       0  systemd-journal
1791496000    104       664    1.00    0.00    0.00    0.00    1.00     2      0.00      0.00  222072    4484   0.06      0.00     28.00      0.00       0  rsyslogd
1791496000      0       728    0.00    0.00    0.00    0.00    0.00     0      0.00      0.00   56244    2480   0.03      0.00      0.00      0.00       0  nginx
1791496000     33       729    7.00    6.00    0.00   11.00   13.00     0      0.00      0.00   62808   16228   0.20      0.00    696.00    612.00       0  nginx
1791496000     33       730    8.00   11.00    0.00   31.00   19.00     0      0.00      0.00   64768   18340   0.23      0.00   1280.00   1140.00       0  nginx
1791496000     33       731    8.00    9.00    0.00   21.00   17.00     0      0.00      0.00   63120   16756   0.21      0.00   1092.00    996.00       0  nginx
1791496000     33       732   12.00   14.00    0.00   39.00   26.00     0      0.00      0.00   68436   22016   0.27      0.00   1748.00   1532.00       0  nginx
1791496000    112       737   67.00   23.00    0.00    0.00   90.00     1      5.00      0.00 2861264  671936   8.28      0.00  17312.00      0.00       0  mysqld
1791496000   1100     25770   57.00   36.00    0.00   43.00   93.00     1   3354.00      0.00 2124484   24752   0.30      0.00      0.00      0.00       0  isupipe

# Time        UID       PID    %usr %system  %guest   %wait    %CPU   CPU  minflt/s  majflt/s     VSZ     RSS   %MEM   kB_rd/s   kB_wr/s kB_ccwr/s iodelay  Command
1791496001      0        13    0.00    1.00    0.00    0.00    1.00     0      0.00      0.00       0       0   0.00      0.00      0.00      0.00       0  ksoftirqd/0
1791496001      0        22    0.00    0.00    0.00    0.00    0.00     1      0.00      0.00       0       0   0.00      0.00      0.00      0.00       0  ksoftirqd/1
1791496001      0        28    0.00    0.00    0.00    0.00    0.00     2      0.00      0.00       0       0   0.00      0.00      0.00      0.00       0  ksoftirqd/2
1791496001      0        34    0.00    0.00    0.00    0.00    0.00     3      0.00      0.00       0       0   0.00      0.00      0.00      0.00       0  ksoftirqd/3
1791496001      0       344    0.00    1.00    0.00    0.00    1.00     1      0.00      0.00       0       0   0.00      0.00      4.00      0.00       0  jbd2/sda1-8
1791496001      0       418    0.00    1.00    0.00    1.00    1.00     0      0.00     46.00   65156   17716   0.22      0.00    184.00      0.00       0  systemd-journal
1791496001    104       664    0.00    1.00    0.00    0.00    1.00     2      0.00      0.00  222072    4484   0.06      0.00     28.00      0.00       0  rsyslogd
1791496001      0       728    0.00    0.00    0.00    0.00    0.00     0      0.00      0.00   56244    2480   0.03      0.00      0.00      0.00       0  nginx
1791496001     33       729    7.00   10.00    0.00   15.00   17.00     0      0.00      0.00   62808   16228   0.20      0.00    364.00    268.00       0  nginx
1791496001     33       730    9.00    8.00    0.00   36.00   17.00     0      0.00      0.00   64768   18340   0.23      0.00   1188.00   1044.00       0  nginx
1791496001     33       731    7.00   10.00    0.00   28.00   17.00     2      0.00      0.00   63120   16756   0.21      0.00   1152.00   1036.00       0  nginx
1791496001     33       732   12.00   13.00    0.00   43.00   25.00     0      0.00      0.00   68436   22016   0.27      0.00   1552.00   1316.00       0  nginx
1791496001    112       737   68.00   25.00    0.00    2.00   93.00     2      8.00      0.00 2861264  671936   8.28      0.00  16868.00      0.00       0  mysqld
1791496001   1100     25770   61.00   35.00    0.00   20.00   96.00     1   4290.00      0.00 2124484   25640   0.32      0.00      0.00      0.00       0  isupipe

# Time        UID       PID    %usr %system  %guest   %wait    %CPU   CPU  minflt/s  majflt/s     VSZ     RSS   %MEM   kB_rd/s   kB_wr/s kB_ccwr/s iodelay  Command
1791496002      0        13    0.00    1.00    0.00    0.00    1.00     0      0.00      0.00       0       0   0.00      0.00      0.00      0.00       0  ksoftirqd/0
1791496002      0        22    0.00    0.00    0.00    0.00    0.00     1      0.00      0.00       0       0   0.00      0.00      0.00      0.00       0  ksoftirqd/1
1791496002      0        28    0.00    0.00    0.00    0.00    0.00     2      0.00      0.00       0       0   0.00      0.00      0.00      0.00       0  ksoftirqd/2
1791496002      0        34    0.00    0.00    0.00    0.00    0.00     3      0.00      0.00       0       0   0.00      0.00      0.00      0.00       0  ksoftirqd/3
1791496002      0       344    0.00    1.00    0.00    0.00    1.00     0      0.00      0.00       0       0   0.00      0.00      0.00      0.00       0  jbd2/sda1-8
1791496002      0       418    1.00    1.00    0.00    1.00    2.00     1      0.00     41.00   65156   17836   0.22      0.00    164.00      0.00       0  systemd-journal
1791496002    104       664    0.00    0.00    0.00    0.00    0.00     2      1.00      0.00  222072    4484   0.06      0.00     28.00      0.00       0  rsyslogd
1791496002      0       728    0.00    0.00    0.00    0.00    0.00     0      0.00      0.00   56244    2480   0.03      0.00      0.00      0.00       0  nginx
1791496002     33       729    9.00    6.00    0.00   17.00   15.00     0      0.00      0.00   62808   16228   0.20      0.00   1032.00    864.00       0  nginx
1791496002     33       730    8.00    8.00    0.00   29.00   16.00     0      0.00      0.00   64768   18340   0.23      0.00    976.00    836.00       0  nginx
1791496002     33       731    8.00    7.00    0.00   25.00   15.00     0      0.00      0.00   63120   16756   0.21      0.00    372.00    240.00       0  nginx
1791496002     33       732   15.00   10.00    0.00   38.00   25.00     3      0.00      0.00   68436   22016   0.27      0.00   1692.00   1436.00       0  nginx
1791496002    112       737   72.00   27.00    0.00    0.00   99.00     3      9.00      0.00 2861264  672120   8.28      0.00  14052.00      0.00       0  mysqld
1791496002   1100     25770   54.00   36.00    0.00   26.00   90.00     3   2606.00      0.00 2124484   25504   0.31      0.00      0.00      0.00       0  isupipe

# Time        UID       PID    %usr %system  %guest   %wait    %CPU   CPU  minflt/s  majflt/s     VSZ     RSS   %MEM   kB_rd/s   kB_wr/s kB_ccwr/s iodelay  Command
1791496003      0        13    0.00    1.00    0.00    0.00    1.00     0      0.00      0.00       0       0   0.00      0.00      0.00      0.00       0  ksoftirqd/0
1791496003      0        22    0.00    0.00    0.00    0.00    0.00     1      0.00      0.00       0       0   0.00      0.00      0.00      0.00       0  ksoftirqd/1
1791496003      0        28    0.00    0.00    0.00    0.00    0.00     2      0.00      0.00       0       0   0.00      0.00      0.00      0.00       0  ksoftirqd/2
1791496003      0        34    0.00    0.00    0.00    0.00    0.00     3      0.00      0.00       0       0   0.00      0.00      0.00      0.00       0  ksoftirqd/3
1791496003      0       344    0.00    0.00    0.00    0.00    0.00     2      0.00      0.00       0       0   0.00      0.00     16.00      0.00       0  jbd2/sda1-8
1791496003      0       418    1.00    0.00    0.00    0.00    1.00     2      0.00     33.00   65156   17904   0.22      0.00    132.00      0.00       0  systemd-journal
1791496003    104       664    0.00    1.00    0.00    0.00    1.00     2      0.00      0.00  222072    4484   0.06      0.00     28.00      0.00       0  rsyslogd
1791496003      0       728    0.00    0.00    0.00    0.00    0.00     0      0.00      0.00   56244    2480   0.03      0.00      0.00      0.00       0  nginx
1791496003     33       729    8.00   12.00    0.00   27.00   20.00     0      0.00      0.00   62808   16228   0.20      0.00    952.00    880.00       0  nginx
1791496003     33       730   10.00    9.00    0.00   37.00   19.00     0      0.00      0.00   64768   18340   0.23      0.00   1052.00    836.00       0  nginx
1791496003     33       731    9.00    9.00    0.00   29.00   18.00     0      0.00      0.00   63120   16756   0.21      0.00   1068.00    944.00       0  nginx
1791496003     33       732   13.00   11.00    0.00   43.00   24.00     0      0.00      0.00   68436   22016   0.27      0.00   1460.00   1276.00       0  nginx
1791496003    112       737   68.00   23.00    0.00    1.00   91.00     1     39.00      0.00 2861264  672120   8.28      0.00  16620.00      0.00       0  mysqld
1791496003   1100     25770   63.00   34.00    0.00   17.00   97.00     1   3447.00      0.00 2124484   27608   0.34      0.00      0.00      0.00       0  isupipe

# Time        UID       PID    %usr %system  %guest   %wait    %CPU   CPU  minflt/s  majflt/s     VSZ     RSS   %MEM   kB_rd/s   kB_wr/s kB_ccwr/s iodelay  Command
1791496004      0        13    0.00    1.00    0.00    0.00    1.00     0      0.00      0.00       0       0   0.00      0.00      0.00      0.00       0  ksoftirqd/0
1791496004      0        22    0.00    0.00    0.00    0.00    0.00     1      0.00      0.00       0       0   0.00      0.00      0.00      0.00       0  ksoftirqd/1
1791496004      0        28    0.00    1.00    0.00    0.00    1.00     2      0.00      0.00       0       0   0.00      0.00      0.00      0.00       0  ksoftirqd/2
1791496004      0        34    0.00    0.00    0.00    0.00    0.00     3      0.00      0.00       0       0   0.00      0.00      0.00      0.00       0  ksoftirqd/3
1791496004      0       344    0.00    2.00    0.00    1.00    2.00     2      0.00      0.00       0       0   0.00      0.00      4.00      0.00       0  jbd2/sda1-8
1791496004      0       418    1.00    1.00    0.00    1.00    2.00     3      0.00     37.00   65156   17976   0.22      0.00    148.00      0.00       0  systemd-journal
1791496004    104       664    1.00    0.00    0.00    0.00    1.00     2      0.00      0.00  222072    4484   0.06      0.00     24.00      0.00       0  rsyslogd
1791496004      0       728    0.00    0.00    0.00    0.00    0.00     0      0.00      0.00   56244    2480   0.03      0.00      0.00      0.00       0  nginx
1791496004     33       729    6.00    6.00    0.00   14.00   12.00     1      0.00      0.00   62808   16228   0.20      0.00    424.00    328.00       0  nginx
1791496004     33       730    9.00    9.00    0.00   31.00   18.00     0      0.00      0.00   64768   18340   0.23      0.00    976.00    828.00       0  nginx
1791496004     33       731    8.00    8.00    0.00   22.00   16.00     0      0.00      0.00   63120   16756   0.21      0.00   1356.00   1232.00       0  nginx
1791496004     33       732   13.00   12.00    0.00   36.00   25.00     0      0.00      0.00   68436   22016   0.27      0.00   1344.00   1164.00       0  nginx
1791496004    112       737   62.00   23.00    0.00    0.00   85.00     1      1.00      0.00 2861264  672120   8.28      0.00  11944.00      0.00       0  mysqld
1791496004   1100     25770   50.00   39.00    0.00   13.00   89.00     1   2144.00      0.00 2124484   25808   0.32      0.00      0.00      0.00       0  isupipe

# Time        UID       PID    %usr %system  %guest   %wait    %CPU   CPU  minflt/s  majflt/s     VSZ     RSS   %MEM   kB_rd/s   kB_wr/s kB_ccwr/s iodelay  Command
1791496005      0        13    0.00    1.00    0.00    0.00    1.00     0      0.00      0.00       0       0   0.00      0.00      0.00      0.00       0  ksoftirqd/0
1791496005      0        22    0.00    1.00    0.00    0.00    1.00     1      0.00      0.00       0       0   0.00      0.00      0.00      0.00       0  ksoftirqd/1
1791496005      0        28    0.00    0.00    0.00    0.00    0.00     2      0.00      0.00       0       0   0.00      0.00      0.00      0.00       0  ksoftirqd/2
1791496005      0        34    0.00    1.00    0.00    0.00    1.00     3      0.00      0.00       0       0   0.00      0.00      0.00      0.00       0  ksoftirqd/3
1791496005      0       344    0.00    1.00    0.00    0.00    1.00     0      0.00      0.00       0       0   0.00      0.00     92.00      0.00       0  jbd2/sda1-8
1791496005      0       418    0.00    1.00    0.00    0.00    1.00     3      0.00     29.00   65156   18060   0.22      0.00    116.00      0.00       0  systemd-journal
1791496005    104       664    1.00    0.00    0.00    0.00    1.00     2      0.00      0.00  222072    4484   0.06      0.00     32.00      0.00       0  rsyslogd
1791496005      0       728    0.00    0.00    0.00    0.00    0.00     0      0.00      0.00   56244    2480   0.03      0.00      0.00      0.00       0  nginx
1791496005     33       729    5.00   10.00    0.00   20.00   15.00     3      0.00      0.00   62808   16228   0.20      0.00    716.00    612.00       0  nginx
1791496005     33       730   10.00    8.00    0.00   34.00   18.00     0     17.00      0.00   64904   18340   0.23      0.00   1184.00   1028.00       0  nginx
1791496005     33       731    5.00   11.00    0.00   29.00   16.00     2      0.00      0.00   63120   16756   0.21      0.00    888.00    784.00       0  nginx
1791496005     33       732   10.00   14.00    0.00   45.00   24.00     1      0.00      0.00   68436   22016   0.27      0.00   1160.00    936.00       0  nginx
1791496005    112       737   66.00   27.00    0.00    1.00   93.00     3      9.00      0.00 2861264  672120   8.28      0.00  15688.00      0.00       0  mysqld
1791496005   1100     25770   57.00   34.00    0.00   25.00   91.00     0   3161.00      0.00 2124484   26412   0.33      0.00      0.00      0.00       0  isupipe

# Time        UID       PID    %usr %system  %guest   %wait    %CPU   CPU  minflt/s  majflt/s     VSZ     RSS   %MEM   kB_rd/s   kB_wr/s kB_ccwr/s iodelay  Command
1791496006      0        13    0.00    0.00    0.00    0.00    0.00     0      0.00      0.00       0       0   0.00      0.00      0.00      0.00       0  ksoftirqd/0
1791496006      0        22    0.00    0.00    0.00    0.00    0.00     1      0.00      0.00       0       0   0.00      0.00      0.00      0.00       0  ksoftirqd/1
1791496006      0        28    0.00    0.00    0.00    0.00    0.00     2      0.00      0.00       0       0   0.00      0.00      0.00      0.00       0  ksoftirqd/2
1791496006      0        34    0.00    0.00    0.00    0.00    0.00     3      0.00      0.00       0       0   0.00      0.00      0.00      0.00       0  ksoftirqd/3
1791496006      0       344    0.00    1.00    0.00    1.00    1.00     3      0.00      0.00       0       0   0.00      0.00      4.00      0.00       0  jbd2/sda1-8
1791496006      0       418    1.00    0.00    0.00    1.00    1.00     1      0.00     36.00   65156   18152   0.22      0.00    144.00      0.00       0  systemd-journal
1791496006    104       664    0.00    0.00    0.00    0.00    0.00     2      0.00      0.00  222072    4484   0.06      0.00     28.00      0.00       0  rsyslogd
1791496006      0       728    0.00    0.00    0.00    0.00    0.00     0      0.00      0.00   56244    2480   0.03      0.00      0.00      0.00       0  nginx
1791496006     33       729    5.00   10.00    0.00   21.00   15.00     1      0.00      0.00   62808   16228   0.20      0.00    756.00    640.00       0  nginx
1791496006     33       730    5.00   11.00    0.00   32.00   16.00     0     34.00      0.00   65040   18604   0.23      0.00   1244.00   1132.00       0  nginx
1791496006     33       731    8.00    8.00    0.00   22.00   16.00     1      5.00      0.00   63260   16756   0.21      0.00    636.00    528.00       0  nginx
1791496006     33       732   10.00   17.00    0.00   39.00   27.00     0      0.00      0.00   68436   22016   0.27      0.00   1560.00   1236.00       0  nginx
1791496006    112       737   64.00   27.00    0.00    1.00   91.00     3      2.00      0.00 2861264  672120   8.28      0.00  15976.00      0.00       0  mysqld
1791496006   1100     25770   56.00   32.00    0.00   35.00   88.00     1   3207.00      0.00 2124484   25684   0.32      0.00      0.00      0.00       0  isupipe

# Time        UID       PID    %usr %system  %guest   %wait    %CPU   CPU  minflt/s  majflt/s     VSZ     RSS   %MEM   kB_rd/s   kB_wr/s kB_ccwr/s iodelay  Command
1791496007      0        13    0.00    1.00    0.00    0.00    1.00     0      0.00      0.00       0       0   0.00      0.00      0.00      0.00       0  ksoftirqd/0
1791496007      0        22    0.00    0.00    0.00    0.00    0.00     1      0.00      0.00       0       0   0.00      0.00      0.00      0.00       0  ksoftirqd/1
1791496007      0        28    0.00    0.00    0.00    0.00    0.00     2      0.00      0.00       0       0   0.00      0.00      0.00      0.00       0  ksoftirqd/2
1791496007      0        34    0.00    0.00    0.00    0.00    0.00     3      0.00      0.00       0       0   0.00      0.00      0.00      0.00       0  ksoftirqd/3
1791496007      0       344    0.00    1.00    0.00    0.00    1.00     3      0.00      0.00       0       0   0.00      0.00      8.00      0.00       0  jbd2/sda1-8
1791496007      0       418    0.00    2.00    0.00    0.00    2.00     3      1.00     29.00   65156   18152   0.22      0.00    116.00      0.00       0  systemd-journal
1791496007    104       664    0.00    1.00    0.00    0.00    1.00     2      1.00      0.00  222072    4484   0.06      0.00     28.00      0.00       0  rsyslogd
1791496007      0       728    0.00    0.00    0.00    0.00    0.00     0      0.00      0.00   56244    2480   0.03      0.00      0.00      0.00       0  nginx
1791496007     33       729    7.00    7.00    0.00   19.00   14.00     0      0.00      0.00   62808   16228   0.20      0.00    832.00    716.00       0  nginx
1791496007     33       730    7.00   11.00    0.00   28.00   18.00     0      8.00      0.00   65040   18604   0.23      0.00   1112.00    988.00       0  nginx
1791496007     33       731    5.00   10.00    0.00   24.00   15.00     0     43.00      0.00   63400   17020   0.21      0.00    788.00    688.00       0  nginx
1791496007     33       732   12.00   13.00    0.00   33.00   25.00     0      2.00      0.00   68436   22016   0.27      0.00   1560.00   1412.00       0  nginx
1791496007    112       737   73.00   22.00    0.00    1.00   95.00     3      3.00      0.00 2861264  672120   8.28      0.00  13100.00      0.00       0  mysqld
1791496007   1100     25770   56.00   36.00    0.00   20.00   92.00     3   3435.00      0.00 2124484   26176   0.32      0.00      0.00      0.00       0  isupipe

# Time        UID       PID    %usr %system  %guest   %wait    %CPU   CPU  minflt/s  majflt/s     VSZ     RSS   %MEM   kB_rd/s   kB_wr/s kB_ccwr/s iodelay  Command
1791496008      0        13    0.00    1.00    0.00    0.00    1.00     0      0.00      0.00       0       0   0.00      0.00      0.00      0.00       0  ksoftirqd/0
1791496008      0        22    0.00    0.00    0.00    0.00    0.00     1      0.00      0.00       0       0   0.00      0.00      0.00      0.00       0  ksoftirqd/1
1791496008      0        28    0.00    0.00    0.00    0.00    0.00     2      0.00      0.00       0       0   0.00      0.00      0.00      0.00       0  ksoftirqd/2
1791496008      0        34    0.00    0.00    0.00    0.00    0.00     3      0.00      0.00       0       0   0.00      0.00      0.00      0.00       0  ksoftirqd/3
1791496008      0       344    0.00    1.00    0.00    1.00    1.00     3      0.00      0.00       0       0   0.00      0.00      0.00      0.00       0  jbd2/sda1-8
1791496008      0       418    0.00    1.00    0.00    0.00    1.00     3      0.00     31.00   65156   18232   0.22      0.00    124.00      0.00       0  systemd-journal
1791496008    104       664    0.00    0.00    0.00    0.00    0.00     2      0.00      0.00  222072    4484   0.06      0.00     28.00      0.00       0  rsyslogd
1791496008      0       728    0.00    0.00    0.00    0.00    0.00     0      0.00      0.00   56244    2480   0.03      0.00      0.00      0.00       0  nginx
1791496008     33       729    8.00    6.00    0.00   15.00   14.00     1      0.00      0.00   62808   16228   0.20      0.00    696.00    608.00       0  nginx
1791496008     33       730    6.00   14.00    0.00   33.00   20.00     1     44.00      0.00   65180   18868   0.23      0.00    904.00    764.00       0  nginx
1791496008     33       731    6.00   10.00    0.00   24.00   16.00     2     24.00      0.00   63400   17020   0.21      0.00    940.00    800.00       0  nginx
1791496008     33       732   14.00   13.00    0.00   33.00   27.00     0      8.00      0.00   68436   22016   0.27      0.00   2296.00   2104.00       0  nginx
1791496008    112       737   66.00   26.00    0.00    0.00   92.00     3      3.00      0.00 2861264  672120   8.28      0.00  16960.00      0.00       0  mysqld
1791496008   1100     25770   60.00   33.00    0.00   29.00   93.00     0   3675.00      0.00 2124484   23884   0.29      0.00      0.00      0.00       0  isupipe

# Time        UID       PID    %usr %system  %guest   %wait    %CPU   CPU  minflt/s  majflt/s     VSZ     RSS   %MEM   kB_rd/s   kB_wr/s kB_ccwr/s iodelay  Command
1791496009      0        13    0.00    1.00    0.00    0.00    1.00     0      0.00      0.00       0       0   0.00      0.00      0.00      0.00       0  ksoftirqd/0
1791496009      0        22    0.00    0.00    0.00    0.00    0.00     1      0.00      0.00       0       0   0.00      0.00      0.00      0.00       0  ksoftirqd/1
1791496009      0        28    0.00    0.00    0.00    0.00    0.00     2      0.00      0.00       0       0   0.00      0.00      0.00      0.00       0  ksoftirqd/2
1791496009      0        34    0.00    0.00    0.00    0.00    0.00     3      0.00      0.00       0       0   0.00      0.00      0.00      0.00       0  ksoftirqd/3
1791496009      0       344    0.00    1.00    0.00    0.00    1.00     3      0.00      0.00       0       0   0.00      0.00      4.00      0.00       0  jbd2/sda1-8
1791496009      0       418    0.00    1.00    0.00    1.00    1.00     3      6.00     26.00   73348   18324   0.23      0.00     96.00      0.00       0  systemd-journal
1791496009    104       664    0.00    1.00    0.00    0.00    1.00     2      0.00      0.00  222072    4484   0.06      0.00     24.00      0.00       0  rsyslogd
1791496009      0       728    0.00    0.00    0.00    0.00    0.00     0      0.00      0.00   56244    2480   0.03      0.00      0.00      0.00       0  nginx
1791496009     33       729    7.00    7.00    0.00   13.00   14.00     2      0.00      0.00   62808   16228   0.20      0.00    356.00    280.00       0  nginx
1791496009     33       730   10.00   10.00    0.00   32.00   20.00     0      0.00      0.00   65180   18868   0.23      0.00    816.00    652.00       0  nginx
1791496009     33       731    9.00    9.00    0.00   26.00   18.00     1      3.00      0.00   63544   17020   0.21      0.00   1044.00    924.00       0  nginx
1791496009     33       732   11.00   17.00    0.00   30.00   28.00     0     17.00      0.00   68436   22280   0.27      0.00   1604.00   1308.00       0  nginx
1791496009    112       737   61.00   24.00    0.00    1.00   85.00     3      0.00      0.00 2861264  672120   8.28      0.00  11684.00      0.00       0  mysqld
1791496009   1100     25770   62.00   28.00    0.00   31.00   90.00     1   2948.00      0.00 2198276   25268   0.31      0.00      0.00      0.00       0  isupipe

# Time        UID       PID    %usr %system  %guest   %wait    %CPU   CPU  minflt/s  majflt/s     VSZ     RSS   %MEM   kB_rd/s   kB_wr/s kB_ccwr/s iodelay  Command
1791496010      0        13    0.00    2.00    0.00    0.00    2.00     0      0.00      0.00       0       0   0.00      0.00      0.00      0.00       0  ksoftirqd/0
1791496010      0        22    0.00    0.00    0.00    0.00    0.00     1      0.00      0.00       0       0   0.00      0.00      0.00      0.00       0  ksoftirqd/1
1791496010      0        28    0.00    1.00    0.00    0.00    1.00     2      0.00      0.00       0       0   0.00      0.00      0.00      0.00       0  ksoftirqd/2
1791496010      0        34    0.00    0.00    0.00    0.00    0.00     3      0.00      0.00       0       0   0.00      0.00      0.00      0.00       0  ksoftirqd/3
1791496010      0       344    0.00    1.00    0.00    0.00    1.00     3      0.00      0.00       0       0   0.00      0.00      0.00      0.00       0  jbd2/sda1-8
1791496010      0       418    1.00    0.00    0.00    0.00    1.00     3      5.00     34.00   73348   18844   0.23      0.00    124.00      0.00       0  systemd-journal
1791496010    104       664    1.00    0.00    0.00    0.00    1.00     2      0.00      0.00  222072    4484   0.06      0.00     28.00      0.00       0  rsyslogd
1791496010      0       728    0.00    0.00    0.00    0.00    0.00     0      0.00      0.00   56244    2480   0.03      0.00      0.00      0.00       0  nginx
1791496010     33       729    8.00    7.00    0.00   17.00   15.00     1      0.00      0.00   62808   16228   0.20      0.00    348.00    264.00       0  nginx
1791496010     33       730   10.00    9.00    0.00   34.00   19.00     0     33.00      0.00   65316   18868   0.23      0.00    924.00    768.00       0  nginx
1791496010     33       731    8.00    8.00    0.00   31.00   16.00     0      0.00      0.00   63544   17020   0.21      0.00   1060.00    924.00       0  nginx
1791496010     33       732   12.00   13.00    0.00   38.00   25.00     0      0.00      0.00   68436   22280   0.27      0.00   1744.00   1600.00       0  nginx
1791496010    112       737   66.00   24.00    0.00    0.00   90.00     3      6.00      0.00 2861264  672120   8.28      0.00  15972.00      0.00       0  mysqld
1791496010   1100     25770   61.00   28.00    0.00    0.00   89.00     1   2237.00      0.00 2198276   24624   0.30      0.00      0.00      0.00       0  isupipe

# Time        UID       PID    %usr %system  %guest   %wait    %CPU   CPU  minflt/s  majflt/s     VSZ     RSS   %MEM   kB_rd/s   kB_wr/s kB_ccwr/s iodelay  Command
1791496011      0        13    0.00    0.00    0.00    0.00    0.00     0      0.00      0.00       0       0   0.00      0.00      0.00      0.00       0  ksoftirqd/0
1791496011      0        22    0.00    1.00    0.00    0.00    1.00     1      0.00      0.00       0       0   0.00      0.00      0.00      0.00       0  ksoftirqd/1
1791496011      0        28    0.00    0.00    0.00    0.00    0.00     2      0.00      0.00       0       0   0.00      0.00      0.00      0.00       0  ksoftirqd/2
1791496011      0        34    0.00    1.00    0.00    0.00    1.00     3      0.00      0.00       0       0   0.00      0.00      0.00      0.00       0  ksoftirqd/3
1791496011      0       344    0.00    1.00    0.00    1.00    1.00     3      0.00      0.00       0       0   0.00      0.00      4.00      0.00       0  jbd2/sda1-8
1791496011      0       418    1.00    0.00    0.00    0.00    1.00     3      6.00     23.00   73348   19176   0.24      0.00     84.00      0.00       0  systemd-journal
1791496011    104       664    0.00    0.00    0.00    0.00    0.00     2      0.00      0.00  222072    4484   0.06      0.00     20.00      0.00       0  rsyslogd
1791496011      0       728    0.00    0.00    0.00    0.00    0.00     0      0.00      0.00   56244    2480   0.03      0.00      0.00      0.00       0  nginx
1791496011     33       729    5.00    8.00    0.00   19.00   13.00     0      0.00      0.00   62808   16228   0.20      0.00    296.00    200.00       0  nginx
1791496011     33       730   12.00    9.00    0.00   28.00   21.00     1     37.00      0.00   65456   19132   0.24      0.00   1252.00   1124.00       0  nginx
1791496011     33       731    7.00    9.00    0.00   25.00   16.00     3      1.00      0.00   63544   17020   0.21      0.00    492.00    384.00       0  nginx
1791496011     33       732   11.00   14.00    0.00   29.00   25.00     0      1.00      0.00   68436   22280   0.27      0.00   1824.00   1632.00       0  nginx
1791496011    112       737   59.00   23.00    0.00    0.00   82.00     1      0.00      0.00 2861264  672120   8.28      0.00  11488.00      0.00       0  mysqld
1791496011   1100     25770   59.00   30.00    0.00    0.00   89.00     1   3635.00      0.00 2198276   25744   0.32      0.00      0.00      0.00       0  isupipe

# Time        UID       PID    %usr %system  %guest   %wait    %CPU   CPU  minflt/s  majflt/s     VSZ     RSS   %MEM   kB_rd/s   kB_wr/s kB_ccwr/s iodelay  Command
1791496012      0        13    0.00    1.00    0.00    0.00    1.00     0      0.00      0.00       0       0   0.00      0.00      0.00      0.00       0  ksoftirqd/0
1791496012      0        22    0.00    0.00    0.00    0.00    0.00     1      0.00      0.00       0       0   0.00      0.00      0.00      0.00       0  ksoftirqd/1
1791496012      0        28    0.00    0.00    0.00    0.00    0.00     2      0.00      0.00       0       0   0.00      0.00      0.00      0.00       0  ksoftirqd/2
1791496012      0        34    0.00    0.00    0.00    0.00    0.00     3      0.00      0.00       0       0   0.00      0.00      0.00      0.00       0  ksoftirqd/3
1791496012      0       344    0.00    2.00    0.00    0.00    2.00     3      0.00      0.00       0       0   0.00      0.00     16.00      0.00       0  jbd2/sda1-8
1791496012      0       418    0.00    1.00    0.00    1.00    1.00     2      1.00     12.00   73348   19696   0.24      0.00     44.00      0.00       0  systemd-journal
1791496012    104       664    0.00    0.00    0.00    0.00    0.00     2      0.00      0.00  222072    4484   0.06      0.00     16.00      0.00       0  rsyslogd
1791496012      0       728    0.00    0.00    0.00    0.00    0.00     0      0.00      0.00   56244    2480   0.03      0.00      0.00      0.00       0  nginx
1791496012     33       729   10.00    9.00    0.00   22.00   19.00     1      0.00      0.00   62808   16228   0.20      0.00    268.00    200.00       0  nginx
1791496012     33       730   10.00    9.00    0.00   36.00   19.00     0      0.00      0.00   65456   19132   0.24      0.00    692.00    432.00       0  nginx
1791496012     33       731   10.00    7.00    0.00   27.00   17.00     0      0.00      0.00   63544   17020   0.21      0.00    644.00    508.00       0  nginx
1791496012     33       732   18.00   13.00    0.00   35.00   31.00     0      0.00      0.00   68436   22280   0.27      0.00   1512.00   1360.00       0  nginx
1791496012    112       737   58.00   27.00    0.00    0.00   85.00     3      2.00      0.00 2861264  672120   8.28      0.00  16332.00      0.00       0  mysqld
1791496012   1100     25770   58.00   25.00    0.00    0.00   83.00     1   1778.00      0.00 2198276   25304   0.31      0.00      0.00      0.00       0  isupipe

# Time        UID       PID    %usr %system  %guest   %wait    %CPU   CPU  minflt/s  majflt/s     VSZ     RSS   %MEM   kB_rd/s   kB_wr/s kB_ccwr/s iodelay  Command
1791496013      0        13    0.00    2.00    0.00    1.00    2.00     0      0.00      0.00       0       0   0.00      0.00      0.00      0.00       0  ksoftirqd/0
1791496013      0        22    0.00    0.00    0.00    0.00    0.00     1      0.00      0.00       0       0   0.00      0.00      0.00      0.00       0  ksoftirqd/1
1791496013      0        28    0.00    0.00    0.00    0.00    0.00     2      0.00      0.00       0       0   0.00      0.00      0.00      0.00       0  ksoftirqd/2
1791496013      0        34    0.00    0.00    0.00    0.00    0.00     3      0.00      0.00       0       0   0.00      0.00      0.00      0.00       0  ksoftirqd/3
1791496013      0       344    0.00    1.00    0.00    1.00    1.00     1      0.00      0.00       0       0   0.00      0.00     24.00      0.00       0  jbd2/sda1-8
1791496013      0       418    0.00    0.00    0.00    0.00    0.00     3      2.00     73.00   73348   19868   0.24      0.00    288.00      0.00       0  systemd-journal
1791496013    104       664    0.00    0.00    0.00    0.00    0.00     2      0.00      0.00  222072    4484   0.06      0.00     12.00      0.00       0  rsyslogd
1791496013      0       728    0.00    0.00    0.00    0.00    0.00     0      0.00      0.00   56244    2480   0.03      0.00      0.00      0.00       0  nginx
1791496013     33       729    9.00    8.00    0.00   20.00   17.00     0      0.00      0.00   62808   16228   0.20      0.00    344.00    260.00       0  nginx
1791496013     33       730   11.00    9.00    0.00   33.00   20.00     0      0.00      0.00   65456   19132   0.24      0.00    592.00    604.00       0  nginx
1791496013     33       731   10.00    8.00    0.00   32.00   18.00     0      0.00      0.00   63544   17020   0.21      0.00   1052.00    988.00       0  nginx
1791496013     33       732   16.00   15.00    0.00   36.00   31.00     1      0.00      0.00   68436   22280   0.27      0.00   1156.00    988.00       0  nginx
1791496013    112       737   59.00   27.00    0.00    1.00   86.00     3      0.00      0.00 2861264  672120   8.28      0.00  11976.00      0.00       0  mysqld
1791496013   1100     25770   54.00   30.00    0.00    0.00   84.00     1   1869.00      0.00 2198276   26680   0.33      0.00      0.00      0.00       0  isupipe

# Time        UID       PID    %usr %system  %guest   %wait    %CPU   CPU  minflt/s  majflt/s     VSZ     RSS   %MEM   kB_rd/s   kB_wr/s kB_ccwr/s iodelay  Command
1791496014      0        13    0.00    0.00    0.00    0.00    0.00     0      0.00      0.00       0       0   0.00      0.00      0.00      0.00       0  ksoftirqd/0
1791496014      0        22    0.00    0.00    0.00    0.00    0.00     1      0.00      0.00       0       0   0.00      0.00      0.00      0.00       0  ksoftirqd/1
1791496014      0        28    0.00    0.00    0.00    0.00    0.00     2      0.00      0.00       0       0   0.00      0.00      0.00      0.00       0  ksoftirqd/2
1791496014      0        34    0.00    0.00    0.00    0.00    0.00     3      0.00      0.00       0       0   0.00      0.00      0.00      0.00       0  ksoftirqd/3
1791496014      0       344    0.00    2.00    0.00    0.00    2.00     3      0.00      0.00       0       0   0.00      0.00      0.00      0.00       0  jbd2/sda1-8
1791496014      0       418    1.00    0.00    0.00    0.00    1.00     3      3.00     40.00   73348   19960   0.25      0.00    160.00      0.00       0  systemd-journal
1791496014    104       664    0.00    0.00    0.00    0.00    0.00     2      0.00      0.00  222072    4484   0.06      0.00     12.00      0.00       0  rsyslogd
1791496014      0       728    0.00    0.00    0.00    0.00    0.00     0      0.00      0.00   56244    2480   0.03      0.00      0.00      0.00       0  nginx
1791496014     33       729    7.00    9.00    0.00   23.00   16.00     0      0.00      0.00   62808   16228   0.20      0.00    856.00    796.00       0  nginx
1791496014     33       730   11.00   10.00    0.00   33.00   21.00     0      0.00      0.00   65456   19132   0.24      0.00    352.00    240.00       0  nginx
1791496014     33       731   11.00    9.00    0.00   29.00   20.00     0      0.00      0.00   63544   17020   0.21      0.00   1020.00    928.00       0  nginx
1791496014     33       732   15.00   12.00    0.00   37.00   27.00     0      0.00      0.00   68436   22280   0.27      0.00   1036.00    856.00       0  nginx
1791496014    112       737   60.00   21.00    0.00    1.00   81.00     2      1.00      0.00 2861264  672120   8.28      0.00  15840.00      0.00       0  mysqld
1791496014   1100     25770   49.00   34.00    0.00    0.00   83.00     1   1587.00      0.00 2198276   25148   0.31      0.00      0.00      0.00       0  isupipe

# Time        UID       PID    %usr %system  %guest   %wait    %CPU   CPU  minflt/s  majflt/s     VSZ     RSS   %MEM   kB_rd/s   kB_wr/s kB_ccwr/s iodelay  Command
1791496015      0        13    0.00    1.00    0.00    0.00    1.00     0      0.00      0.00       0       0   0.00      0.00      0.00      0.00       0  ksoftirqd/0
1791496015      0        22    0.00    0.00    0.00    0.00    0.00     1      0.00      0.00       0       0   0.00      0.00      0.00      0.00       0  ksoftirqd/1
1791496015      0        28    0.00    0.00    0.00    0.00    0.00     2      0.00      0.00       0       0   0.00      0.00      0.00      0.00       0  ksoftirqd/2
1791496015      0        34    0.00    0.00    0.00    0.00    0.00     3      0.00      0.00       0       0   0.00      0.00      0.00      0.00       0  ksoftirqd/3
1791496015      0       344    0.00    1.00    0.00    1.00    1.00     1      0.00      0.00       0       0   0.00      0.00      0.00      0.00       0  jbd2/sda1-8
1791496015      0       418    0.00    1.00    0.00    1.00    1.00     3      1.00     37.00   73348   20124   0.25      0.00    148.00      0.00       0  systemd-journal
1791496015    104       664    0.00    1.00    0.00    0.00    1.00     2      0.00      0.00  222072    4484   0.06      0.00     16.00      0.00       0  rsyslogd
1791496015      0       728    0.00    0.00    0.00    0.00    0.00     0      0.00      0.00   56244    2480   0.03      0.00      0.00      0.00       0  nginx
1791496015     33       729    9.00   10.00    0.00   26.00   19.00     0      0.00      0.00   62808   16228   0.20      0.00    616.00    520.00       0  nginx
1791496015     33       730   11.00   11.00    0.00   32.00   22.00     1      0.00      0.00   65456   19132   0.24      0.00   1016.00    904.00       0  nginx
1791496015     33       731    9.00   12.00    0.00   29.00   21.00     0      0.00      0.00   63544   17020   0.21      0.00    464.00    356.00       0  nginx
1791496015     33       732   12.00   12.00    0.00   32.00   24.00     0      0.00      0.00   68436   22280   0.27      0.00    668.00    532.00       0  nginx
1791496015    112       737   61.00   25.00    0.00    0.00   86.00     2      2.00      0.00 2861264  672120   8.28      0.00  10672.00      0.00       0  mysqld
1791496015   1100     25770   52.00   30.00    0.00    0.00   82.00     1   2049.00      0.00 2198276   24508   0.30      0.00      0.00      0.00       0  isupipe

# Time        UID       PID    %usr %system  %guest   %wait    %CPU   CPU  minflt/s  majflt/s     VSZ     RSS   %MEM   kB_rd/s   kB_wr/s kB_ccwr/s iodelay  Command
1791496016      0        13    0.00    1.00    0.00    0.00    1.00     0      0.00      0.00       0       0   0.00      0.00      0.00      0.00       0  ksoftirqd/0
1791496016      0        22    0.00    0.00    0.00    0.00    0.00     1      0.00      0.00       0       0   0.00      0.00      0.00      0.00       0  ksoftirqd/1
1791496016      0        28    0.00    0.00    0.00    0.00    0.00     2      0.00      0.00       0       0   0.00      0.00      0.00      0.00       0  ksoftirqd/2
1791496016      0        34    0.00    0.00    0.00    0.00    0.00     3      0.00      0.00       0       0   0.00      0.00      0.00      0.00       0  ksoftirqd/3
1791496016      0       344    0.00    2.00    0.00    1.00    2.00     3      0.00      0.00       0       0   0.00      0.00      0.00      0.00       0  jbd2/sda1-8
1791496016      0       418    0.00    1.00    0.00    0.00    1.00     0      2.00     37.00   73348   20280   0.25      0.00    148.00      0.00       0  systemd-journal
1791496016    104       664    0.00    0.00    0.00    0.00    0.00     2      1.00      0.00  222072    4484   0.06      0.00     12.00      0.00       0  rsyslogd
1791496016      0       728    0.00    0.00    0.00    0.00    0.00     0      0.00      0.00   56244    2480   0.03      0.00      0.00      0.00       0  nginx
1791496016     33       729    9.00    9.00    0.00   27.00   18.00     1      0.00      0.00   62808   16228   0.20      0.00    916.00    808.00       0  nginx
1791496016     33       730   12.00    7.00    0.00   29.00   19.00     0      0.00      0.00   65456   19132   0.24      0.00    636.00    528.00       0  nginx
1791496016     33       731   14.00    6.00    0.00   33.00   20.00     1      0.00      0.00   63544   17020   0.21      0.00    464.00    328.00       0  nginx
1791496016     33       732   18.00    8.00    0.00   37.00   26.00     2      0.00      0.00   68436   22280   0.27      0.00   1352.00   1256.00       0  nginx
1791496016    112       737   58.00   25.00    0.00    0.00   83.00     3      3.00      0.00 2858180  671068   8.27      0.00  11772.00      0.00       0  mysqld
1791496016   1100     25770   48.00   33.00    0.00    0.00   81.00     1   2630.00      0.00 2198276   27228   0.34      0.00      0.00      0.00       0  isupipe

# Time        UID       PID    %usr %system  %guest   %wait    %CPU   CPU  minflt/s  majflt/s     VSZ     RSS   %MEM   kB_rd/s   kB_wr/s kB_ccwr/s iodelay  Command
1791496017      0        13    0.00    1.00    0.00    0.00    1.00     0      0.00      0.00       0       0   0.00      0.00      0.00      0.00       0  ksoftirqd/0
1791496017      0        22    0.00    0.00    0.00    0.00    0.00     1      0.00      0.00       0       0   0.00      0.00      0.00      0.00       0  ksoftirqd/1
1791496017      0        28    0.00    0.00    0.00    0.00    0.00     2      0.00      0.00       0       0   0.00      0.00      0.00      0.00       0  ksoftirqd/2
1791496017      0        34    0.00    0.00    0.00    0.00    0.00     3      0.00      0.00       0       0   0.00      0.00      0.00      0.00       0  ksoftirqd/3
1791496017      0       344    0.00    0.00    0.00    0.00    0.00     1      0.00      0.00       0       0   0.00      0.00      0.00      0.00       0  jbd2/sda1-8
1791496017      0       418    0.00    0.00    0.00    0.00    0.00     0      0.00      0.00   73348   20280   0.25      0.00      0.00      0.00       0  systemd-journal
1791496017    104       664    0.00    0.00    0.00    0.00    0.00     2      0.00      0.00  222072    4484   0.06      0.00      0.00      0.00       0  rsyslogd
1791496017      0       728    0.00    0.00    0.00    0.00    0.00     0      0.00      0.00   56244    2480   0.03      0.00      0.00      0.00       0  nginx
1791496017     33       729    1.00    1.00    0.00    0.00    2.00     0      0.00      0.00   62808   16228   0.20      0.00     16.00      0.00       0  nginx
1791496017     33       730    0.00    0.00    0.00    0.00    0.00     3      0.00      0.00   65456   19132   0.24      0.00     56.00      0.00       0  nginx
1791496017     33       731    0.00    0.00    0.00    0.00    0.00     1      0.00      0.00   63544   17020   0.21      0.00     80.00      0.00       0  nginx
1791496017     33       732    1.00    1.00    0.00    0.00    2.00     2      0.00      0.00   68436   22280   0.27      0.00    104.00      0.00       0  nginx
1791496017    112       737    2.00    2.00    0.00    0.00    4.00     3      1.00      0.00 2858180  671068   8.27      0.00   8040.00      0.00       0  mysqld
1791496017   1100     25770    0.00    0.00    0.00    0.00    0.00     1      0.00      0.00 2198276   27228   0.34      0.00      0.00      0.00       0  isupipe

# Time        UID       PID    %usr %system  %guest   %wait    %CPU   CPU  minflt/s  majflt/s     VSZ     RSS   %MEM   kB_rd/s   kB_wr/s kB_ccwr/s iodelay  Command
1791496018      0        13    0.00    0.00    0.00    0.00    0.00     0      0.00      0.00       0       0   0.00      0.00      0.00      0.00       0  ksoftirqd/0
1791496018      0        22    0.00    0.00    0.00    1.00    0.00     1      0.00      0.00       0       0   0.00      0.00      0.00      0.00       0  ksoftirqd/1
1791496018      0        28    0.00    0.00    0.00    0.00    0.00     2      0.00      0.00       0       0   0.00      0.00      0.00      0.00       0  ksoftirqd/2
1791496018      0        34    0.00    0.00    0.00    0.00    0.00     3      0.00      0.00       0       0   0.00      0.00      0.00      0.00       0  ksoftirqd/3
1791496018      0       344    0.00    0.00    0.00    0.00    0.00     0      0.00      0.00       0       0   0.00      0.00     20.00      0.00       0  jbd2/sda1-8
1791496018      0       418    0.00    0.00    0.00    0.00    0.00     3      0.00    201.00   73348   20400   0.25      0.00    804.00      0.00       0  systemd-journal
1791496018    104       664    0.00    0.00    0.00    0.00    0.00     2      0.00      0.00  222072    4484   0.06      0.00      8.00      0.00       0  rsyslogd
1791496018      0       728    0.00    0.00    0.00    0.00    0.00     0      0.00      0.00   56244    2480   0.03      0.00      0.00      0.00       0  nginx
1791496018     33       729    0.00    0.00    0.00    0.00    0.00     2      0.00      0.00   62808   16228   0.20      0.00      0.00      0.00       0  nginx
1791496018     33       730    0.00    0.00    0.00    0.00    0.00     0      0.00      0.00   65456   19132   0.24      0.00      0.00      0.00       0  nginx
1791496018     33       731    0.00    0.00    0.00    0.00    0.00     1      0.00      0.00   63544   17020   0.21      0.00      0.00      0.00       0  nginx
1791496018     33       732    0.00    0.00    0.00    0.00    0.00     3      0.00      0.00   68436   22280   0.27      0.00      0.00      0.00       0  nginx
1791496018    112       737    1.00    1.00    0.00    0.00    2.00     3      2.00      0.00 2858180  671068   8.27      0.00   7080.00      0.00       0  mysqld
1791496018   1100     25770    0.00    0.00    0.00    0.00    0.00     1      0.00      0.00 2198276   27228   0.34      0.00      0.00      0.00       0  isupipe
