Linux 5.15.0-198-generic (isucon13-app) 	10/08/26 	_aarch64_	(4 CPU)

# Time        UID       PID    %usr %system  %guest   %wait    %CPU   CPU  minflt/s  majflt/s     VSZ     RSS   %MEM   kB_rd/s   kB_wr/s kB_ccwr/s iodelay  Command
1791479370      0     17311    0.00    0.00    0.00    0.00    0.00     2      0.00      0.00   56816   12524   0.15      0.00      0.00      0.00       0  nginx
1791479370     33    203690    0.00    0.00    0.00    0.00    0.00     3      0.00      0.00   59232   12852   0.16      0.00      0.00      0.00       0  nginx
1791479370     33    203691    0.00    0.00    0.00    0.00    0.00     2      0.00      0.00   60028   13904   0.17      0.00      0.00      0.00       0  nginx
1791479370     33    203692    0.00    0.00    0.00    0.00    0.00     1      0.00      0.00   59496   13252   0.16      0.00      0.00      0.00       0  nginx
1791479370     33    203693    0.00    1.00    0.00    0.00    1.00     0      0.00      0.00   62768   16396   0.20      0.00      0.00      0.00       0  nginx
1791479370    112    244183   13.00   13.00    0.00    0.00   26.00     1    321.00      0.00 2850808  608076   7.49      0.00  12644.00      0.00       0  mysqld
1791479370   1100    248385    0.00    0.00    0.00    0.00    0.00     3     18.00      0.00 1602996    7240   0.09      0.00      0.00      0.00       0  isupipe
1791479370    113    248388    0.00    0.00    0.00    0.00    0.00     2      7.00      0.00  682064   58036   0.71      0.00      0.00      0.00       0  pdns_server

# Time        UID       PID    %usr %system  %guest   %wait    %CPU   CPU  minflt/s  majflt/s     VSZ     RSS   %MEM   kB_rd/s   kB_wr/s kB_ccwr/s iodelay  Command
1791479371      0     17311    0.00    0.00    0.00    0.00    0.00     2      0.00      0.00   56816   12524   0.15      0.00      0.00      0.00       0  nginx
1791479371     33    203690    0.00    0.00    0.00    0.00    0.00     3      0.00      0.00   59232   12852   0.16      0.00      0.00      0.00       0  nginx
1791479371     33    203691    0.00    0.00    0.00    0.00    0.00     2      0.00      0.00   60028   13904   0.17      0.00      0.00      0.00       0  nginx
1791479371     33    203692    0.00    0.00    0.00    0.00    0.00     1      0.00      0.00   59496   13252   0.16      0.00      0.00      0.00       0  nginx
1791479371     33    203693    0.00    0.00    0.00    0.00    0.00     0      0.00      0.00   62768   16396   0.20      0.00      0.00      0.00       0  nginx
1791479371    112    244183   16.00   16.00    0.00    0.00   32.00     3  12337.00      0.00 2850808  624660   7.69      0.00  34704.00      0.00       0  mysqld
1791479371   1100    248385    0.00    0.00    0.00    0.00    0.00     0      4.00      0.00 1602996    7240   0.09      0.00      0.00      0.00       0  isupipe
1791479371    113    248388    0.00    0.00    0.00    0.00    0.00     2      0.00      0.00  682064   58036   0.71      0.00      0.00      0.00       0  pdns_server

# Time        UID       PID    %usr %system  %guest   %wait    %CPU   CPU  minflt/s  majflt/s     VSZ     RSS   %MEM   kB_rd/s   kB_wr/s kB_ccwr/s iodelay  Command
1791479372      0     17311    0.00    0.00    0.00    0.00    0.00     2      0.00      0.00   56816   12524   0.15      0.00      0.00      0.00       0  nginx
1791479372     33    203690    0.00    0.00    0.00    0.00    0.00     3      0.00      0.00   59232   12852   0.16      0.00      0.00      0.00       0  nginx
1791479372     33    203691    0.00    0.00    0.00    0.00    0.00     2      0.00      0.00   60028   13904   0.17      0.00      0.00      0.00       0  nginx
1791479372     33    203692    0.00    0.00    0.00    0.00    0.00     1      0.00      0.00   59496   13252   0.16      0.00      0.00      0.00       0  nginx
1791479372     33    203693    1.00    1.00    0.00    0.00    2.00     1      0.00      0.00   62768   16396   0.20      0.00    104.00     92.00       0  nginx
1791479372    112    244183   29.00   12.00    0.00    0.00   41.00     2   2085.00      0.00 2851836  632720   7.79      0.00  23896.00      0.00       0  mysqld
1791479372   1100    248385    4.00    8.00    0.00    0.00   12.00     0   1936.00      0.00 1679604   13184   0.16      0.00     52.00     52.00       0  isupipe
1791479372    113    248388    1.00    0.00    0.00    0.00    1.00     2     14.00      0.00  682592   58036   0.71      0.00      0.00      0.00       0  pdns_server

# Time        UID       PID    %usr %system  %guest   %wait    %CPU   CPU  minflt/s  majflt/s     VSZ     RSS   %MEM   kB_rd/s   kB_wr/s kB_ccwr/s iodelay  Command
1791479373      0     17311    0.00    0.00    0.00    0.00    0.00     2      0.00      0.00   56816   12524   0.15      0.00      0.00      0.00       0  nginx
1791479373     33    203690    0.00    0.00    0.00    0.00    0.00     3      0.00      0.00   59232   12852   0.16      0.00      0.00      0.00       0  nginx
1791479373     33    203691    0.00    0.00    0.00    0.00    0.00     2      0.00      0.00   60028   13904   0.17      0.00      0.00      0.00       0  nginx
1791479373     33    203692    0.00    0.00    0.00    0.00    0.00     1      0.00      0.00   59496   13252   0.16      0.00      0.00      0.00       0  nginx
1791479373     33    203693    0.00    0.00    0.00    0.00    0.00     1      0.00      0.00   62768   16396   0.20      0.00      0.00      0.00       0  nginx
1791479373    112    244183    0.00    0.97    0.00    0.00    0.97     2      0.00      0.00 2851836  632720   7.79      0.00   3759.22      0.00       0  mysqld
1791479373   1100    248385    0.00    0.00    0.00    0.00    0.00     0      0.00      0.00 1679604   13184   0.16      0.00      0.00      0.00       0  isupipe
1791479373    113    248388    0.00    0.00    0.00    0.00    0.00     2      0.00      0.00  682592   58036   0.71      0.00      0.00      0.00       0  pdns_server

# Time        UID       PID    %usr %system  %guest   %wait    %CPU   CPU  minflt/s  majflt/s     VSZ     RSS   %MEM   kB_rd/s   kB_wr/s kB_ccwr/s iodelay  Command
1791479374      0     17311    0.00    0.00    0.00    0.00    0.00     2      0.00      0.00   56816   12524   0.15      0.00      0.00      0.00       0  nginx
1791479374     33    203690    0.00    0.00    0.00    0.00    0.00     3      0.00      0.00   59232   12852   0.16      0.00      0.00      0.00       0  nginx
1791479374     33    203691    0.00    0.00    0.00    0.00    0.00     2      0.00      0.00   60028   13904   0.17      0.00      0.00      0.00       0  nginx
1791479374     33    203692    0.00    0.00    0.00    0.00    0.00     1      0.00      0.00   59496   13252   0.16      0.00      0.00      0.00       0  nginx
1791479374     33    203693    0.99    0.99    0.00    0.00    1.98     0      0.00      0.00   62768   16396   0.20      0.00     83.17     71.29       0  nginx
1791479374    112    244183    3.96    1.98    0.00    0.00    5.94     2      0.00      0.00 2851836  632720   7.79      0.00   6609.90      0.00       0  mysqld
1791479374   1100    248385    3.96    1.98    0.00    0.00    5.94     0    215.84      0.00 1679604   13660   0.17      0.00      0.00      0.00       0  isupipe
1791479374    113    248388    0.00    0.99    0.00    0.00    0.99     2      0.00      0.00  682592   58036   0.71      0.00      0.00      0.00       0  pdns_server

# Time        UID       PID    %usr %system  %guest   %wait    %CPU   CPU  minflt/s  majflt/s     VSZ     RSS   %MEM   kB_rd/s   kB_wr/s kB_ccwr/s iodelay  Command
1791479375      0     17311    0.00    0.00    0.00    0.00    0.00     2      0.00      0.00   56816   12524   0.15      0.00      0.00      0.00       0  nginx
1791479375     33    203690    0.00    0.00    0.00    0.00    0.00     3      0.00      0.00   59232   12852   0.16      0.00      0.00      0.00       0  nginx
1791479375     33    203691    0.00    0.00    0.00    0.00    0.00     2      0.00      0.00   60028   13904   0.17      0.00      0.00      0.00       0  nginx
1791479375     33    203692    0.00    0.00    0.00    0.00    0.00     1      0.00      0.00   59496   13252   0.16      0.00      0.00      0.00       0  nginx
1791479375     33    203693    0.00    0.00    0.00    0.00    0.00     0      0.00      0.00   62768   16396   0.20      0.00      0.00      0.00       0  nginx
1791479375    112    244183    0.95    0.95    0.00    0.00    1.90     2      0.00      0.00 2851836  632720   7.79      0.00   2655.24      0.00       0  mysqld
1791479375   1100    248385    0.00    0.00    0.00    0.00    0.00     0      0.00      0.00 1679604   13660   0.17      0.00      0.00      0.00       0  isupipe
1791479375    113    248388    0.00    0.00    0.00    0.00    0.00     2      0.00      0.00  682592   58036   0.71      0.00      0.00      0.00       0  pdns_server

# Time        UID       PID    %usr %system  %guest   %wait    %CPU   CPU  minflt/s  majflt/s     VSZ     RSS   %MEM   kB_rd/s   kB_wr/s kB_ccwr/s iodelay  Command
1791479376      0     17311    0.00    0.00    0.00    0.00    0.00     2      0.00      0.00   56816   12524   0.15      0.00      0.00      0.00       0  nginx
1791479376     33    203690    0.00    0.00    0.00    0.00    0.00     3      0.00      0.00   59232   12852   0.16      0.00      0.00      0.00       0  nginx
1791479376     33    203691    0.00    0.00    0.00    0.00    0.00     2      0.00      0.00   60028   13904   0.17      0.00      0.00      0.00       0  nginx
1791479376     33    203692    0.00    0.00    0.00    0.00    0.00     1      0.00      0.00   59496   13252   0.16      0.00      0.00      0.00       0  nginx
1791479376     33    203693    0.00    0.00    0.00    0.00    0.00     0      0.00      0.00   62768   16396   0.20      0.00      0.00      0.00       0  nginx
1791479376    112    244183    0.00    0.98    0.00    0.00    0.98     2      0.00      0.00 2851836  632720   7.79      0.00   2407.84      0.00       0  mysqld
1791479376   1100    248385    0.00    0.00    0.00    0.00    0.00     0      0.00      0.00 1679604   13660   0.17      0.00      0.00      0.00       0  isupipe
1791479376    113    248388    0.00    0.00    0.00    0.00    0.00     2      0.00      0.00  682592   58036   0.71      0.00      0.00      0.00       0  pdns_server

# Time        UID       PID    %usr %system  %guest   %wait    %CPU   CPU  minflt/s  majflt/s     VSZ     RSS   %MEM   kB_rd/s   kB_wr/s kB_ccwr/s iodelay  Command
1791479377      0     17311    0.00    0.00    0.00    0.00    0.00     2      0.00      0.00   56816   12524   0.15      0.00      0.00      0.00       0  nginx
1791479377     33    203690    0.00    0.00    0.00    0.00    0.00     3      0.00      0.00   59232   12852   0.16      0.00      0.00      0.00       0  nginx
1791479377     33    203691    2.00    3.00    0.00    6.00    5.00     3      0.00      0.00   60028   13904   0.17      0.00    256.00    232.00       0  nginx
1791479377     33    203692    1.00    1.00    0.00    1.00    2.00     0      0.00      0.00   59496   13252   0.16      0.00      4.00      0.00       0  nginx
1791479377     33    203693    7.00    7.00    0.00    9.00   14.00     3      0.00      0.00   62768   16396   0.20      0.00   1632.00   1548.00       0  nginx
1791479377    112    244183   49.00   25.00    0.00    1.00   74.00     0   1137.00      0.00 2851836  636424   7.84      0.00  12068.00      0.00       0  mysqld
1791479377   1100    248385   29.00   14.00    0.00    6.00   43.00     3   2036.00      0.00 1974772   16232   0.20      0.00      0.00      0.00       0  isupipe
1791479377    113    248388    7.00    9.00    0.00    0.00   16.00     2     30.00      0.00  682592   58036   0.71      0.00      0.00      0.00       0  pdns_server

# Time        UID       PID    %usr %system  %guest   %wait    %CPU   CPU  minflt/s  majflt/s     VSZ     RSS   %MEM   kB_rd/s   kB_wr/s kB_ccwr/s iodelay  Command
1791479378      0     17311    0.00    0.00    0.00    0.00    0.00     2      0.00      0.00   56816   12524   0.15      0.00      0.00      0.00       0  nginx
1791479378     33    203690    1.00    1.00    0.00    2.00    2.00     1      2.00      0.00   59232   12852   0.16      0.00    280.00    280.00       0  nginx
1791479378     33    203691    5.00   10.00    0.00   20.00   15.00     3      0.00      0.00   60028   13904   0.17      0.00    804.00    696.00       0  nginx
1791479378     33    203692    6.00    7.00    0.00   15.00   13.00     3      0.00      0.00   59496   13252   0.16      0.00    368.00    324.00       0  nginx
1791479378     33    203693    9.00   15.00    0.00   32.00   24.00     3      0.00      0.00   62768   16396   0.20      0.00   1072.00    836.00       0  nginx
1791479378    112    244183   62.00   41.00    0.00    1.00  103.00     0    615.00      0.00 2860060  638560   7.87      0.00  13448.00      0.00       0  mysqld
1791479378   1100    248385   36.00   34.00    0.00    0.00   70.00     2   2626.00      0.00 1975028   18440   0.23      0.00      0.00      0.00       0  isupipe
1791479378    113    248388    8.00   10.00    0.00    0.00   18.00     2     60.00      0.00  682592   58852   0.72      0.00      0.00      0.00       0  pdns_server

# Time        UID       PID    %usr %system  %guest   %wait    %CPU   CPU  minflt/s  majflt/s     VSZ     RSS   %MEM   kB_rd/s   kB_wr/s kB_ccwr/s iodelay  Command
1791479379      0     17311    0.00    0.00    0.00    0.00    0.00     2      0.00      0.00   56816   12524   0.15      0.00      0.00      0.00       0  nginx
1791479379     33    203690    3.00    2.00    0.00    8.00    5.00     3      0.00      0.00   59232   12852   0.16      0.00    272.00    260.00       0  nginx
1791479379     33    203691    7.00   10.00    0.00   28.00   17.00     3      0.00      0.00   60028   13904   0.17      0.00    648.00    536.00       0  nginx
1791479379     33    203692    4.00    7.00    0.00   18.00   11.00     3      0.00      0.00   59496   13252   0.16      0.00    548.00    464.00       0  nginx
1791479379     33    203693    7.00   13.00    0.00   41.00   20.00     1      0.00      0.00   62768   16396   0.20      0.00   1112.00    948.00       0  nginx
1791479379    112    244183   75.00   33.00    0.00    0.00  108.00     0   1012.00      0.00 2861088  640256   7.89      0.00  14372.00      0.00       0  mysqld
1791479379   1100    248385   38.00   29.00    0.00    0.00   67.00     2   1787.00      0.00 2048820   19384   0.24      0.00      0.00      0.00       0  isupipe
1791479379    113    248388    9.00    9.00    0.00    0.00   18.00     2     34.00      0.00  682592   58852   0.72      0.00      0.00      0.00       0  pdns_server

# Time        UID       PID    %usr %system  %guest   %wait    %CPU   CPU  minflt/s  majflt/s     VSZ     RSS   %MEM   kB_rd/s   kB_wr/s kB_ccwr/s iodelay  Command
1791479380      0     17311    0.00    0.00    0.00    0.00    0.00     2      0.00      0.00   56816   12524   0.15      0.00      0.00      0.00       0  nginx
1791479380     33    203690    2.00    9.00    0.00   20.00   11.00     0      0.00      0.00   59232   12852   0.16      0.00    308.00    224.00       0  nginx
1791479380     33    203691    5.00   11.00    0.00   37.00   16.00     3      0.00      0.00   60028   13904   0.17      0.00    916.00    776.00       0  nginx
1791479380     33    203692    7.00    6.00    0.00   18.00   13.00     3      0.00      0.00   59496   13252   0.16      0.00    744.00    640.00       0  nginx
1791479380     33    203693    6.00   10.00    0.00   43.00   16.00     3      0.00      0.00   62768   16396   0.20      0.00    480.00    372.00       0  nginx
1791479380    112    244183   70.00   36.00    0.00    1.00  106.00     0    368.00      0.00 2861088  641336   7.90      0.00  13032.00      0.00       0  mysqld
1791479380   1100    248385   44.00   26.00    0.00    0.00   70.00     2   1416.00      0.00 2048820   19828   0.24      0.00      0.00      0.00       0  isupipe
1791479380    113    248388    9.00   12.00    0.00    0.00   21.00     2     40.00      0.00  682592   58852   0.72      0.00      0.00      0.00       0  pdns_server

# Time        UID       PID    %usr %system  %guest   %wait    %CPU   CPU  minflt/s  majflt/s     VSZ     RSS   %MEM   kB_rd/s   kB_wr/s kB_ccwr/s iodelay  Command
1791479381      0     17311    0.00    0.00    0.00    0.00    0.00     2      0.00      0.00   56816   12524   0.15      0.00      0.00      0.00       0  nginx
1791479381     33    203690    4.00    7.00    0.00   16.00   11.00     1      0.00      0.00   59232   12852   0.16      0.00    512.00    436.00       0  nginx
1791479381     33    203691    5.00   10.00    0.00   35.00   15.00     1      0.00      0.00   60028   13904   0.17      0.00    596.00    460.00       0  nginx
1791479381     33    203692    6.00    7.00    0.00   21.00   13.00     3      0.00      0.00   59496   13252   0.16      0.00    468.00    444.00       0  nginx
1791479381     33    203693    9.00    9.00    0.00   38.00   18.00     3      0.00      0.00   62768   16396   0.20      0.00    704.00    592.00       0  nginx
1791479381    112    244183   74.00   37.00    0.00    0.00  111.00     0    123.00      0.00 2861088  641336   7.90      0.00  14984.00      0.00       0  mysqld
1791479381   1100    248385   42.00   28.00    0.00   22.00   70.00     1   1510.00      0.00 2049076   20568   0.25      0.00      0.00      0.00       0  isupipe
1791479381    113    248388   15.00   10.00    0.00    0.00   25.00     2     49.00      0.00  682592   59116   0.73      0.00      0.00      0.00       0  pdns_server

# Time        UID       PID    %usr %system  %guest   %wait    %CPU   CPU  minflt/s  majflt/s     VSZ     RSS   %MEM   kB_rd/s   kB_wr/s kB_ccwr/s iodelay  Command
1791479382      0     17311    0.00    0.00    0.00    0.00    0.00     2      0.00      0.00   56816   12524   0.15      0.00      0.00      0.00       0  nginx
1791479382     33    203690    2.00    9.00    0.00   18.00   11.00     3      0.00      0.00   59232   12852   0.16      0.00    176.00     80.00       0  nginx
1791479382     33    203691    4.00    8.00    0.00   33.00   12.00     3      0.00      0.00   60028   13904   0.17      0.00    404.00    320.00       0  nginx
1791479382     33    203692    4.00    6.00    0.00   17.00   10.00     3      0.00      0.00   59496   13252   0.16      0.00    808.00    736.00       0  nginx
1791479382     33    203693    7.00   11.00    0.00   41.00   18.00     1      2.00      0.00   62768   16396   0.20      0.00   1288.00   1068.00       0  nginx
1791479382    112    244183   76.00   40.00    0.00    1.00  116.00     0    388.00      0.00 2861088  641716   7.90      0.00  14184.00      0.00       0  mysqld
1791479382   1100    248385   39.00   29.00    0.00   24.00   68.00     1   1795.00      0.00 2049332   20780   0.26      0.00      0.00      0.00       0  isupipe
1791479382    113    248388   13.00   15.00    0.00    0.00   28.00     2     43.00      0.00  682592   59640   0.73      0.00      0.00      0.00       0  pdns_server

# Time        UID       PID    %usr %system  %guest   %wait    %CPU   CPU  minflt/s  majflt/s     VSZ     RSS   %MEM   kB_rd/s   kB_wr/s kB_ccwr/s iodelay  Command
1791479383      0     17311    0.00    0.00    0.00    0.00    0.00     2      0.00      0.00   56816   12524   0.15      0.00      0.00      0.00       0  nginx
1791479383     33    203690    3.00    8.00    0.00   22.00   11.00     3      0.00      0.00   59232   12852   0.16      0.00    352.00    248.00       0  nginx
1791479383     33    203691    7.00    6.00    0.00   30.00   13.00     3      0.00      0.00   60028   13904   0.17      0.00    532.00    480.00       0  nginx
1791479383     33    203692    4.00    8.00    0.00   18.00   12.00     3      0.00      0.00   59496   13252   0.16      0.00    560.00    472.00       0  nginx
1791479383     33    203693    6.00   12.00    0.00   49.00   18.00     3      0.00      0.00   62768   16396   0.20      0.00   1128.00   1048.00       0  nginx
1791479383    112    244183   76.00   38.00    0.00    0.00  114.00     0    356.00      0.00 2861088  641936   7.91      0.00  20668.00      0.00       0  mysqld
1791479383   1100    248385   39.00   32.00    0.00   10.00   71.00     2   1876.00      0.00 2049332   21340   0.26      0.00      0.00      0.00       0  isupipe
1791479383    113    248388   10.00   16.00    0.00    0.00   26.00     2     39.00      0.00  682592   59640   0.73      0.00      0.00      0.00       0  pdns_server

# Time        UID       PID    %usr %system  %guest   %wait    %CPU   CPU  minflt/s  majflt/s     VSZ     RSS   %MEM   kB_rd/s   kB_wr/s kB_ccwr/s iodelay  Command
1791479384      0     17311    0.00    0.00    0.00    0.00    0.00     2      0.00      0.00   56816   12524   0.15      0.00      0.00      0.00       0  nginx
1791479384     33    203690    4.00    6.00    0.00   11.00   10.00     3      0.00      0.00   59232   12852   0.16      0.00    312.00    228.00       0  nginx
1791479384     33    203691    4.00   10.00    0.00   34.00   14.00     3      0.00      0.00   60028   13904   0.17      0.00    452.00    372.00       0  nginx
1791479384     33    203692    6.00    6.00    0.00   21.00   12.00     3      0.00      0.00   59496   13252   0.16      0.00    476.00    384.00       0  nginx
1791479384     33    203693    7.00   11.00    0.00   41.00   18.00     3      0.00      0.00   62768   16396   0.20      0.00    920.00    784.00       0  nginx
1791479384    112    244183   69.00   44.00    0.00    1.00  113.00     0    302.00      0.00 2861088  642080   7.91      0.00  12664.00      0.00       0  mysqld
1791479384   1100    248385   41.00   30.00    0.00   38.00   71.00     3   1736.00      0.00 2049332   21412   0.26      0.00      0.00      0.00       0  isupipe
1791479384    113    248388   10.00   15.00    0.00    0.00   25.00     2     40.00      0.00  682592   59904   0.74      0.00      0.00      0.00       0  pdns_server

# Time        UID       PID    %usr %system  %guest   %wait    %CPU   CPU  minflt/s  majflt/s     VSZ     RSS   %MEM   kB_rd/s   kB_wr/s kB_ccwr/s iodelay  Command
1791479385      0     17311    0.00    0.00    0.00    0.00    0.00     2      0.00      0.00   56816   12524   0.15      0.00      0.00      0.00       0  nginx
1791479385     33    203690    3.00    7.00    0.00   14.00   10.00     3      0.00      0.00   59232   12852   0.16      0.00    232.00    184.00       0  nginx
1791479385     33    203691    5.00    8.00    0.00   27.00   13.00     3      0.00      0.00   60028   13904   0.17      0.00    652.00    584.00       0  nginx
1791479385     33    203692    4.00    8.00    0.00   24.00   12.00     3      0.00      0.00   59496   13252   0.16      0.00   1012.00    944.00       0  nginx
1791479385     33    203693    5.00   12.00    0.00   44.00   17.00     2      0.00      0.00   62768   16396   0.20      0.00    240.00     72.00       0  nginx
1791479385    112    244183   71.00   40.00    0.00    0.00  111.00     1    290.00      0.00 2861088  642528   7.91      0.00  12492.00      0.00       0  mysqld
1791479385   1100    248385   38.00   28.00    0.00   20.00   66.00     2   1189.00      0.00 2049332   21940   0.27      0.00      0.00      0.00       0  isupipe
1791479385    113    248388    9.00   20.00    0.00    0.00   29.00     2     42.00      0.00  682592   59904   0.74      0.00      0.00      0.00       0  pdns_server

# Time        UID       PID    %usr %system  %guest   %wait    %CPU   CPU  minflt/s  majflt/s     VSZ     RSS   %MEM   kB_rd/s   kB_wr/s kB_ccwr/s iodelay  Command
1791479386      0     17311    0.00    0.00    0.00    0.00    0.00     2      0.00      0.00   56816   12524   0.15      0.00      0.00      0.00       0  nginx
1791479386     33    203690    5.00    7.00    0.00   21.00   12.00     3      0.00      0.00   59232   12852   0.16      0.00    692.00    620.00       0  nginx
1791479386     33    203691    4.00    8.00    0.00   33.00   12.00     3      0.00      0.00   60028   13904   0.17      0.00    848.00    744.00       0  nginx
1791479386     33    203692    4.00    7.00    0.00   23.00   11.00     3      0.00      0.00   59496   13252   0.16      0.00    456.00    400.00       0  nginx
1791479386     33    203693    8.00    7.00    0.00   43.00   15.00     0      0.00      0.00   62768   16396   0.20      0.00    420.00    256.00       0  nginx
1791479386    112    244183   68.00   45.00    0.00    0.00  113.00     1    303.00      0.00 2861088  642804   7.92      0.00  16236.00      0.00       0  mysqld
1791479386   1100    248385   37.00   27.00    0.00   36.00   64.00     1    915.00      0.00 2049332   22484   0.28      0.00      0.00      0.00       0  isupipe
1791479386    113    248388   11.00   18.00    0.00    0.00   29.00     2     42.00      0.00  682592   60168   0.74      0.00      0.00      0.00       0  pdns_server

# Time        UID       PID    %usr %system  %guest   %wait    %CPU   CPU  minflt/s  majflt/s     VSZ     RSS   %MEM   kB_rd/s   kB_wr/s kB_ccwr/s iodelay  Command
1791479387      0     17311    0.00    0.00    0.00    0.00    0.00     2      0.00      0.00   56816   12524   0.15      0.00      0.00      0.00       0  nginx
1791479387     33    203690    2.00    7.00    0.00   18.00    9.00     3      5.00      0.00   59232   12852   0.16      0.00    344.00    296.00       0  nginx
1791479387     33    203691    3.00    9.00    0.00   31.00   12.00     3      0.00      0.00   60028   13904   0.17      0.00    316.00    236.00       0  nginx
1791479387     33    203692    5.00    8.00    0.00   24.00   13.00     3      0.00      0.00   59496   13252   0.16      0.00    928.00    844.00       0  nginx
1791479387     33    203693    6.00    9.00    0.00   42.00   15.00     1      0.00      0.00   62768   16396   0.20      0.00    612.00    480.00       0  nginx
1791479387    112    244183   72.00   39.00    0.00    1.00  111.00     1    176.00      0.00 2861088  642932   7.92      0.00  13332.00      0.00       0  mysqld
1791479387   1100    248385   35.00   31.00    0.00   36.00   66.00     1    555.00      0.00 2049332   22760   0.28      0.00      0.00      0.00       0  isupipe
1791479387    113    248388   10.00   19.00    0.00    0.00   29.00     2     43.00      0.00  682592   60168   0.74      0.00      0.00      0.00       0  pdns_server

# Time        UID       PID    %usr %system  %guest   %wait    %CPU   CPU  minflt/s  majflt/s     VSZ     RSS   %MEM   kB_rd/s   kB_wr/s kB_ccwr/s iodelay  Command
1791479388      0     17311    0.00    0.00    0.00    0.00    0.00     2      0.00      0.00   56816   12524   0.15      0.00      0.00      0.00       0  nginx
1791479388     33    203690    4.00    8.00    0.00   27.00   12.00     3      0.00      0.00   59232   12852   0.16      0.00    332.00    268.00       0  nginx
1791479388     33    203691    3.00    9.00    0.00   37.00   12.00     3      0.00      0.00   60028   13904   0.17      0.00    556.00    452.00       0  nginx
1791479388     33    203692    6.00    6.00    0.00   37.00   12.00     3      0.00      0.00   59496   13252   0.16      0.00    524.00    404.00       0  nginx
1791479388     33    203693    5.00    9.00    0.00   51.00   14.00     0      0.00      0.00   62768   16396   0.20      0.00    424.00    332.00       0  nginx
1791479388    112    244183   70.00   46.00    0.00    0.00  116.00     2    162.00      0.00 2861088  642932   7.92      0.00  12216.00      0.00       0  mysqld
1791479388   1100    248385   36.00   28.00    0.00    1.00   64.00     1   1093.00      0.00 2049332   22160   0.27      0.00      0.00      0.00       0  isupipe
1791479388    113    248388   13.00   20.00    0.00    0.00   33.00     2     45.00      0.00  682592   60432   0.74      0.00      0.00      0.00       0  pdns_server

# Time        UID       PID    %usr %system  %guest   %wait    %CPU   CPU  minflt/s  majflt/s     VSZ     RSS   %MEM   kB_rd/s   kB_wr/s kB_ccwr/s iodelay  Command
1791479389      0     17311    0.00    0.00    0.00    0.00    0.00     2      0.00      0.00   56816   12524   0.15      0.00      0.00      0.00       0  nginx
1791479389     33    203690    4.00    7.00    0.00   24.00   11.00     3      0.00      0.00   59232   12852   0.16      0.00    336.00    248.00       0  nginx
1791479389     33    203691    5.00    7.00    0.00   30.00   12.00     3      0.00      0.00   60028   13904   0.17      0.00    468.00    376.00       0  nginx
1791479389     33    203692    6.00    6.00    0.00   27.00   12.00     3      0.00      0.00   59496   13252   0.16      0.00    644.00    548.00       0  nginx
1791479389     33    203693    7.00    9.00    0.00   44.00   16.00     3      0.00      0.00   62768   16396   0.20      0.00    376.00    268.00       0  nginx
1791479389    112    244183   67.00   42.00    0.00    1.00  109.00     0    159.00      0.00 2861088  642932   7.92      0.00  12260.00      0.00       0  mysqld
1791479389   1100    248385   38.00   31.00    0.00    0.00   69.00     1    647.00      0.00 2049588   22268   0.27      0.00      0.00      0.00       0  isupipe
1791479389    113    248388   13.00   13.00    0.00    0.00   26.00     2     46.00      0.00  682592   60432   0.74      0.00      0.00      0.00       0  pdns_server

# Time        UID       PID    %usr %system  %guest   %wait    %CPU   CPU  minflt/s  majflt/s     VSZ     RSS   %MEM   kB_rd/s   kB_wr/s kB_ccwr/s iodelay  Command
1791479390      0     17311    0.00    0.00    0.00    0.00    0.00     2      0.00      0.00   56816   12524   0.15      0.00      0.00      0.00       0  nginx
1791479390     33    203690    4.00    6.00    0.00   22.00   10.00     3      0.00      0.00   59232   12852   0.16      0.00    300.00    240.00       0  nginx
1791479390     33    203691    5.00    8.00    0.00   41.00   13.00     3      0.00      0.00   60028   13904   0.17      0.00    696.00    596.00       0  nginx
1791479390     33    203692    1.00   10.00    0.00   32.00   11.00     0      0.00      0.00   59496   13252   0.16      0.00    296.00    192.00       0  nginx
1791479390     33    203693    5.00    8.00    0.00   49.00   13.00     3      0.00      0.00   62768   16396   0.20      0.00    508.00    404.00       0  nginx
1791479390    112    244183   77.00   44.00    0.00    0.00  121.00     0    282.00      0.00 2861088  643296   7.92      0.00  16728.00      0.00       0  mysqld
1791479390   1100    248385   36.00   31.00    0.00    0.00   67.00     1    831.00      0.00 2049588   22584   0.28      0.00      0.00      0.00       0  isupipe
1791479390    113    248388   11.00   25.00    0.00    0.00   36.00     2     53.00      0.00  682592   60696   0.75      0.00      0.00      0.00       0  pdns_server

# Time        UID       PID    %usr %system  %guest   %wait    %CPU   CPU  minflt/s  majflt/s     VSZ     RSS   %MEM   kB_rd/s   kB_wr/s kB_ccwr/s iodelay  Command
1791479391      0     17311    0.00    0.00    0.00    0.00    0.00     2      0.00      0.00   56816   12524   0.15      0.00      0.00      0.00       0  nginx
1791479391     33    203690    4.00    7.00    0.00   36.00   11.00     3      0.00      0.00   59232   12852   0.16      0.00    164.00     84.00       0  nginx
1791479391     33    203691    4.00    9.00    0.00   34.00   13.00     3      0.00      0.00   60028   13904   0.17      0.00    484.00    404.00       0  nginx
1791479391     33    203692    5.00    6.00    0.00   27.00   11.00     3      0.00      0.00   59496   13252   0.16      0.00    520.00    452.00       0  nginx
1791479391     33    203693    7.00    9.00    0.00   46.00   16.00     3      0.00      0.00   62768   16396   0.20      0.00    560.00    324.00       0  nginx
1791479391    112    244183   71.00   43.00    0.00    0.00  114.00     1    182.00      0.00 2861088  643312   7.92      0.00  11268.00      0.00       0  mysqld
1791479391   1100    248385   35.00   33.00    0.00    6.00   68.00     3   2302.00      0.00 2049588   23560   0.29      0.00      0.00      0.00       0  isupipe
1791479391    113    248388   12.00   19.00    0.00    0.00   31.00     2     37.00      0.00  682592   60696   0.75      0.00      0.00      0.00       0  pdns_server

# Time        UID       PID    %usr %system  %guest   %wait    %CPU   CPU  minflt/s  majflt/s     VSZ     RSS   %MEM   kB_rd/s   kB_wr/s kB_ccwr/s iodelay  Command
1791479392      0     17311    0.00    0.00    0.00    0.00    0.00     2      0.00      0.00   56816   12524   0.15      0.00      0.00      0.00       0  nginx
1791479392     33    203690    4.00    3.00    0.00   13.00    7.00     3      0.00      0.00   59232   12852   0.16      0.00    272.00    224.00       0  nginx
1791479392     33    203691    4.00    9.00    0.00   29.00   13.00     0      0.00      0.00   60028   13904   0.17      0.00    652.00    556.00       0  nginx
1791479392     33    203692    2.00    8.00    0.00   17.00   10.00     0      0.00      0.00   59496   13252   0.16      0.00    464.00    400.00       0  nginx
1791479392     33    203693    8.00   10.00    0.00   38.00   18.00     0      0.00      0.00   62768   16396   0.20      0.00    880.00    744.00       0  nginx
1791479392    112    244183   63.00   46.00    0.00    1.00  109.00     1    255.00      0.00 2861088  643336   7.92      0.00  12012.00      0.00       0  mysqld
1791479392   1100    248385   39.00   25.00    0.00   20.00   64.00     1   2066.00      0.00 2049588   23920   0.29      0.00      0.00      0.00       0  isupipe
1791479392    113    248388   14.00   19.00    0.00    0.00   33.00     2     49.00      0.00  682592   60960   0.75      0.00      0.00      0.00       0  pdns_server

# Time        UID       PID    %usr %system  %guest   %wait    %CPU   CPU  minflt/s  majflt/s     VSZ     RSS   %MEM   kB_rd/s   kB_wr/s kB_ccwr/s iodelay  Command
1791479393      0     17311    0.00    0.00    0.00    0.00    0.00     2      0.00      0.00   56816   12524   0.15      0.00      0.00      0.00       0  nginx
1791479393     33    203690    3.00    6.00    0.00   13.00    9.00     3      0.00      0.00   59232   12852   0.16      0.00    324.00    256.00       0  nginx
1791479393     33    203691    6.00    7.00    0.00   32.00   13.00     3      0.00      0.00   60028   13904   0.17      0.00    352.00    272.00       0  nginx
1791479393     33    203692    5.00    6.00    0.00   26.00   11.00     3      0.00      0.00   59496   13252   0.16      0.00    564.00    404.00       0  nginx
1791479393     33    203693    5.00   10.00    0.00   32.00   15.00     3      0.00      0.00   62768   16396   0.20      0.00    584.00    460.00       0  nginx
1791479393    112    244183   65.00   45.00    0.00    0.00  110.00     1    223.00      0.00 2861088  643468   7.93      0.00  15988.00      0.00       0  mysqld
1791479393   1100    248385   36.00   30.00    0.00   35.00   66.00     3   1018.00      0.00 2049588   22792   0.28      0.00      0.00      0.00       0  isupipe
1791479393    113    248388   11.00   20.00    0.00    0.00   31.00     2     52.00      0.00  682592   60960   0.75      0.00      0.00      0.00       0  pdns_server

# Time        UID       PID    %usr %system  %guest   %wait    %CPU   CPU  minflt/s  majflt/s     VSZ     RSS   %MEM   kB_rd/s   kB_wr/s kB_ccwr/s iodelay  Command
1791479394      0     17311    0.00    0.00    0.00    0.00    0.00     2      0.00      0.00   56816   12524   0.15      0.00      0.00      0.00       0  nginx
1791479394     33    203690    2.00    8.00    0.00   17.00   10.00     1      0.00      0.00   59232   12852   0.16      0.00    324.00    256.00       0  nginx
1791479394     33    203691    5.00    8.00    0.00   37.00   13.00     3      0.00      0.00   60028   13904   0.17      0.00    784.00    676.00       0  nginx
1791479394     33    203692    3.00    7.00    0.00   18.00   10.00     3      0.00      0.00   59496   13252   0.16      0.00    352.00    380.00       0  nginx
1791479394     33    203693    5.00    8.00    0.00   45.00   13.00     3      0.00      0.00   62768   16396   0.20      0.00    376.00    256.00       0  nginx
1791479394    112    244183   72.00   41.00    0.00    1.00  113.00     1    166.00      0.00 2861088  643564   7.93      0.00  14852.00      0.00       0  mysqld
1791479394   1100    248385   30.00   31.00    0.00   18.00   61.00     0   1168.00      0.00 2049588   23476   0.29      0.00      0.00      0.00       0  isupipe
1791479394    113    248388   10.00   24.00    0.00    0.00   34.00     2     41.00      0.00  682592   61224   0.75      0.00      0.00      0.00       0  pdns_server

# Time        UID       PID    %usr %system  %guest   %wait    %CPU   CPU  minflt/s  majflt/s     VSZ     RSS   %MEM   kB_rd/s   kB_wr/s kB_ccwr/s iodelay  Command
1791479395      0     17311    0.00    0.00    0.00    0.00    0.00     2      0.00      0.00   56816   12524   0.15      0.00      0.00      0.00       0  nginx
1791479395     33    203690    5.00    7.00    0.00   17.00   12.00     3      0.00      0.00   59232   12852   0.16      0.00    444.00    352.00       0  nginx
1791479395     33    203691    4.00    9.00    0.00   32.00   13.00     3      0.00      0.00   60028   13904   0.17      0.00    404.00    296.00       0  nginx
1791479395     33    203692    3.00    9.00    0.00   24.00   12.00     3      0.00      0.00   59496   13252   0.16      0.00    424.00    332.00       0  nginx
1791479395     33    203693    8.00    9.00    0.00   44.00   17.00     3      0.00      0.00   62768   16396   0.20      0.00    664.00    532.00       0  nginx
1791479395    112    244183   73.00   43.00    0.00    0.00  116.00     2    376.00      0.00 2861088  643928   7.93      0.00  22228.00      0.00       0  mysqld
1791479395   1100    248385   38.00   31.00    0.00   15.00   69.00     1   1046.00      0.00 2049588   23848   0.29      0.00      0.00      0.00       0  isupipe
1791479395    113    248388   11.00   20.00    0.00    0.00   31.00     2     46.00      0.00  682592   61224   0.75      0.00      0.00      0.00       0  pdns_server

# Time        UID       PID    %usr %system  %guest   %wait    %CPU   CPU  minflt/s  majflt/s     VSZ     RSS   %MEM   kB_rd/s   kB_wr/s kB_ccwr/s iodelay  Command
1791479396      0     17311    0.00    0.00    0.00    0.00    0.00     2      0.00      0.00   56816   12524   0.15      0.00      0.00      0.00       0  nginx
1791479396     33    203690    2.00    6.00    0.00   22.00    8.00     3      0.00      0.00   59232   12852   0.16      0.00    368.00    300.00       0  nginx
1791479396     33    203691    6.00   10.00    0.00   41.00   16.00     3      0.00      0.00   60028   13904   0.17      0.00    292.00    172.00       0  nginx
1791479396     33    203692    4.00    9.00    0.00   26.00   13.00     3      0.00      0.00   59496   13252   0.16      0.00    644.00    580.00       0  nginx
1791479396     33    203693    6.00   11.00    0.00   46.00   17.00     3      0.00      0.00   62768   16396   0.20      0.00    300.00    184.00       0  nginx
1791479396    112    244183   74.00   40.00    0.00    0.00  114.00     2     66.00      0.00 2861088  644044   7.93      0.00  11844.00      0.00       0  mysqld
1791479396   1100    248385   39.00   28.00    0.00   24.00   67.00     1    482.00      0.00 2049588   23860   0.29      0.00      0.00      0.00       0  isupipe
1791479396    113    248388   13.00   17.00    0.00    0.00   30.00     2     43.00      0.00  682592   61724   0.76      0.00      0.00      0.00       0  pdns_server

# Time        UID       PID    %usr %system  %guest   %wait    %CPU   CPU  minflt/s  majflt/s     VSZ     RSS   %MEM   kB_rd/s   kB_wr/s kB_ccwr/s iodelay  Command
1791479397      0     17311    0.00    0.00    0.00    0.00    0.00     2      0.00      0.00   56816   12524   0.15      0.00      0.00      0.00       0  nginx
1791479397     33    203690    6.00    5.00    0.00   18.00   11.00     0      0.00      0.00   59232   12852   0.16      0.00     56.00      0.00       0  nginx
1791479397     33    203691    5.00    7.00    0.00   28.00   12.00     3      0.00      0.00   60028   13904   0.17      0.00    304.00    240.00       0  nginx
1791479397     33    203692    3.00    8.00    0.00   22.00   11.00     0      0.00      0.00   59496   13252   0.16      0.00    492.00    452.00       0  nginx
1791479397     33    203693    3.00   12.00    0.00   39.00   15.00     1      0.00      0.00   62768   16396   0.20      0.00    592.00    468.00       0  nginx
1791479397    112    244183   71.00   45.00    0.00    1.00  116.00     2    141.00      0.00 2861088  644168   7.93      0.00  13724.00      0.00       0  mysqld
1791479397   1100    248385   36.00   30.00    0.00   28.00   66.00     1    476.00      0.00 2049588   24544   0.30      0.00      0.00      0.00       0  isupipe
1791479397    113    248388   12.00   17.00    0.00    0.00   29.00     2     27.00      0.00  682592   61724   0.76      0.00      0.00      0.00       0  pdns_server

# Time        UID       PID    %usr %system  %guest   %wait    %CPU   CPU  minflt/s  majflt/s     VSZ     RSS   %MEM   kB_rd/s   kB_wr/s kB_ccwr/s iodelay  Command
1791479398      0     17311    0.00    0.00    0.00    0.00    0.00     2      0.00      0.00   56816   12524   0.15      0.00      0.00      0.00       0  nginx
1791479398     33    203690    5.00    7.00    0.00   21.00   12.00     3      0.00      0.00   59232   12852   0.16      0.00    152.00     96.00       0  nginx
1791479398     33    203691    3.00    9.00    0.00   24.00   12.00     3      0.00      0.00   60028   13904   0.17      0.00    380.00    288.00       0  nginx
1791479398     33    203692    7.00    6.00    0.00   25.00   13.00     3      0.00      0.00   59496   13252   0.16      0.00    476.00    376.00       0  nginx
1791479398     33    203693    5.00   10.00    0.00   33.00   15.00     3      0.00      0.00   62768   16396   0.20      0.00    588.00    464.00       0  nginx
1791479398    112    244183   76.00   41.00    0.00    0.00  117.00     2     95.00      0.00 2861088  644192   7.93      0.00  12752.00      0.00       0  mysqld
1791479398   1100    248385   33.00   31.00    0.00   30.00   64.00     1    481.00      0.00 2049588   24212   0.30      0.00      0.00      0.00       0  isupipe
1791479398    113    248388   10.00   21.00    0.00    0.00   31.00     2     21.00      0.00  682592   61984   0.76      0.00      0.00      0.00       0  pdns_server

# Time        UID       PID    %usr %system  %guest   %wait    %CPU   CPU  minflt/s  majflt/s     VSZ     RSS   %MEM   kB_rd/s   kB_wr/s kB_ccwr/s iodelay  Command
1791479399      0     17311    0.00    0.00    0.00    0.00    0.00     2      0.00      0.00   56816   12524   0.15      0.00      0.00      0.00       0  nginx
1791479399     33    203690    4.00    6.00    0.00   23.00   10.00     3      0.00      0.00   59232   12852   0.16      0.00    288.00    172.00       0  nginx
1791479399     33    203691    6.00    8.00    0.00   37.00   14.00     3      0.00      0.00   60028   13904   0.17      0.00    264.00    112.00       0  nginx
1791479399     33    203692    4.00    8.00    0.00   29.00   12.00     3      0.00      0.00   59496   13252   0.16      0.00    192.00    108.00       0  nginx
1791479399     33    203693    6.00    9.00    0.00   36.00   15.00     3      0.00      0.00   61820   15704   0.19      0.00    864.00    788.00       0  nginx
1791479399    112    244183   75.00   40.00    0.00    1.00  115.00     2     80.00      0.00 2861088  644456   7.94      0.00  11540.00      0.00       0  mysqld
1791479399   1100    248385   39.00   28.00    0.00    5.00   67.00     0    540.00      0.00 2049588   23484   0.29      0.00      0.00      0.00       0  isupipe
1791479399    113    248388   10.00   18.00    0.00    0.00   28.00     2     26.00      0.00  682592   61984   0.76      0.00      0.00      0.00       0  pdns_server

# Time        UID       PID    %usr %system  %guest   %wait    %CPU   CPU  minflt/s  majflt/s     VSZ     RSS   %MEM   kB_rd/s   kB_wr/s kB_ccwr/s iodelay  Command
1791479400      0     17311    0.00    0.00    0.00    0.00    0.00     2      0.00      0.00   56816   12524   0.15      0.00      0.00      0.00       0  nginx
1791479400     33    203690    5.00    3.00    0.00    7.00    8.00     3      0.00      0.00   59232   12852   0.16      0.00    160.00    128.00       0  nginx
1791479400     33    203691    5.00    8.00    0.00   22.00   13.00     3      0.00      0.00   60028   13904   0.17      0.00    348.00    320.00       0  nginx
1791479400     33    203692    4.00   10.00    0.00   25.00   14.00     3      0.00      0.00   59496   13252   0.16      0.00    208.00    104.00       0  nginx
1791479400     33    203693    8.00   10.00    0.00   35.00   18.00     1      0.00      0.00   61820   15704   0.19      0.00    856.00    700.00       0  nginx
1791479400    112    244183   77.00   37.00    0.00    0.00  114.00     0     29.00      0.00 2861088  644456   7.94      0.00  12236.00      0.00       0  mysqld
1791479400   1100    248385   39.00   27.00    0.00   17.00   66.00     0    729.00      0.00 2049588   23548   0.29      0.00      0.00      0.00       0  isupipe
1791479400    113    248388   11.00   17.00    0.00    0.00   28.00     2     21.00      0.00  682592   62240   0.77      0.00      0.00      0.00       0  pdns_server

# Time        UID       PID    %usr %system  %guest   %wait    %CPU   CPU  minflt/s  majflt/s     VSZ     RSS   %MEM   kB_rd/s   kB_wr/s kB_ccwr/s iodelay  Command
1791479401      0     17311    0.00    0.00    0.00    0.00    0.00     2      0.00      0.00   56816   12524   0.15      0.00      0.00      0.00       0  nginx
1791479401     33    203690    2.00    7.00    0.00   16.00    9.00     3      0.00      0.00   59232   12852   0.16      0.00    328.00    288.00       0  nginx
1791479401     33    203691    6.00    8.00    0.00   29.00   14.00     3      0.00      0.00   60028   13904   0.17      0.00    396.00    308.00       0  nginx
1791479401     33    203692    4.00    6.00    0.00   26.00   10.00     3      0.00      0.00   59496   13252   0.16      0.00    296.00     96.00       0  nginx
1791479401     33    203693    7.00   10.00    0.00   41.00   17.00     3      0.00      0.00   61820   15704   0.19      0.00    464.00    328.00       0  nginx
1791479401    112    244183   69.00   38.00    0.00    0.00  107.00     0     27.00      0.00 2861088  644456   7.94      0.00  15748.00      0.00       0  mysqld
1791479401   1100    248385   38.00   29.00    0.00   20.00   67.00     2    427.00      0.00 2049588   23656   0.29      0.00      0.00      0.00       0  isupipe
1791479401    113    248388   13.00   17.00    0.00    0.00   30.00     2     14.00      0.00  682592   62240   0.77      0.00      0.00      0.00       0  pdns_server

# Time        UID       PID    %usr %system  %guest   %wait    %CPU   CPU  minflt/s  majflt/s     VSZ     RSS   %MEM   kB_rd/s   kB_wr/s kB_ccwr/s iodelay  Command
1791479402      0     17311    0.00    0.00    0.00    0.00    0.00     2      0.00      0.00   56816   12524   0.15      0.00      0.00      0.00       0  nginx
1791479402     33    203690    3.00    8.00    0.00   24.00   11.00     3      2.00      0.00   59232   12852   0.16      0.00     76.00      0.00       0  nginx
1791479402     33    203691    5.00    8.00    0.00   27.00   13.00     3      0.00      0.00   60028   13904   0.17      0.00    624.00    556.00       0  nginx
1791479402     33    203692    4.00    7.00    0.00   23.00   11.00     3      0.00      0.00   59496   13252   0.16      0.00    424.00    444.00       0  nginx
1791479402     33    203693    5.00   10.00    0.00   44.00   15.00     3      0.00      0.00   61820   15704   0.19      0.00    472.00    356.00       0  nginx
1791479402    112    244183   75.00   38.00    0.00    1.00  113.00     0     86.00      0.00 2861088  644456   7.94      0.00  11972.00      0.00       0  mysqld
1791479402   1100    248385   36.00   30.00    0.00    5.00   66.00     2    687.00      0.00 2049588   23252   0.29      0.00      0.00      0.00       0  isupipe
1791479402    113    248388   13.00   15.00    0.00    0.00   28.00     2     12.00      0.00  682592   62240   0.77      0.00      0.00      0.00       0  pdns_server

# Time        UID       PID    %usr %system  %guest   %wait    %CPU   CPU  minflt/s  majflt/s     VSZ     RSS   %MEM   kB_rd/s   kB_wr/s kB_ccwr/s iodelay  Command
1791479403      0     17311    0.00    0.00    0.00    0.00    0.00     2      0.00      0.00   56816   12524   0.15      0.00      0.00      0.00       0  nginx
1791479403     33    203690    4.00    7.00    0.00   28.00   11.00     3      0.00      0.00   59232   12852   0.16      0.00    476.00    400.00       0  nginx
1791479403     33    203691    4.00    8.00    0.00   32.00   12.00     3      0.00      0.00   60028   13904   0.17      0.00    496.00    408.00       0  nginx
1791479403     33    203692    4.00   10.00    0.00   32.00   14.00     3      0.00      0.00   59496   13252   0.16      0.00    324.00    216.00       0  nginx
1791479403     33    203693    3.00   11.00    0.00   40.00   14.00     3      0.00      0.00   61820   15704   0.19      0.00    656.00    552.00       0  nginx
1791479403    112    244183   73.00   40.00    0.00    0.00  113.00     2    201.00      0.00 2861088  644524   7.94      0.00  12856.00      0.00       0  mysqld
1791479403   1100    248385   32.00   35.00    0.00    5.00   67.00     0    916.00      0.00 2049588   23472   0.29      0.00      0.00      0.00       0  isupipe
1791479403    113    248388   12.00   18.00    0.00    0.00   30.00     2     11.00      0.00  682592   62240   0.77      0.00      0.00      0.00       0  pdns_server

# Time        UID       PID    %usr %system  %guest   %wait    %CPU   CPU  minflt/s  majflt/s     VSZ     RSS   %MEM   kB_rd/s   kB_wr/s kB_ccwr/s iodelay  Command
1791479404      0     17311    0.00    0.00    0.00    0.00    0.00     2      0.00      0.00   56816   12524   0.15      0.00      0.00      0.00       0  nginx
1791479404     33    203690    4.00    8.00    0.00   26.00   12.00     0      0.00      0.00   59232   12852   0.16      0.00    316.00    208.00       0  nginx
1791479404     33    203691    6.00    6.00    0.00   31.00   12.00     0      0.00      0.00   60028   13904   0.17      0.00    468.00    404.00       0  nginx
1791479404     33    203692    4.00    6.00    0.00   25.00   10.00     3      0.00      0.00   59496   13252   0.16      0.00    504.00    416.00       0  nginx
1791479404     33    203693    6.00   10.00    0.00   50.00   16.00     3      0.00      0.00   61820   15704   0.19      0.00    676.00    552.00       0  nginx
1791479404    112    244183   72.00   39.00    0.00    0.00  111.00     2    250.00      0.00 2861088  644692   7.94      0.00  18992.00      0.00       0  mysqld
1791479404   1100    248385   37.00   28.00    0.00   28.00   65.00     3    735.00      0.00 2049588   24756   0.30      0.00      0.00      0.00       0  isupipe
1791479404    113    248388   10.00   18.00    0.00    0.00   28.00     2      9.00      0.00  682592   62240   0.77      0.00      0.00      0.00       0  pdns_server

# Time        UID       PID    %usr %system  %guest   %wait    %CPU   CPU  minflt/s  majflt/s     VSZ     RSS   %MEM   kB_rd/s   kB_wr/s kB_ccwr/s iodelay  Command
1791479405      0     17311    0.00    0.00    0.00    0.00    0.00     2      0.00      0.00   56816   12524   0.15      0.00      0.00      0.00       0  nginx
1791479405     33    203690    3.00    6.00    0.00   24.00    9.00     3      0.00      0.00   59232   12852   0.16      0.00     76.00      0.00       0  nginx
1791479405     33    203691    6.00    7.00    0.00   34.00   13.00     3      0.00      0.00   60028   13904   0.17      0.00    492.00    404.00       0  nginx
1791479405     33    203692    5.00    8.00    0.00   25.00   13.00     3      0.00      0.00   59496   13252   0.16      0.00    720.00    640.00       0  nginx
1791479405     33    203693    7.00   10.00    0.00   47.00   17.00     3      0.00      0.00   61820   15704   0.19      0.00    776.00    660.00       0  nginx
1791479405    112    244183   78.00   37.00    0.00    0.00  115.00     2    162.00      0.00 2861088  644952   7.94      0.00  17208.00      0.00       0  mysqld
1791479405   1100    248385   38.00   30.00    0.00   23.00   68.00     0    968.00      0.00 2049588   23056   0.28      0.00      0.00      0.00       0  isupipe
1791479405    113    248388   12.00   16.00    0.00    0.00   28.00     2     10.00      0.00  682592   62240   0.77      0.00      0.00      0.00       0  pdns_server

# Time        UID       PID    %usr %system  %guest   %wait    %CPU   CPU  minflt/s  majflt/s     VSZ     RSS   %MEM   kB_rd/s   kB_wr/s kB_ccwr/s iodelay  Command
1791479406      0     17311    0.00    0.00    0.00    0.00    0.00     2      0.00      0.00   56816   12524   0.15      0.00      0.00      0.00       0  nginx
1791479406     33    203690    4.00    5.00    0.00   11.00    9.00     3      0.00      0.00   59232   12852   0.16      0.00    116.00     68.00       0  nginx
1791479406     33    203691    4.00    7.00    0.00   21.00   11.00     3      0.00      0.00   60028   13904   0.17      0.00    560.00    496.00       0  nginx
1791479406     33    203692    5.00    8.00    0.00   25.00   13.00     3     11.00      0.00   59496   13252   0.16      0.00    180.00    104.00       0  nginx
1791479406     33    203693    8.00   11.00    0.00   41.00   19.00     3      0.00      0.00   61820   15704   0.19      0.00   1088.00    900.00       0  nginx
1791479406    112    244183   72.00   42.00    0.00    1.00  114.00     2     89.00      0.00 2861088  645032   7.95      0.00  12792.00      0.00       0  mysqld
1791479406   1100    248385   40.00   26.00    0.00   24.00   66.00     0    651.00      0.00 2049588   23432   0.29      0.00      0.00      0.00       0  isupipe
1791479406    113    248388   11.00   17.00    0.00    0.00   28.00     2     10.00      0.00  682592   62504   0.77      0.00      0.00      0.00       0  pdns_server

# Time        UID       PID    %usr %system  %guest   %wait    %CPU   CPU  minflt/s  majflt/s     VSZ     RSS   %MEM   kB_rd/s   kB_wr/s kB_ccwr/s iodelay  Command
1791479407      0     17311    0.00    0.00    0.00    0.00    0.00     2      0.00      0.00   56816   12524   0.15      0.00      0.00      0.00       0  nginx
1791479407     33    203690    4.00    5.00    0.00   17.00    9.00     3      0.00      0.00   59232   12852   0.16      0.00    256.00    196.00       0  nginx
1791479407     33    203691    6.00    7.00    0.00   30.00   13.00     3     19.00      0.00   60160   13904   0.17      0.00    568.00    492.00       0  nginx
1791479407     33    203692    2.00    8.00    0.00   21.00   10.00     3      4.00      0.00   59496   13252   0.16      0.00    444.00    368.00       0  nginx
1791479407     33    203693    6.00   11.00    0.00   44.00   17.00     3      0.00      0.00   61820   15704   0.19      0.00    380.00    260.00       0  nginx
1791479407    112    244183   69.00   46.00    0.00    0.00  115.00     2     83.00      0.00 2861088  645056   7.95      0.00  11212.00      0.00       0  mysqld
1791479407   1100    248385   36.00   32.00    0.00   22.00   68.00     1    827.00      0.00 2049588   23404   0.29      0.00      0.00      0.00       0  isupipe
1791479407    113    248388    8.00   23.00    0.00    0.00   31.00     2     10.00      0.00  682592   62504   0.77      0.00      0.00      0.00       0  pdns_server

# Time        UID       PID    %usr %system  %guest   %wait    %CPU   CPU  minflt/s  majflt/s     VSZ     RSS   %MEM   kB_rd/s   kB_wr/s kB_ccwr/s iodelay  Command
1791479408      0     17311    0.00    0.00    0.00    0.00    0.00     2      0.00      0.00   56816   12524   0.15      0.00      0.00      0.00       0  nginx
1791479408     33    203690    3.00    8.00    0.00   14.00   11.00     3      0.00      0.00   59232   12852   0.16      0.00    348.00    276.00       0  nginx
1791479408     33    203691    4.00    9.00    0.00   26.00   13.00     3      7.00      0.00   60160   13904   0.17      0.00    596.00    500.00       0  nginx
1791479408     33    203692    3.00    8.00    0.00   22.00   11.00     3      0.00      0.00   59496   13252   0.16      0.00    232.00    152.00       0  nginx
1791479408     33    203693    4.00   12.00    0.00   35.00   16.00     3      0.00      0.00   61820   15704   0.19      0.00    908.00    796.00       0  nginx
1791479408    112    244183   76.00   40.00    0.00    1.00  116.00     2    163.00      0.00 2861088  645132   7.95      0.00  11852.00      0.00       0  mysqld
1791479408   1100    248385   32.00   33.00    0.00   16.00   65.00     0   1114.00      0.00 2049588   24804   0.31      0.00      0.00      0.00       0  isupipe
1791479408    113    248388   14.00   16.00    0.00    0.00   30.00     2     11.00      0.00  682592   62504   0.77      0.00      0.00      0.00       0  pdns_server

# Time        UID       PID    %usr %system  %guest   %wait    %CPU   CPU  minflt/s  majflt/s     VSZ     RSS   %MEM   kB_rd/s   kB_wr/s kB_ccwr/s iodelay  Command
1791479409      0     17311    0.00    0.00    0.00    0.00    0.00     2      0.00      0.00   56816   12524   0.15      0.00      0.00      0.00       0  nginx
1791479409     33    203690    5.00    7.00    0.00   21.00   12.00     3      0.00      0.00   59232   12852   0.16      0.00    284.00    228.00       0  nginx
1791479409     33    203691    7.00    7.00    0.00   31.00   14.00     3      0.00      0.00   60160   13904   0.17      0.00    312.00    196.00       0  nginx
1791479409     33    203692    2.00   10.00    0.00   22.00   12.00     3      1.00      0.00   59496   13252   0.16      0.00    496.00    428.00       0  nginx
1791479409     33    203693    8.00    8.00    0.00   40.00   16.00     3      0.00      0.00   61820   15704   0.19      0.00    904.00    780.00       0  nginx
1791479409    112    244183   74.00   48.00    0.00    0.00  122.00     2    133.00      0.00 2861088  645168   7.95      0.00  17824.00      0.00       0  mysqld
1791479409   1100    248385   35.00   29.00    0.00   24.00   64.00     1    996.00      0.00 2049588   23896   0.29      0.00      0.00      0.00       0  isupipe
1791479409    113    248388   15.00   17.00    0.00    0.00   32.00     2     12.00      0.00  682592   62504   0.77      0.00      0.00      0.00       0  pdns_server

# Time        UID       PID    %usr %system  %guest   %wait    %CPU   CPU  minflt/s  majflt/s     VSZ     RSS   %MEM   kB_rd/s   kB_wr/s kB_ccwr/s iodelay  Command
1791479410      0     17311    0.00    0.00    0.00    0.00    0.00     2      0.00      0.00   56816   12524   0.15      0.00      0.00      0.00       0  nginx
1791479410     33    203690    4.00    7.00    0.00   22.00   11.00     3      0.00      0.00   59232   12852   0.16      0.00    668.00    584.00       0  nginx
1791479410     33    203691    4.00   10.00    0.00   38.00   14.00     3      3.00      0.00   60160   13904   0.17      0.00    212.00    100.00       0  nginx
1791479410     33    203692    5.00    8.00    0.00   25.00   13.00     0      0.00      0.00   59496   13252   0.16      0.00    196.00    108.00       0  nginx
1791479410     33    203693    4.00   11.00    0.00   46.00   15.00     3      0.00      0.00   61820   15704   0.19      0.00    744.00    660.00       0  nginx
1791479410    112    244183   67.00   50.00    0.00    1.00  117.00     2     80.00      0.00 2861088  645168   7.95      0.00  12920.00      0.00       0  mysqld
1791479410   1100    248385   39.00   28.00    0.00   20.00   67.00     0    764.00      0.00 2049588   24180   0.30      0.00      0.00      0.00       0  isupipe
1791479410    113    248388   11.00   20.00    0.00    0.00   31.00     2     12.00      0.00  682592   62504   0.77      0.00      0.00      0.00       0  pdns_server

# Time        UID       PID    %usr %system  %guest   %wait    %CPU   CPU  minflt/s  majflt/s     VSZ     RSS   %MEM   kB_rd/s   kB_wr/s kB_ccwr/s iodelay  Command
1791479411      0     17311    0.00    0.00    0.00    0.00    0.00     2      0.00      0.00   56816   12524   0.15      0.00      0.00      0.00       0  nginx
1791479411     33    203690    4.00   10.00    0.00   18.00   14.00     3      0.00      0.00   59232   12852   0.16      0.00    168.00     92.00       0  nginx
1791479411     33    203691    4.00   10.00    0.00   36.00   14.00     3      0.00      0.00   60160   13904   0.17      0.00    560.00    420.00       0  nginx
1791479411     33    203692    6.00    8.00    0.00   19.00   14.00     3     28.00      0.00   59632   13408   0.17      0.00    644.00    596.00       0  nginx
1791479411     33    203693    5.00   10.00    0.00   48.00   15.00     0      0.00      0.00   61820   15704   0.19      0.00    900.00    800.00       0  nginx
1791479411    112    244183   76.00   45.00    0.00    0.00  121.00     2    138.00      0.00 2861088  645232   7.95      0.00  13080.00      0.00       0  mysqld
1791479411   1100    248385   39.00   27.00    0.00    8.00   66.00     0    601.00      0.00 2049588   24664   0.30      0.00      0.00      0.00       0  isupipe
1791479411    113    248388   15.00   16.00    0.00    0.00   31.00     2     10.00      0.00  682592   62504   0.77      0.00      0.00      0.00       0  pdns_server

# Time        UID       PID    %usr %system  %guest   %wait    %CPU   CPU  minflt/s  majflt/s     VSZ     RSS   %MEM   kB_rd/s   kB_wr/s kB_ccwr/s iodelay  Command
1791479412      0     17311    0.00    0.00    0.00    0.00    0.00     2      0.00      0.00   56816   12524   0.15      0.00      0.00      0.00       0  nginx
1791479412     33    203690    2.00    8.00    0.00   14.00   10.00     3      0.00      0.00   59232   12852   0.16      0.00    224.00    144.00       0  nginx
1791479412     33    203691    4.00   10.00    0.00   28.00   14.00     3      0.00      0.00   60160   13904   0.17      0.00    372.00    292.00       0  nginx
1791479412     33    203692    5.00    7.00    0.00   20.00   12.00     3     25.00      0.00   59764   13408   0.17      0.00    424.00    348.00       0  nginx
1791479412     33    203693    5.00   14.00    0.00   39.00   19.00     2      0.00      0.00   61820   15704   0.19      0.00    984.00    828.00       0  nginx
1791479412    112    244183   73.00   39.00    0.00    1.00  112.00     0    121.00      0.00 2861088  645336   7.95      0.00  12588.00      0.00       0  mysqld
1791479412   1100    248385   38.00   31.00    0.00   26.00   69.00     2    337.00      0.00 2049588   24688   0.30      0.00      0.00      0.00       0  isupipe
1791479412    113    248388   11.00   17.00    0.00    0.00   28.00     2      8.00      0.00  682592   62760   0.77      0.00      0.00      0.00       0  pdns_server

# Time        UID       PID    %usr %system  %guest   %wait    %CPU   CPU  minflt/s  majflt/s     VSZ     RSS   %MEM   kB_rd/s   kB_wr/s kB_ccwr/s iodelay  Command
1791479413      0     17311    0.00    0.00    0.00    0.00    0.00     2      0.00      0.00   56816   12524   0.15      0.00      0.00      0.00       0  nginx
1791479413     33    203690    3.00    6.00    0.00   20.00    9.00     3      3.00      0.00   59232   12852   0.16      0.00    144.00     84.00       0  nginx
1791479413     33    203691    5.00    8.00    0.00   37.00   13.00     3      7.00      0.00   60296   14052   0.17      0.00    240.00    160.00       0  nginx
1791479413     33    203692    3.00    9.00    0.00   20.00   12.00     3     73.00      0.00   60028   13668   0.17      0.00    488.00    436.00       0  nginx
1791479413     33    203693    7.00    9.00    0.00   50.00   16.00     2      0.00      0.00   61820   15704   0.19      0.00    808.00    548.00       0  nginx
1791479413    112    244183   69.00   46.00    0.00    0.00  115.00     1     45.00      0.00 2861088  645336   7.95      0.00  13028.00      0.00       0  mysqld
1791479413   1100    248385   38.00   27.00    0.00   25.00   65.00     2    133.00      0.00 2049588   24124   0.30      0.00      0.00      0.00       0  isupipe
1791479413    113    248388   11.00   23.00    0.00    0.00   34.00     2     10.00      0.00  682592   62760   0.77      0.00      0.00      0.00       0  pdns_server

# Time        UID       PID    %usr %system  %guest   %wait    %CPU   CPU  minflt/s  majflt/s     VSZ     RSS   %MEM   kB_rd/s   kB_wr/s kB_ccwr/s iodelay  Command
1791479414      0     17311    0.00    0.00    0.00    0.00    0.00     2      0.00      0.00   56816   12524   0.15      0.00      0.00      0.00       0  nginx
1791479414     33    203690    5.00    6.00    0.00   26.00   11.00     3      0.00      0.00   59232   12852   0.16      0.00    184.00     96.00       0  nginx
1791479414     33    203691    4.00    7.00    0.00   25.00   11.00     3      7.00      0.00   60296   14052   0.17      0.00    496.00    436.00       0  nginx
1791479414     33    203692    3.00    9.00    0.00   24.00   12.00     3     28.00      0.00   60168   13932   0.17      0.00    360.00    268.00       0  nginx
1791479414     33    203693    4.00   12.00    0.00   46.00   16.00     3      0.00      0.00   61820   15704   0.19      0.00    448.00    360.00       0  nginx
1791479414    112    244183   69.00   47.00    0.00    0.00  116.00     2     50.00      0.00 2861088  645336   7.95      0.00  15848.00      0.00       0  mysqld
1791479414   1100    248385   35.00   28.00    0.00   15.00   63.00     2    495.00      0.00 2049588   24632   0.30      0.00      0.00      0.00       0  isupipe
1791479414    113    248388   10.00   21.00    0.00    0.00   31.00     2      8.00      0.00  682592   62760   0.77      0.00      0.00      0.00       0  pdns_server

# Time        UID       PID    %usr %system  %guest   %wait    %CPU   CPU  minflt/s  majflt/s     VSZ     RSS   %MEM   kB_rd/s   kB_wr/s kB_ccwr/s iodelay  Command
1791479415      0     17311    0.00    0.00    0.00    0.00    0.00     2      0.00      0.00   56816   12524   0.15      0.00      0.00      0.00       0  nginx
1791479415     33    203690    5.00    7.00    0.00   16.00   12.00     3      0.00      0.00   59232   12852   0.16      0.00    464.00    408.00       0  nginx
1791479415     33    203691    4.00    8.00    0.00   27.00   12.00     3     16.00      0.00   60296   14052   0.17      0.00    352.00    288.00       0  nginx
1791479415     33    203692    3.00    8.00    0.00   23.00   11.00     3      2.00      0.00   60168   13932   0.17      0.00    488.00    412.00       0  nginx
1791479415     33    203693    8.00    9.00    0.00   37.00   17.00     2      0.00      0.00   61820   15704   0.19      0.00    576.00    528.00       0  nginx
1791479415    112    244183   71.00   46.00    0.00    0.00  117.00     2     72.00      0.00 2861088  645336   7.95      0.00  10284.00      0.00       0  mysqld
1791479415   1100    248385   37.00   27.00    0.00   23.00   64.00     1    612.00      0.00 2049588   24844   0.31      0.00      0.00      0.00       0  isupipe
1791479415    113    248388   10.00   20.00    0.00    0.00   30.00     2     10.00      0.00  682592   62760   0.77      0.00      0.00      0.00       0  pdns_server

# Time        UID       PID    %usr %system  %guest   %wait    %CPU   CPU  minflt/s  majflt/s     VSZ     RSS   %MEM   kB_rd/s   kB_wr/s kB_ccwr/s iodelay  Command
1791479416      0     17311    0.00    0.00    0.00    0.00    0.00     2      0.00      0.00   56816   12524   0.15      0.00      0.00      0.00       0  nginx
1791479416     33    203690    3.00    5.00    0.00   15.00    8.00     3      0.00      0.00   59232   12852   0.16      0.00    140.00    116.00       0  nginx
1791479416     33    203691    6.00    7.00    0.00   19.00   13.00     3      0.00      0.00   60296   14052   0.17      0.00    492.00    396.00       0  nginx
1791479416     33    203692    5.00    3.00    0.00   13.00    8.00     3      0.00      0.00   60168   13932   0.17      0.00    232.00    204.00       0  nginx
1791479416     33    203693    7.00   15.00    0.00   33.00   22.00     2      0.00      0.00   61820   15704   0.19      0.00    916.00    756.00       0  nginx
1791479416    112    244183   71.00   44.00    0.00    1.00  115.00     2     76.00      0.00 2861088  645348   7.95      0.00  14212.00      0.00       0  mysqld
1791479416   1100    248385   31.00   33.00    0.00   22.00   64.00     0   1046.00      0.00 2049588   24924   0.31      0.00      0.00      0.00       0  isupipe
1791479416    113    248388   14.00   23.00    0.00    0.00   37.00     2      6.00      0.00  682592   62760   0.77      0.00      0.00      0.00       0  pdns_server

# Time        UID       PID    %usr %system  %guest   %wait    %CPU   CPU  minflt/s  majflt/s     VSZ     RSS   %MEM   kB_rd/s   kB_wr/s kB_ccwr/s iodelay  Command
1791479417      0     17311    0.00    0.00    0.00    0.00    0.00     2      0.00      0.00   56816   12524   0.15      0.00      0.00      0.00       0  nginx
1791479417     33    203690    3.00    7.00    0.00   20.00   10.00     3      0.00      0.00   59232   12852   0.16      0.00    400.00    340.00       0  nginx
1791479417     33    203691    6.00    8.00    0.00   34.00   14.00     3      0.00      0.00   60296   14052   0.17      0.00    172.00    108.00       0  nginx
1791479417     33    203692    6.00    6.00    0.00   27.00   12.00     3      0.00      0.00   60168   13932   0.17      0.00    300.00    244.00       0  nginx
1791479417     33    203693    7.00    9.00    0.00   42.00   16.00     3      0.00      0.00   61820   15704   0.19      0.00    568.00    448.00       0  nginx
1791479417    112    244183   69.00   38.00    0.00    0.00  107.00     2     40.00      0.00 2861088  645400   7.95      0.00  11752.00      0.00       0  mysqld
1791479417   1100    248385   31.00   29.00    0.00   17.00   60.00     3    538.00      0.00 2049588   24616   0.30      0.00      0.00      0.00       0  isupipe
1791479417    113    248388   11.00   22.00    0.00    0.00   33.00     2      4.00      0.00  682592   62760   0.77      0.00      0.00      0.00       0  pdns_server

# Time        UID       PID    %usr %system  %guest   %wait    %CPU   CPU  minflt/s  majflt/s     VSZ     RSS   %MEM   kB_rd/s   kB_wr/s kB_ccwr/s iodelay  Command
1791479418      0     17311    0.00    0.00    0.00    0.00    0.00     2      0.00      0.00   56816   12524   0.15      0.00      0.00      0.00       0  nginx
1791479418     33    203690    5.00    8.00    0.00   26.00   13.00     3      0.00      0.00   59232   12852   0.16      0.00     96.00      0.00       0  nginx
1791479418     33    203691    5.00    7.00    0.00   29.00   12.00     3      0.00      0.00   60296   14052   0.17      0.00    748.00    696.00       0  nginx
1791479418     33    203692    5.00    7.00    0.00   25.00   12.00     3      0.00      0.00   60168   13932   0.17      0.00    440.00    352.00       0  nginx
1791479418     33    203693    6.00   11.00    0.00   45.00   17.00     3      0.00      0.00   61820   15704   0.19      0.00    616.00    504.00       0  nginx
1791479418    112    244183   62.00   46.00    0.00    0.00  108.00     1     38.00      0.00 2861088  645400   7.95      0.00  16464.00      0.00       0  mysqld
1791479418   1100    248385   35.00   27.00    0.00   26.00   62.00     3    923.00      0.00 2049588   24484   0.30      0.00      0.00      0.00       0  isupipe
1791479418    113    248388   12.00   21.00    0.00    0.00   33.00     2      3.00      0.00  682592   62760   0.77      0.00      0.00      0.00       0  pdns_server

# Time        UID       PID    %usr %system  %guest   %wait    %CPU   CPU  minflt/s  majflt/s     VSZ     RSS   %MEM   kB_rd/s   kB_wr/s kB_ccwr/s iodelay  Command
1791479419      0     17311    0.00    0.00    0.00    0.00    0.00     2      0.00      0.00   56816   12524   0.15      0.00      0.00      0.00       0  nginx
1791479419     33    203690    5.00    6.00    0.00   26.00   11.00     2      0.00      0.00   59232   12852   0.16      0.00    532.00    432.00       0  nginx
1791479419     33    203691    7.00    6.00    0.00   37.00   13.00     3      0.00      0.00   60296   14052   0.17      0.00    640.00    568.00       0  nginx
1791479419     33    203692    6.00    5.00    0.00   31.00   11.00     3      0.00      0.00   60168   13932   0.17      0.00    220.00    148.00       0  nginx
1791479419     33    203693    4.00   11.00    0.00   49.00   15.00     3      0.00      0.00   61820   15704   0.19      0.00    408.00    316.00       0  nginx
1791479419    112    244183   72.00   42.00    0.00    2.00  114.00     3     44.00      0.00 2861088  645400   7.95      0.00  12148.00      0.00       0  mysqld
1791479419   1100    248385   40.00   23.00    0.00    0.00   63.00     3    342.00      0.00 2049588   24260   0.30      0.00      0.00      0.00       0  isupipe
1791479419    113    248388   14.00   24.00    0.00    0.00   38.00     2      5.00      0.00  682592   62760   0.77      0.00      0.00      0.00       0  pdns_server

# Time        UID       PID    %usr %system  %guest   %wait    %CPU   CPU  minflt/s  majflt/s     VSZ     RSS   %MEM   kB_rd/s   kB_wr/s kB_ccwr/s iodelay  Command
1791479420      0     17311    0.00    0.00    0.00    0.00    0.00     2      0.00      0.00   56816   12524   0.15      0.00      0.00      0.00       0  nginx
1791479420     33    203690    7.00    5.00    0.00   29.00   12.00     3      0.00      0.00   59232   12852   0.16      0.00    320.00    256.00       0  nginx
1791479420     33    203691    5.00    8.00    0.00   40.00   13.00     3      0.00      0.00   60296   14052   0.17      0.00    700.00    628.00       0  nginx
1791479420     33    203692    4.00   10.00    0.00   39.00   14.00     3      0.00      0.00   60168   13932   0.17      0.00    492.00    408.00       0  nginx
1791479420     33    203693    8.00    5.00    0.00   50.00   13.00     3      0.00      0.00   61820   15704   0.19      0.00    496.00    380.00       0  nginx
1791479420    112    244183   70.00   47.00    0.00    2.00  117.00     3     58.00      0.00 2861088  645424   7.95      0.00  13084.00      0.00       0  mysqld
1791479420   1100    248385   30.00   27.00    0.00    9.00   57.00     0    643.00      0.00 2049588   23428   0.29      0.00      0.00      0.00       0  isupipe
1791479420    113    248388   17.00   22.00    0.00    0.00   39.00     2      6.00      0.00  682592   62760   0.77      0.00      0.00      0.00       0  pdns_server

# Time        UID       PID    %usr %system  %guest   %wait    %CPU   CPU  minflt/s  majflt/s     VSZ     RSS   %MEM   kB_rd/s   kB_wr/s kB_ccwr/s iodelay  Command
1791479421      0     17311    0.00    0.00    0.00    0.00    0.00     2      0.00      0.00   56816   12524   0.15      0.00      0.00      0.00       0  nginx
1791479421     33    203690    6.00    5.00    0.00   22.00   11.00     2      0.00      0.00   59232   12852   0.16      0.00    544.00    464.00       0  nginx
1791479421     33    203691    5.00    9.00    0.00   39.00   14.00     3      0.00      0.00   60296   14052   0.17      0.00    412.00    320.00       0  nginx
1791479421     33    203692    5.00    6.00    0.00   27.00   11.00     3      0.00      0.00   60168   13932   0.17      0.00    136.00     72.00       0  nginx
1791479421     33    203693    9.00    8.00    0.00   44.00   17.00     2      0.00      0.00   61820   15704   0.19      0.00    516.00    408.00       0  nginx
1791479421    112    244183   68.00   45.00    0.00    1.00  113.00     3     35.00      0.00 2861088  645424   7.95      0.00  12556.00      0.00       0  mysqld
1791479421   1100    248385   40.00   23.00    0.00   26.00   63.00     0    694.00      0.00 2049588   24684   0.30      0.00      0.00      0.00       0  isupipe
1791479421    113    248388   13.00   23.00    0.00    0.00   36.00     2      4.00      0.00  682592   62760   0.77      0.00      0.00      0.00       0  pdns_server

# Time        UID       PID    %usr %system  %guest   %wait    %CPU   CPU  minflt/s  majflt/s     VSZ     RSS   %MEM   kB_rd/s   kB_wr/s kB_ccwr/s iodelay  Command
1791479422      0     17311    0.00    0.00    0.00    0.00    0.00     2      0.00      0.00   56816   12524   0.15      0.00      0.00      0.00       0  nginx
1791479422     33    203690    4.00    8.00    0.00   22.00   12.00     3      0.00      0.00   59232   12852   0.16      0.00    400.00    312.00       0  nginx
1791479422     33    203691    6.00    7.00    0.00   32.00   13.00     3      0.00      0.00   60296   14052   0.17      0.00    348.00    272.00       0  nginx
1791479422     33    203692    5.00    8.00    0.00   31.00   13.00     3      0.00      0.00   60168   13932   0.17      0.00    324.00    268.00       0  nginx
1791479422     33    203693    8.00   11.00    0.00   41.00   19.00     3      0.00      0.00   61820   15704   0.19      0.00    924.00    792.00       0  nginx
1791479422    112    244183   71.00   45.00    0.00    0.00  116.00     0     52.00      0.00 2861088  645424   7.95      0.00  15872.00      0.00       0  mysqld
1791479422   1100    248385   33.00   31.00    0.00   19.00   64.00     2   1008.00      0.00 2049588   25088   0.31      0.00      0.00      0.00       0  isupipe
1791479422    113    248388   15.00   20.00    0.00    0.00   35.00     2      6.00      0.00  682592   62760   0.77      0.00      0.00      0.00       0  pdns_server

# Time        UID       PID    %usr %system  %guest   %wait    %CPU   CPU  minflt/s  majflt/s     VSZ     RSS   %MEM   kB_rd/s   kB_wr/s kB_ccwr/s iodelay  Command
1791479423      0     17311    0.00    0.00    0.00    0.00    0.00     2      0.00      0.00   56816   12524   0.15      0.00      0.00      0.00       0  nginx
1791479423     33    203690    3.00    4.00    0.00   12.00    7.00     3      0.00      0.00   59232   12852   0.16      0.00    220.00    192.00       0  nginx
1791479423     33    203691    6.00    8.00    0.00   36.00   14.00     3      0.00      0.00   60296   14052   0.17      0.00    300.00    220.00       0  nginx
1791479423     33    203692    7.00    6.00    0.00   20.00   13.00     3      0.00      0.00   60168   13932   0.17      0.00    268.00    240.00       0  nginx
1791479423     33    203693    8.00   11.00    0.00   40.00   19.00     2      0.00      0.00   61820   15704   0.19      0.00    420.00    292.00       0  nginx
1791479423    112    244183   66.00   48.00    0.00    0.00  114.00     0     24.00      0.00 2861088  645424   7.95      0.00  12800.00      0.00       0  mysqld
1791479423   1100    248385   33.00   26.00    0.00   21.00   59.00     3    276.00      0.00 2049588   25368   0.31      0.00      0.00      0.00       0  isupipe
1791479423    113    248388   13.00   20.00    0.00    0.00   33.00     2      2.00      0.00  682592   62760   0.77      0.00      0.00      0.00       0  pdns_server

# Time        UID       PID    %usr %system  %guest   %wait    %CPU   CPU  minflt/s  majflt/s     VSZ     RSS   %MEM   kB_rd/s   kB_wr/s kB_ccwr/s iodelay  Command
1791479424      0     17311    0.00    0.00    0.00    0.00    0.00     2      0.00      0.00   56816   12524   0.15      0.00      0.00      0.00       0  nginx
1791479424     33    203690    4.00    6.00    0.00   20.00   10.00     3      0.00      0.00   59232   12852   0.16      0.00    516.00    444.00       0  nginx
1791479424     33    203691    4.00    9.00    0.00   40.00   13.00     3      0.00      0.00   60296   14052   0.17      0.00    888.00    816.00       0  nginx
1791479424     33    203692    4.00    7.00    0.00   31.00   11.00     3      0.00      0.00   60168   13932   0.17      0.00    160.00     92.00       0  nginx
1791479424     33    203693    6.00   10.00    0.00   51.00   16.00     3      0.00      0.00   61820   15704   0.19      0.00    468.00    336.00       0  nginx
1791479424    112    244183   72.00   44.00    0.00    1.00  116.00     0     34.00      0.00 2861088  645452   7.95      0.00  12772.00      0.00       0  mysqld
1791479424   1100    248385   37.00   28.00    0.00   30.00   65.00     1    456.00      0.00 2049588   25996   0.32      0.00      0.00      0.00       0  isupipe
1791479424    113    248388   16.00   23.00    0.00    0.00   39.00     2      3.00      0.00  682592   62760   0.77      0.00      0.00      0.00       0  pdns_server

# Time        UID       PID    %usr %system  %guest   %wait    %CPU   CPU  minflt/s  majflt/s     VSZ     RSS   %MEM   kB_rd/s   kB_wr/s kB_ccwr/s iodelay  Command
1791479425      0     17311    0.00    0.00    0.00    0.00    0.00     2      0.00      0.00   56816   12524   0.15      0.00      0.00      0.00       0  nginx
1791479425     33    203690    4.00    8.00    0.00   24.00   12.00     0      0.00      0.00   59232   12852   0.16      0.00    284.00    240.00       0  nginx
1791479425     33    203691    7.00    7.00    0.00   37.00   14.00     3      0.00      0.00   60296   14052   0.17      0.00    688.00    624.00       0  nginx
1791479425     33    203692    5.00    8.00    0.00   33.00   13.00     3      0.00      0.00   60168   13932   0.17      0.00    304.00    228.00       0  nginx
1791479425     33    203693    6.00    9.00    0.00   54.00   15.00     2      0.00      0.00   61820   15704   0.19      0.00    404.00    284.00       0  nginx
1791479425    112    244183   67.00   48.00    0.00    0.00  115.00     0     46.00      0.00 2861088  645452   7.95      0.00  16752.00      0.00       0  mysqld
1791479425   1100    248385   29.00   29.00    0.00   12.00   58.00     0    848.00      0.00 2049588   25328   0.31      0.00      0.00      0.00       0  isupipe
1791479425    113    248388   15.00   24.00    0.00    0.00   39.00     2      4.00      0.00  682592   63024   0.78      0.00      0.00      0.00       0  pdns_server

# Time        UID       PID    %usr %system  %guest   %wait    %CPU   CPU  minflt/s  majflt/s     VSZ     RSS   %MEM   kB_rd/s   kB_wr/s kB_ccwr/s iodelay  Command
1791479426      0     17311    0.00    0.00    0.00    0.00    0.00     2      0.00      0.00   56816   12524   0.15      0.00      0.00      0.00       0  nginx
1791479426     33    203690    4.00    6.00    0.00   15.00   10.00     3      0.00      0.00   59232   12852   0.16      0.00    312.00    272.00       0  nginx
1791479426     33    203691    5.00    7.00    0.00   25.00   12.00     3      0.00      0.00   60296   14052   0.17      0.00    360.00    256.00       0  nginx
1791479426     33    203692    3.00    6.00    0.00   16.00    9.00     3      0.00      0.00   60168   13932   0.17      0.00    360.00    308.00       0  nginx
1791479426     33    203693   12.00    9.00    0.00   32.00   21.00     3      0.00      0.00   61820   15704   0.19      0.00    816.00    680.00       0  nginx
1791479426    112    244183   67.00   45.00    0.00    0.00  112.00     0     18.00      0.00 2861088  645452   7.95      0.00  12808.00      0.00       0  mysqld
1791479426   1100    248385   37.00   28.00    0.00   22.00   65.00     1    450.00      0.00 2049588   24984   0.31      0.00      0.00      0.00       0  isupipe
1791479426    113    248388   14.00   20.00    0.00    0.00   34.00     2      4.00      0.00  682592   63024   0.78      0.00      0.00      0.00       0  pdns_server

# Time        UID       PID    %usr %system  %guest   %wait    %CPU   CPU  minflt/s  majflt/s     VSZ     RSS   %MEM   kB_rd/s   kB_wr/s kB_ccwr/s iodelay  Command
1791479427      0     17311    0.00    0.00    0.00    0.00    0.00     2      0.00      0.00   56816   12524   0.15      0.00      0.00      0.00       0  nginx
1791479427     33    203690    3.00    8.00    0.00   29.00   11.00     3      0.00      0.00   59232   12852   0.16      0.00    160.00     96.00       0  nginx
1791479427     33    203691    7.00    6.00    0.00   43.00   13.00     3      0.00      0.00   60296   14052   0.17      0.00    784.00    704.00       0  nginx
1791479427     33    203692    5.00    7.00    0.00   29.00   12.00     3      0.00      0.00   60168   13932   0.17      0.00    336.00    276.00       0  nginx
1791479427     33    203693    6.00    8.00    0.00   50.00   14.00     3      0.00      0.00   61820   15704   0.19      0.00    196.00     92.00       0  nginx
1791479427    112    244183   72.00   44.00    0.00    1.00  116.00     0      7.00      0.00 2861088  645452   7.95      0.00  13176.00      0.00       0  mysqld
1791479427   1100    248385   30.00   31.00    0.00    3.00   61.00     2    857.00      0.00 2049588   26480   0.33      0.00      0.00      0.00       0  isupipe
1791479427    113    248388   18.00   20.00    0.00    0.00   38.00     2      5.00      0.00  682592   63024   0.78      0.00      0.00      0.00       0  pdns_server

# Time        UID       PID    %usr %system  %guest   %wait    %CPU   CPU  minflt/s  majflt/s     VSZ     RSS   %MEM   kB_rd/s   kB_wr/s kB_ccwr/s iodelay  Command
1791479428      0     17311    0.00    0.00    0.00    0.00    0.00     2      0.00      0.00   56816   12524   0.15      0.00      0.00      0.00       0  nginx
1791479428     33    203690    4.00    6.00    0.00   21.00   10.00     3      0.00      0.00   59232   12852   0.16      0.00    264.00    204.00       0  nginx
1791479428     33    203691    5.00    8.00    0.00   25.00   13.00     3      0.00      0.00   60296   14052   0.17      0.00    384.00    316.00       0  nginx
1791479428     33    203692    4.00    8.00    0.00   27.00   12.00     3      0.00      0.00   60168   13932   0.17      0.00    404.00    308.00       0  nginx
1791479428     33    203693    9.00   10.00    0.00   36.00   19.00     3      0.00      0.00   61820   15704   0.19      0.00    540.00    424.00       0  nginx
1791479428    112    244183   66.00   40.00    0.00    0.00  106.00     0      0.00      0.00 2861088  645452   7.95      0.00  11712.00      0.00       0  mysqld
1791479428   1100    248385   30.00   32.00    0.00   25.00   62.00     0   1084.00      0.00 2049588   21808   0.27      0.00      0.00      0.00       0  isupipe
1791479428    113    248388   17.00   18.00    0.00    0.00   35.00     2      4.00      0.00  682592   63024   0.78      0.00      0.00      0.00       0  pdns_server

# Time        UID       PID    %usr %system  %guest   %wait    %CPU   CPU  minflt/s  majflt/s     VSZ     RSS   %MEM   kB_rd/s   kB_wr/s kB_ccwr/s iodelay  Command
1791479429      0     17311    0.00    0.00    0.00    0.00    0.00     2      0.00      0.00   56816   12524   0.15      0.00      0.00      0.00       0  nginx
1791479429     33    203690    2.00    5.00    0.00   17.00    7.00     3      0.00      0.00   59232   12852   0.16      0.00    120.00     84.00       0  nginx
1791479429     33    203691    6.00    7.00    0.00   35.00   13.00     0      0.00      0.00   60296   14052   0.17      0.00    368.00    312.00       0  nginx
1791479429     33    203692    6.00    6.00    0.00   31.00   12.00     1      0.00      0.00   60168   13932   0.17      0.00    532.00    444.00       0  nginx
1791479429     33    203693    9.00    8.00    0.00   54.00   17.00     3      0.00      0.00   61820   15704   0.19      0.00    504.00    388.00       0  nginx
1791479429    112    244183   70.00   51.00    0.00    1.00  121.00     1      9.00      0.00 2861088  645452   7.95      0.00  18196.00      0.00       0  mysqld
1791479429   1100    248385   30.00   30.00    0.00   24.00   60.00     3    992.00      0.00 2049588   22840   0.28      0.00      0.00      0.00       0  isupipe
1791479429    113    248388   16.00   23.00    0.00    0.00   39.00     2      5.00      0.00  682592   63024   0.78      0.00      0.00      0.00       0  pdns_server

# Time        UID       PID    %usr %system  %guest   %wait    %CPU   CPU  minflt/s  majflt/s     VSZ     RSS   %MEM   kB_rd/s   kB_wr/s kB_ccwr/s iodelay  Command
1791479430      0     17311    0.00    0.00    0.00    0.00    0.00     2      0.00      0.00   56816   12524   0.15      0.00      0.00      0.00       0  nginx
1791479430     33    203690    5.00    5.00    0.00   13.00   10.00     2      0.00      0.00   59232   12852   0.16      0.00    120.00     80.00       0  nginx
1791479430     33    203691    4.00    9.00    0.00   27.00   13.00     3      0.00      0.00   60296   14052   0.17      0.00    420.00    360.00       0  nginx
1791479430     33    203692    3.00    7.00    0.00   17.00   10.00     3      0.00      0.00   60168   13932   0.17      0.00    412.00    344.00       0  nginx
1791479430     33    203693    9.00   11.00    0.00   40.00   20.00     1      0.00      0.00   61820   15704   0.19      0.00    492.00    312.00       0  nginx
1791479430    112    244183   67.00   42.00    0.00    0.00  109.00     1     22.00      0.00 2861088  645540   7.95      0.00  14508.00      0.00       0  mysqld
1791479430   1100    248385   37.00   24.00    0.00   12.00   61.00     2    910.00      0.00 2049588   21764   0.27      0.00      0.00      0.00       0  isupipe
1791479430    113    248388   12.00   23.00    0.00    0.00   35.00     2      5.00      0.00  682592   63024   0.78      0.00      0.00      0.00       0  pdns_server

# Time        UID       PID    %usr %system  %guest   %wait    %CPU   CPU  minflt/s  majflt/s     VSZ     RSS   %MEM   kB_rd/s   kB_wr/s kB_ccwr/s iodelay  Command
1791479431      0     17311    0.00    0.00    0.00    0.00    0.00     2      0.00      0.00   56816   12524   0.15      0.00      0.00      0.00       0  nginx
1791479431     33    203690    4.00    8.00    0.00   23.00   12.00     1      0.00      0.00   59232   12852   0.16      0.00    252.00    192.00       0  nginx
1791479431     33    203691    4.00    8.00    0.00   37.00   12.00     3      0.00      0.00   60296   14052   0.17      0.00    720.00    668.00       0  nginx
1791479431     33    203692    6.00    6.00    0.00   28.00   12.00     3      0.00      0.00   60168   13932   0.17      0.00    228.00    164.00       0  nginx
1791479431     33    203693    8.00    8.00    0.00   46.00   16.00     3      0.00      0.00   61820   15704   0.19      0.00    540.00    396.00       0  nginx
1791479431    112    244183   73.00   37.00    0.00    0.00  110.00     1     20.00      0.00 2861088  645540   7.95      0.00  16656.00      0.00       0  mysqld
1791479431   1100    248385   36.00   26.00    0.00   16.00   62.00     2   1176.00      0.00 2049588   22608   0.28      0.00      0.00      0.00       0  isupipe
1791479431    113    248388   13.00   24.00    0.00    0.00   37.00     2      2.00      0.00  682592   63024   0.78      0.00      0.00      0.00       0  pdns_server

# Time        UID       PID    %usr %system  %guest   %wait    %CPU   CPU  minflt/s  majflt/s     VSZ     RSS   %MEM   kB_rd/s   kB_wr/s kB_ccwr/s iodelay  Command
1791479432      0     17311    0.00    0.00    0.00    0.00    0.00     2      0.00      0.00   56816   12524   0.15      0.00      0.00      0.00       0  nginx
1791479432     33    203690    4.00    7.00    0.00   33.00   11.00     3      0.00      0.00   59232   12852   0.16      0.00    400.00    312.00       0  nginx
1791479432     33    203691    4.00    9.00    0.00   43.00   13.00     3      0.00      0.00   60296   14052   0.17      0.00    268.00    188.00       0  nginx
1791479432     33    203692    6.00    6.00    0.00   36.00   12.00     3      0.00      0.00   60168   13932   0.17      0.00    680.00    592.00       0  nginx
1791479432     33    203693    5.00    9.00    0.00   50.00   14.00     3      0.00      0.00   61820   15704   0.19      0.00    660.00    584.00       0  nginx
1791479432    112    244183   68.00   41.00    0.00    1.00  109.00     1      1.00      0.00 2861088  645540   7.95      0.00  12760.00      0.00       0  mysqld
1791479432   1100    248385   33.00   23.00    0.00    8.00   56.00     3   1127.00      0.00 2049588   22744   0.28      0.00      0.00      0.00       0  isupipe
1791479432    113    248388   16.00   22.00    0.00    0.00   38.00     2      3.00      0.00  682592   63024   0.78      0.00      0.00      0.00       0  pdns_server

# Time        UID       PID    %usr %system  %guest   %wait    %CPU   CPU  minflt/s  majflt/s     VSZ     RSS   %MEM   kB_rd/s   kB_wr/s kB_ccwr/s iodelay  Command
1791479433      0     17311    0.00    0.00    0.00    0.00    0.00     2      0.00      0.00   56816   12524   0.15      0.00      0.00      0.00       0  nginx
1791479433     33    203690    5.00    7.00    0.00   22.00   12.00     3      0.00      0.00   59232   12852   0.16      0.00    224.00    160.00       0  nginx
1791479433     33    203691    4.00    8.00    0.00   28.00   12.00     3      0.00      0.00   60296   14052   0.17      0.00    380.00    324.00       0  nginx
1791479433     33    203692    4.00    7.00    0.00   20.00   11.00     0      0.00      0.00   60168   13932   0.17      0.00    504.00    424.00       0  nginx
1791479433     33    203693    7.00   10.00    0.00   47.00   17.00     0      0.00      0.00   61820   15704   0.19      0.00    500.00    364.00       0  nginx
1791479433    112    244183   63.00   45.00    0.00    0.00  108.00     1      1.00      0.00 2861088  645540   7.95      0.00  16440.00      0.00       0  mysqld
1791479433   1100    248385   37.00   24.00    0.00    8.00   61.00     1    655.00      0.00 2049588   22708   0.28      0.00      0.00      0.00       0  isupipe
1791479433    113    248388   15.00   23.00    0.00    0.00   38.00     2      3.00      0.00  682592   63280   0.78      0.00      0.00      0.00       0  pdns_server

# Time        UID       PID    %usr %system  %guest   %wait    %CPU   CPU  minflt/s  majflt/s     VSZ     RSS   %MEM   kB_rd/s   kB_wr/s kB_ccwr/s iodelay  Command
1791479434      0     17311    0.00    0.00    0.00    0.00    0.00     2      0.00      0.00   56816   12524   0.15      0.00      0.00      0.00       0  nginx
1791479434     33    203690    4.00    6.00    0.00   23.00   10.00     3      0.00      0.00   59232   12852   0.16      0.00    108.00     80.00       0  nginx
1791479434     33    203691    6.00    8.00    0.00   34.00   14.00     3      0.00      0.00   60296   14052   0.17      0.00    428.00    352.00       0  nginx
1791479434     33    203692    4.00    7.00    0.00   24.00   11.00     3      0.00      0.00   60168   13932   0.17      0.00    696.00    624.00       0  nginx
1791479434     33    203693    6.00   10.00    0.00   48.00   16.00     3      0.00      0.00   61820   15704   0.19      0.00    524.00    360.00       0  nginx
1791479434    112    244183   69.00   43.00    0.00    1.00  112.00     2      6.00      0.00 2861088  645540   7.95      0.00  13096.00      0.00       0  mysqld
1791479434   1100    248385   30.00   37.00    0.00   14.00   67.00     2    970.00      0.00 2049588   21676   0.27      0.00      0.00      0.00       0  isupipe
1791479434    113    248388   15.00   21.00    0.00    0.00   36.00     2      1.00      0.00  682592   63280   0.78      0.00      0.00      0.00       0  pdns_server

# Time        UID       PID    %usr %system  %guest   %wait    %CPU   CPU  minflt/s  majflt/s     VSZ     RSS   %MEM   kB_rd/s   kB_wr/s kB_ccwr/s iodelay  Command
1791479435      0     17311    0.00    0.00    0.00    0.00    0.00     2      0.00      0.00   56816   12524   0.15      0.00      0.00      0.00       0  nginx
1791479435     33    203690    3.00    7.00    0.00   14.00   10.00     3      0.00      0.00   59232   12852   0.16      0.00    620.00    548.00       0  nginx
1791479435     33    203691    5.00    7.00    0.00   32.00   12.00     3      0.00      0.00   60296   14052   0.17      0.00    164.00     88.00       0  nginx
1791479435     33    203692    3.00    9.00    0.00   21.00   12.00     1      0.00      0.00   60168   13932   0.17      0.00    280.00    200.00       0  nginx
1791479435     33    203693    8.00   11.00    0.00   41.00   19.00     2      0.00      0.00   61820   15704   0.19      0.00    616.00    492.00       0  nginx
1791479435    112    244183   70.00   39.00    0.00    1.00  109.00     2     28.00      0.00 2861088  645588   7.95      0.00  12340.00      0.00       0  mysqld
1791479435   1100    248385   37.00   26.00    0.00   17.00   63.00     3    935.00      0.00 2049588   22736   0.28      0.00      0.00      0.00       0  isupipe
1791479435    113    248388    9.00   25.00    0.00    0.00   34.00     2      2.00      0.00  682592   63280   0.78      0.00      0.00      0.00       0  pdns_server

# Time        UID       PID    %usr %system  %guest   %wait    %CPU   CPU  minflt/s  majflt/s     VSZ     RSS   %MEM   kB_rd/s   kB_wr/s kB_ccwr/s iodelay  Command
1791479436      0     17311    0.00    0.00    0.00    0.00    0.00     2      0.00      0.00   56816   12524   0.15      0.00      0.00      0.00       0  nginx
1791479436     33    203690    5.00    4.00    0.00   15.00    9.00     3      0.00      0.00   59232   12852   0.16      0.00    112.00     80.00       0  nginx
1791479436     33    203691    4.00    8.00    0.00   29.00   12.00     3      0.00      0.00   60296   14052   0.17      0.00    308.00    232.00       0  nginx
1791479436     33    203692    3.00    8.00    0.00   22.00   11.00     3      0.00      0.00   60168   13932   0.17      0.00    388.00    308.00       0  nginx
1791479436     33    203693   11.00   10.00    0.00   41.00   21.00     0      0.00      0.00   61820   15704   0.19      0.00    884.00    712.00       0  nginx
1791479436    112    244183   79.00   31.00    0.00    0.00  110.00     3     26.00      0.00 2861088  645588   7.95      0.00  11236.00      0.00       0  mysqld
1791479436   1100    248385   38.00   26.00    0.00   24.00   64.00     0   1508.00      0.00 2049588   23076   0.28      0.00      0.00      0.00       0  isupipe
1791479436    113    248388   14.00   21.00    0.00    0.00   35.00     2      1.00      0.00  682592   63280   0.78      0.00      0.00      0.00       0  pdns_server

# Time        UID       PID    %usr %system  %guest   %wait    %CPU   CPU  minflt/s  majflt/s     VSZ     RSS   %MEM   kB_rd/s   kB_wr/s kB_ccwr/s iodelay  Command
1791479437      0     17311    0.00    0.00    0.00    0.00    0.00     2      0.00      0.00   56816   12524   0.15      0.00      0.00      0.00       0  nginx
1791479437     33    203690    0.00    1.96    0.00    4.90    1.96     1      0.00      0.00   59232   12852   0.16      0.00    215.69    192.16       0  nginx
1791479437     33    203691    1.96    1.96    0.00    8.82    3.92     0      0.00      0.00   60296   14052   0.17      0.00      0.00      0.00       0  nginx
1791479437     33    203692    1.96    0.00    0.00    5.88    1.96     2      0.00      0.00   60168   13932   0.17      0.00     23.53      0.00       0  nginx
1791479437     33    203693    2.94    1.96    0.00    8.82    4.90     0      0.00      0.00   61820   15704   0.19      0.00    133.33    105.88       0  nginx
1791479437    112    244183   20.59   10.78    0.00    0.00   31.37     3      4.90      0.00 2859032  644996   7.94      0.00   7188.24      0.00       0  mysqld
1791479437   1100    248385   11.76    4.90    0.00    5.88   16.67     2    359.80      0.00 2049588   22988   0.28      0.00      0.00      0.00       0  isupipe
1791479437    113    248388    3.92    7.84    0.00    0.00   11.76     2      0.00      0.00  682592   63280   0.78      0.00      0.00      0.00       0  pdns_server

# Time        UID       PID    %usr %system  %guest   %wait    %CPU   CPU  minflt/s  majflt/s     VSZ     RSS   %MEM   kB_rd/s   kB_wr/s kB_ccwr/s iodelay  Command
1791479438      0     17311    0.00    0.00    0.00    0.00    0.00     2      0.00      0.00   56816   12524   0.15      0.00      0.00      0.00       0  nginx
1791479438     33    203690    0.00    0.00    0.00    0.00    0.00     0      0.00      0.00   59232   12852   0.16      0.00      0.00      0.00       0  nginx
1791479438     33    203691    1.00    0.00    0.00    1.00    1.00     2      0.00      0.00   60296   14052   0.17      0.00      0.00      0.00       0  nginx
1791479438     33    203692    0.00    0.00    0.00    0.00    0.00     1      0.00      0.00   60168   13932   0.17      0.00      0.00      0.00       0  nginx
1791479438     33    203693    0.00    0.00    0.00    0.00    0.00     1      0.00      0.00   61820   15704   0.19      0.00      0.00      0.00       0  nginx
1791479438    112    244183    1.00    1.00    0.00    0.00    2.00     3      0.00      0.00 2859032  644996   7.94      0.00   4320.00      0.00       0  mysqld
1791479438   1100    248385    0.00    0.00    0.00    0.00    0.00     2      0.00      0.00 2049588   22988   0.28      0.00      0.00      0.00       0  isupipe
1791479438    113    248388    0.00    0.00    0.00    0.00    0.00     2      0.00      0.00  682592   63280   0.78      0.00      0.00      0.00       0  pdns_server

# Time        UID       PID    %usr %system  %guest   %wait    %CPU   CPU  minflt/s  majflt/s     VSZ     RSS   %MEM   kB_rd/s   kB_wr/s kB_ccwr/s iodelay  Command
1791479439      0     17311    0.00    0.00    0.00    0.00    0.00     2      0.00      0.00   56816   12524   0.15      0.00      0.00      0.00       0  nginx
1791479439     33    203690    0.00    0.00    0.00    0.00    0.00     0      0.00      0.00   59232   12852   0.16      0.00      0.00      0.00       0  nginx
1791479439     33    203691    0.00    0.00    0.00    0.00    0.00     2      0.00      0.00   60296   14052   0.17      0.00      0.00      0.00       0  nginx
1791479439     33    203692    0.00    0.00    0.00    0.00    0.00     1      0.00      0.00   60168   13932   0.17      0.00      0.00      0.00       0  nginx
1791479439     33    203693    0.00    0.00    0.00    0.00    0.00     1      0.00      0.00   61820   15704   0.19      0.00      0.00      0.00       0  nginx
1791479439    112    244183    1.00    1.00    0.00    0.00    2.00     3      2.00      0.00 2859032  644996   7.94      0.00   6412.00      0.00       0  mysqld
1791479439   1100    248385    0.00    0.00    0.00    0.00    0.00     2    408.00      0.00 2049588   23568   0.29      0.00      0.00      0.00       0  isupipe
1791479439    113    248388    0.00    0.00    0.00    0.00    0.00     2      0.00      0.00  682592   63280   0.78      0.00      0.00      0.00       0  pdns_server
