Linux 5.15.0-198-generic (isucon13-app) 	10/08/26 	_aarch64_	(4 CPU)

# Time        UID       PID    %usr %system  %guest   %wait    %CPU   CPU  minflt/s  majflt/s     VSZ     RSS   %MEM   kB_rd/s   kB_wr/s kB_ccwr/s iodelay  Command
1791475196    112     14307   17.82   11.88    0.00    0.00   29.70     0      0.00      0.00 2878708  875796  10.79      0.00   3817.82      0.00       0  mysqld
1791475196      0     17311    0.00    0.00    0.00    0.00    0.00     1      0.00      0.00   56800   12976   0.16      0.00      0.00      0.00       0  nginx
1791475196     33     23432    0.99    0.00    0.00    0.00    0.99     0      0.00      0.00   59896   13580   0.17      0.00      0.00      0.00       0  nginx
1791475196     33     23433    0.00    0.00    0.00    0.00    0.00     1      0.00      0.00   58384   12208   0.15      0.00      0.00      0.00       0  nginx
1791475196     33     23434    0.00    0.00    0.00    0.00    0.00     1      0.00      0.00   57168   10480   0.13      0.00      0.00      0.00       0  nginx
1791475196     33     23435    0.00    0.00    0.00    0.00    0.00     3      0.00      0.00   57300   10900   0.13      0.00      0.00      0.00       0  nginx
1791475196   1100     97120    0.00    0.00    0.00    0.00    0.00     2     48.51      0.00 1677012    7096   0.09      0.00      0.00      0.00       0  isupipe
1791475196    113     97129    0.00    0.00    0.00    0.00    0.00     2      5.94      0.00  682064   58032   0.71      0.00      0.00      0.00       0  pdns_server

# Time        UID       PID    %usr %system  %guest   %wait    %CPU   CPU  minflt/s  majflt/s     VSZ     RSS   %MEM   kB_rd/s   kB_wr/s kB_ccwr/s iodelay  Command
1791475197    112     14307   25.00   12.50    0.00    0.00   37.50     0      3.85      0.00 2878708  875796  10.79      0.00   1669.23      0.00       0  mysqld
1791475197      0     17311    0.00    0.00    0.00    0.00    0.00     1      0.00      0.00   56800   12976   0.16      0.00      0.00      0.00       0  nginx
1791475197     33     23432    0.00    0.00    0.00    0.00    0.00     0      0.00      0.00   59896   13580   0.17      0.00      0.00      0.00       0  nginx
1791475197     33     23433    0.00    0.00    0.00    0.00    0.00     1      0.00      0.00   58384   12208   0.15      0.00      0.00      0.00       0  nginx
1791475197     33     23434    0.00    0.00    0.00    0.00    0.00     1      0.00      0.00   57168   10480   0.13      0.00      0.00      0.00       0  nginx
1791475197     33     23435    0.00    0.00    0.00    0.00    0.00     3      0.00      0.00   57300   10900   0.13      0.00      0.00      0.00       0  nginx
1791475197   1100     97120    0.00    0.00    0.00    0.00    0.00     2      0.00      0.00 1677012    7096   0.09      0.00      0.00      0.00       0  isupipe
1791475197    113     97129    0.00    0.00    0.00    0.00    0.00     2      0.00      0.00  682064   58032   0.71      0.00      0.00      0.00       0  pdns_server

# Time        UID       PID    %usr %system  %guest   %wait    %CPU   CPU  minflt/s  majflt/s     VSZ     RSS   %MEM   kB_rd/s   kB_wr/s kB_ccwr/s iodelay  Command
1791475198    112     14307   18.00    7.00    0.00    0.00   25.00     0      0.00      0.00 2878708  875796  10.79      0.00   1048.00      0.00       0  mysqld
1791475198      0     17311    0.00    0.00    0.00    0.00    0.00     1      0.00      0.00   56800   12976   0.16      0.00      0.00      0.00       0  nginx
1791475198     33     23432    0.00    0.00    0.00    0.00    0.00     0      0.00      0.00   59896   13580   0.17      0.00      0.00      0.00       0  nginx
1791475198     33     23433    0.00    0.00    0.00    0.00    0.00     1      0.00      0.00   58384   12208   0.15      0.00      0.00      0.00       0  nginx
1791475198     33     23434    0.00    0.00    0.00    0.00    0.00     1      0.00      0.00   57168   10480   0.13      0.00      0.00      0.00       0  nginx
1791475198     33     23435    0.00    0.00    0.00    0.00    0.00     3      0.00      0.00   57300   10900   0.13      0.00      0.00      0.00       0  nginx
1791475198   1100     97120    0.00    0.00    0.00    0.00    0.00     2      0.00      0.00 1677012    7096   0.09      0.00      0.00      0.00       0  isupipe
1791475198    113     97129    0.00    0.00    0.00    0.00    0.00     2      0.00      0.00  682064   58032   0.71      0.00      0.00      0.00       0  pdns_server

# Time        UID       PID    %usr %system  %guest   %wait    %CPU   CPU  minflt/s  majflt/s     VSZ     RSS   %MEM   kB_rd/s   kB_wr/s kB_ccwr/s iodelay  Command
1791475199    112     14307    9.00   10.00    0.00    0.00   19.00     0      0.00      0.00 2878708  875796  10.79      0.00   4912.00      0.00       0  mysqld
1791475199      0     17311    0.00    0.00    0.00    0.00    0.00     1      0.00      0.00   56800   12976   0.16      0.00      0.00      0.00       0  nginx
1791475199     33     23432    0.00    0.00    0.00    0.00    0.00     0      0.00      0.00   59896   13580   0.17      0.00      0.00      0.00       0  nginx
1791475199     33     23433    0.00    0.00    0.00    0.00    0.00     1      0.00      0.00   58384   12208   0.15      0.00      0.00      0.00       0  nginx
1791475199     33     23434    0.00    0.00    0.00    0.00    0.00     1      0.00      0.00   57168   10480   0.13      0.00      0.00      0.00       0  nginx
1791475199     33     23435    0.00    0.00    0.00    0.00    0.00     3      0.00      0.00   57300   10900   0.13      0.00      0.00      0.00       0  nginx
1791475199   1100     97120    0.00    0.00    0.00    0.00    0.00     2      0.00      0.00 1677012    7096   0.09      0.00      0.00      0.00       0  isupipe
1791475199    113     97129    0.00    0.00    0.00    0.00    0.00     2      0.00      0.00  682064   58032   0.71      0.00      0.00      0.00       0  pdns_server

# Time        UID       PID    %usr %system  %guest   %wait    %CPU   CPU  minflt/s  majflt/s     VSZ     RSS   %MEM   kB_rd/s   kB_wr/s kB_ccwr/s iodelay  Command
1791475200    112     14307    9.00    7.00    0.00    0.00   16.00     0      0.00      0.00 2878708  875796  10.79      0.00   5048.00      0.00       0  mysqld
1791475200      0     17311    0.00    0.00    0.00    0.00    0.00     1      0.00      0.00   56800   12976   0.16      0.00      0.00      0.00       0  nginx
1791475200     33     23432    0.00    0.00    0.00    0.00    0.00     0      0.00      0.00   59896   13580   0.17      0.00      0.00      0.00       0  nginx
1791475200     33     23433    0.00    0.00    0.00    0.00    0.00     1      0.00      0.00   58384   12208   0.15      0.00      0.00      0.00       0  nginx
1791475200     33     23434    0.00    0.00    0.00    0.00    0.00     1      0.00      0.00   57168   10480   0.13      0.00      0.00      0.00       0  nginx
1791475200     33     23435    0.00    0.00    0.00    0.00    0.00     3      0.00      0.00   57300   10900   0.13      0.00      0.00      0.00       0  nginx
1791475200   1100     97120    0.00    0.00    0.00    0.00    0.00     2      0.00      0.00 1677012    7096   0.09      0.00      0.00      0.00       0  isupipe
1791475200    113     97129    0.00    0.00    0.00    0.00    0.00     2      0.00      0.00  682064   58032   0.71      0.00      0.00      0.00       0  pdns_server

# Time        UID       PID    %usr %system  %guest   %wait    %CPU   CPU  minflt/s  majflt/s     VSZ     RSS   %MEM   kB_rd/s   kB_wr/s kB_ccwr/s iodelay  Command
1791475201    112     14307    7.00    9.00    0.00    0.00   16.00     0      0.00      0.00 2878708  875796  10.79      0.00   5212.00      0.00       0  mysqld
1791475201      0     17311    0.00    0.00    0.00    0.00    0.00     1      0.00      0.00   56800   12976   0.16      0.00      0.00      0.00       0  nginx
1791475201     33     23432    0.00    0.00    0.00    0.00    0.00     0      0.00      0.00   59896   13580   0.17      0.00      0.00      0.00       0  nginx
1791475201     33     23433    0.00    0.00    0.00    0.00    0.00     1      0.00      0.00   58384   12208   0.15      0.00      0.00      0.00       0  nginx
1791475201     33     23434    0.00    0.00    0.00    0.00    0.00     1      0.00      0.00   57168   10480   0.13      0.00      0.00      0.00       0  nginx
1791475201     33     23435    0.00    0.00    0.00    0.00    0.00     3      0.00      0.00   57300   10900   0.13      0.00      0.00      0.00       0  nginx
1791475201   1100     97120    0.00    0.00    0.00    0.00    0.00     2      0.00      0.00 1677012    7096   0.09      0.00      0.00      0.00       0  isupipe
1791475201    113     97129    0.00    0.00    0.00    0.00    0.00     2      0.00      0.00  682064   58032   0.71      0.00      0.00      0.00       0  pdns_server

# Time        UID       PID    %usr %system  %guest   %wait    %CPU   CPU  minflt/s  majflt/s     VSZ     RSS   %MEM   kB_rd/s   kB_wr/s kB_ccwr/s iodelay  Command
1791475202    112     14307   10.00    6.00    0.00    0.00   16.00     0      0.00      0.00 2878708  875796  10.79      0.00   5248.00      0.00       0  mysqld
1791475202      0     17311    0.00    0.00    0.00    0.00    0.00     1      0.00      0.00   56800   12976   0.16      0.00      0.00      0.00       0  nginx
1791475202     33     23432    0.00    0.00    0.00    0.00    0.00     0      0.00      0.00   59896   13580   0.17      0.00      0.00      0.00       0  nginx
1791475202     33     23433    0.00    0.00    0.00    0.00    0.00     1      0.00      0.00   58384   12208   0.15      0.00      0.00      0.00       0  nginx
1791475202     33     23434    0.00    0.00    0.00    0.00    0.00     1      0.00      0.00   57168   10480   0.13      0.00      0.00      0.00       0  nginx
1791475202     33     23435    0.00    0.00    0.00    0.00    0.00     3      0.00      0.00   57300   10900   0.13      0.00      0.00      0.00       0  nginx
1791475202   1100     97120    0.00    0.00    0.00    0.00    0.00     2      0.00      0.00 1677012    7096   0.09      0.00      0.00      0.00       0  isupipe
1791475202    113     97129    0.00    0.00    0.00    0.00    0.00     2      0.00      0.00  682064   58032   0.71      0.00      0.00      0.00       0  pdns_server

# Time        UID       PID    %usr %system  %guest   %wait    %CPU   CPU  minflt/s  majflt/s     VSZ     RSS   %MEM   kB_rd/s   kB_wr/s kB_ccwr/s iodelay  Command
1791475203    112     14307   19.00   15.00    0.00    0.00   34.00     0   7602.00      0.00 2878708  875228  10.78      0.00  31808.00   1948.00       0  mysqld
1791475203      0     17311    0.00    0.00    0.00    0.00    0.00     1      0.00      0.00   56800   12976   0.16      0.00      0.00      0.00       0  nginx
1791475203     33     23432    0.00    0.00    0.00    0.00    0.00     0      0.00      0.00   59896   13580   0.17      0.00      0.00      0.00       0  nginx
1791475203     33     23433    0.00    0.00    0.00    0.00    0.00     1      0.00      0.00   58384   12208   0.15      0.00      0.00      0.00       0  nginx
1791475203     33     23434    0.00    0.00    0.00    0.00    0.00     1      0.00      0.00   57168   10480   0.13      0.00      0.00      0.00       0  nginx
1791475203     33     23435    0.00    0.00    0.00    0.00    0.00     3      0.00      0.00   57300   10900   0.13      0.00      0.00      0.00       0  nginx
1791475203   1100     97120    0.00    0.00    0.00    0.00    0.00     2      0.00      0.00 1677012    7096   0.09      0.00      0.00      0.00       0  isupipe
1791475203    113     97129    0.00    0.00    0.00    0.00    0.00     2      0.00      0.00  682064   58032   0.71      0.00      0.00      0.00       0  pdns_server

# Time        UID       PID    %usr %system  %guest   %wait    %CPU   CPU  minflt/s  majflt/s     VSZ     RSS   %MEM   kB_rd/s   kB_wr/s kB_ccwr/s iodelay  Command
1791475204    112     14307   37.00   18.00    0.00    0.00   55.00     1   1239.00      0.00 2879736  879900  10.84      0.00  22668.00   1504.00       0  mysqld
1791475204      0     17311    0.00    0.00    0.00    0.00    0.00     1      0.00      0.00   56800   12976   0.16      0.00      0.00      0.00       0  nginx
1791475204     33     23432    1.00    1.00    0.00    0.00    2.00     3      0.00      0.00   59896   13580   0.17      0.00      4.00      0.00       0  nginx
1791475204     33     23433    0.00    0.00    0.00    0.00    0.00     1      0.00      0.00   58384   12208   0.15      0.00      0.00      0.00       0  nginx
1791475204     33     23434    0.00    0.00    0.00    0.00    0.00     1      0.00      0.00   57168   10480   0.13      0.00      0.00      0.00       0  nginx
1791475204     33     23435    0.00    0.00    0.00    0.00    0.00     3      0.00      0.00   57300   10900   0.13      0.00      0.00      0.00       0  nginx
1791475204   1100     97120    3.00    6.00    0.00    0.00    9.00     3   1408.00      0.00 1679572   12172   0.15      0.00     52.00     52.00       0  isupipe
1791475204    113     97129    0.00    1.00    0.00    0.00    1.00     2     12.00      0.00  682592   58032   0.71      0.00      0.00      0.00       0  pdns_server

# Time        UID       PID    %usr %system  %guest   %wait    %CPU   CPU  minflt/s  majflt/s     VSZ     RSS   %MEM   kB_rd/s   kB_wr/s kB_ccwr/s iodelay  Command
1791475205    112     14307   32.00   16.00    0.00    0.00   48.00     1      0.00      0.00 2879736  879900  10.84      0.00   2576.00      0.00       0  mysqld
1791475205      0     17311    0.00    0.00    0.00    0.00    0.00     1      0.00      0.00   56800   12976   0.16      0.00      0.00      0.00       0  nginx
1791475205     33     23432    0.00    0.00    0.00    0.00    0.00     1      0.00      0.00   59896   13580   0.17      0.00      4.00      0.00       0  nginx
1791475205     33     23433    0.00    0.00    0.00    0.00    0.00     1      0.00      0.00   58384   12208   0.15      0.00      0.00      0.00       0  nginx
1791475205     33     23434    0.00    0.00    0.00    0.00    0.00     1      0.00      0.00   57168   10480   0.13      0.00      0.00      0.00       0  nginx
1791475205     33     23435    0.00    0.00    0.00    0.00    0.00     3      0.00      0.00   57300   10900   0.13      0.00      0.00      0.00       0  nginx
1791475205   1100     97120   16.00   36.00    0.00    0.00   52.00     1    627.00      0.00 1753364   13516   0.17      0.00      0.00      0.00       0  isupipe
1791475205    113     97129    0.00    0.00    0.00    0.00    0.00     2      0.00      0.00  682592   58032   0.71      0.00      0.00      0.00       0  pdns_server

# Time        UID       PID    %usr %system  %guest   %wait    %CPU   CPU  minflt/s  majflt/s     VSZ     RSS   %MEM   kB_rd/s   kB_wr/s kB_ccwr/s iodelay  Command
1791475206    112     14307   10.00    8.00    0.00    0.00   18.00     1      0.00      0.00 2879736  879900  10.84      0.00   2452.00     80.00       0  mysqld
1791475206      0     17311    0.00    0.00    0.00    0.00    0.00     1      0.00      0.00   56800   12976   0.16      0.00      0.00      0.00       0  nginx
1791475206     33     23432    0.00    0.00    0.00    0.00    0.00     0      0.00      0.00   59896   13580   0.17      0.00    112.00    104.00       0  nginx
1791475206     33     23433    0.00    0.00    0.00    0.00    0.00     1      0.00      0.00   58384   12208   0.15      0.00      0.00      0.00       0  nginx
1791475206     33     23434    0.00    0.00    0.00    0.00    0.00     1      0.00      0.00   57168   10480   0.13      0.00      0.00      0.00       0  nginx
1791475206     33     23435    0.00    0.00    0.00    0.00    0.00     3      0.00      0.00   57300   10900   0.13      0.00      0.00      0.00       0  nginx
1791475206   1100     97120    7.00   16.00    0.00    0.00   23.00     0    417.00      0.00 1753364   13148   0.16      0.00      0.00      0.00       0  isupipe
1791475206    113     97129    0.00    0.00    0.00    0.00    0.00     2      0.00      0.00  682592   58032   0.71      0.00      0.00      0.00       0  pdns_server

# Time        UID       PID    %usr %system  %guest   %wait    %CPU   CPU  minflt/s  majflt/s     VSZ     RSS   %MEM   kB_rd/s   kB_wr/s kB_ccwr/s iodelay  Command
1791475207    112     14307    0.00    0.97    0.00    0.00    0.97     1      0.00      0.00 2879736  879900  10.84      0.00   2174.76      0.00       0  mysqld
1791475207      0     17311    0.00    0.00    0.00    0.00    0.00     1      0.00      0.00   56800   12976   0.16      0.00      0.00      0.00       0  nginx
1791475207     33     23432    0.00    0.00    0.00    0.00    0.00     0      0.00      0.00   59896   13580   0.17      0.00      0.00      0.00       0  nginx
1791475207     33     23433    0.00    0.00    0.00    0.00    0.00     1      0.00      0.00   58384   12208   0.15      0.00      0.00      0.00       0  nginx
1791475207     33     23434    0.00    0.00    0.00    0.00    0.00     1      0.00      0.00   57168   10480   0.13      0.00      0.00      0.00       0  nginx
1791475207     33     23435    0.00    0.00    0.00    0.00    0.00     3      0.00      0.00   57300   10900   0.13      0.00      0.00      0.00       0  nginx
1791475207   1100     97120    0.00    0.00    0.00    0.00    0.00     0      0.00      0.00 1753364   13148   0.16      0.00      0.00      0.00       0  isupipe
1791475207    113     97129    0.00    0.00    0.00    0.00    0.00     2      0.00      0.00  682592   58032   0.71      0.00      0.00      0.00       0  pdns_server

# Time        UID       PID    %usr %system  %guest   %wait    %CPU   CPU  minflt/s  majflt/s     VSZ     RSS   %MEM   kB_rd/s   kB_wr/s kB_ccwr/s iodelay  Command
1791475208    112     14307    5.88    5.88    0.00    0.00   11.76     1      0.00      0.00 2879736  879900  10.84      0.00   2737.25     74.51       0  mysqld
1791475208      0     17311    0.00    0.00    0.00    0.00    0.00     1      0.00      0.00   56800   12976   0.16      0.00      0.00      0.00       0  nginx
1791475208     33     23432    0.98    0.98    0.00    0.00    1.96     0      0.00      0.00   59896   13580   0.17      0.00    113.73    101.96       0  nginx
1791475208     33     23433    0.00    0.00    0.00    0.00    0.00     1      0.00      0.00   58384   12208   0.15      0.00      0.00      0.00       0  nginx
1791475208     33     23434    0.00    0.00    0.00    0.00    0.00     1      0.00      0.00   57168   10480   0.13      0.00      0.00      0.00       0  nginx
1791475208     33     23435    0.00    0.00    0.00    0.00    0.00     3      0.00      0.00   57300   10900   0.13      0.00      0.00      0.00       0  nginx
1791475208   1100     97120    3.92    8.82    0.00    0.00   12.75     0    339.22      0.00 1753364   13552   0.17      0.00      0.00      0.00       0  isupipe
1791475208    113     97129    0.98    0.00    0.00    0.00    0.98     2      0.00      0.00  682592   58032   0.71      0.00      0.00      0.00       0  pdns_server

# Time        UID       PID    %usr %system  %guest   %wait    %CPU   CPU  minflt/s  majflt/s     VSZ     RSS   %MEM   kB_rd/s   kB_wr/s kB_ccwr/s iodelay  Command
1791475209    112     14307    0.97    1.94    0.00    0.00    2.91     1      0.00      0.00 2879736  879900  10.84      0.00   6213.59      0.00       0  mysqld
1791475209      0     17311    0.00    0.00    0.00    0.00    0.00     1      0.00      0.00   56800   12976   0.16      0.00      0.00      0.00       0  nginx
1791475209     33     23432    0.00    0.00    0.00    0.00    0.00     0      0.00      0.00   59896   13580   0.17      0.00      0.00      0.00       0  nginx
1791475209     33     23433    0.00    0.00    0.00    0.00    0.00     1      0.00      0.00   58384   12208   0.15      0.00      0.00      0.00       0  nginx
1791475209     33     23434    0.00    0.00    0.00    0.00    0.00     1      0.00      0.00   57168   10480   0.13      0.00      0.00      0.00       0  nginx
1791475209     33     23435    0.00    0.00    0.00    0.00    0.00     3      0.00      0.00   57300   10900   0.13      0.00      0.00      0.00       0  nginx
1791475209   1100     97120    0.00    0.00    0.00    0.00    0.00     0      0.00      0.00 1753364   13552   0.17      0.00      0.00      0.00       0  isupipe
1791475209    113     97129    0.00    0.00    0.00    0.00    0.00     2      0.00      0.00  682592   58032   0.71      0.00      0.00      0.00       0  pdns_server

# Time        UID       PID    %usr %system  %guest   %wait    %CPU   CPU  minflt/s  majflt/s     VSZ     RSS   %MEM   kB_rd/s   kB_wr/s kB_ccwr/s iodelay  Command
1791475210    112     14307    2.00    5.00    0.00    0.00    7.00     0      0.00      0.00 2879736  879900  10.84      0.00   2048.00      0.00       0  mysqld
1791475210      0     17311    0.00    0.00    0.00    0.00    0.00     1      0.00      0.00   56800   12976   0.16      0.00      0.00      0.00       0  nginx
1791475210     33     23432    1.00    0.00    0.00    0.00    1.00     1      0.00      0.00   59896   13580   0.17      0.00      4.00      0.00       0  nginx
1791475210     33     23433    0.00    0.00    0.00    0.00    0.00     1      0.00      0.00   58384   12208   0.15      0.00      0.00      0.00       0  nginx
1791475210     33     23434    0.00    0.00    0.00    0.00    0.00     1      0.00      0.00   57168   10480   0.13      0.00      0.00      0.00       0  nginx
1791475210     33     23435    0.00    0.00    0.00    0.00    0.00     3      0.00      0.00   57300   10900   0.13      0.00      0.00      0.00       0  nginx
1791475210   1100     97120    3.00    5.00    0.00    1.00    8.00     0    494.00      0.00 1753364   13968   0.17      0.00      0.00      0.00       0  isupipe
1791475210    113     97129    0.00    1.00    0.00    0.00    1.00     2      1.00      0.00  682592   58032   0.71      0.00      0.00      0.00       0  pdns_server

# Time        UID       PID    %usr %system  %guest   %wait    %CPU   CPU  minflt/s  majflt/s     VSZ     RSS   %MEM   kB_rd/s   kB_wr/s kB_ccwr/s iodelay  Command
1791475211    112     14307   49.00   24.00    0.00    0.00   73.00     0     41.00      0.00 2878708  879692  10.84      0.00  13964.00    624.00       0  mysqld
1791475211      0     17311    0.00    0.00    0.00    0.00    0.00     1      0.00      0.00   56800   12976   0.16      0.00      0.00      0.00       0  nginx
1791475211     33     23432    6.00    2.00    0.00    4.00    8.00     3      0.00      0.00   59896   13580   0.17      0.00    756.00    744.00       0  nginx
1791475211     33     23433    1.00    2.00    0.00    1.00    3.00     3      0.00      0.00   58384   12208   0.15      0.00      4.00      0.00       0  nginx
1791475211     33     23434    0.00    0.00    0.00    0.00    0.00     1      0.00      0.00   57168   10480   0.13      0.00      0.00      0.00       0  nginx
1791475211     33     23435    0.00    0.00    0.00    1.00    0.00     1      0.00      0.00   57300   10900   0.13      0.00      0.00      0.00       0  nginx
1791475211   1100     97120   17.00    7.00    0.00    6.00   24.00     1    776.00      0.00 1827156   15296   0.19      0.00      0.00      0.00       0  isupipe
1791475211    113     97129    8.00    8.00    0.00    0.00   16.00     2     13.00      0.00  682592   58032   0.71      0.00      0.00      0.00       0  pdns_server

# Time        UID       PID    %usr %system  %guest   %wait    %CPU   CPU  minflt/s  majflt/s     VSZ     RSS   %MEM   kB_rd/s   kB_wr/s kB_ccwr/s iodelay  Command
1791475212    112     14307   52.00   49.00    0.00    1.00  101.00     0    114.00      0.00 2879736  879952  10.84      0.00   5488.00    760.00       0  mysqld
1791475212      0     17311    0.00    0.00    0.00    0.00    0.00     1      0.00      0.00   56800   12976   0.16      0.00      0.00      0.00       0  nginx
1791475212     33     23432    5.00    8.00    0.00    6.00   13.00     1      0.00      0.00   59896   13580   0.17      0.00    752.00    632.00       0  nginx
1791475212     33     23433    3.00    0.00    0.00    4.00    3.00     1      0.00      0.00   58384   12208   0.15      0.00     84.00     80.00       0  nginx
1791475212     33     23434    0.00    0.00    0.00    0.00    0.00     1      0.00      0.00   57168   10480   0.13      0.00      0.00      0.00       0  nginx
1791475212     33     23435    0.00    0.00    0.00    0.00    0.00     1      0.00      0.00   57300   10900   0.13      0.00      0.00      0.00       0  nginx
1791475212   1100     97120   19.00   34.00    0.00   15.00   53.00     0    851.00      0.00 1827156   18052   0.22      0.00      0.00      0.00       0  isupipe
1791475212    113     97129    8.00    8.00    0.00    0.00   16.00     2     16.00      0.00  682592   58032   0.71      0.00      0.00      0.00       0  pdns_server

# Time        UID       PID    %usr %system  %guest   %wait    %CPU   CPU  minflt/s  majflt/s     VSZ     RSS   %MEM   kB_rd/s   kB_wr/s kB_ccwr/s iodelay  Command
1791475213    112     14307  142.34   54.05    0.00    0.00  196.40     0     11.71      0.00 2878708  879952  10.84      0.00   2641.44    133.33       0  mysqld
1791475213      0     17311    0.00    0.00    0.00    0.00    0.00     1      0.00      0.00   56800   12976   0.16      0.00      0.00      0.00       0  nginx
1791475213     33     23432    5.41    2.70    0.00   18.02    8.11     3      0.00      0.00   59896   13580   0.17      0.00     79.28    172.97       0  nginx
1791475213     33     23433    0.00    0.00    0.00    0.90    0.00     0      0.00      0.00   58384   12208   0.15      0.00    104.50    100.90       0  nginx
1791475213     33     23434    0.00    0.00    0.00    0.00    0.00     1      0.00      0.00   57168   10480   0.13      0.00      0.00      0.00       0  nginx
1791475213     33     23435    0.00    0.00    0.00    0.00    0.00     1      0.00      0.00   57300   10900   0.13      0.00      0.00      0.00       0  nginx
1791475213   1100     97120   24.32   38.74    0.00    5.41   63.06     2    313.51      0.00 1900948   18824   0.23      0.00      0.00      0.00       0  isupipe
1791475213    113     97129    6.31   14.41    0.00    0.00   20.72     2      2.70      0.00  682592   58032   0.71      0.00      0.00      0.00       0  pdns_server

# Time        UID       PID    %usr %system  %guest   %wait    %CPU   CPU  minflt/s  majflt/s     VSZ     RSS   %MEM   kB_rd/s   kB_wr/s kB_ccwr/s iodelay  Command
1791475214    112     14307   21.00   13.00    0.00    0.00   34.00     2     55.00      0.00 2878708  879952  10.84      0.00    752.00     52.00       0  mysqld
1791475214      0     17311    0.00    0.00    0.00    0.00    0.00     1      0.00      0.00   56800   12976   0.16      0.00      0.00      0.00       0  nginx
1791475214     33     23432    1.00    3.00    0.00    4.00    4.00     3      0.00      0.00   59896   13580   0.17      0.00     68.00     64.00       0  nginx
1791475214     33     23433    1.00    2.00    0.00    1.00    3.00     1      0.00      0.00   58384   12208   0.15      0.00    100.00      0.00       0  nginx
1791475214     33     23434    0.00    0.00    0.00    0.00    0.00     1      0.00      0.00   57168   10480   0.13      0.00      0.00      0.00       0  nginx
1791475214     33     23435    0.00    0.00    0.00    0.00    0.00     1      0.00      0.00   57300   10900   0.13      0.00      0.00      0.00       0  nginx
1791475214   1100     97120   12.00   13.00    0.00    0.00   25.00     2    187.00      0.00 1900948   17712   0.22      0.00      0.00      0.00       0  isupipe
1791475214    113     97129    2.00    2.00    0.00    0.00    4.00     2      1.00      0.00  682592   58032   0.71      0.00      0.00      0.00       0  pdns_server

# Time        UID       PID    %usr %system  %guest   %wait    %CPU   CPU  minflt/s  majflt/s     VSZ     RSS   %MEM   kB_rd/s   kB_wr/s kB_ccwr/s iodelay  Command
1791475215    112     14307   70.00   61.00    0.00    1.00  131.00     3    224.00      0.00 2879736  880736  10.85      0.00   5320.00    456.00       0  mysqld
1791475215      0     17311    0.00    0.00    0.00    0.00    0.00     1      0.00      0.00   56800   12976   0.16      0.00      0.00      0.00       0  nginx
1791475215     33     23432    3.00    9.00    0.00    7.00   12.00     3      0.00      0.00   59896   13580   0.17      0.00    448.00    420.00       0  nginx
1791475215     33     23433    1.00    3.00    0.00    3.00    4.00     3      0.00      0.00   58384   12208   0.15      0.00     92.00    184.00       0  nginx
1791475215     33     23434    0.00    0.00    0.00    0.00    0.00     1      0.00      0.00   57168   10480   0.13      0.00      0.00      0.00       0  nginx
1791475215     33     23435    0.00    1.00    0.00    0.00    1.00     2      0.00      0.00   57300   10900   0.13      0.00      0.00      0.00       0  nginx
1791475215   1100     97120   31.00   31.00    0.00   17.00   62.00     0    657.00      0.00 1900948   19724   0.24      0.00      0.00      0.00       0  isupipe
1791475215    113     97129    5.00   15.00    0.00    0.00   20.00     2     13.00      0.00  682592   58032   0.71      0.00      0.00      0.00       0  pdns_server

# Time        UID       PID    %usr %system  %guest   %wait    %CPU   CPU  minflt/s  majflt/s     VSZ     RSS   %MEM   kB_rd/s   kB_wr/s kB_ccwr/s iodelay  Command
1791475216    112     14307   76.00   62.00    0.00    1.00  138.00     3     36.00      0.00 2881792  880996  10.85      0.00   6740.00    552.00       0  mysqld
1791475216      0     17311    0.00    0.00    0.00    0.00    0.00     1      0.00      0.00   56800   12976   0.16      0.00      0.00      0.00       0  nginx
1791475216     33     23432    5.00    4.00    0.00    7.00    9.00     3      0.00      0.00   59896   13580   0.17      0.00    664.00    480.00       0  nginx
1791475216     33     23433    3.00    2.00    0.00    4.00    5.00     0      0.00      0.00   58384   12208   0.15      0.00    176.00      0.00       0  nginx
1791475216     33     23434    0.00    0.00    0.00    0.00    0.00     1      0.00      0.00   57168   10480   0.13      0.00      0.00      0.00       0  nginx
1791475216     33     23435    0.00    0.00    0.00    0.00    0.00     2      0.00      0.00   57300   10900   0.13      0.00      0.00      0.00       0  nginx
1791475216   1100     97120   26.00   42.00    0.00   17.00   68.00     1    363.00      0.00 1900948   20564   0.25      0.00      0.00      0.00       0  isupipe
1791475216    113     97129    6.00   13.00    0.00    0.00   19.00     2     11.00      0.00  682592   58032   0.71      0.00      0.00      0.00       0  pdns_server

# Time        UID       PID    %usr %system  %guest   %wait    %CPU   CPU  minflt/s  majflt/s     VSZ     RSS   %MEM   kB_rd/s   kB_wr/s kB_ccwr/s iodelay  Command
1791475217    112     14307   69.00   57.00    0.00    0.00  126.00     0     65.00      0.00 2882820  881248  10.85      0.00   7884.00    396.00       0  mysqld
1791475217      0     17311    0.00    0.00    0.00    0.00    0.00     1      0.00      0.00   56800   12976   0.16      0.00      0.00      0.00       0  nginx
1791475217     33     23432    6.00    4.00    0.00    3.00   10.00     3      0.00      0.00   59896   13580   0.17      0.00    372.00    428.00       0  nginx
1791475217     33     23433    0.00    1.00    0.00    0.00    1.00     3      0.00      0.00   58384   12208   0.15      0.00      0.00     88.00       0  nginx
1791475217     33     23434    0.00    0.00    0.00    0.00    0.00     1      0.00      0.00   57168   10480   0.13      0.00      0.00      0.00       0  nginx
1791475217     33     23435    0.00    0.00    0.00    0.00    0.00     2      0.00      0.00   57300   10900   0.13      0.00      0.00      0.00       0  nginx
1791475217   1100     97120   26.00   38.00    0.00   17.00   64.00     1    346.00      0.00 1900948   20864   0.26      0.00      0.00      0.00       0  isupipe
1791475217    113     97129    7.00   10.00    0.00    0.00   17.00     2     11.00      0.00  682592   58292   0.72      0.00      0.00      0.00       0  pdns_server

# Time        UID       PID    %usr %system  %guest   %wait    %CPU   CPU  minflt/s  majflt/s     VSZ     RSS   %MEM   kB_rd/s   kB_wr/s kB_ccwr/s iodelay  Command
1791475218    112     14307   71.00   56.00    0.00    1.00  127.00     1    330.00      0.00 2882820  882440  10.87      0.00   6084.00    516.00       0  mysqld
1791475218      0     17311    0.00    0.00    0.00    0.00    0.00     1      0.00      0.00   56800   12976   0.16      0.00      0.00      0.00       0  nginx
1791475218     33     23432    7.00    7.00    0.00    6.00   14.00     3      0.00      0.00   59896   13580   0.17      0.00    600.00    576.00       0  nginx
1791475218     33     23433    0.00    2.00    0.00    3.00    2.00     3      0.00      0.00   58384   12208   0.15      0.00    116.00    108.00       0  nginx
1791475218     33     23434    0.00    0.00    0.00    0.00    0.00     1      0.00      0.00   57168   10480   0.13      0.00      0.00      0.00       0  nginx
1791475218     33     23435    0.00    0.00    0.00    0.00    0.00     0      0.00      0.00   57300   10900   0.13      0.00      0.00      0.00       0  nginx
1791475218   1100     97120   22.00   45.00    0.00   13.00   67.00     2    305.00      0.00 1900948   20840   0.26      0.00      0.00      0.00       0  isupipe
1791475218    113     97129    7.00   12.00    0.00    0.00   19.00     2     13.00      0.00  682592   58292   0.72      0.00      0.00      0.00       0  pdns_server

# Time        UID       PID    %usr %system  %guest   %wait    %CPU   CPU  minflt/s  majflt/s     VSZ     RSS   %MEM   kB_rd/s   kB_wr/s kB_ccwr/s iodelay  Command
1791475219    112     14307   70.00   59.00    0.00    0.00  129.00     1    671.00      0.00 2883848  884444  10.89      0.00  10652.00    844.00       0  mysqld
1791475219      0     17311    0.00    0.00    0.00    0.00    0.00     1      0.00      0.00   56800   12976   0.16      0.00      0.00      0.00       0  nginx
1791475219     33     23432    7.00    7.00    0.00    6.00   14.00     3      0.00      0.00   59896   13580   0.17      0.00   1060.00   1020.00       0  nginx
1791475219     33     23433    2.00    1.00    0.00    1.00    3.00     0      0.00      0.00   58384   12208   0.15      0.00      4.00      0.00       0  nginx
1791475219     33     23434    0.00    0.00    0.00    0.00    0.00     1      0.00      0.00   57168   10480   0.13      0.00      0.00      0.00       0  nginx
1791475219     33     23435    1.00    0.00    0.00    0.00    1.00     0      0.00      0.00   57300   10900   0.13      0.00      0.00      0.00       0  nginx
1791475219   1100     97120   32.00   37.00    0.00   14.00   69.00     1    656.00      0.00 1900948   20660   0.25      0.00      0.00      0.00       0  isupipe
1791475219    113     97129    8.00   11.00    0.00    0.00   19.00     2     17.00      0.00  682592   58660   0.72      0.00      0.00      0.00       0  pdns_server

# Time        UID       PID    %usr %system  %guest   %wait    %CPU   CPU  minflt/s  majflt/s     VSZ     RSS   %MEM   kB_rd/s   kB_wr/s kB_ccwr/s iodelay  Command
1791475220    112     14307   80.00   55.00    0.00    0.00  135.00     2    227.00      0.00 2884876  885192  10.90      0.00  10648.00    636.00       0  mysqld
1791475220      0     17311    0.00    0.00    0.00    0.00    0.00     1      0.00      0.00   56800   12976   0.16      0.00      0.00      0.00       0  nginx
1791475220     33     23432    9.00    6.00    0.00   10.00   15.00     3      0.00      0.00   59896   13580   0.17      0.00    624.00    584.00       0  nginx
1791475220     33     23433    0.00    2.00    0.00    2.00    2.00     3      0.00      0.00   58384   12208   0.15      0.00    264.00    256.00       0  nginx
1791475220     33     23434    0.00    0.00    0.00    0.00    0.00     1      0.00      0.00   57168   10480   0.13      0.00      0.00      0.00       0  nginx
1791475220     33     23435    0.00    0.00    0.00    0.00    0.00     0      0.00      0.00   57300   10900   0.13      0.00      0.00      0.00       0  nginx
1791475220   1100     97120   32.00   42.00    0.00    8.00   74.00     1    829.00      0.00 1900948   20736   0.26      0.00      0.00      0.00       0  isupipe
1791475220    113     97129    8.00   15.00    0.00    0.00   23.00     2     14.00      0.00  682592   58660   0.72      0.00      0.00      0.00       0  pdns_server

# Time        UID       PID    %usr %system  %guest   %wait    %CPU   CPU  minflt/s  majflt/s     VSZ     RSS   %MEM   kB_rd/s   kB_wr/s kB_ccwr/s iodelay  Command
1791475221    112     14307   71.00   55.00    0.00    0.00  126.00     2     82.00      0.00 2883848  885424  10.91      0.00   9756.00    652.00       0  mysqld
1791475221      0     17311    0.00    0.00    0.00    0.00    0.00     1      0.00      0.00   56800   12976   0.16      0.00      0.00      0.00       0  nginx
1791475221     33     23432   10.00    4.00    0.00    7.00   14.00     3      0.00      0.00   59896   13580   0.17      0.00    784.00    668.00       0  nginx
1791475221     33     23433    2.00    0.00    0.00    1.00    2.00     0      0.00      0.00   58384   12208   0.15      0.00    104.00     92.00       0  nginx
1791475221     33     23434    0.00    0.00    0.00    0.00    0.00     1      0.00      0.00   57168   10480   0.13      0.00      0.00      0.00       0  nginx
1791475221     33     23435    0.00    0.00    0.00    0.00    0.00     0      0.00      0.00   57300   10900   0.13      0.00      0.00      0.00       0  nginx
1791475221   1100     97120   31.00   44.00    0.00   12.00   75.00     1    430.00      0.00 1900948   20776   0.26      0.00      0.00      0.00       0  isupipe
1791475221    113     97129    9.00   12.00    0.00    0.00   21.00     2     15.00      0.00  682592   58660   0.72      0.00      0.00      0.00       0  pdns_server

# Time        UID       PID    %usr %system  %guest   %wait    %CPU   CPU  minflt/s  majflt/s     VSZ     RSS   %MEM   kB_rd/s   kB_wr/s kB_ccwr/s iodelay  Command
1791475222    112     14307   70.00   73.00    0.00    0.00  143.00     2    119.00      0.00 2884876  885688  10.91      0.00   9820.00    796.00       0  mysqld
1791475222      0     17311    0.00    0.00    0.00    0.00    0.00     1      0.00      0.00   56800   12976   0.16      0.00      0.00      0.00       0  nginx
1791475222     33     23432    4.00    9.00    0.00    4.00   13.00     3      0.00      0.00   59896   13580   0.17      0.00    984.00   1048.00       0  nginx
1791475222     33     23433    1.00    0.00    0.00    1.00    1.00     3      0.00      0.00   58384   12208   0.15      0.00      8.00      0.00       0  nginx
1791475222     33     23434    0.00    0.00    0.00    0.00    0.00     1      0.00      0.00   57168   10480   0.13      0.00      0.00      0.00       0  nginx
1791475222     33     23435    0.00    0.00    0.00    0.00    0.00     0      0.00      0.00   57300   10900   0.13      0.00      0.00      0.00       0  nginx
1791475222   1100     97120   31.00   42.00    0.00   14.00   73.00     1    297.00      0.00 1900948   21404   0.26      0.00      0.00      0.00       0  isupipe
1791475222    113     97129    8.00   15.00    0.00    0.00   23.00     2     19.00      0.00  682592   58924   0.73      0.00      0.00      0.00       0  pdns_server

# Time        UID       PID    %usr %system  %guest   %wait    %CPU   CPU  minflt/s  majflt/s     VSZ     RSS   %MEM   kB_rd/s   kB_wr/s kB_ccwr/s iodelay  Command
1791475223    112     14307   79.00   56.00    0.00    0.00  135.00     3     47.00      0.00 2884876  885904  10.91      0.00   8992.00    428.00       0  mysqld
1791475223      0     17311    0.00    0.00    0.00    0.00    0.00     1      0.00      0.00   56800   12976   0.16      0.00      0.00      0.00       0  nginx
1791475223     33     23432    5.00    6.00    0.00    3.00   11.00     0      0.00      0.00   59896   13580   0.17      0.00    520.00    344.00       0  nginx
1791475223     33     23433    1.00    1.00    0.00    0.00    2.00     1      0.00      0.00   58384   12208   0.15      0.00    104.00    100.00       0  nginx
1791475223     33     23434    0.00    0.00    0.00    0.00    0.00     1      0.00      0.00   57168   10480   0.13      0.00      0.00      0.00       0  nginx
1791475223     33     23435    0.00    0.00    0.00    0.00    0.00     0      0.00      0.00   57300   10900   0.13      0.00      0.00      0.00       0  nginx
1791475223   1100     97120   31.00   39.00    0.00   15.00   70.00     3    159.00      0.00 1900948   21756   0.27      0.00      0.00      0.00       0  isupipe
1791475223    113     97129    9.00   11.00    0.00    0.00   20.00     2     15.00      0.00  682592   58924   0.73      0.00      0.00      0.00       0  pdns_server

# Time        UID       PID    %usr %system  %guest   %wait    %CPU   CPU  minflt/s  majflt/s     VSZ     RSS   %MEM   kB_rd/s   kB_wr/s kB_ccwr/s iodelay  Command
1791475224    112     14307   75.00   54.00    0.00    1.00  129.00     3      3.00      0.00 2885904  885904  10.91      0.00   7496.00    592.00       0  mysqld
1791475224      0     17311    0.00    0.00    0.00    0.00    0.00     1      0.00      0.00   56800   12976   0.16      0.00      0.00      0.00       0  nginx
1791475224     33     23432    4.00    8.00    0.00    4.00   12.00     2      0.00      0.00   59896   13580   0.17      0.00    508.00    632.00       0  nginx
1791475224     33     23433    2.00    0.00    0.00    1.00    2.00     2      0.00      0.00   58384   12208   0.15      0.00    196.00    192.00       0  nginx
1791475224     33     23434    0.00    0.00    0.00    0.00    0.00     1      0.00      0.00   57168   10480   0.13      0.00      0.00      0.00       0  nginx
1791475224     33     23435    0.00    0.00    0.00    0.00    0.00     0      0.00      0.00   57300   10900   0.13      0.00      0.00      0.00       0  nginx
1791475224   1100     97120   36.00   36.00    0.00    9.00   72.00     0     80.00      0.00 1900948   21396   0.26      0.00      0.00      0.00       0  isupipe
1791475224    113     97129    9.00   13.00    0.00    0.00   22.00     2     19.00      0.00  682592   59184   0.73      0.00      0.00      0.00       0  pdns_server

# Time        UID       PID    %usr %system  %guest   %wait    %CPU   CPU  minflt/s  majflt/s     VSZ     RSS   %MEM   kB_rd/s   kB_wr/s kB_ccwr/s iodelay  Command
1791475225    112     14307   74.26   65.35    0.00    0.00  139.60     3      0.00      0.00 2885904  885904  10.91      0.00  10764.36    514.85       0  mysqld
1791475225      0     17311    0.00    0.00    0.00    0.00    0.00     1      0.00      0.00   56800   12976   0.16      0.00      0.00      0.00       0  nginx
1791475225     33     23432    5.94    6.93    0.00    4.95   12.87     3      0.00      0.00   59896   13580   0.17      0.00    732.67    506.93       0  nginx
1791475225     33     23433    0.00    0.99    0.00    0.99    0.99     3      0.00      0.00   58384   12208   0.15      0.00    102.97    102.97       0  nginx
1791475225     33     23434    0.00    0.00    0.00    0.00    0.00     1      0.00      0.00   57168   10480   0.13      0.00      0.00      0.00       0  nginx
1791475225     33     23435    0.00    0.00    0.00    0.00    0.00     0      0.00      0.00   57300   10900   0.13      0.00     83.17     79.21       0  nginx
1791475225   1100     97120   26.73   42.57    0.00   14.85   69.31     3    171.29      0.00 1900948   21308   0.26      0.00      0.00      0.00       0  isupipe
1791475225    113     97129    9.90   13.86    0.00    0.00   23.76     2     23.76      0.00  682592   59444   0.73      0.00      0.00      0.00       0  pdns_server

# Time        UID       PID    %usr %system  %guest   %wait    %CPU   CPU  minflt/s  majflt/s     VSZ     RSS   %MEM   kB_rd/s   kB_wr/s kB_ccwr/s iodelay  Command
1791475226    112     14307   62.00   67.00    0.00    1.00  129.00     3      0.00      0.00 2885904  885904  10.91      0.00   5296.00    288.00       0  mysqld
1791475226      0     17311    0.00    0.00    0.00    0.00    0.00     1      0.00      0.00   56800   12976   0.16      0.00      0.00      0.00       0  nginx
1791475226     33     23432    3.00    4.00    0.00    7.00    7.00     3      0.00      0.00   59896   13580   0.17      0.00    208.00    388.00       0  nginx
1791475226     33     23433    0.00    2.00    0.00    1.00    2.00     3      0.00      0.00   58384   12208   0.15      0.00      0.00      0.00       0  nginx
1791475226     33     23434    0.00    0.00    0.00    0.00    0.00     1      0.00      0.00   57168   10480   0.13      0.00      0.00      0.00       0  nginx
1791475226     33     23435    0.00    0.00    0.00    0.00    0.00     0      0.00      0.00   57300   10900   0.13      0.00      0.00      0.00       0  nginx
1791475226   1100     97120   28.00   41.00    0.00   20.00   69.00     1    190.00      0.00 1900948   21612   0.27      0.00      0.00      0.00       0  isupipe
1791475226    113     97129   12.00   15.00    0.00    0.00   27.00     2     10.00      0.00  682592   59444   0.73      0.00      0.00      0.00       0  pdns_server

# Time        UID       PID    %usr %system  %guest   %wait    %CPU   CPU  minflt/s  majflt/s     VSZ     RSS   %MEM   kB_rd/s   kB_wr/s kB_ccwr/s iodelay  Command
1791475227    112     14307   69.00   58.00    0.00    0.00  127.00     1    151.00      0.00 2885904  885992  10.91      0.00   7716.00    320.00       0  mysqld
1791475227      0     17311    0.00    0.00    0.00    0.00    0.00     1      0.00      0.00   56800   12976   0.16      0.00      0.00      0.00       0  nginx
1791475227     33     23432    4.00    5.00    0.00    4.00    9.00     1      0.00      0.00   59896   13580   0.17      0.00    428.00    420.00       0  nginx
1791475227     33     23433    2.00    0.00    0.00    2.00    2.00     3      0.00      0.00   58384   12208   0.15      0.00      4.00      0.00       0  nginx
1791475227     33     23434    0.00    0.00    0.00    0.00    0.00     1      0.00      0.00   57168   10480   0.13      0.00      0.00      0.00       0  nginx
1791475227     33     23435    1.00    0.00    0.00    0.00    1.00     1      0.00      0.00   57300   10900   0.13      0.00      0.00      0.00       0  nginx
1791475227   1100     97120   29.00   38.00    0.00   16.00   67.00     2    323.00      0.00 1900948   21192   0.26      0.00      0.00      0.00       0  isupipe
1791475227    113     97129   11.00   10.00    0.00    0.00   21.00     2     12.00      0.00  682592   59444   0.73      0.00      0.00      0.00       0  pdns_server

# Time        UID       PID    %usr %system  %guest   %wait    %CPU   CPU  minflt/s  majflt/s     VSZ     RSS   %MEM   kB_rd/s   kB_wr/s kB_ccwr/s iodelay  Command
1791475228    112     14307   62.00   56.00    0.00    1.00  118.00     2      0.00      0.00 2885904  885992  10.91      0.00   6732.00    340.00       0  mysqld
1791475228      0     17311    0.00    0.00    0.00    0.00    0.00     1      0.00      0.00   56800   12976   0.16      0.00      0.00      0.00       0  nginx
1791475228     33     23432    2.00    9.00    0.00   11.00   11.00     3      0.00      0.00   59896   13580   0.17      0.00    200.00    180.00       0  nginx
1791475228     33     23433    2.00    2.00    0.00    1.00    4.00     0      0.00      0.00   58384   12208   0.15      0.00    276.00    272.00       0  nginx
1791475228     33     23434    0.00    0.00    0.00    0.00    0.00     1      0.00      0.00   57168   10480   0.13      0.00      0.00      0.00       0  nginx
1791475228     33     23435    0.00    0.00    0.00    0.00    0.00     1      0.00      0.00   57300   10900   0.13      0.00      0.00      0.00       0  nginx
1791475228   1100     97120   33.00   41.00    0.00    3.00   74.00     2    363.00      0.00 1901204   21008   0.26      0.00      0.00      0.00       0  isupipe
1791475228    113     97129    7.00   14.00    0.00    0.00   21.00     2     11.00      0.00  682592   59708   0.74      0.00      0.00      0.00       0  pdns_server

# Time        UID       PID    %usr %system  %guest   %wait    %CPU   CPU  minflt/s  majflt/s     VSZ     RSS   %MEM   kB_rd/s   kB_wr/s kB_ccwr/s iodelay  Command
1791475229    112     14307   85.00   66.00    0.00    0.00  151.00     2      4.00      0.00 2885904  885992  10.91      0.00   7656.00    368.00       0  mysqld
1791475229      0     17311    0.00    0.00    0.00    0.00    0.00     1      0.00      0.00   56800   12976   0.16      0.00      0.00      0.00       0  nginx
1791475229     33     23432    5.00    6.00    0.00    8.00   11.00     3      0.00      0.00   59896   13580   0.17      0.00    320.00    304.00       0  nginx
1791475229     33     23433    3.00    3.00    0.00    2.00    6.00     3      0.00      0.00   58384   12208   0.15      0.00    180.00    172.00       0  nginx
1791475229     33     23434    0.00    0.00    0.00    0.00    0.00     1      0.00      0.00   57168   10480   0.13      0.00      0.00      0.00       0  nginx
1791475229     33     23435    0.00    1.00    0.00    1.00    1.00     1      0.00      0.00   57300   10900   0.13      0.00      0.00      0.00       0  nginx
1791475229   1100     97120   23.00   48.00    0.00   14.00   71.00     1    255.00      0.00 1901204   21488   0.26      0.00      0.00      0.00       0  isupipe
1791475229    113     97129   11.00    9.00    0.00    0.00   20.00     2     15.00      0.00  682592   59708   0.74      0.00      0.00      0.00       0  pdns_server

# Time        UID       PID    %usr %system  %guest   %wait    %CPU   CPU  minflt/s  majflt/s     VSZ     RSS   %MEM   kB_rd/s   kB_wr/s kB_ccwr/s iodelay  Command
1791475230    112     14307   58.42   59.41    0.00    0.00  117.82     3    356.44      0.00 2885904  886596  10.92      0.00   8059.41    328.71       0  mysqld
1791475230      0     17311    0.00    0.00    0.00    0.00    0.00     1      0.00      0.00   56800   12976   0.16      0.00      0.00      0.00       0  nginx
1791475230     33     23432    5.94    4.95    0.00    6.93   10.89     3      0.00      0.00   59896   13580   0.17      0.00    158.42    146.53       0  nginx
1791475230     33     23433    1.98    0.99    0.00    1.98    2.97     2      0.00      0.00   58384   12208   0.15      0.00    297.03    293.07       0  nginx
1791475230     33     23434    0.00    0.00    0.00    0.00    0.00     1      0.00      0.00   57168   10480   0.13      0.00      0.00      0.00       0  nginx
1791475230     33     23435    0.00    0.00    0.00    0.00    0.00     2      0.00      0.00   57300   10900   0.13      0.00      0.00      0.00       0  nginx
1791475230   1100     97120   17.82   39.60    0.00    8.91   57.43     1     86.14      0.00 1901204   21356   0.26      0.00      0.00      0.00       0  isupipe
1791475230    113     97129    8.91   19.80    0.00    0.00   28.71     2      7.92      0.00  682592   59708   0.74      0.00      0.00      0.00       0  pdns_server

# Time        UID       PID    %usr %system  %guest   %wait    %CPU   CPU  minflt/s  majflt/s     VSZ     RSS   %MEM   kB_rd/s   kB_wr/s kB_ccwr/s iodelay  Command
1791475231    112     14307   65.00   47.00    0.00    0.00  112.00     2      4.00      0.00 2883848  886596  10.92      0.00   6576.00    348.00       0  mysqld
1791475231      0     17311    0.00    0.00    0.00    0.00    0.00     1      0.00      0.00   56800   12976   0.16      0.00      0.00      0.00       0  nginx
1791475231     33     23432    6.00    3.00    0.00    3.00    9.00     3      0.00      0.00   59896   13580   0.17      0.00    400.00    380.00       0  nginx
1791475231     33     23433    5.00    6.00    0.00    3.00   11.00     2      0.00      0.00   58384   12208   0.15      0.00      4.00      0.00       0  nginx
1791475231     33     23434    0.00    0.00    0.00    0.00    0.00     1      0.00      0.00   57168   10480   0.13      0.00      0.00      0.00       0  nginx
1791475231     33     23435    1.00    0.00    0.00    0.00    1.00     2      0.00      0.00   57300   10900   0.13      0.00     80.00     76.00       0  nginx
1791475231   1100     97120   23.00   31.00    0.00   27.00   54.00     3    204.00      0.00 1901204   21976   0.27      0.00      0.00      0.00       0  isupipe
1791475231    113     97129    8.00   11.00    0.00    0.00   19.00     2     12.00      0.00  682592   59708   0.74      0.00      0.00      0.00       0  pdns_server

# Time        UID       PID    %usr %system  %guest   %wait    %CPU   CPU  minflt/s  majflt/s     VSZ     RSS   %MEM   kB_rd/s   kB_wr/s kB_ccwr/s iodelay  Command
1791475232    112     14307   70.00   62.00    0.00    1.00  132.00     0      0.00      0.00 2883848  886596  10.92      0.00  10220.00    544.00       0  mysqld
1791475232      0     17311    0.00    0.00    0.00    0.00    0.00     1      0.00      0.00   56800   12976   0.16      0.00      0.00      0.00       0  nginx
1791475232     33     23432    5.00    6.00    0.00    7.00   11.00     3      0.00      0.00   59896   13580   0.17      0.00    468.00    444.00       0  nginx
1791475232     33     23433    2.00    2.00    0.00    4.00    4.00     0      0.00      0.00   58384   12208   0.15      0.00    176.00    168.00       0  nginx
1791475232     33     23434    0.00    0.00    0.00    0.00    0.00     1      0.00      0.00   57168   10480   0.13      0.00      0.00      0.00       0  nginx
1791475232     33     23435    0.00    0.00    0.00    0.00    0.00     2      0.00      0.00   57300   10900   0.13      0.00    104.00    104.00       0  nginx
1791475232   1100     97120   28.00   43.00    0.00   24.00   71.00     1    451.00      0.00 1901204   21696   0.27      0.00      0.00      0.00       0  isupipe
1791475232    113     97129    5.00   18.00    0.00    0.00   23.00     2     17.00      0.00  682592   59708   0.74      0.00      0.00      0.00       0  pdns_server

# Time        UID       PID    %usr %system  %guest   %wait    %CPU   CPU  minflt/s  majflt/s     VSZ     RSS   %MEM   kB_rd/s   kB_wr/s kB_ccwr/s iodelay  Command
1791475233    112     14307   66.00   67.00    0.00    0.00  133.00     0      2.00      0.00 2883848  886596  10.92      0.00   8540.00    432.00       0  mysqld
1791475233      0     17311    0.00    0.00    0.00    0.00    0.00     1      0.00      0.00   56800   12976   0.16      0.00      0.00      0.00       0  nginx
1791475233     33     23432    7.00    5.00    0.00    4.00   12.00     0      0.00      0.00   59896   13580   0.17      0.00    800.00    476.00       0  nginx
1791475233     33     23433    1.00    1.00    0.00    1.00    2.00     2      0.00      0.00   58384   12208   0.15      0.00    104.00     96.00       0  nginx
1791475233     33     23434    0.00    0.00    0.00    0.00    0.00     1      0.00      0.00   57168   10480   0.13      0.00      0.00      0.00       0  nginx
1791475233     33     23435    0.00    0.00    0.00    0.00    0.00     2      0.00      0.00   57300   10900   0.13      0.00      0.00      0.00       0  nginx
1791475233   1100     97120   26.00   45.00    0.00    2.00   71.00     2    179.00      0.00 1901204   22396   0.28      0.00      0.00      0.00       0  isupipe
1791475233    113     97129    8.00   16.00    0.00    0.00   24.00     2     19.00      0.00  682592   59708   0.74      0.00      0.00      0.00       0  pdns_server

# Time        UID       PID    %usr %system  %guest   %wait    %CPU   CPU  minflt/s  majflt/s     VSZ     RSS   %MEM   kB_rd/s   kB_wr/s kB_ccwr/s iodelay  Command
1791475234    112     14307   74.26   60.40    0.00    0.00  134.65     0    169.31      0.00 2883848  887120  10.93      0.00   6392.08    289.11       0  mysqld
1791475234      0     17311    0.00    0.00    0.00    0.00    0.00     1      0.00      0.00   56800   12976   0.16      0.00      0.00      0.00       0  nginx
1791475234     33     23432    2.97    3.96    0.00    3.96    6.93     3      0.00      0.00   59896   13580   0.17      0.00    166.34    380.20       0  nginx
1791475234     33     23433    2.97    1.98    0.00    1.98    4.95     3      0.00      0.00   58384   12208   0.15      0.00      3.96      0.00       0  nginx
1791475234     33     23434    0.00    0.00    0.00    0.00    0.00     1      0.00      0.00   57168   10480   0.13      0.00      0.00      0.00       0  nginx
1791475234     33     23435    0.00    0.00    0.00    0.00    0.00     2      0.00      0.00   57300   10900   0.13      0.00      0.00      0.00       0  nginx
1791475234   1100     97120   21.78   41.58    0.00   10.89   63.37     1     61.39      0.00 1901204   22080   0.27      0.00      0.00      0.00       0  isupipe
1791475234    113     97129    5.94   11.88    0.00    0.00   17.82     2     10.89      0.00  682592   59972   0.74      0.00      0.00      0.00       0  pdns_server

# Time        UID       PID    %usr %system  %guest   %wait    %CPU   CPU  minflt/s  majflt/s     VSZ     RSS   %MEM   kB_rd/s   kB_wr/s kB_ccwr/s iodelay  Command
1791475235    112     14307   71.00   48.00    0.00    0.00  119.00     0      0.00      0.00 2883848  887120  10.93      0.00   6988.00    376.00       0  mysqld
1791475235      0     17311    0.00    0.00    0.00    0.00    0.00     1      0.00      0.00   56800   12976   0.16      0.00      0.00      0.00       0  nginx
1791475235     33     23432    4.00    7.00    0.00    7.00   11.00     0      0.00      0.00   59896   13580   0.17      0.00    428.00    340.00       0  nginx
1791475235     33     23433    1.00    2.00    0.00    2.00    3.00     0      0.00      0.00   58384   12208   0.15      0.00     76.00     72.00       0  nginx
1791475235     33     23434    0.00    0.00    0.00    0.00    0.00     1      0.00      0.00   57168   10480   0.13      0.00      0.00      0.00       0  nginx
1791475235     33     23435    0.00    0.00    0.00    0.00    0.00     2      0.00      0.00   57300   10900   0.13      0.00      0.00      0.00       0  nginx
1791475235   1100     97120   28.00   36.00    0.00   17.00   64.00     3    135.00      0.00 1901204   22276   0.27      0.00      0.00      0.00       0  isupipe
1791475235    113     97129   10.00    9.00    0.00    0.00   19.00     2     13.00      0.00  682592   59972   0.74      0.00      0.00      0.00       0  pdns_server

# Time        UID       PID    %usr %system  %guest   %wait    %CPU   CPU  minflt/s  majflt/s     VSZ     RSS   %MEM   kB_rd/s   kB_wr/s kB_ccwr/s iodelay  Command
1791475236    112     14307   61.00   58.00    0.00    1.00  119.00     0      0.00      0.00 2881792  887156  10.93      0.00   5760.00    284.00       0  mysqld
1791475236      0     17311    0.00    0.00    0.00    0.00    0.00     1      0.00      0.00   56800   12976   0.16      0.00      0.00      0.00       0  nginx
1791475236     33     23432    4.00    8.00    0.00    6.00   12.00     3      0.00      0.00   59896   13580   0.17      0.00    220.00    344.00       0  nginx
1791475236     33     23433    1.00    0.00    0.00    1.00    1.00     0      0.00      0.00   58384   12208   0.15      0.00    108.00    108.00       0  nginx
1791475236     33     23434    0.00    0.00    0.00    0.00    0.00     1      0.00      0.00   57168   10480   0.13      0.00      0.00      0.00       0  nginx
1791475236     33     23435    0.00    0.00    0.00    0.00    0.00     2      0.00      0.00   57300   10900   0.13      0.00      0.00      0.00       0  nginx
1791475236   1100     97120   22.00   40.00    0.00    7.00   62.00     1    158.00      0.00 1901204   21776   0.27      0.00      0.00      0.00       0  isupipe
1791475236    113     97129    6.00   13.00    0.00    0.00   19.00     2     10.00      0.00  682592   59972   0.74      0.00      0.00      0.00       0  pdns_server

# Time        UID       PID    %usr %system  %guest   %wait    %CPU   CPU  minflt/s  majflt/s     VSZ     RSS   %MEM   kB_rd/s   kB_wr/s kB_ccwr/s iodelay  Command
1791475237    112     14307   69.00   58.00    0.00    0.00  127.00     2      0.00      0.00 2881792  887156  10.93      0.00   5348.00    208.00       0  mysqld
1791475237      0     17311    0.00    0.00    0.00    0.00    0.00     1      0.00      0.00   56800   12976   0.16      0.00      0.00      0.00       0  nginx
1791475237     33     23432    5.00    5.00    0.00    4.00   10.00     3      0.00      0.00   59896   13580   0.17      0.00    376.00    272.00       0  nginx
1791475237     33     23433    1.00    0.00    0.00    0.00    1.00     2      0.00      0.00   58384   12208   0.15      0.00     84.00      0.00       0  nginx
1791475237     33     23434    0.00    0.00    0.00    0.00    0.00     1      0.00      0.00   57168   10480   0.13      0.00      0.00      0.00       0  nginx
1791475237     33     23435    0.00    0.00    0.00    0.00    0.00     2      0.00      0.00   57300   10900   0.13      0.00      0.00      0.00       0  nginx
1791475237   1100     97120   20.00   41.00    0.00    2.00   61.00     2    189.00      0.00 1901204   22412   0.28      0.00      0.00      0.00       0  isupipe
1791475237    113     97129   11.00   10.00    0.00    0.00   21.00     2     10.00      0.00  682592   59972   0.74      0.00      0.00      0.00       0  pdns_server

# Time        UID       PID    %usr %system  %guest   %wait    %CPU   CPU  minflt/s  majflt/s     VSZ     RSS   %MEM   kB_rd/s   kB_wr/s kB_ccwr/s iodelay  Command
1791475238    112     14307   65.00   56.00    0.00    1.00  121.00     3     13.00      0.00 2881792  887280  10.93      0.00   9956.00    672.00       0  mysqld
1791475238      0     17311    0.00    0.00    0.00    0.00    0.00     1      0.00      0.00   56800   12976   0.16      0.00      0.00      0.00       0  nginx
1791475238     33     23432    7.00    7.00    0.00    8.00   14.00     1      0.00      0.00   59896   13580   0.17      0.00    448.00    420.00       0  nginx
1791475238     33     23433    2.00    2.00    0.00    2.00    4.00     2      0.00      0.00   58384   12208   0.15      0.00    188.00    260.00       0  nginx
1791475238     33     23434    0.00    0.00    0.00    0.00    0.00     1      0.00      0.00   57168   10480   0.13      0.00      0.00      0.00       0  nginx
1791475238     33     23435    0.00    1.00    0.00    0.00    1.00     2      0.00      0.00   57300   10900   0.13      0.00      0.00      0.00       0  nginx
1791475238   1100     97120   27.00   39.00    0.00   14.00   66.00     0    200.00      0.00 1901204   22828   0.28      0.00      0.00      0.00       0  isupipe
1791475238    113     97129    7.00   13.00    0.00    0.00   20.00     2     16.00      0.00  682592   59972   0.74      0.00      0.00      0.00       0  pdns_server

# Time        UID       PID    %usr %system  %guest   %wait    %CPU   CPU  minflt/s  majflt/s     VSZ     RSS   %MEM   kB_rd/s   kB_wr/s kB_ccwr/s iodelay  Command
1791475239    112     14307   69.00   50.00    0.00    1.00  119.00     0     85.00      0.00 2880764  887608  10.93      0.00   7136.00    372.00       0  mysqld
1791475239      0     17311    0.00    0.00    0.00    0.00    0.00     1      0.00      0.00   56800   12976   0.16      0.00      0.00      0.00       0  nginx
1791475239     33     23432    6.00    4.00    0.00    5.00   10.00     3      0.00      0.00   59896   13580   0.17      0.00    236.00    320.00       0  nginx
1791475239     33     23433    2.00    0.00    0.00    1.00    2.00     3      0.00      0.00   58384   12208   0.15      0.00     52.00     52.00       0  nginx
1791475239     33     23434    0.00    0.00    0.00    0.00    0.00     1      0.00      0.00   57168   10480   0.13      0.00      0.00      0.00       0  nginx
1791475239     33     23435    0.00    0.00    0.00    0.00    0.00     1      0.00      0.00   57300   10900   0.13      0.00    112.00    112.00       0  nginx
1791475239   1100     97120   29.00   36.00    0.00   17.00   65.00     3     86.00      0.00 1901204   22128   0.27      0.00      0.00      0.00       0  isupipe
1791475239    113     97129   10.00   10.00    0.00    0.00   20.00     2     15.00      0.00  682592   59972   0.74      0.00      0.00      0.00       0  pdns_server

# Time        UID       PID    %usr %system  %guest   %wait    %CPU   CPU  minflt/s  majflt/s     VSZ     RSS   %MEM   kB_rd/s   kB_wr/s kB_ccwr/s iodelay  Command
1791475240    112     14307   76.00   60.00    0.00    0.00  136.00     0    195.00      0.00 2882820  888224  10.94      0.00   8316.00    444.00       0  mysqld
1791475240      0     17311    0.00    0.00    0.00    0.00    0.00     1      0.00      0.00   56800   12976   0.16      0.00      0.00      0.00       0  nginx
1791475240     33     23432    5.00    6.00    0.00    4.00   11.00     3      0.00      0.00   59896   13580   0.17      0.00    416.00    392.00       0  nginx
1791475240     33     23433    1.00    1.00    0.00    1.00    2.00     1      0.00      0.00   58384   12208   0.15      0.00    192.00    192.00       0  nginx
1791475240     33     23434    0.00    0.00    0.00    0.00    0.00     1      0.00      0.00   57168   10480   0.13      0.00      0.00      0.00       0  nginx
1791475240     33     23435    1.00    0.00    0.00    0.00    1.00     1      0.00      0.00   57300   10900   0.13      0.00      0.00      0.00       0  nginx
1791475240   1100     97120   28.00   42.00    0.00    0.00   70.00     1    411.00      0.00 1901204   23048   0.28      0.00      0.00      0.00       0  isupipe
1791475240    113     97129    8.00   13.00    0.00    0.00   21.00     2     16.00      0.00  682592   60236   0.74      0.00      0.00      0.00       0  pdns_server

# Time        UID       PID    %usr %system  %guest   %wait    %CPU   CPU  minflt/s  majflt/s     VSZ     RSS   %MEM   kB_rd/s   kB_wr/s kB_ccwr/s iodelay  Command
1791475241    112     14307   69.00   61.00    0.00    0.00  130.00     0      3.00      0.00 2883848  888224  10.94      0.00   8492.00    552.00       0  mysqld
1791475241      0     17311    0.00    0.00    0.00    0.00    0.00     1      0.00      0.00   56800   12976   0.16      0.00      0.00      0.00       0  nginx
1791475241     33     23432    6.00    5.00    0.00    6.00   11.00     3      0.00      0.00   59896   13580   0.17      0.00    600.00    572.00       0  nginx
1791475241     33     23433    1.00    2.00    0.00    1.00    3.00     0      0.00      0.00   58384   12208   0.15      0.00     64.00     64.00       0  nginx
1791475241     33     23434    0.00    0.00    0.00    0.00    0.00     1      0.00      0.00   57168   10480   0.13      0.00      0.00      0.00       0  nginx
1791475241     33     23435    0.00    0.00    0.00    0.00    0.00     1      0.00      0.00   57300   10900   0.13      0.00      0.00      0.00       0  nginx
1791475241   1100     97120   25.00   50.00    0.00    0.00   75.00     1    102.00      0.00 1901204   23348   0.29      0.00      0.00      0.00       0  isupipe
1791475241    113     97129    9.00   12.00    0.00    0.00   21.00     2     18.00      0.00  682592   60236   0.74      0.00      0.00      0.00       0  pdns_server

# Time        UID       PID    %usr %system  %guest   %wait    %CPU   CPU  minflt/s  majflt/s     VSZ     RSS   %MEM   kB_rd/s   kB_wr/s kB_ccwr/s iodelay  Command
1791475242    112     14307   78.00   59.00    0.00    1.00  137.00     0      0.00      0.00 2883848  888224  10.94      0.00   8116.00    512.00       0  mysqld
1791475242      0     17311    0.00    0.00    0.00    0.00    0.00     1      0.00      0.00   56800   12976   0.16      0.00      0.00      0.00       0  nginx
1791475242     33     23432   10.00    1.00    0.00    5.00   11.00     3      0.00      0.00   59896   13580   0.17      0.00    640.00    520.00       0  nginx
1791475242     33     23433    2.00    2.00    0.00    1.00    4.00     1      0.00      0.00   58384   12208   0.15      0.00     92.00     88.00       0  nginx
1791475242     33     23434    0.00    0.00    0.00    0.00    0.00     1      0.00      0.00   57168   10480   0.13      0.00      0.00      0.00       0  nginx
1791475242     33     23435    0.00    0.00    0.00    0.00    0.00     1      0.00      0.00   57300   10900   0.13      0.00    104.00      0.00       0  nginx
1791475242   1100     97120   31.00   38.00    0.00    0.00   69.00     2    254.00      0.00 1901204   24128   0.30      0.00      0.00      0.00       0  isupipe
1791475242    113     97129   11.00   14.00    0.00    0.00   25.00     2     17.00      0.00  682592   60236   0.74      0.00      0.00      0.00       0  pdns_server

# Time        UID       PID    %usr %system  %guest   %wait    %CPU   CPU  minflt/s  majflt/s     VSZ     RSS   %MEM   kB_rd/s   kB_wr/s kB_ccwr/s iodelay  Command
1791475243    112     14307   80.00   55.00    0.00    0.00  135.00     1      0.00      0.00 2882820  888016  10.94      0.00   8068.00    700.00       0  mysqld
1791475243      0     17311    0.00    0.00    0.00    0.00    0.00     1      0.00      0.00   56800   12976   0.16      0.00      0.00      0.00       0  nginx
1791475243     33     23432    8.00    6.00    0.00    6.00   14.00     3      0.00      0.00   59896   13580   0.17      0.00    592.00    676.00       0  nginx
1791475243     33     23433    0.00    2.00    0.00    1.00    2.00     1      0.00      0.00   58384   12208   0.15      0.00     68.00     60.00       0  nginx
1791475243     33     23434    0.00    0.00    0.00    0.00    0.00     1      0.00      0.00   57168   10480   0.13      0.00      0.00      0.00       0  nginx
1791475243     33     23435    0.00    0.00    0.00    0.00    0.00     1      0.00      0.00   57300   10900   0.13      0.00      0.00    104.00       0  nginx
1791475243   1100     97120   30.00   42.00    0.00   11.00   72.00     0      4.00      0.00 1901204   23820   0.29      0.00      0.00      0.00       0  isupipe
1791475243    113     97129    9.00   13.00    0.00    0.00   22.00     2     18.00      0.00  682592   60236   0.74      0.00      0.00      0.00       0  pdns_server

# Time        UID       PID    %usr %system  %guest   %wait    %CPU   CPU  minflt/s  majflt/s     VSZ     RSS   %MEM   kB_rd/s   kB_wr/s kB_ccwr/s iodelay  Command
1791475244    112     14307   65.00   55.00    0.00    1.00  120.00     1      0.00      0.00 2882820  888016  10.94      0.00   6904.00    344.00       0  mysqld
1791475244      0     17311    0.00    0.00    0.00    0.00    0.00     1      0.00      0.00   56800   12976   0.16      0.00      0.00      0.00       0  nginx
1791475244     33     23432    5.00    6.00    0.00    4.00   11.00     3      0.00      0.00   59896   13580   0.17      0.00    472.00    452.00       0  nginx
1791475244     33     23433    0.00    0.00    0.00    0.00    0.00     1      0.00      0.00   58384   12208   0.15      0.00      4.00      0.00       0  nginx
1791475244     33     23434    0.00    0.00    0.00    0.00    0.00     1      0.00      0.00   57168   10480   0.13      0.00      0.00      0.00       0  nginx
1791475244     33     23435    0.00    0.00    0.00    0.00    0.00     1      0.00      0.00   57300   10900   0.13      0.00      0.00      0.00       0  nginx
1791475244   1100     97120   29.00   34.00    0.00    6.00   63.00     0     64.00      0.00 1901204   23820   0.29      0.00      0.00      0.00       0  isupipe
1791475244    113     97129   10.00    9.00    0.00    0.00   19.00     2     11.00      0.00  682592   60236   0.74      0.00      0.00      0.00       0  pdns_server

# Time        UID       PID    %usr %system  %guest   %wait    %CPU   CPU  minflt/s  majflt/s     VSZ     RSS   %MEM   kB_rd/s   kB_wr/s kB_ccwr/s iodelay  Command
1791475245    112     14307   68.00   56.00    0.00    0.00  124.00     1      0.00      0.00 2882820  888016  10.94      0.00   8272.00    392.00       0  mysqld
1791475245      0     17311    0.00    0.00    0.00    0.00    0.00     1      0.00      0.00   56800   12976   0.16      0.00      0.00      0.00       0  nginx
1791475245     33     23432    3.00   11.00    0.00    8.00   14.00     3      0.00      0.00   59896   13580   0.17      0.00    460.00    444.00       0  nginx
1791475245     33     23433    2.00    2.00    0.00    2.00    4.00     0      0.00      0.00   58384   12208   0.15      0.00    100.00     92.00       0  nginx
1791475245     33     23434    0.00    0.00    0.00    0.00    0.00     1      0.00      0.00   57168   10480   0.13      0.00      0.00      0.00       0  nginx
1791475245     33     23435    0.00    0.00    0.00    1.00    0.00     2      0.00      0.00   57300   10900   0.13      0.00      4.00      0.00       0  nginx
1791475245   1100     97120   29.00   39.00    0.00   17.00   68.00     3    151.00      0.00 1901204   24332   0.30      0.00      0.00      0.00       0  isupipe
1791475245    113     97129   11.00   12.00    0.00    0.00   23.00     2     15.00      0.00  682592   60236   0.74      0.00      0.00      0.00       0  pdns_server

# Time        UID       PID    %usr %system  %guest   %wait    %CPU   CPU  minflt/s  majflt/s     VSZ     RSS   %MEM   kB_rd/s   kB_wr/s kB_ccwr/s iodelay  Command
1791475246    112     14307   64.00   58.00    0.00    0.00  122.00     1      3.00      0.00 2883848  888016  10.94      0.00   7424.00    396.00       0  mysqld
1791475246      0     17311    0.00    0.00    0.00    0.00    0.00     1      0.00      0.00   56800   12976   0.16      0.00      0.00      0.00       0  nginx
1791475246     33     23432    6.00    5.00    0.00    4.00   11.00     0      0.00      0.00   59896   13580   0.17      0.00    544.00    520.00       0  nginx
1791475246     33     23433    1.00    2.00    0.00    1.00    3.00     2      0.00      0.00   58384   12208   0.15      0.00     64.00      0.00       0  nginx
1791475246     33     23434    0.00    0.00    0.00    0.00    0.00     1      0.00      0.00   57168   10480   0.13      0.00      0.00      0.00       0  nginx
1791475246     33     23435    1.00    0.00    0.00    0.00    1.00     0      0.00      0.00   57300   10900   0.13      0.00      0.00      0.00       0  nginx
1791475246   1100     97120   29.00   36.00    0.00   15.00   65.00     2      4.00      0.00 1901204   23828   0.29      0.00      0.00      0.00       0  isupipe
1791475246    113     97129    7.00   14.00    0.00    0.00   21.00     2     17.00      0.00  682592   60500   0.75      0.00      0.00      0.00       0  pdns_server

# Time        UID       PID    %usr %system  %guest   %wait    %CPU   CPU  minflt/s  majflt/s     VSZ     RSS   %MEM   kB_rd/s   kB_wr/s kB_ccwr/s iodelay  Command
1791475247    112     14307   67.00   61.00    0.00    0.00  128.00     1      0.00      0.00 2883848  888016  10.94      0.00   8860.00    464.00       0  mysqld
1791475247      0     17311    0.00    0.00    0.00    0.00    0.00     1      0.00      0.00   56800   12976   0.16      0.00      0.00      0.00       0  nginx
1791475247     33     23432    6.00    3.00    0.00    5.00    9.00     2      0.00      0.00   59896   13580   0.17      0.00    420.00    400.00       0  nginx
1791475247     33     23433    2.00    0.00    0.00    2.00    2.00     3      0.00      0.00   58384   12208   0.15      0.00     76.00    140.00       0  nginx
1791475247     33     23434    0.00    0.00    0.00    0.00    0.00     1      0.00      0.00   57168   10480   0.13      0.00      0.00      0.00       0  nginx
1791475247     33     23435    0.00    0.00    0.00    0.00    0.00     0      0.00      0.00   57300   10900   0.13      0.00      0.00      0.00       0  nginx
1791475247   1100     97120   34.00   34.00    0.00   14.00   68.00     3    125.00      0.00 1901204   24332   0.30      0.00      0.00      0.00       0  isupipe
1791475247    113     97129    7.00   14.00    0.00    0.00   21.00     2     15.00      0.00  682592   60500   0.75      0.00      0.00      0.00       0  pdns_server

# Time        UID       PID    %usr %system  %guest   %wait    %CPU   CPU  minflt/s  majflt/s     VSZ     RSS   %MEM   kB_rd/s   kB_wr/s kB_ccwr/s iodelay  Command
1791475248    112     14307   77.00   54.00    0.00    1.00  131.00     1      7.00      0.00 2884876  888040  10.94      0.00   6892.00    520.00       0  mysqld
1791475248      0     17311    0.00    0.00    0.00    0.00    0.00     1      0.00      0.00   56800   12976   0.16      0.00      0.00      0.00       0  nginx
1791475248     33     23432    7.00    7.00    0.00    7.00   14.00     2      0.00      0.00   59896   13580   0.17      0.00    536.00    508.00       0  nginx
1791475248     33     23433    1.00    1.00    0.00    1.00    2.00     3      0.00      0.00   58384   12208   0.15      0.00     76.00     76.00       0  nginx
1791475248     33     23434    0.00    0.00    0.00    0.00    0.00     1      0.00      0.00   57168   10480   0.13      0.00      0.00      0.00       0  nginx
1791475248     33     23435    0.00    1.00    0.00    0.00    1.00     3      0.00      0.00   57300   10900   0.13      0.00      4.00      0.00       0  nginx
1791475248   1100     97120   28.00   41.00    0.00    3.00   69.00     1    191.00      0.00 1901204   25124   0.31      0.00      0.00      0.00       0  isupipe
1791475248    113     97129   11.00   12.00    0.00    0.00   23.00     2     19.00      0.00  682592   60500   0.75      0.00      0.00      0.00       0  pdns_server

# Time        UID       PID    %usr %system  %guest   %wait    %CPU   CPU  minflt/s  majflt/s     VSZ     RSS   %MEM   kB_rd/s   kB_wr/s kB_ccwr/s iodelay  Command
1791475249    112     14307   65.00   55.00    0.00    0.00  120.00     2      0.00      0.00 2883848  888040  10.94      0.00   7252.00    444.00       0  mysqld
1791475249      0     17311    0.00    0.00    0.00    0.00    0.00     1      0.00      0.00   56800   12976   0.16      0.00      0.00      0.00       0  nginx
1791475249     33     23432    6.00    6.00    0.00   11.00   12.00     3      0.00      0.00   59896   13580   0.17      0.00    540.00    512.00       0  nginx
1791475249     33     23433    2.00    0.00    0.00    1.00    2.00     1      0.00      0.00   58384   12208   0.15      0.00     84.00     84.00       0  nginx
1791475249     33     23434    0.00    0.00    0.00    0.00    0.00     1      0.00      0.00   57168   10480   0.13      0.00      0.00      0.00       0  nginx
1791475249     33     23435    1.00    1.00    0.00    3.00    2.00     2      0.00      0.00   57300   10900   0.13      0.00      0.00      0.00       0  nginx
1791475249   1100     97120   25.00   42.00    0.00   16.00   67.00     1    200.00      0.00 1901204   24096   0.30      0.00      0.00      0.00       0  isupipe
1791475249    113     97129    9.00   14.00    0.00    0.00   23.00     2     13.00      0.00  682592   60500   0.75      0.00      0.00      0.00       0  pdns_server

# Time        UID       PID    %usr %system  %guest   %wait    %CPU   CPU  minflt/s  majflt/s     VSZ     RSS   %MEM   kB_rd/s   kB_wr/s kB_ccwr/s iodelay  Command
1791475250    112     14307   70.00   61.00    0.00    0.00  131.00     2      5.00      0.00 2884876  888040  10.94      0.00   7528.00    348.00       0  mysqld
1791475250      0     17311    0.00    0.00    0.00    0.00    0.00     1      0.00      0.00   56800   12976   0.16      0.00      0.00      0.00       0  nginx
1791475250     33     23432    9.00    4.00    0.00    5.00   13.00     3      0.00      0.00   59896   13580   0.17      0.00    568.00    460.00       0  nginx
1791475250     33     23433    1.00    1.00    0.00    2.00    2.00     3      0.00      0.00   58384   12208   0.15      0.00      0.00      0.00       0  nginx
1791475250     33     23434    0.00    0.00    0.00    0.00    0.00     1      0.00      0.00   57168   10480   0.13      0.00      0.00      0.00       0  nginx
1791475250     33     23435    0.00    0.00    0.00    0.00    0.00     2      0.00      0.00   57300   10900   0.13      0.00      0.00      0.00       0  nginx
1791475250   1100     97120   29.00   42.00    0.00   12.00   71.00     3     50.00      0.00 1901204   24096   0.30      0.00      0.00      0.00       0  isupipe
1791475250    113     97129    8.00   14.00    0.00    0.00   22.00     2     14.00      0.00  682592   60500   0.75      0.00      0.00      0.00       0  pdns_server

# Time        UID       PID    %usr %system  %guest   %wait    %CPU   CPU  minflt/s  majflt/s     VSZ     RSS   %MEM   kB_rd/s   kB_wr/s kB_ccwr/s iodelay  Command
1791475251    112     14307   76.00   61.00    0.00    0.00  137.00     2      7.00      0.00 2884876  887912  10.94      0.00   8084.00    488.00       0  mysqld
1791475251      0     17311    0.00    0.00    0.00    0.00    0.00     1      0.00      0.00   56800   12976   0.16      0.00      0.00      0.00       0  nginx
1791475251     33     23432    6.00    5.00    0.00    6.00   11.00     3      0.00      0.00   59896   13580   0.17      0.00    484.00    540.00       0  nginx
1791475251     33     23433    1.00    0.00    0.00    1.00    1.00     3      0.00      0.00   58384   12208   0.15      0.00    108.00    108.00       0  nginx
1791475251     33     23434    0.00    0.00    0.00    0.00    0.00     1      0.00      0.00   57168   10480   0.13      0.00      0.00      0.00       0  nginx
1791475251     33     23435    0.00    0.00    0.00    0.00    0.00     3      0.00      0.00   57300   10900   0.13      0.00      0.00      0.00       0  nginx
1791475251   1100     97120   23.00   45.00    0.00   16.00   68.00     3    202.00      0.00 1901204   24204   0.30      0.00      0.00      0.00       0  isupipe
1791475251    113     97129    8.00   16.00    0.00    0.00   24.00     2     20.00      0.00  682592   60764   0.75      0.00      0.00      0.00       0  pdns_server

# Time        UID       PID    %usr %system  %guest   %wait    %CPU   CPU  minflt/s  majflt/s     VSZ     RSS   %MEM   kB_rd/s   kB_wr/s kB_ccwr/s iodelay  Command
1791475252    112     14307   87.00   57.00    0.00    0.00  144.00     2     77.00      0.00 2885904  888136  10.94      0.00  10196.00    372.00       0  mysqld
1791475252      0     17311    0.00    0.00    0.00    0.00    0.00     1      0.00      0.00   56800   12976   0.16      0.00      0.00      0.00       0  nginx
1791475252     33     23432    7.00    6.00    0.00    6.00   13.00     0      0.00      0.00   59896   13580   0.17      0.00    356.00    324.00       0  nginx
1791475252     33     23433    1.00    2.00    0.00    1.00    3.00     0      0.00      0.00   58384   12208   0.15      0.00    164.00    164.00       0  nginx
1791475252     33     23434    0.00    0.00    0.00    0.00    0.00     1      0.00      0.00   57168   10480   0.13      0.00      0.00      0.00       0  nginx
1791475252     33     23435    1.00    1.00    0.00    0.00    2.00     1      0.00      0.00   57300   10900   0.13      0.00      0.00      0.00       0  nginx
1791475252   1100     97120   30.00   43.00    0.00   18.00   73.00     2    127.00      0.00 1901204   24752   0.30      0.00      0.00      0.00       0  isupipe
1791475252    113     97129   10.00   12.00    0.00    0.00   22.00     2     17.00      0.00  682592   60764   0.75      0.00      0.00      0.00       0  pdns_server

# Time        UID       PID    %usr %system  %guest   %wait    %CPU   CPU  minflt/s  majflt/s     VSZ     RSS   %MEM   kB_rd/s   kB_wr/s kB_ccwr/s iodelay  Command
1791475253    112     14307   78.00   55.00    0.00    1.00  133.00     2      0.00      0.00 2885904  888136  10.94      0.00   9544.00    700.00       0  mysqld
1791475253      0     17311    0.00    0.00    0.00    0.00    0.00     1      0.00      0.00   56800   12976   0.16      0.00      0.00      0.00       0  nginx
1791475253     33     23432    8.00    4.00    0.00    9.00   12.00     3      0.00      0.00   59896   13580   0.17      0.00    756.00    744.00       0  nginx
1791475253     33     23433    2.00    3.00    0.00    5.00    5.00     3      0.00      0.00   58384   12208   0.15      0.00    116.00     92.00       0  nginx
1791475253     33     23434    0.00    0.00    0.00    0.00    0.00     1      0.00      0.00   57168   10480   0.13      0.00      0.00      0.00       0  nginx
1791475253     33     23435    1.00    0.00    0.00    2.00    1.00     0      0.00      0.00   57300   10900   0.13      0.00      0.00      0.00       0  nginx
1791475253   1100     97120   29.00   46.00    0.00   14.00   75.00     0    139.00      0.00 1901204   24880   0.31      0.00      0.00      0.00       0  isupipe
1791475253    113     97129    7.00   15.00    0.00    0.00   22.00     2     16.00      0.00  682592   60764   0.75      0.00      0.00      0.00       0  pdns_server

# Time        UID       PID    %usr %system  %guest   %wait    %CPU   CPU  minflt/s  majflt/s     VSZ     RSS   %MEM   kB_rd/s   kB_wr/s kB_ccwr/s iodelay  Command
1791475254    112     14307   67.00   64.00    0.00    0.00  131.00     2     81.00      0.00 2883848  888236  10.94      0.00   8688.00    384.00       0  mysqld
1791475254      0     17311    0.00    0.00    0.00    0.00    0.00     1      0.00      0.00   56800   12976   0.16      0.00      0.00      0.00       0  nginx
1791475254     33     23432    5.00    6.00    0.00    7.00   11.00     3      0.00      0.00   59896   13580   0.17      0.00    416.00    400.00       0  nginx
1791475254     33     23433    2.00    5.00    0.00    4.00    7.00     0      0.00      0.00   58384   12208   0.15      0.00    120.00     96.00       0  nginx
1791475254     33     23434    0.00    0.00    0.00    0.00    0.00     1      0.00      0.00   57168   10480   0.13      0.00      0.00      0.00       0  nginx
1791475254     33     23435    0.00    1.00    0.00    1.00    1.00     1      0.00      0.00   57300   10900   0.13      0.00      0.00      0.00       0  nginx
1791475254   1100     97120   31.00   37.00    0.00   18.00   68.00     0     30.00      0.00 1901204   24048   0.30      0.00      0.00      0.00       0  isupipe
1791475254    113     97129   10.00   12.00    0.00    0.00   22.00     2     13.00      0.00  682592   60764   0.75      0.00      0.00      0.00       0  pdns_server

# Time        UID       PID    %usr %system  %guest   %wait    %CPU   CPU  minflt/s  majflt/s     VSZ     RSS   %MEM   kB_rd/s   kB_wr/s kB_ccwr/s iodelay  Command
1791475255    112     14307   67.00   61.00    0.00    1.00  128.00     2     94.00      0.00 2884876  888464  10.94      0.00  13744.00    500.00       0  mysqld
1791475255      0     17311    0.00    0.00    0.00    0.00    0.00     1      0.00      0.00   56800   12976   0.16      0.00      0.00      0.00       0  nginx
1791475255     33     23432    6.00    4.00    0.00    5.00   10.00     1      0.00      0.00   59896   13580   0.17      0.00    572.00    552.00       0  nginx
1791475255     33     23433    1.00    3.00    0.00    3.00    4.00     3      0.00      0.00   58384   12208   0.15      0.00      4.00      0.00       0  nginx
1791475255     33     23434    0.00    0.00    0.00    0.00    0.00     1      0.00      0.00   57168   10480   0.13      0.00      0.00      0.00       0  nginx
1791475255     33     23435    1.00    0.00    0.00    0.00    1.00     3      0.00      0.00   57300   10900   0.13      0.00    104.00    104.00       0  nginx
1791475255   1100     97120   35.00   33.00    0.00   12.00   68.00     1    147.00      0.00 1901204   23896   0.29      0.00      0.00      0.00       0  isupipe
1791475255    113     97129   11.00   10.00    0.00    0.00   21.00     2     15.00      0.00  682592   60764   0.75      0.00      0.00      0.00       0  pdns_server

# Time        UID       PID    %usr %system  %guest   %wait    %CPU   CPU  minflt/s  majflt/s     VSZ     RSS   %MEM   kB_rd/s   kB_wr/s kB_ccwr/s iodelay  Command
1791475256    112     14307   78.00   53.00    0.00    0.00  131.00     2      0.00      0.00 2884876  888464  10.94      0.00   8224.00    480.00       0  mysqld
1791475256      0     17311    0.00    0.00    0.00    0.00    0.00     1      0.00      0.00   56800   12976   0.16      0.00      0.00      0.00       0  nginx
1791475256     33     23432    6.00    4.00    0.00    4.00   10.00     3      0.00      0.00   59896   13580   0.17      0.00    460.00    448.00       0  nginx
1791475256     33     23433    2.00    3.00    0.00    2.00    5.00     3      0.00      0.00   58384   12208   0.15      0.00    200.00    184.00       0  nginx
1791475256     33     23434    0.00    0.00    0.00    0.00    0.00     2      0.00      0.00   57168   10480   0.13      0.00      0.00      0.00       0  nginx
1791475256     33     23435    0.00    1.00    0.00    0.00    1.00     3      0.00      0.00   57300   10900   0.13      0.00      0.00      0.00       0  nginx
1791475256   1100     97120   29.00   40.00    0.00   15.00   69.00     1     56.00      0.00 1901204   23424   0.29      0.00      0.00      0.00       0  isupipe
1791475256    113     97129    8.00   12.00    0.00    0.00   20.00     2     16.00      0.00  682592   60764   0.75      0.00      0.00      0.00       0  pdns_server

# Time        UID       PID    %usr %system  %guest   %wait    %CPU   CPU  minflt/s  majflt/s     VSZ     RSS   %MEM   kB_rd/s   kB_wr/s kB_ccwr/s iodelay  Command
1791475257    112     14307   74.00   58.00    0.00    0.00  132.00     3     84.00      0.00 2884876  888676  10.95      0.00   7584.00    316.00       0  mysqld
1791475257      0     17311    0.00    0.00    0.00    0.00    0.00     1      0.00      0.00   56800   12976   0.16      0.00      0.00      0.00       0  nginx
1791475257     33     23432    5.00    6.00    0.00    3.00   11.00     2      0.00      0.00   59896   13580   0.17      0.00    432.00    316.00       0  nginx
1791475257     33     23433    0.00    1.00    0.00    2.00    1.00     3      0.00      0.00   58384   12208   0.15      0.00      8.00      0.00       0  nginx
1791475257     33     23434    0.00    0.00    0.00    0.00    0.00     2      0.00      0.00   57168   10480   0.13      0.00      0.00      0.00       0  nginx
1791475257     33     23435    0.00    0.00    0.00    1.00    0.00     3      0.00      0.00   57300   10900   0.13      0.00      0.00      0.00       0  nginx
1791475257   1100     97120   29.00   38.00    0.00   19.00   67.00     0    299.00      0.00 1901204   24096   0.30      0.00      0.00      0.00       0  isupipe
1791475257    113     97129   10.00   14.00    0.00    0.00   24.00     2     14.00      0.00  682592   61028   0.75      0.00      0.00      0.00       0  pdns_server

# Time        UID       PID    %usr %system  %guest   %wait    %CPU   CPU  minflt/s  majflt/s     VSZ     RSS   %MEM   kB_rd/s   kB_wr/s kB_ccwr/s iodelay  Command
1791475258    112     14307   71.00   57.00    0.00    0.00  128.00     3      0.00      0.00 2884876  888676  10.95      0.00   8992.00    624.00       0  mysqld
1791475258      0     17311    0.00    0.00    0.00    0.00    0.00     1      0.00      0.00   56800   12976   0.16      0.00      0.00      0.00       0  nginx
1791475258     33     23432    6.00    4.00    0.00    6.00   10.00     3      0.00      0.00   59896   13580   0.17      0.00    612.00    592.00       0  nginx
1791475258     33     23433    3.00    2.00    0.00    1.00    5.00     3      0.00      0.00   58384   12208   0.15      0.00    164.00    160.00       0  nginx
1791475258     33     23434    0.00    0.00    0.00    0.00    0.00     2      0.00      0.00   57168   10480   0.13      0.00      0.00      0.00       0  nginx
1791475258     33     23435    0.00    0.00    0.00    0.00    0.00     3      0.00      0.00   57300   10900   0.13      0.00      0.00      0.00       0  nginx
1791475258   1100     97120   24.00   46.00    0.00   10.00   70.00     3    165.00      0.00 1901204   24444   0.30      0.00      0.00      0.00       0  isupipe
1791475258    113     97129    8.00   12.00    0.00    0.00   20.00     2     17.00      0.00  682592   61028   0.75      0.00      0.00      0.00       0  pdns_server

# Time        UID       PID    %usr %system  %guest   %wait    %CPU   CPU  minflt/s  majflt/s     VSZ     RSS   %MEM   kB_rd/s   kB_wr/s kB_ccwr/s iodelay  Command
1791475259    112     14307   65.00   57.00    0.00    0.00  122.00     3      0.00      0.00 2884876  888676  10.95      0.00   7988.00    476.00       0  mysqld
1791475259      0     17311    0.00    0.00    0.00    0.00    0.00     1      0.00      0.00   56800   12976   0.16      0.00      0.00      0.00       0  nginx
1791475259     33     23432    7.00    6.00    0.00    7.00   13.00     3      0.00      0.00   59896   13580   0.17      0.00    420.00    416.00       0  nginx
1791475259     33     23433    3.00    5.00    0.00    5.00    8.00     1      0.00      0.00   58384   12208   0.15      0.00    156.00    136.00       0  nginx
1791475259     33     23434    0.00    0.00    0.00    0.00    0.00     2      0.00      0.00   57168   10480   0.13      0.00      0.00      0.00       0  nginx
1791475259     33     23435    0.00    0.00    0.00    0.00    0.00     3      0.00      0.00   57300   10900   0.13      0.00      0.00      0.00       0  nginx
1791475259   1100     97120   32.00   38.00    0.00   15.00   70.00     1      7.00      0.00 1901204   24396   0.30      0.00      0.00      0.00       0  isupipe
1791475259    113     97129    4.00   17.00    0.00    0.00   21.00     2     12.00      0.00  682592   61028   0.75      0.00      0.00      0.00       0  pdns_server

# Time        UID       PID    %usr %system  %guest   %wait    %CPU   CPU  minflt/s  majflt/s     VSZ     RSS   %MEM   kB_rd/s   kB_wr/s kB_ccwr/s iodelay  Command
1791475260    112     14307   68.00   66.00    0.00    1.00  134.00     3      3.00      0.00 2885904  888676  10.95      0.00   8200.00    488.00       0  mysqld
1791475260      0     17311    0.00    0.00    0.00    0.00    0.00     1      0.00      0.00   56800   12976   0.16      0.00      0.00      0.00       0  nginx
1791475260     33     23432    6.00    6.00    0.00    6.00   12.00     3      0.00      0.00   59896   13580   0.17      0.00    516.00    492.00       0  nginx
1791475260     33     23433    1.00    2.00    0.00    1.00    3.00     1      0.00      0.00   58384   12208   0.15      0.00    148.00     68.00       0  nginx
1791475260     33     23434    0.00    0.00    0.00    0.00    0.00     2      0.00      0.00   57168   10480   0.13      0.00      0.00      0.00       0  nginx
1791475260     33     23435    0.00    0.00    0.00    0.00    0.00     0      0.00      0.00   57300   10900   0.13      0.00      0.00      0.00       0  nginx
1791475260   1100     97120   32.00   37.00    0.00   14.00   69.00     2     85.00      0.00 1901204   24092   0.30      0.00      0.00      0.00       0  isupipe
1791475260    113     97129    9.00   12.00    0.00    0.00   21.00     2     16.00      0.00  682592   61028   0.75      0.00      0.00      0.00       0  pdns_server

# Time        UID       PID    %usr %system  %guest   %wait    %CPU   CPU  minflt/s  majflt/s     VSZ     RSS   %MEM   kB_rd/s   kB_wr/s kB_ccwr/s iodelay  Command
1791475261    112     14307   68.00   60.00    0.00    0.00  128.00     3      0.00      0.00 2885904  888676  10.95      0.00   7920.00    432.00       0  mysqld
1791475261      0     17311    0.00    0.00    0.00    0.00    0.00     1      0.00      0.00   56800   12976   0.16      0.00      0.00      0.00       0  nginx
1791475261     33     23432    6.00    3.00    0.00    4.00    9.00     0      0.00      0.00   59896   13580   0.17      0.00    504.00    492.00       0  nginx
1791475261     33     23433    1.00    3.00    0.00    1.00    4.00     3      0.00      0.00   58384   12208   0.15      0.00      8.00     80.00       0  nginx
1791475261     33     23434    0.00    0.00    0.00    0.00    0.00     2      0.00      0.00   57168   10480   0.13      0.00      0.00      0.00       0  nginx
1791475261     33     23435    0.00    0.00    0.00    0.00    0.00     0      0.00      0.00   57300   10900   0.13      0.00      0.00      0.00       0  nginx
1791475261   1100     97120   31.00   37.00    0.00   15.00   68.00     2    187.00      0.00 1901204   23644   0.29      0.00      0.00      0.00       0  isupipe
1791475261    113     97129   10.00   14.00    0.00    0.00   24.00     2     16.00      0.00  682592   61028   0.75      0.00      0.00      0.00       0  pdns_server

# Time        UID       PID    %usr %system  %guest   %wait    %CPU   CPU  minflt/s  majflt/s     VSZ     RSS   %MEM   kB_rd/s   kB_wr/s kB_ccwr/s iodelay  Command
1791475262    112     14307   74.00   53.00    0.00    3.00  127.00     1      0.00      0.00 2885904  888676  10.95      0.00  10108.00    624.00       0  mysqld
1791475262      0     17311    0.00    0.00    0.00    0.00    0.00     1      0.00      0.00   56800   12976   0.16      0.00      0.00      0.00       0  nginx
1791475262     33     23432    8.00    6.00    0.00    9.00   14.00     3      0.00      0.00   59896   13580   0.17      0.00    764.00    736.00       0  nginx
1791475262     33     23433    2.00    2.00    0.00    7.00    4.00     3      0.00      0.00   58384   12208   0.15      0.00    104.00     96.00       0  nginx
1791475262     33     23434    0.00    0.00    0.00    0.00    0.00     2      0.00      0.00   57168   10480   0.13      0.00      0.00      0.00       0  nginx
1791475262     33     23435    0.00    1.00    0.00    0.00    1.00     0      0.00      0.00   57300   10900   0.13      0.00     64.00      0.00       0  nginx
1791475262   1100     97120   32.00   40.00    0.00   13.00   72.00     1    511.00      0.00 1901204   21200   0.26      0.00      0.00      0.00       0  isupipe
1791475262    113     97129    9.00   13.00    0.00    0.00   22.00     2     19.00      0.00  682592   61292   0.75      0.00      0.00      0.00       0  pdns_server

# Time        UID       PID    %usr %system  %guest   %wait    %CPU   CPU  minflt/s  majflt/s     VSZ     RSS   %MEM   kB_rd/s   kB_wr/s kB_ccwr/s iodelay  Command
1791475263    112     14307   73.00   61.00    0.00    0.00  134.00     1      3.00      0.00 2886932  888676  10.95      0.00  12768.00   1200.00       0  mysqld
1791475263      0     17311    0.00    0.00    0.00    0.00    0.00     1      0.00      0.00   56800   12976   0.16      0.00      0.00      0.00       0  nginx
1791475263     33     23432    5.00    7.00    0.00    5.00   12.00     3      0.00      0.00   59896   13580   0.17      0.00    872.00    844.00       0  nginx
1791475263     33     23433    1.00    3.00    0.00    2.00    4.00     2      0.00      0.00   58384   12208   0.15      0.00    356.00    348.00       0  nginx
1791475263     33     23434    0.00    0.00    0.00    0.00    0.00     2      0.00      0.00   57168   10480   0.13      0.00      0.00      0.00       0  nginx
1791475263     33     23435    0.00    0.00    0.00    1.00    0.00     1      0.00      0.00   57300   10900   0.13      0.00      0.00     64.00       0  nginx
1791475263   1100     97120   34.00   37.00    0.00   12.00   71.00     2    575.00      0.00 1901204   21180   0.26      0.00      0.00      0.00       0  isupipe
1791475263    113     97129    9.00   16.00    0.00    0.00   25.00     2     27.00      0.00  682592   61292   0.75      0.00      0.00      0.00       0  pdns_server

# Time        UID       PID    %usr %system  %guest   %wait    %CPU   CPU  minflt/s  majflt/s     VSZ     RSS   %MEM   kB_rd/s   kB_wr/s kB_ccwr/s iodelay  Command
1791475264    112     14307   79.00   51.00    0.00    0.00  130.00     1      0.00      0.00 2885904  888712  10.95      0.00  12420.00    644.00       0  mysqld
1791475264      0     17311    0.00    0.00    0.00    0.00    0.00     1      0.00      0.00   56800   12976   0.16      0.00      0.00      0.00       0  nginx
1791475264     33     23432    6.00    7.00    0.00   10.00   13.00     0      0.00      0.00   59896   13580   0.17      0.00    648.00    604.00       0  nginx
1791475264     33     23433    3.00    3.00    0.00    8.00    6.00     3      0.00      0.00   58384   12208   0.15      0.00    176.00    176.00       0  nginx
1791475264     33     23434    1.00    0.00    0.00    1.00    1.00     3      0.00      0.00   57168   10480   0.13      0.00     64.00     64.00       0  nginx
1791475264     33     23435    0.00    0.00    0.00    0.00    0.00     1      0.00      0.00   57300   10900   0.13      0.00      0.00      0.00       0  nginx
1791475264   1100     97120   38.00   38.00    0.00   21.00   76.00     1    610.00      0.00 1901204   21780   0.27      0.00      0.00      0.00       0  isupipe
1791475264    113     97129   10.00   17.00    0.00    0.00   27.00     2     29.00      0.00  682592   61292   0.75      0.00      0.00      0.00       0  pdns_server

# Time        UID       PID    %usr %system  %guest   %wait    %CPU   CPU  minflt/s  majflt/s     VSZ     RSS   %MEM   kB_rd/s   kB_wr/s kB_ccwr/s iodelay  Command
1791475265    112     14307   72.00   62.00    0.00    0.00  134.00     1      4.00      0.00 2886932  888712  10.95      0.00  15276.00    964.00       0  mysqld
1791475265      0     17311    0.00    0.00    0.00    0.00    0.00     1      0.00      0.00   56800   12976   0.16      0.00      0.00      0.00       0  nginx
1791475265     33     23432    7.00    7.00    0.00    7.00   14.00     3      0.00      0.00   59896   13580   0.17      0.00   1060.00   1020.00       0  nginx
1791475265     33     23433    3.00    3.00    0.00    4.00    6.00     2      0.00      0.00   58384   12208   0.15      0.00    264.00    248.00       0  nginx
1791475265     33     23434    0.00    0.00    0.00    0.00    0.00     3      0.00      0.00   57168   10480   0.13      0.00      0.00      0.00       0  nginx
1791475265     33     23435    0.00    0.00    0.00    0.00    0.00     1      0.00      0.00   57300   10900   0.13      0.00      0.00      0.00       0  nginx
1791475265   1100     97120   37.00   37.00    0.00   19.00   74.00     2    374.00      0.00 1901204   21768   0.27      0.00      0.00      0.00       0  isupipe
1791475265    113     97129    8.00   18.00    0.00    0.00   26.00     2     34.00      0.00  682592   61556   0.76      0.00      0.00      0.00       0  pdns_server

# Time        UID       PID    %usr %system  %guest   %wait    %CPU   CPU  minflt/s  majflt/s     VSZ     RSS   %MEM   kB_rd/s   kB_wr/s kB_ccwr/s iodelay  Command
1791475266    112     14307   74.00   60.00    0.00    0.00  134.00     1      0.00      0.00 2885904  888712  10.95      0.00  16780.00   1048.00       0  mysqld
1791475266      0     17311    0.00    0.00    0.00    0.00    0.00     1      0.00      0.00   56800   12976   0.16      0.00      0.00      0.00       0  nginx
1791475266     33     23432    2.00   10.00    0.00    7.00   12.00     3      7.00      0.00   59896   13844   0.17      0.00   1180.00   1136.00       0  nginx
1791475266     33     23433    1.00    1.00    0.00    2.00    2.00     3      0.00      0.00   58384   12208   0.15      0.00    332.00    200.00       0  nginx
1791475266     33     23434    0.00    0.00    0.00    0.00    0.00     3      0.00      0.00   57168   10480   0.13      0.00      0.00      0.00       0  nginx
1791475266     33     23435    1.00    0.00    0.00    0.00    1.00     1      0.00      0.00   57300   10900   0.13      0.00      0.00      0.00       0  nginx
1791475266   1100     97120   39.00   43.00    0.00   19.00   82.00     0    862.00      0.00 1901204   20468   0.25      0.00      0.00      0.00       0  isupipe
1791475266    113     97129   11.00   17.00    0.00    0.00   28.00     2     35.00      0.00  682592   61556   0.76      0.00      0.00      0.00       0  pdns_server

# Time        UID       PID    %usr %system  %guest   %wait    %CPU   CPU  minflt/s  majflt/s     VSZ     RSS   %MEM   kB_rd/s   kB_wr/s kB_ccwr/s iodelay  Command
1791475267    112     14307   57.00   53.00    0.00    0.00  110.00     1      0.00      0.00 2884876  888712  10.95      0.00  11524.00    556.00       0  mysqld
1791475267      0     17311    0.00    0.00    0.00    0.00    0.00     1      0.00      0.00   56800   12976   0.16      0.00      0.00      0.00       0  nginx
1791475267     33     23432    6.00    4.00    0.00    7.00   10.00     3      5.00      0.00   59896   13844   0.17      0.00    556.00    452.00       0  nginx
1791475267     33     23433    2.00    2.00    0.00    3.00    4.00     3      0.00      0.00   58384   12208   0.15      0.00    176.00    288.00       0  nginx
1791475267     33     23434    0.00    0.00    0.00    0.00    0.00     3      0.00      0.00   57168   10480   0.13      0.00      0.00      0.00       0  nginx
1791475267     33     23435    0.00    0.00    0.00    0.00    0.00     3      0.00      0.00   57300   10900   0.13      0.00      0.00      0.00       0  nginx
1791475267   1100     97120   24.00   50.00    0.00   20.00   74.00     0    804.00      0.00 1901204   21684   0.27      0.00      0.00      0.00       0  isupipe
1791475267    113     97129   10.00   13.00    0.00    0.00   23.00     2     13.00      0.00  682592   61556   0.76      0.00      0.00      0.00       0  pdns_server

# Time        UID       PID    %usr %system  %guest   %wait    %CPU   CPU  minflt/s  majflt/s     VSZ     RSS   %MEM   kB_rd/s   kB_wr/s kB_ccwr/s iodelay  Command
1791475268    112     14307   68.00   57.00    0.00    1.00  125.00     1     65.00      0.00 2884876  888500  10.94      0.00  14648.00    836.00       0  mysqld
1791475268      0     17311    0.00    0.00    0.00    0.00    0.00     1      0.00      0.00   56800   12976   0.16      0.00      0.00      0.00       0  nginx
1791475268     33     23432    8.00    7.00    0.00    8.00   15.00     3     29.00      0.00   60032   13844   0.17      0.00   1024.00    952.00       0  nginx
1791475268     33     23433    2.00    2.00    0.00    2.00    4.00     3      0.00      0.00   58384   12208   0.15      0.00     84.00     84.00       0  nginx
1791475268     33     23434    0.00    0.00    0.00    0.00    0.00     3      0.00      0.00   57168   10480   0.13      0.00      0.00      0.00       0  nginx
1791475268     33     23435    0.00    0.00    0.00    1.00    0.00     3      0.00      0.00   57300   10900   0.13      0.00      0.00      0.00       0  nginx
1791475268   1100     97120   22.00   49.00    0.00   19.00   71.00     0   1058.00      0.00 1901204   21688   0.27      0.00      0.00      0.00       0  isupipe
1791475268    113     97129   12.00   15.00    0.00    0.00   27.00     2     16.00      0.00  682592   61556   0.76      0.00      0.00      0.00       0  pdns_server

# Time        UID       PID    %usr %system  %guest   %wait    %CPU   CPU  minflt/s  majflt/s     VSZ     RSS   %MEM   kB_rd/s   kB_wr/s kB_ccwr/s iodelay  Command
1791475269    112     14307   63.00   59.00    0.00    0.00  122.00     2      0.00      0.00 2880764  888044  10.94      0.00  13996.00    464.00       0  mysqld
1791475269      0     17311    0.00    0.00    0.00    0.00    0.00     1      0.00      0.00   56800   12976   0.16      0.00      0.00      0.00       0  nginx
1791475269     33     23432    5.00    4.00    0.00    7.00    9.00     3     17.00      0.00   60164   13844   0.17      0.00    636.00    608.00       0  nginx
1791475269     33     23433    1.00    2.00    0.00    1.00    3.00     3      0.00      0.00   58384   12208   0.15      0.00     12.00      8.00       0  nginx
1791475269     33     23434    0.00    0.00    0.00    0.00    0.00     3      0.00      0.00   57168   10480   0.13      0.00      0.00      0.00       0  nginx
1791475269     33     23435    0.00    0.00    0.00    0.00    0.00     0      0.00      0.00   57300   10900   0.13      0.00      0.00      0.00       0  nginx
1791475269   1100     97120   30.00   39.00    0.00   14.00   69.00     1    781.00      0.00 1901204   18688   0.23      0.00      0.00      0.00       0  isupipe
1791475269    113     97129   13.00   18.00    0.00    0.00   31.00     2     25.00      0.00  682592   61556   0.76      0.00      0.00      0.00       0  pdns_server

# Time        UID       PID    %usr %system  %guest   %wait    %CPU   CPU  minflt/s  majflt/s     VSZ     RSS   %MEM   kB_rd/s   kB_wr/s kB_ccwr/s iodelay  Command
1791475270    112     14307   62.00   48.00    0.00    0.00  110.00     2      8.00      0.00 2882820  888044  10.94      0.00  11272.00    628.00       0  mysqld
1791475270      0     17311    0.00    0.00    0.00    0.00    0.00     1      0.00      0.00   56800   12976   0.16      0.00      0.00      0.00       0  nginx
1791475270     33     23432    4.00    4.00    0.00    6.00    8.00     3      0.00      0.00   60164   13844   0.17      0.00    388.00    344.00       0  nginx
1791475270     33     23433    2.00    3.00    0.00    3.00    5.00     1      0.00      0.00   58384   12208   0.15      0.00    312.00    304.00       0  nginx
1791475270     33     23434    0.00    0.00    0.00    0.00    0.00     3      0.00      0.00   57168   10480   0.13      0.00      0.00      0.00       0  nginx
1791475270     33     23435    1.00    0.00    0.00    0.00    1.00     1      0.00      0.00   57300   10900   0.13      0.00      0.00      0.00       0  nginx
1791475270   1100     97120   28.00   39.00    0.00   21.00   67.00     2   1059.00      0.00 1901460   20000   0.25      0.00      0.00      0.00       0  isupipe
1791475270    113     97129   10.00   13.00    0.00    0.00   23.00     2     12.00      0.00  682592   62084   0.76      0.00      0.00      0.00       0  pdns_server

# Time        UID       PID    %usr %system  %guest   %wait    %CPU   CPU  minflt/s  majflt/s     VSZ     RSS   %MEM   kB_rd/s   kB_wr/s kB_ccwr/s iodelay  Command
1791475271    112     14307   11.88   12.87    0.00    0.00   24.75     2      0.00      0.00 2878708  888116  10.94      0.00  12344.55     67.33       0  mysqld
1791475271      0     17311    0.00    0.00    0.00    0.00    0.00     1      0.00      0.00   56800   12976   0.16      0.00      0.00      0.00       0  nginx
1791475271     33     23432    1.98    1.98    0.00    1.98    3.96     2      0.00      0.00   60164   13844   0.17      0.00     11.88    102.97       0  nginx
1791475271     33     23433    0.99    0.00    0.00    0.99    0.99     3      0.00      0.00   58384   12208   0.15      0.00     91.09     87.13       0  nginx
1791475271     33     23434    0.00    0.00    0.00    0.00    0.00     3      0.00      0.00   57168   10480   0.13      0.00      0.00      0.00       0  nginx
1791475271     33     23435    0.00    0.00    0.00    0.00    0.00     1      0.00      0.00   57300   10900   0.13      0.00      0.00      0.00       0  nginx
1791475271   1100     97120    2.97    7.92    0.00    2.97   10.89     1    170.30      0.00 1901460   20788   0.26      0.00      0.00      0.00       0  isupipe
1791475271    113     97129    1.98    2.97    0.00    0.00    4.95     2      2.97      0.00  682592   62084   0.76      0.00      0.00      0.00       0  pdns_server

# Time        UID       PID    %usr %system  %guest   %wait    %CPU   CPU  minflt/s  majflt/s     VSZ     RSS   %MEM   kB_rd/s   kB_wr/s kB_ccwr/s iodelay  Command
1791475272    112     14307    0.99    0.00    0.00    0.00    0.99     2      0.00      0.00 2878708  888116  10.94      0.00   2546.53      0.00       0  mysqld
1791475272      0     17311    0.00    0.00    0.00    0.00    0.00     1      0.00      0.00   56800   12976   0.16      0.00      0.00      0.00       0  nginx
1791475272     33     23432    0.00    0.00    0.00    0.00    0.00     2      0.00      0.00   60164   13844   0.17      0.00      0.00      0.00       0  nginx
1791475272     33     23433    0.00    0.00    0.00    0.00    0.00     3      0.00      0.00   58384   12208   0.15      0.00      0.00      0.00       0  nginx
1791475272     33     23434    0.00    0.00    0.00    0.00    0.00     3      0.00      0.00   57168   10480   0.13      0.00      0.00      0.00       0  nginx
1791475272     33     23435    0.00    0.00    0.00    0.00    0.00     1      0.00      0.00   57300   10900   0.13      0.00      0.00      0.00       0  nginx
1791475272   1100     97120    0.00    0.00    0.00    0.00    0.00     3    183.17      0.00 1901460   21580   0.27      0.00      0.00      0.00       0  isupipe
1791475272    113     97129    0.00    0.00    0.00    0.00    0.00     2      0.00      0.00  682592   62084   0.76      0.00      0.00      0.00       0  pdns_server
