Linux 5.15.0-198-generic (isucon13-app) 	10/08/26 	_aarch64_	(4 CPU)

# Time        UID       PID    %usr %system  %guest   %wait    %CPU   CPU  minflt/s  majflt/s     VSZ     RSS   %MEM   kB_rd/s   kB_wr/s kB_ccwr/s iodelay  Command
1791479263      0     17311    0.00    0.00    0.00    0.00    0.00     2      0.00      0.00   56816   12524   0.15      0.00      0.00      0.00       0  nginx
1791479263     33    203690    0.00    0.00    0.00    0.00    0.00     3      0.00      0.00   58824   12552   0.15      0.00      0.00      0.00       0  nginx
1791479263     33    203691    0.00    0.00    0.00    0.00    0.00     2      0.00      0.00   60028   13864   0.17      0.00      0.00      0.00       0  nginx
1791479263     33    203692    0.00    0.00    0.00    0.00    0.00     1      0.00      0.00   59496   13224   0.16      0.00      0.00      0.00       0  nginx
1791479263     33    203693    0.00    0.00    0.00    0.00    0.00     0    187.00      0.00   61936   15700   0.19      0.00      0.00      0.00       0  nginx
1791479263    112    244183    9.00   16.00    0.00    0.00   25.00     2   3762.00      0.00 2510024  437348   5.39      0.00   9040.00      0.00       0  mysqld
1791479263    113    244271    0.00    0.00    0.00    0.00    0.00     2      7.00      0.00  682064   58036   0.71      0.00      0.00      0.00       0  pdns_server
1791479263   1100    244272    0.00    0.00    0.00    0.00    0.00     1     16.00      0.00 1604148    7308   0.09      0.00      0.00      0.00       0  isupipe

# Time        UID       PID    %usr %system  %guest   %wait    %CPU   CPU  minflt/s  majflt/s     VSZ     RSS   %MEM   kB_rd/s   kB_wr/s kB_ccwr/s iodelay  Command
1791479264      0     17311    0.00    0.00    0.00    0.00    0.00     2      0.00      0.00   56816   12524   0.15      0.00      0.00      0.00       0  nginx
1791479264     33    203690    0.00    0.00    0.00    0.00    0.00     3      0.00      0.00   58824   12552   0.15      0.00      0.00      0.00       0  nginx
1791479264     33    203691    0.00    0.00    0.00    0.00    0.00     2      0.00      0.00   60028   13864   0.17      0.00      0.00      0.00       0  nginx
1791479264     33    203692    0.00    0.00    0.00    0.00    0.00     1      0.00      0.00   59496   13224   0.16      0.00      0.00      0.00       0  nginx
1791479264     33    203693    0.00    0.00    0.00    0.00    0.00     0      0.00      0.00   61936   15700   0.19      0.00      0.00      0.00       0  nginx
1791479264    112    244183   11.00   18.00    0.00    0.00   29.00     2   9150.00      0.00 2575560  442184   5.45      0.00  21932.00      0.00       0  mysqld
1791479264    113    244271    0.00    0.00    0.00    0.00    0.00     2      0.00      0.00  682064   58036   0.71      0.00      0.00      0.00       0  pdns_server
1791479264   1100    244272    0.00    0.00    0.00    0.00    0.00     2      1.00      0.00 1604148    7308   0.09      0.00      0.00      0.00       0  isupipe

# Time        UID       PID    %usr %system  %guest   %wait    %CPU   CPU  minflt/s  majflt/s     VSZ     RSS   %MEM   kB_rd/s   kB_wr/s kB_ccwr/s iodelay  Command
1791479265      0     17311    0.00    0.00    0.00    0.00    0.00     2      0.00      0.00   56816   12524   0.15      0.00      0.00      0.00       0  nginx
1791479265     33    203690    0.00    0.00    0.00    0.00    0.00     3      0.00      0.00   58824   12552   0.15      0.00      0.00      0.00       0  nginx
1791479265     33    203691    0.00    0.00    0.00    0.00    0.00     2      0.00      0.00   60028   13864   0.17      0.00      0.00      0.00       0  nginx
1791479265     33    203692    0.00    0.00    0.00    0.00    0.00     1      0.00      0.00   59496   13224   0.16      0.00      0.00      0.00       0  nginx
1791479265     33    203693    1.00    0.00    0.00    0.00    1.00     1      5.00      0.00   61936   15700   0.19      0.00     92.00     80.00       0  nginx
1791479265    112    244183   34.00   13.00    0.00    0.00   47.00     2  10838.00      0.00 2708752  485140   5.98      0.00  30844.00      0.00       0  mysqld
1791479265    113    244271    0.00    1.00    0.00    0.00    1.00     2     14.00      0.00  682592   58036   0.71      0.00      0.00      0.00       0  pdns_server
1791479265   1100    244272    5.00    7.00    0.00    0.00   12.00     2   1976.00      0.00 1679348   13356   0.16   2804.00     52.00     52.00       0  isupipe

# Time        UID       PID    %usr %system  %guest   %wait    %CPU   CPU  minflt/s  majflt/s     VSZ     RSS   %MEM   kB_rd/s   kB_wr/s kB_ccwr/s iodelay  Command
1791479266      0     17311    0.00    0.00    0.00    0.00    0.00     2      0.00      0.00   56816   12524   0.15      0.00      0.00      0.00       0  nginx
1791479266     33    203690    0.00    0.00    0.00    0.00    0.00     3      0.00      0.00   58824   12552   0.15      0.00      0.00      0.00       0  nginx
1791479266     33    203691    0.00    0.00    0.00    0.00    0.00     2      0.00      0.00   60028   13864   0.17      0.00      0.00      0.00       0  nginx
1791479266     33    203692    0.00    0.00    0.00    0.00    0.00     1      0.00      0.00   59496   13224   0.16      0.00      0.00      0.00       0  nginx
1791479266     33    203693    0.00    0.00    0.00    0.00    0.00     1      0.00      0.00   61936   15700   0.19      0.00      0.00      0.00       0  nginx
1791479266    112    244183    0.00    1.00    0.00    0.00    1.00     2     79.00      0.00 2774288  485272   5.98      0.00    836.00      0.00       0  mysqld
1791479266    113    244271    1.00    0.00    0.00    0.00    1.00     2      0.00      0.00  682592   58036   0.71      0.00      0.00      0.00       0  pdns_server
1791479266   1100    244272    0.00    0.00    0.00    0.00    0.00     2      0.00      0.00 1679348   13356   0.16      0.00      0.00      0.00       0  isupipe

# Time        UID       PID    %usr %system  %guest   %wait    %CPU   CPU  minflt/s  majflt/s     VSZ     RSS   %MEM   kB_rd/s   kB_wr/s kB_ccwr/s iodelay  Command
1791479267      0     17311    0.00    0.00    0.00    0.00    0.00     2      0.00      0.00   56816   12524   0.15      0.00      0.00      0.00       0  nginx
1791479267     33    203690    0.00    0.00    0.00    0.00    0.00     3      0.00      0.00   58824   12552   0.15      0.00      0.00      0.00       0  nginx
1791479267     33    203691    0.00    0.00    0.00    0.00    0.00     2      0.00      0.00   60028   13864   0.17      0.00      0.00      0.00       0  nginx
1791479267     33    203692    0.00    0.00    0.00    0.00    0.00     1      0.00      0.00   59496   13224   0.16      0.00      0.00      0.00       0  nginx
1791479267     33    203693    0.00    0.00    0.00    0.00    0.00     3      0.00      0.00   61936   15700   0.19      0.00      0.00      0.00       0  nginx
1791479267    112    244183    0.00    1.00    0.00    0.00    1.00     2      5.00      0.00 2839824  485272   5.98      0.00   1056.00      0.00       0  mysqld
1791479267    113    244271    0.00    0.00    0.00    0.00    0.00     2      0.00      0.00  682592   58036   0.71      0.00      0.00      0.00       0  pdns_server
1791479267   1100    244272    0.00    0.00    0.00    0.00    0.00     2      0.00      0.00 1679348   13356   0.16      0.00      0.00      0.00       0  isupipe

# Time        UID       PID    %usr %system  %guest   %wait    %CPU   CPU  minflt/s  majflt/s     VSZ     RSS   %MEM   kB_rd/s   kB_wr/s kB_ccwr/s iodelay  Command
1791479268      0     17311    0.00    0.00    0.00    0.00    0.00     2      0.00      0.00   56816   12524   0.15      0.00      0.00      0.00       0  nginx
1791479268     33    203690    0.00    0.00    0.00    0.00    0.00     3      0.00      0.00   58824   12552   0.15      0.00      0.00      0.00       0  nginx
1791479268     33    203691    0.00    0.00    0.00    0.00    0.00     2      0.00      0.00   60028   13864   0.17      0.00      0.00      0.00       0  nginx
1791479268     33    203692    0.00    0.00    0.00    0.00    0.00     1      0.00      0.00   59496   13224   0.16      0.00      0.00      0.00       0  nginx
1791479268     33    203693    1.00    1.00    0.00    0.00    2.00     2      0.00      0.00   61936   15700   0.19      0.00    112.00    100.00       0  nginx
1791479268    112    244183    3.00    2.00    0.00    0.00    5.00     2     24.00      0.00 2839824  485536   5.98      0.00   3976.00      0.00       0  mysqld
1791479268    113    244271    0.00    0.00    0.00    0.00    0.00     2      0.00      0.00  682592   58036   0.71      0.00      0.00      0.00       0  pdns_server
1791479268   1100    244272    3.00    2.00    0.00    0.00    5.00     1    199.00      0.00 1753396   13660   0.17      0.00      0.00      0.00       0  isupipe

# Time        UID       PID    %usr %system  %guest   %wait    %CPU   CPU  minflt/s  majflt/s     VSZ     RSS   %MEM   kB_rd/s   kB_wr/s kB_ccwr/s iodelay  Command
1791479269      0     17311    0.00    0.00    0.00    0.00    0.00     2      0.00      0.00   56816   12524   0.15      0.00      0.00      0.00       0  nginx
1791479269     33    203690    0.00    0.00    0.00    0.00    0.00     3      0.00      0.00   58824   12552   0.15      0.00      0.00      0.00       0  nginx
1791479269     33    203691    0.00    0.00    0.00    0.00    0.00     2      0.00      0.00   60028   13864   0.17      0.00      0.00      0.00       0  nginx
1791479269     33    203692    0.00    0.00    0.00    0.00    0.00     1      0.00      0.00   59496   13224   0.16      0.00      0.00      0.00       0  nginx
1791479269     33    203693    0.00    0.00    0.00    0.00    0.00     2      0.00      0.00   61936   15700   0.19      0.00      0.00      0.00       0  nginx
1791479269    112    244183    0.00    0.99    0.00    0.00    0.99     2      0.00      0.00 2839824  485536   5.98      0.00   1837.62      0.00       0  mysqld
1791479269    113    244271    0.00    0.00    0.00    0.00    0.00     2      0.00      0.00  682592   58036   0.71      0.00      0.00      0.00       0  pdns_server
1791479269   1100    244272    0.00    0.00    0.00    0.00    0.00     2      0.00      0.00 1753396   13480   0.17      0.00      0.00      0.00       0  isupipe

# Time        UID       PID    %usr %system  %guest   %wait    %CPU   CPU  minflt/s  majflt/s     VSZ     RSS   %MEM   kB_rd/s   kB_wr/s kB_ccwr/s iodelay  Command
1791479270      0     17311    0.00    0.00    0.00    0.00    0.00     2      0.00      0.00   56816   12524   0.15      0.00      0.00      0.00       0  nginx
1791479270     33    203690    0.00    0.00    0.00    0.00    0.00     3      0.00      0.00   58824   12552   0.15      0.00      0.00      0.00       0  nginx
1791479270     33    203691    1.00    4.00    0.00    2.00    5.00     2    179.00      0.00   60028   13904   0.17      0.00    336.00    300.00       0  nginx
1791479270     33    203692    0.00    0.00    0.00    0.00    0.00     3    178.00      0.00   59496   13252   0.16      0.00      4.00      0.00       0  nginx
1791479270     33    203693    6.00    9.00    0.00    4.00   15.00     3      0.00      0.00   61936   15700   0.19      0.00   1412.00   1240.00       0  nginx
1791479270    112    244183   45.00   22.00    0.00    1.00   67.00     3  10767.00      0.00 2851772  527360   6.50      0.00   8104.00      0.00       0  mysqld
1791479270    113    244271   10.00    9.00    0.00    0.00   19.00     2     37.00      0.00  682592   58036   0.71      0.00      0.00      0.00       0  pdns_server
1791479270   1100    244272   22.00   15.00    0.00    6.00   37.00     2   1648.00      0.00 2048820   15384   0.19      0.00      0.00      0.00       0  isupipe

# Time        UID       PID    %usr %system  %guest   %wait    %CPU   CPU  minflt/s  majflt/s     VSZ     RSS   %MEM   kB_rd/s   kB_wr/s kB_ccwr/s iodelay  Command
1791479271      0     17311    0.00    0.00    0.00    0.00    0.00     2      0.00      0.00   56816   12524   0.15      0.00      0.00      0.00       0  nginx
1791479271     33    203690    1.00    0.00    0.00    1.00    1.00     1    171.00      0.00   58824   12664   0.16      0.00     96.00     92.00       0  nginx
1791479271     33    203691    8.00   10.00    0.00   21.00   18.00     0      3.00      0.00   60028   13904   0.17      0.00    488.00    272.00       0  nginx
1791479271     33    203692    3.00    2.00    0.00    3.00    5.00     1      4.00      0.00   59496   13252   0.16      0.00    172.00    164.00       0  nginx
1791479271     33    203693    7.00   17.00    0.00   27.00   24.00     3      0.00      0.00   61936   15700   0.19      0.00   1636.00   1572.00       0  nginx
1791479271    112    244183   74.00   29.00    0.00    1.00  103.00     2   1716.00      0.00 2858004  532524   6.56      0.00  11972.00      0.00       0  mysqld
1791479271    113    244271   11.00   14.00    0.00    0.00   25.00     2     52.00      0.00  682592   58296   0.72      0.00      0.00      0.00       0  pdns_server
1791479271   1100    244272   35.00   34.00    0.00   22.00   69.00     1   3751.00      0.00 2122612   16268   0.20      0.00      0.00      0.00       0  isupipe

# Time        UID       PID    %usr %system  %guest   %wait    %CPU   CPU  minflt/s  majflt/s     VSZ     RSS   %MEM   kB_rd/s   kB_wr/s kB_ccwr/s iodelay  Command
1791479272      0     17311    0.00    0.00    0.00    0.00    0.00     2      0.00      0.00   56816   12524   0.15      0.00      0.00      0.00       0  nginx
1791479272     33    203690    1.00    1.00    0.00    4.00    2.00     1      0.00      0.00   58824   12664   0.16      0.00    332.00    332.00       0  nginx
1791479272     33    203691    3.00    9.00    0.00   25.00   12.00     1      0.00      0.00   60028   13904   0.17      0.00    676.00    668.00       0  nginx
1791479272     33    203692    5.00    6.00    0.00   13.00   11.00     1      0.00      0.00   59496   13252   0.16      0.00    388.00    344.00       0  nginx
1791479272     33    203693    8.00   13.00    0.00   35.00   21.00     1      2.00      0.00   61936   15700   0.19      0.00    776.00    476.00       0  nginx
1791479272    112    244183   75.00   32.00    0.00    1.00  107.00     2    675.00      0.00 2861088  535504   6.60      0.00   9120.00      0.00       0  mysqld
1791479272    113    244271   13.00   17.00    0.00    0.00   30.00     2     63.00      0.00  682592   58928   0.73      0.00      0.00      0.00       0  pdns_server
1791479272   1100    244272   37.00   35.00    0.00    0.00   72.00     1   2465.00      0.00 2122612   16196   0.20      0.00      0.00      0.00       0  isupipe

# Time        UID       PID    %usr %system  %guest   %wait    %CPU   CPU  minflt/s  majflt/s     VSZ     RSS   %MEM   kB_rd/s   kB_wr/s kB_ccwr/s iodelay  Command
1791479273      0     17311    0.00    0.00    0.00    0.00    0.00     2      0.00      0.00   56816   12524   0.15      0.00      0.00      0.00       0  nginx
1791479273     33    203690    2.00    3.00    0.00    9.00    5.00     1      2.00      0.00   58824   12664   0.16      0.00    580.00    564.00       0  nginx
1791479273     33    203691    3.00   11.00    0.00   36.00   14.00     1      0.00      0.00   60028   13904   0.17      0.00    264.00    144.00       0  nginx
1791479273     33    203692    3.00    7.00    0.00   20.00   10.00     1      1.00      0.00   59496   13252   0.16      0.00    600.00    520.00       0  nginx
1791479273     33    203693    5.00   12.00    0.00   41.00   17.00     1      0.00      0.00   61936   15700   0.19      0.00   1188.00   1184.00       0  nginx
1791479273    112    244183   81.00   30.00    0.00    0.00  111.00     2    471.00      0.00 2861088  536824   6.61      0.00   7732.00      0.00       0  mysqld
1791479273    113    244271   18.00   15.00    0.00    0.00   33.00     2     80.00      0.00  682592   59712   0.74      0.00      0.00      0.00       0  pdns_server
1791479273   1100    244272   41.00   21.00    0.00    0.00   62.00     1   2893.00      0.00 2122612   17824   0.22      0.00      0.00      0.00       0  isupipe

# Time        UID       PID    %usr %system  %guest   %wait    %CPU   CPU  minflt/s  majflt/s     VSZ     RSS   %MEM   kB_rd/s   kB_wr/s kB_ccwr/s iodelay  Command
1791479274      0     17311    0.00    0.00    0.00    0.00    0.00     2      0.00      0.00   56816   12524   0.15      0.00      0.00      0.00       0  nginx
1791479274     33    203690    3.00    7.00    0.00   14.00   10.00     1      0.00      0.00   58824   12664   0.16      0.00    556.00    504.00       0  nginx
1791479274     33    203691    5.00    7.00    0.00   29.00   12.00     1      0.00      0.00   60028   13904   0.17      0.00    904.00    816.00       0  nginx
1791479274     33    203692    4.00    6.00    0.00   15.00   10.00     0      0.00      0.00   59496   13252   0.16      0.00    504.00    448.00       0  nginx
1791479274     33    203693    9.00   10.00    0.00   44.00   19.00     0      2.00      0.00   61936   15700   0.19      0.00    724.00    576.00       0  nginx
1791479274    112    244183   84.00   31.00    0.00    1.00  115.00     2   1272.00      0.00 2861088  540672   6.66      0.00  10116.00      0.00       0  mysqld
1791479274    113    244271   15.00   20.00    0.00    0.00   35.00     2     81.00      0.00  682592   59976   0.74      0.00      0.00      0.00       0  pdns_server
1791479274   1100    244272   40.00   27.00    0.00    7.00   67.00     0   2535.00      0.00 2122612   16844   0.21      0.00      0.00      0.00       0  isupipe

# Time        UID       PID    %usr %system  %guest   %wait    %CPU   CPU  minflt/s  majflt/s     VSZ     RSS   %MEM   kB_rd/s   kB_wr/s kB_ccwr/s iodelay  Command
1791479275      0     17311    0.00    0.00    0.00    0.00    0.00     2      0.00      0.00   56816   12524   0.15      0.00      0.00      0.00       0  nginx
1791479275     33    203690    1.00    4.00    0.00    8.00    5.00     1      0.00      0.00   58824   12664   0.16      0.00    124.00     84.00       0  nginx
1791479275     33    203691    6.00    6.00    0.00   22.00   12.00     1      2.00      0.00   60028   13904   0.17      0.00    748.00    676.00       0  nginx
1791479275     33    203692    3.00    8.00    0.00   18.00   11.00     1      0.00      0.00   59496   13252   0.16      0.00    336.00    268.00       0  nginx
1791479275     33    203693    6.00   13.00    0.00   38.00   19.00     1      0.00      0.00   61936   15700   0.19      0.00   1228.00    952.00       0  nginx
1791479275    112    244183   85.00   33.00    0.00    0.00  118.00     0    513.00      0.00 2861088  542900   6.69      0.00   7636.00      0.00       0  mysqld
1791479275    113    244271   18.00   20.00    0.00    0.00   38.00     2     89.00      0.00  682592   60240   0.74      0.00      0.00      0.00       0  pdns_server
1791479275   1100    244272   39.00   24.00    0.00   39.00   63.00     2   2284.00      0.00 2122612   17792   0.22      0.00      0.00      0.00       0  isupipe

# Time        UID       PID    %usr %system  %guest   %wait    %CPU   CPU  minflt/s  majflt/s     VSZ     RSS   %MEM   kB_rd/s   kB_wr/s kB_ccwr/s iodelay  Command
1791479276      0     17311    0.00    0.00    0.00    0.00    0.00     2      0.00      0.00   56816   12524   0.15      0.00      0.00      0.00       0  nginx
1791479276     33    203690    3.00    6.00    0.00   14.00    9.00     1      0.00      0.00   58824   12664   0.16      0.00    156.00    116.00       0  nginx
1791479276     33    203691    6.00    6.00    0.00   22.00   12.00     1      0.00      0.00   60028   13904   0.17      0.00    836.00    764.00       0  nginx
1791479276     33    203692    5.00    6.00    0.00   21.00   11.00     1      0.00      0.00   59496   13252   0.16      0.00    736.00    656.00       0  nginx
1791479276     33    203693    8.00    9.00    0.00   34.00   17.00     1      0.00      0.00   61936   15700   0.19      0.00    816.00    820.00       0  nginx
1791479276    112    244183   94.00   31.00    0.00    0.00  125.00     0    821.00      0.00 2861088  545124   6.71      0.00  13212.00      0.00       0  mysqld
1791479276    113    244271   20.00   24.00    0.00    0.00   44.00     2    104.00      0.00  682592   60504   0.75      0.00      0.00      0.00       0  pdns_server
1791479276   1100    244272   42.00   23.00    0.00   28.00   65.00     3   3012.00      0.00 2122612   17196   0.21      0.00      0.00      0.00       0  isupipe

# Time        UID       PID    %usr %system  %guest   %wait    %CPU   CPU  minflt/s  majflt/s     VSZ     RSS   %MEM   kB_rd/s   kB_wr/s kB_ccwr/s iodelay  Command
1791479277      0     17311    0.00    0.00    0.00    0.00    0.00     2      0.00      0.00   56816   12524   0.15      0.00      0.00      0.00       0  nginx
1791479277     33    203690    2.00    8.00    0.00   22.00   10.00     1      0.00      0.00   58824   12664   0.16      0.00    136.00     68.00       0  nginx
1791479277     33    203691    7.00    6.00    0.00   22.00   13.00     0      0.00      0.00   60028   13904   0.17      0.00   1152.00   1100.00       0  nginx
1791479277     33    203692    5.00    7.00    0.00   22.00   12.00     0      0.00      0.00   59496   13252   0.16      0.00    168.00     76.00       0  nginx
1791479277     33    203693    7.00   12.00    0.00   38.00   19.00     2      3.00      0.00   61936   15700   0.19      0.00   1008.00    864.00       0  nginx
1791479277    112    244183   84.00   41.00    0.00    0.00  125.00     3    637.00      0.00 2861088  547932   6.75      0.00   6932.00      0.00       0  mysqld
1791479277    113    244271   22.00   18.00    0.00    0.00   40.00     2    101.00      0.00  682592   60768   0.75      0.00      0.00      0.00       0  pdns_server
1791479277   1100    244272   46.00   21.00    0.00   30.00   67.00     2   2458.00      0.00 2122612   18740   0.23      0.00      0.00      0.00       0  isupipe

# Time        UID       PID    %usr %system  %guest   %wait    %CPU   CPU  minflt/s  majflt/s     VSZ     RSS   %MEM   kB_rd/s   kB_wr/s kB_ccwr/s iodelay  Command
1791479278      0     17311    0.00    0.00    0.00    0.00    0.00     2      0.00      0.00   56816   12524   0.15      0.00      0.00      0.00       0  nginx
1791479278     33    203690    3.00    4.00    0.00    8.00    7.00     1      1.00      0.00   58824   12664   0.16      0.00    296.00    264.00       0  nginx
1791479278     33    203691    5.00    8.00    0.00   23.00   13.00     1      1.00      0.00   60028   13904   0.17      0.00    956.00    848.00       0  nginx
1791479278     33    203692    3.00    8.00    0.00   20.00   11.00     1      0.00      0.00   59496   13252   0.16      0.00    392.00    340.00       0  nginx
1791479278     33    203693    9.00   14.00    0.00   32.00   23.00     2      0.00      0.00   61936   15700   0.19      0.00    852.00    680.00       0  nginx
1791479278    112    244183   88.00   37.00    0.00    1.00  125.00     0    436.00      0.00 2861088  549224   6.77      0.00   6976.00      0.00       0  mysqld
1791479278    113    244271   15.00   22.00    0.00    0.00   37.00     2     89.00      0.00  682592   61032   0.75      0.00      0.00      0.00       0  pdns_server
1791479278   1100    244272   41.00   27.00    0.00   36.00   68.00     2   2224.00      0.00 2122612   17916   0.22      0.00      0.00      0.00       0  isupipe

# Time        UID       PID    %usr %system  %guest   %wait    %CPU   CPU  minflt/s  majflt/s     VSZ     RSS   %MEM   kB_rd/s   kB_wr/s kB_ccwr/s iodelay  Command
1791479279      0     17311    0.00    0.00    0.00    0.00    0.00     2      0.00      0.00   56816   12524   0.15      0.00      0.00      0.00       0  nginx
1791479279     33    203690    3.00    7.00    0.00   16.00   10.00     1      0.00      0.00   58824   12664   0.16      0.00    412.00    288.00       0  nginx
1791479279     33    203691    2.00   12.00    0.00   38.00   14.00     1      0.00      0.00   60028   13904   0.17      0.00    772.00    464.00       0  nginx
1791479279     33    203692    6.00    6.00    0.00   23.00   12.00     3      0.00      0.00   59496   13252   0.16      0.00    268.00    196.00       0  nginx
1791479279     33    203693    6.00   13.00    0.00   41.00   19.00     2      0.00      0.00   61936   15700   0.19      0.00   1216.00   1072.00       0  nginx
1791479279    112    244183   80.00   39.00    0.00    0.00  119.00     0    552.00      0.00 2861088  551568   6.79      0.00  12380.00      0.00       0  mysqld
1791479279    113    244271   21.00   19.00    0.00    0.00   40.00     2    109.00      0.00  682592   61296   0.76      0.00      0.00      0.00       0  pdns_server
1791479279   1100    244272   47.00   27.00    0.00   18.00   74.00     3   2957.00      0.00 2122612   19836   0.24      0.00      0.00      0.00       0  isupipe

# Time        UID       PID    %usr %system  %guest   %wait    %CPU   CPU  minflt/s  majflt/s     VSZ     RSS   %MEM   kB_rd/s   kB_wr/s kB_ccwr/s iodelay  Command
1791479280      0     17311    0.00    0.00    0.00    0.00    0.00     2      0.00      0.00   56816   12524   0.15      0.00      0.00      0.00       0  nginx
1791479280     33    203690    1.00    4.00    0.00    5.00    5.00     1      0.00      0.00   58824   12664   0.16      0.00    208.00    260.00       0  nginx
1791479280     33    203691    5.00   11.00    0.00   24.00   16.00     1      0.00      0.00   60028   13904   0.17      0.00    520.00    592.00       0  nginx
1791479280     33    203692    3.00    8.00    0.00   13.00   11.00     1      0.00      0.00   59496   13252   0.16      0.00    456.00    336.00       0  nginx
1791479280     33    203693    8.00   18.00    0.00   34.00   26.00     1      0.00      0.00   61936   15700   0.19      0.00    716.00    504.00       0  nginx
1791479280    112    244183   77.00   38.00    0.00    0.00  115.00     0    252.00      0.00 2861088  552576   6.81      0.00   7220.00      0.00       0  mysqld
1791479280    113    244271   15.00   19.00    0.00    0.00   34.00     2     78.00      0.00  682592   61560   0.76      0.00      0.00      0.00       0  pdns_server
1791479280   1100    244272   44.00   25.00    0.00   41.00   69.00     2   1671.00      0.00 2122612   20176   0.25      0.00      0.00      0.00       0  isupipe

# Time        UID       PID    %usr %system  %guest   %wait    %CPU   CPU  minflt/s  majflt/s     VSZ     RSS   %MEM   kB_rd/s   kB_wr/s kB_ccwr/s iodelay  Command
1791479281      0     17311    0.00    0.00    0.00    0.00    0.00     2      0.00      0.00   56816   12524   0.15      0.00      0.00      0.00       0  nginx
1791479281     33    203690    4.00    6.00    0.00   15.00   10.00     1      0.00      0.00   58824   12664   0.16      0.00    292.00    240.00       0  nginx
1791479281     33    203691    6.00    9.00    0.00   35.00   15.00     1      0.00      0.00   60028   13904   0.17      0.00    388.00    272.00       0  nginx
1791479281     33    203692    4.00    6.00    0.00   23.00   10.00     1      1.00      0.00   59496   13252   0.16      0.00    340.00    356.00       0  nginx
1791479281     33    203693    8.00   10.00    0.00   42.00   18.00     1      0.00      0.00   61936   15700   0.19      0.00    948.00    728.00       0  nginx
1791479281    112    244183   92.00   38.00    0.00    2.00  130.00     0    363.00      0.00 2861088  553608   6.82      0.00   6940.00      0.00       0  mysqld
1791479281    113    244271   20.00   25.00    0.00    0.00   45.00     2     60.00      0.00  682592   62352   0.77      0.00      0.00      0.00       0  pdns_server
1791479281   1100    244272   40.00   23.00    0.00    5.00   63.00     2   1732.00      0.00 2122612   19484   0.24      0.00      0.00      0.00       0  isupipe

# Time        UID       PID    %usr %system  %guest   %wait    %CPU   CPU  minflt/s  majflt/s     VSZ     RSS   %MEM   kB_rd/s   kB_wr/s kB_ccwr/s iodelay  Command
1791479282      0     17311    0.00    0.00    0.00    0.00    0.00     2      0.00      0.00   56816   12524   0.15      0.00      0.00      0.00       0  nginx
1791479282     33    203690    4.00   11.00    0.00   21.00   15.00     1      0.00      0.00   58824   12664   0.16      0.00    348.00    236.00       0  nginx
1791479282     33    203691    3.00    9.00    0.00   28.00   12.00     1      0.00      0.00   60028   13904   0.17      0.00    580.00    476.00       0  nginx
1791479282     33    203692    4.00    8.00    0.00   25.00   12.00     2      1.00      0.00   59496   13252   0.16      0.00    328.00    272.00       0  nginx
1791479282     33    203693    9.00   10.00    0.00   38.00   19.00     0      1.00      0.00   61936   15700   0.19      0.00    644.00    576.00       0  nginx
1791479282    112    244183   93.00   35.00    0.00    0.00  128.00     0    433.00      0.00 2861088  555348   6.84      0.00  15144.00      0.00       0  mysqld
1791479282    113    244271   22.00   22.00    0.00    0.00   44.00     2     24.00      0.00  682592   62352   0.77      0.00      0.00      0.00       0  pdns_server
1791479282   1100    244272   38.00   26.00    0.00   24.00   64.00     0   1942.00      0.00 2122868   19696   0.24      0.00      0.00      0.00       0  isupipe

# Time        UID       PID    %usr %system  %guest   %wait    %CPU   CPU  minflt/s  majflt/s     VSZ     RSS   %MEM   kB_rd/s   kB_wr/s kB_ccwr/s iodelay  Command
1791479283      0     17311    0.00    0.00    0.00    0.00    0.00     2      0.00      0.00   56816   12524   0.15      0.00      0.00      0.00       0  nginx
1791479283     33    203690    2.00    4.00    0.00   13.00    6.00     1      0.00      0.00   58824   12664   0.16      0.00    424.00    380.00       0  nginx
1791479283     33    203691    6.00    8.00    0.00   29.00   14.00     1      0.00      0.00   60028   13904   0.17      0.00    324.00    200.00       0  nginx
1791479283     33    203692    4.00    7.00    0.00   14.00   11.00     1      2.00      0.00   59496   13252   0.16      0.00    572.00    532.00       0  nginx
1791479283     33    203693   10.00    8.00    0.00   36.00   18.00     1      0.00      0.00   61936   15700   0.19      0.00    692.00    632.00       0  nginx
1791479283    112    244183   88.00   35.00    0.00    0.00  123.00     0    308.00      0.00 2861088  556928   6.86      0.00   7300.00      0.00       0  mysqld
1791479283    113    244271   21.00   18.00    0.00    0.00   39.00     2     21.00      0.00  682592   62352   0.77      0.00      0.00      0.00       0  pdns_server
1791479283   1100    244272   42.00   23.00    0.00   23.00   65.00     0   1621.00      0.00 2122868   19300   0.24      0.00      0.00      0.00       0  isupipe

# Time        UID       PID    %usr %system  %guest   %wait    %CPU   CPU  minflt/s  majflt/s     VSZ     RSS   %MEM   kB_rd/s   kB_wr/s kB_ccwr/s iodelay  Command
1791479284      0     17311    0.00    0.00    0.00    0.00    0.00     2      0.00      0.00   56816   12524   0.15      0.00      0.00      0.00       0  nginx
1791479284     33    203690    2.00    5.00    0.00    7.00    7.00     1      0.00      0.00   58824   12664   0.16      0.00    284.00    272.00       0  nginx
1791479284     33    203691    6.00    8.00    0.00   20.00   14.00     1      0.00      0.00   60028   13904   0.17      0.00    844.00    744.00       0  nginx
1791479284     33    203692    4.00    8.00    0.00   16.00   12.00     1      0.00      0.00   59496   13252   0.16      0.00    356.00    268.00       0  nginx
1791479284     33    203693    7.00   15.00    0.00   34.00   22.00     1      0.00      0.00   61936   15700   0.19      0.00   1012.00    852.00       0  nginx
1791479284    112    244183   83.00   42.00    0.00    1.00  125.00     0    947.00      0.00 2861088  559764   6.89      0.00  11060.00      0.00       0  mysqld
1791479284    113    244271   19.00   24.00    0.00    0.00   43.00     2     25.00      0.00  682592   62616   0.77      0.00      0.00      0.00       0  pdns_server
1791479284   1100    244272   45.00   26.00    0.00   31.00   71.00     0   2795.00      0.00 2196660   19896   0.25      0.00      0.00      0.00       0  isupipe

# Time        UID       PID    %usr %system  %guest   %wait    %CPU   CPU  minflt/s  majflt/s     VSZ     RSS   %MEM   kB_rd/s   kB_wr/s kB_ccwr/s iodelay  Command
1791479285      0     17311    0.00    0.00    0.00    0.00    0.00     2      0.00      0.00   56816   12524   0.15      0.00      0.00      0.00       0  nginx
1791479285     33    203690    2.00    6.00    0.00   11.00    8.00     1      1.00      0.00   58824   12664   0.16      0.00    444.00    408.00       0  nginx
1791479285     33    203691    8.00    8.00    0.00   29.00   16.00     1      0.00      0.00   60028   13904   0.17      0.00    576.00    484.00       0  nginx
1791479285     33    203692    3.00    9.00    0.00   21.00   12.00     1      0.00      0.00   59496   13252   0.16      0.00    260.00    168.00       0  nginx
1791479285     33    203693    7.00   12.00    0.00   46.00   19.00     1      0.00      0.00   61936   15700   0.19      0.00   1040.00    896.00       0  nginx
1791479285    112    244183   91.00   38.00    0.00    1.00  129.00     0    415.00      0.00 2861088  561544   6.92      0.00   9228.00      0.00       0  mysqld
1791479285    113    244271   19.00   29.00    0.00    0.00   48.00     2     23.00      0.00  682592   62616   0.77      0.00      0.00      0.00       0  pdns_server
1791479285   1100    244272   35.00   26.00    0.00   19.00   61.00     3   1574.00      0.00 2196660   19608   0.24      0.00      0.00      0.00       0  isupipe

# Time        UID       PID    %usr %system  %guest   %wait    %CPU   CPU  minflt/s  majflt/s     VSZ     RSS   %MEM   kB_rd/s   kB_wr/s kB_ccwr/s iodelay  Command
1791479286      0     17311    0.00    0.00    0.00    0.00    0.00     2      0.00      0.00   56816   12524   0.15      0.00      0.00      0.00       0  nginx
1791479286     33    203690    5.00    7.00    0.00   18.00   12.00     1      0.00      0.00   58824   12664   0.16      0.00    136.00     68.00       0  nginx
1791479286     33    203691    5.00    8.00    0.00   27.00   13.00     1      0.00      0.00   60028   13904   0.17      0.00   1004.00    948.00       0  nginx
1791479286     33    203692    4.00    7.00    0.00   17.00   11.00     1      0.00      0.00   59496   13252   0.16      0.00    356.00    284.00       0  nginx
1791479286     33    203693    9.00   10.00    0.00   41.00   19.00     2      0.00      0.00   61936   15700   0.19      0.00    632.00    352.00       0  nginx
1791479286    112    244183   93.00   38.00    0.00    1.00  131.00     0    542.00      0.00 2861088  563044   6.94      0.00  13328.00      0.00       0  mysqld
1791479286    113    244271   20.00   22.00    0.00    0.00   42.00     2     24.00      0.00  682592   62616   0.77      0.00      0.00      0.00       0  pdns_server
1791479286   1100    244272   40.00   25.00    0.00   23.00   65.00     2   1299.00      0.00 2196916   20452   0.25      0.00      0.00      0.00       0  isupipe

# Time        UID       PID    %usr %system  %guest   %wait    %CPU   CPU  minflt/s  majflt/s     VSZ     RSS   %MEM   kB_rd/s   kB_wr/s kB_ccwr/s iodelay  Command
1791479287      0     17311    0.00    0.00    0.00    0.00    0.00     2      0.00      0.00   56816   12524   0.15      0.00      0.00      0.00       0  nginx
1791479287     33    203690    3.00    5.00    0.00   13.00    8.00     1      0.00      0.00   58824   12664   0.16      0.00    412.00    372.00       0  nginx
1791479287     33    203691    4.00    9.00    0.00   32.00   13.00     0      0.00      0.00   60028   13904   0.17      0.00    468.00    384.00       0  nginx
1791479287     33    203692    4.00    7.00    0.00   19.00   11.00     1      1.00      0.00   59496   13252   0.16      0.00    468.00    412.00       0  nginx
1791479287     33    203693    7.00   14.00    0.00   41.00   21.00     2      0.00      0.00   61936   15700   0.19      0.00    816.00    688.00       0  nginx
1791479287    112    244183   82.00   39.00    0.00    0.00  121.00     0    362.00      0.00 2861088  564360   6.95      0.00   7280.00      0.00       0  mysqld
1791479287    113    244271   24.00   19.00    0.00    0.00   43.00     2     20.00      0.00  682592   62880   0.77      0.00      0.00      0.00       0  pdns_server
1791479287   1100    244272   36.00   27.00    0.00   22.00   63.00     2   1225.00      0.00 2196916   19556   0.24      0.00      0.00      0.00       0  isupipe

# Time        UID       PID    %usr %system  %guest   %wait    %CPU   CPU  minflt/s  majflt/s     VSZ     RSS   %MEM   kB_rd/s   kB_wr/s kB_ccwr/s iodelay  Command
1791479288      0     17311    0.00    0.00    0.00    0.00    0.00     2      0.00      0.00   56816   12524   0.15      0.00      0.00      0.00       0  nginx
1791479288     33    203690    6.00    5.00    0.00   17.00   11.00     2      0.00      0.00   58824   12664   0.16      0.00    500.00    456.00       0  nginx
1791479288     33    203691    5.00   10.00    0.00   32.00   15.00     1      0.00      0.00   60028   13904   0.17      0.00    340.00    240.00       0  nginx
1791479288     33    203692    4.00    7.00    0.00   17.00   11.00     3      0.00      0.00   59496   13252   0.16      0.00    408.00    328.00       0  nginx
1791479288     33    203693    8.00    7.00    0.00   34.00   15.00     1      0.00      0.00   61936   15700   0.19      0.00    860.00    820.00       0  nginx
1791479288    112    244183   95.00   41.00    0.00    1.00  136.00     0    363.00      0.00 2861088  565648   6.97      0.00  16320.00      0.00       0  mysqld
1791479288    113    244271   25.00   24.00    0.00    0.00   49.00     2     29.00      0.00  682592   62880   0.77      0.00      0.00      0.00       0  pdns_server
1791479288   1100    244272   36.00   28.00    0.00   40.00   64.00     3   1819.00      0.00 2196916   20644   0.25      0.00      0.00      0.00       0  isupipe

# Time        UID       PID    %usr %system  %guest   %wait    %CPU   CPU  minflt/s  majflt/s     VSZ     RSS   %MEM   kB_rd/s   kB_wr/s kB_ccwr/s iodelay  Command
1791479289      0     17311    0.00    0.00    0.00    0.00    0.00     2      0.00      0.00   56816   12524   0.15      0.00      0.00      0.00       0  nginx
1791479289     33    203690    4.00    6.00    0.00   23.00   10.00     1      0.00      0.00   58824   12664   0.16      0.00    416.00    356.00       0  nginx
1791479289     33    203691    6.00    8.00    0.00   29.00   14.00     1      0.00      0.00   60028   13904   0.17      0.00    400.00    340.00       0  nginx
1791479289     33    203692    2.00    8.00    0.00   17.00   10.00     1      0.00      0.00   59496   13252   0.16      0.00    296.00    244.00       0  nginx
1791479289     33    203693    7.00   12.00    0.00   40.00   19.00     3      0.00      0.00   61936   15700   0.19      0.00   1088.00    840.00       0  nginx
1791479289    112    244183   89.00   42.00    0.00    0.00  131.00     0    366.00      0.00 2861088  567464   6.99      0.00  18612.00      0.00       0  mysqld
1791479289    113    244271   20.00   22.00    0.00    0.00   42.00     2     10.00      0.00  682592   62880   0.77      0.00      0.00      0.00       0  pdns_server
1791479289   1100    244272   40.00   23.00    0.00   24.00   63.00     0   2275.00      0.00 2196916   19500   0.24      0.00      0.00      0.00       0  isupipe

# Time        UID       PID    %usr %system  %guest   %wait    %CPU   CPU  minflt/s  majflt/s     VSZ     RSS   %MEM   kB_rd/s   kB_wr/s kB_ccwr/s iodelay  Command
1791479290      0     17311    0.00    0.00    0.00    0.00    0.00     2      0.00      0.00   56816   12524   0.15      0.00      0.00      0.00       0  nginx
1791479290     33    203690    2.00    5.00    0.00    4.00    7.00     1      0.00      0.00   58824   12664   0.16      0.00    168.00    116.00       0  nginx
1791479290     33    203691    3.00    8.00    0.00   13.00   11.00     1      0.00      0.00   60028   13904   0.17      0.00    492.00    432.00       0  nginx
1791479290     33    203692    1.00    7.00    0.00    6.00    8.00     1      0.00      0.00   59496   13252   0.16      0.00    316.00    272.00       0  nginx
1791479290     33    203693   11.00   12.00    0.00   20.00   23.00     2      0.00      0.00   61936   15700   0.19      0.00    704.00    532.00       0  nginx
1791479290    112    244183  100.00   35.00    0.00    1.00  135.00     0    297.00      0.00 2861088  568244   7.00      0.00  10656.00      0.00       0  mysqld
1791479290    113    244271   25.00   26.00    0.00    0.00   51.00     2      9.00      0.00  682592   62880   0.77      0.00      0.00      0.00       0  pdns_server
1791479290   1100    244272   43.00   24.00    0.00   31.00   67.00     2   1762.00      0.00 2197172   19416   0.24      0.00      0.00      0.00       0  isupipe

# Time        UID       PID    %usr %system  %guest   %wait    %CPU   CPU  minflt/s  majflt/s     VSZ     RSS   %MEM   kB_rd/s   kB_wr/s kB_ccwr/s iodelay  Command
1791479291      0     17311    0.00    0.00    0.00    0.00    0.00     2      0.00      0.00   56816   12524   0.15      0.00      0.00      0.00       0  nginx
1791479291     33    203690    1.00    2.00    0.00    4.00    3.00     1      0.00      0.00   58824   12664   0.16      0.00      8.00      0.00       0  nginx
1791479291     33    203691    5.00    8.00    0.00   18.00   13.00     0      0.00      0.00   60028   13904   0.17      0.00    496.00    412.00       0  nginx
1791479291     33    203692    4.00    3.00    0.00    8.00    7.00     1      0.00      0.00   59496   13252   0.16      0.00    464.00    440.00       0  nginx
1791479291     33    203693   10.00   14.00    0.00   29.00   24.00     1      0.00      0.00   61936   15700   0.19      0.00   1004.00    868.00       0  nginx
1791479291    112    244183   93.00   41.00    0.00    0.00  134.00     3    371.00      0.00 2861088  569808   7.02      0.00   6052.00      0.00       0  mysqld
1791479291    113    244271   27.00   26.00    0.00    0.00   53.00     2      8.00      0.00  682592   62880   0.77      0.00      0.00      0.00       0  pdns_server
1791479291   1100    244272   42.00   23.00    0.00   41.00   65.00     0   1587.00      0.00 2197172   20780   0.26      0.00      0.00      0.00       0  isupipe

# Time        UID       PID    %usr %system  %guest   %wait    %CPU   CPU  minflt/s  majflt/s     VSZ     RSS   %MEM   kB_rd/s   kB_wr/s kB_ccwr/s iodelay  Command
1791479292      0     17311    0.00    0.00    0.00    0.00    0.00     2      0.00      0.00   56816   12524   0.15      0.00      0.00      0.00       0  nginx
1791479292     33    203690    3.96    0.99    0.00   10.89    4.95     1      0.00      0.00   58824   12664   0.16      0.00    403.96    285.15       0  nginx
1791479292     33    203691    6.93    6.93    0.00   26.73   13.86     1      0.00      0.00   60028   13904   0.17      0.00    447.52    356.44       0  nginx
1791479292     33    203692    4.95    5.94    0.00   16.83   10.89     1      0.00      0.00   59496   13252   0.16      0.00    396.04    332.67       0  nginx
1791479292     33    203693    8.91   11.88    0.00   39.60   20.79     1      0.00      0.00   61936   15700   0.19      0.00    665.35    538.61       0  nginx
1791479292    112    244183   83.17   36.63    0.00    0.00  119.80     0    376.24      0.00 2861088  571388   7.04      0.00   6186.14      0.00       0  mysqld
1791479292    113    244271   19.80   20.79    0.00    0.00   40.59     2      7.92      0.00  682592   63144   0.78      0.00      0.00      0.00       0  pdns_server
1791479292   1100    244272   35.64   27.72    0.00   12.87   63.37     2   1910.89      0.00 2197172   20136   0.25      0.00      0.00      0.00       0  isupipe

# Time        UID       PID    %usr %system  %guest   %wait    %CPU   CPU  minflt/s  majflt/s     VSZ     RSS   %MEM   kB_rd/s   kB_wr/s kB_ccwr/s iodelay  Command
1791479293      0     17311    0.00    0.00    0.00    0.00    0.00     2      0.00      0.00   56816   12524   0.15      0.00      0.00      0.00       0  nginx
1791479293     33    203690    4.00    6.00    0.00   19.00   10.00     1      0.00      0.00   58824   12664   0.16      0.00     44.00     92.00       0  nginx
1791479293     33    203691    4.00   10.00    0.00   29.00   14.00     1      1.00      0.00   60028   13904   0.17      0.00    468.00    392.00       0  nginx
1791479293     33    203692    4.00    7.00    0.00   25.00   11.00     1      0.00      0.00   59496   13252   0.16      0.00    208.00    152.00       0  nginx
1791479293     33    203693    8.00   10.00    0.00   40.00   18.00     0      0.00      0.00   61936   15700   0.19      0.00    976.00    828.00       0  nginx
1791479293    112    244183   86.00   39.00    0.00    2.00  125.00     0    498.00      0.00 2861088  573176   7.06      0.00  15308.00      0.00       0  mysqld
1791479293    113    244271   19.00   21.00    0.00    0.00   40.00     2      8.00      0.00  682592   63144   0.78      0.00      0.00      0.00       0  pdns_server
1791479293   1100    244272   36.00   28.00    0.00   20.00   64.00     1   1457.00      0.00 2197172   19272   0.24      0.00      0.00      0.00       0  isupipe

# Time        UID       PID    %usr %system  %guest   %wait    %CPU   CPU  minflt/s  majflt/s     VSZ     RSS   %MEM   kB_rd/s   kB_wr/s kB_ccwr/s iodelay  Command
1791479294      0     17311    0.00    0.00    0.00    0.00    0.00     2      0.00      0.00   56816   12524   0.15      0.00      0.00      0.00       0  nginx
1791479294     33    203690    4.00    8.00    0.00   24.00   12.00     1      0.00      0.00   58824   12664   0.16      0.00    256.00    172.00       0  nginx
1791479294     33    203691    4.00    9.00    0.00   32.00   13.00     1      3.00      0.00   60028   13904   0.17      0.00    548.00    464.00       0  nginx
1791479294     33    203692    3.00    9.00    0.00   26.00   12.00     1      0.00      0.00   59496   13252   0.16      0.00    256.00    148.00       0  nginx
1791479294     33    203693    8.00    9.00    0.00   42.00   17.00     3      0.00      0.00   61936   15700   0.19      0.00   1008.00    940.00       0  nginx
1791479294    112    244183   88.00   31.00    0.00    0.00  119.00     0    535.00      0.00 2861088  575288   7.09      0.00  12380.00      0.00       0  mysqld
1791479294    113    244271   18.00   20.00    0.00    0.00   38.00     2      5.00      0.00  682592   63144   0.78      0.00      0.00      0.00       0  pdns_server
1791479294   1100    244272   40.00   27.00    0.00   17.00   67.00     3   1887.00      0.00 2197172   20284   0.25      0.00      0.00      0.00       0  isupipe

# Time        UID       PID    %usr %system  %guest   %wait    %CPU   CPU  minflt/s  majflt/s     VSZ     RSS   %MEM   kB_rd/s   kB_wr/s kB_ccwr/s iodelay  Command
1791479295      0     17311    0.00    0.00    0.00    0.00    0.00     2      0.00      0.00   56816   12524   0.15      0.00      0.00      0.00       0  nginx
1791479295     33    203690    4.00    5.00    0.00   10.00    9.00     1      0.00      0.00   58824   12664   0.16      0.00    624.00    568.00       0  nginx
1791479295     33    203691    4.00    8.00    0.00   27.00   12.00     1      0.00      0.00   60028   13904   0.17      0.00    364.00    292.00       0  nginx
1791479295     33    203692    4.00    7.00    0.00   24.00   11.00     2      0.00      0.00   59496   13252   0.16      0.00    480.00    400.00       0  nginx
1791479295     33    203693   10.00    9.00    0.00   32.00   19.00     0      0.00      0.00   61936   15700   0.19      0.00    704.00    596.00       0  nginx
1791479295    112    244183   92.00   38.00    0.00    1.00  130.00     0    581.00      0.00 2861088  576892   7.11      0.00  12260.00      0.00       0  mysqld
1791479295    113    244271   24.00   24.00    0.00    0.00   48.00     2     10.00      0.00  682592   63144   0.78      0.00      0.00      0.00       0  pdns_server
1791479295   1100    244272   38.00   24.00    0.00   36.00   62.00     2   1845.00      0.00 2197172   20120   0.25      0.00      0.00      0.00       0  isupipe

# Time        UID       PID    %usr %system  %guest   %wait    %CPU   CPU  minflt/s  majflt/s     VSZ     RSS   %MEM   kB_rd/s   kB_wr/s kB_ccwr/s iodelay  Command
1791479296      0     17311    0.00    0.00    0.00    0.00    0.00     2      0.00      0.00   56816   12524   0.15      0.00      0.00      0.00       0  nginx
1791479296     33    203690    2.00    5.00    0.00   11.00    7.00     1      0.00      0.00   58824   12664   0.16      0.00    300.00    260.00       0  nginx
1791479296     33    203691    5.00    8.00    0.00   28.00   13.00     1      0.00      0.00   60028   13904   0.17      0.00    340.00    268.00       0  nginx
1791479296     33    203692    3.00    7.00    0.00   15.00   10.00     1      0.00      0.00   59496   13252   0.16      0.00    304.00    244.00       0  nginx
1791479296     33    203693    6.00   17.00    0.00   39.00   23.00     1      2.00      0.00   61936   15700   0.19      0.00   1332.00   1128.00       0  nginx
1791479296    112    244183   92.00   38.00    0.00    0.00  130.00     0    394.00      0.00 2861088  578472   7.13      0.00   8568.00      0.00       0  mysqld
1791479296    113    244271   23.00   23.00    0.00    0.00   46.00     2      7.00      0.00  682592   63144   0.78      0.00      0.00      0.00       0  pdns_server
1791479296   1100    244272   37.00   23.00    0.00   22.00   60.00     3   1872.00      0.00 2197172   19776   0.24      0.00      0.00      0.00       0  isupipe

# Time        UID       PID    %usr %system  %guest   %wait    %CPU   CPU  minflt/s  majflt/s     VSZ     RSS   %MEM   kB_rd/s   kB_wr/s kB_ccwr/s iodelay  Command
1791479297      0     17311    0.00    0.00    0.00    0.00    0.00     2      0.00      0.00   56816   12524   0.15      0.00      0.00      0.00       0  nginx
1791479297     33    203690    2.00   11.00    0.00   28.00   13.00     1      5.00      0.00   58824   12664   0.16      0.00    128.00     80.00       0  nginx
1791479297     33    203691    6.00    7.00    0.00   31.00   13.00     1      0.00      0.00   60028   13904   0.17      0.00   1048.00    964.00       0  nginx
1791479297     33    203692    5.00    7.00    0.00   22.00   12.00     1      0.00      0.00   59496   13252   0.16      0.00    324.00    288.00       0  nginx
1791479297     33    203693    7.00   10.00    0.00   47.00   17.00     2      0.00      0.00   61936   15700   0.19      0.00    988.00    812.00       0  nginx
1791479297    112    244183   87.00   36.00    0.00    1.00  123.00     0    392.00      0.00 2861088  580056   7.14      0.00  12676.00      0.00       0  mysqld
1791479297    113    244271   23.00   23.00    0.00    0.00   46.00     2      6.00      0.00  682592   63144   0.78      0.00      0.00      0.00       0  pdns_server
1791479297   1100    244272   39.00   24.00    0.00    9.00   63.00     3   2009.00      0.00 2197172   20416   0.25      0.00      0.00      0.00       0  isupipe

# Time        UID       PID    %usr %system  %guest   %wait    %CPU   CPU  minflt/s  majflt/s     VSZ     RSS   %MEM   kB_rd/s   kB_wr/s kB_ccwr/s iodelay  Command
1791479298      0     17311    0.00    0.00    0.00    0.00    0.00     2      0.00      0.00   56816   12524   0.15      0.00      0.00      0.00       0  nginx
1791479298     33    203690    4.00    8.00    0.00   20.00   12.00     1      0.00      0.00   58824   12664   0.16      0.00    436.00    364.00       0  nginx
1791479298     33    203691    4.00   10.00    0.00   37.00   14.00     1      0.00      0.00   60028   13904   0.17      0.00    552.00    432.00       0  nginx
1791479298     33    203692    4.00    8.00    0.00   25.00   12.00     1      4.00      0.00   59496   13252   0.16      0.00    692.00    608.00       0  nginx
1791479298     33    203693    5.00   11.00    0.00   41.00   16.00     1      0.00      0.00   61936   15700   0.19      0.00    664.00    568.00       0  nginx
1791479298    112    244183   97.00   32.00    0.00    1.00  129.00     0    368.00      0.00 2861088  580968   7.16      0.00   8404.00      0.00       0  mysqld
1791479298    113    244271   22.00   26.00    0.00    0.00   48.00     2      5.00      0.00  682592   63144   0.78      0.00      0.00      0.00       0  pdns_server
1791479298   1100    244272   39.00   26.00    0.00    0.00   65.00     3   1458.00      0.00 2197172   20844   0.26      0.00      0.00      0.00       0  isupipe

# Time        UID       PID    %usr %system  %guest   %wait    %CPU   CPU  minflt/s  majflt/s     VSZ     RSS   %MEM   kB_rd/s   kB_wr/s kB_ccwr/s iodelay  Command
1791479299      0     17311    0.00    0.00    0.00    0.00    0.00     2      0.00      0.00   56816   12524   0.15      0.00      0.00      0.00       0  nginx
1791479299     33    203690    3.00    3.00    0.00    7.00    6.00     1     14.00      0.00   58956   12664   0.16      0.00    200.00    172.00       0  nginx
1791479299     33    203691    7.00    7.00    0.00   29.00   14.00     1      0.00      0.00   60028   13904   0.17      0.00    220.00    104.00       0  nginx
1791479299     33    203692    5.00    8.00    0.00   21.00   13.00     1      0.00      0.00   59496   13252   0.16      0.00    368.00    268.00       0  nginx
1791479299     33    203693   10.00    9.00    0.00   33.00   19.00     1     18.00      0.00   61936   15700   0.19      0.00   1312.00   1188.00       0  nginx
1791479299    112    244183   83.00   38.00    0.00    0.00  121.00     0    363.00      0.00 2861088  582272   7.17      0.00   8308.00      0.00       0  mysqld
1791479299    113    244271   18.00   23.00    0.00    0.00   41.00     2      3.00      0.00  682592   63144   0.78      0.00      0.00      0.00       0  pdns_server
1791479299   1100    244272   38.00   27.00    0.00   15.00   65.00     1   1178.00      0.00 2197172   20544   0.25      0.00      0.00      0.00       0  isupipe

# Time        UID       PID    %usr %system  %guest   %wait    %CPU   CPU  minflt/s  majflt/s     VSZ     RSS   %MEM   kB_rd/s   kB_wr/s kB_ccwr/s iodelay  Command
1791479300      0     17311    0.00    0.00    0.00    0.00    0.00     2      0.00      0.00   56816   12524   0.15      0.00      0.00      0.00       0  nginx
1791479300     33    203690    4.00    6.00    0.00   12.00   10.00     1      0.00      0.00   58956   12664   0.16      0.00    300.00    272.00       0  nginx
1791479300     33    203691    5.00    9.00    0.00   31.00   14.00     1      0.00      0.00   60028   13904   0.17      0.00    920.00    780.00       0  nginx
1791479300     33    203692    5.00    8.00    0.00   28.00   13.00     1      0.00      0.00   59496   13252   0.16      0.00    380.00    276.00       0  nginx
1791479300     33    203693    7.00   13.00    0.00   39.00   20.00     0     39.00      0.00   62084   15868   0.20      0.00    764.00    608.00       0  nginx
1791479300    112    244183  100.00   32.00    0.00    1.00  132.00     0    395.00      0.00 2861088  584120   7.19      0.00   8540.00      0.00       0  mysqld
1791479300    113    244271   24.00   24.00    0.00    0.00   48.00     2      4.00      0.00  682592   63144   0.78      0.00      0.00      0.00       0  pdns_server
1791479300   1100    244272   41.00   29.00    0.00   19.00   70.00     1   2144.00      0.00 2197172   20644   0.25      0.00      0.00      0.00       0  isupipe

# Time        UID       PID    %usr %system  %guest   %wait    %CPU   CPU  minflt/s  majflt/s     VSZ     RSS   %MEM   kB_rd/s   kB_wr/s kB_ccwr/s iodelay  Command
1791479301      0     17311    0.00    0.00    0.00    0.00    0.00     2      0.00      0.00   56816   12524   0.15      0.00      0.00      0.00       0  nginx
1791479301     33    203690    2.00    7.00    0.00   11.00    9.00     1      1.00      0.00   58956   12664   0.16      0.00    304.00    260.00       0  nginx
1791479301     33    203691    4.00    8.00    0.00   24.00   12.00     1      0.00      0.00   60028   13904   0.17      0.00    356.00    340.00       0  nginx
1791479301     33    203692    4.00    8.00    0.00   17.00   12.00     1      0.00      0.00   59496   13252   0.16      0.00    364.00    304.00       0  nginx
1791479301     33    203693    9.00   13.00    0.00   40.00   22.00     1     36.00      0.00   62220   15868   0.20      0.00   1148.00    968.00       0  nginx
1791479301    112    244183   89.00   41.00    0.00    0.00  130.00     0    306.00      0.00 2861088  585440   7.21      0.00  12696.00      0.00       0  mysqld
1791479301    113    244271   20.00   26.00    0.00    0.00   46.00     2      4.00      0.00  682592   63144   0.78      0.00      0.00      0.00       0  pdns_server
1791479301   1100    244272   38.00   28.00    0.00   18.00   66.00     2   1432.00      0.00 2197172   20528   0.25      0.00      0.00      0.00       0  isupipe

# Time        UID       PID    %usr %system  %guest   %wait    %CPU   CPU  minflt/s  majflt/s     VSZ     RSS   %MEM   kB_rd/s   kB_wr/s kB_ccwr/s iodelay  Command
1791479302      0     17311    0.00    0.00    0.00    0.00    0.00     2      0.00      0.00   56816   12524   0.15      0.00      0.00      0.00       0  nginx
1791479302     33    203690    4.00    8.00    0.00   17.00   12.00     1     38.00      0.00   59088   12852   0.16      0.00    132.00     80.00       0  nginx
1791479302     33    203691    5.00    9.00    0.00   24.00   14.00     1      0.00      0.00   60028   13904   0.17      0.00    592.00    512.00       0  nginx
1791479302     33    203692    5.00    7.00    0.00   21.00   12.00     1      0.00      0.00   59496   13252   0.16      0.00    556.00    396.00       0  nginx
1791479302     33    203693    6.00   14.00    0.00   35.00   20.00     3     60.00      0.00   62492   16132   0.20      0.00    920.00    780.00       0  nginx
1791479302    112    244183   92.00   39.00    0.00    1.00  131.00     0    394.00      0.00 2861088  586736   7.23      0.00   8700.00      0.00       0  mysqld
1791479302    113    244271   21.00   26.00    0.00    0.00   47.00     2      3.00      0.00  682592   63144   0.78      0.00      0.00      0.00       0  pdns_server
1791479302   1100    244272   39.00   27.00    0.00   40.00   66.00     2   1159.00      0.00 2197172   21168   0.26      0.00      0.00      0.00       0  isupipe

# Time        UID       PID    %usr %system  %guest   %wait    %CPU   CPU  minflt/s  majflt/s     VSZ     RSS   %MEM   kB_rd/s   kB_wr/s kB_ccwr/s iodelay  Command
1791479303      0     17311    0.00    0.00    0.00    0.00    0.00     2      0.00      0.00   56816   12524   0.15      0.00      0.00      0.00       0  nginx
1791479303     33    203690    3.00    4.00    0.00    9.00    7.00     1      0.00      0.00   59088   12852   0.16      0.00    336.00    232.00       0  nginx
1791479303     33    203691    5.00   10.00    0.00   28.00   15.00     0      0.00      0.00   60028   13904   0.17      0.00    184.00     84.00       0  nginx
1791479303     33    203692    3.00    7.00    0.00   16.00   10.00     0      0.00      0.00   59496   13252   0.16      0.00    536.00    556.00       0  nginx
1791479303     33    203693    8.00   14.00    0.00   35.00   22.00     3     31.00      0.00   62624   16396   0.20      0.00   1032.00    856.00       0  nginx
1791479303    112    244183   94.00   38.00    0.00    0.00  132.00     0    332.00      0.00 2861088  588576   7.25      0.00  13060.00      0.00       0  mysqld
1791479303    113    244271   26.00   21.00    0.00    0.00   47.00     2      3.00      0.00  682592   63144   0.78      0.00      0.00      0.00       0  pdns_server
1791479303   1100    244272   38.00   26.00    0.00    9.00   64.00     3   1786.00      0.00 2197172   20712   0.26      0.00      0.00      0.00       0  isupipe

# Time        UID       PID    %usr %system  %guest   %wait    %CPU   CPU  minflt/s  majflt/s     VSZ     RSS   %MEM   kB_rd/s   kB_wr/s kB_ccwr/s iodelay  Command
1791479304      0     17311    0.00    0.00    0.00    0.00    0.00     2      0.00      0.00   56816   12524   0.15      0.00      0.00      0.00       0  nginx
1791479304     33    203690    2.00    3.00    0.00    4.00    5.00     1      0.00      0.00   59088   12852   0.16      0.00     28.00      0.00       0  nginx
1791479304     33    203691    5.00    7.00    0.00   14.00   12.00     1      2.00      0.00   60028   13904   0.17      0.00    344.00    284.00       0  nginx
1791479304     33    203692    4.00    2.00    0.00    5.00    6.00     3      0.00      0.00   59496   13252   0.16      0.00    132.00     92.00       0  nginx
1791479304     33    203693   11.00   11.00    0.00   20.00   22.00     1     17.00      0.00   62624   16396   0.20      0.00   1116.00    968.00       0  nginx
1791479304    112    244183  101.00   38.00    0.00    1.00  139.00     0    216.00      0.00 2861088  589364   7.26      0.00   8040.00      0.00       0  mysqld
1791479304    113    244271   28.00   29.00    0.00    0.00   57.00     2      4.00      0.00  682592   63144   0.78      0.00      0.00      0.00       0  pdns_server
1791479304   1100    244272   37.00   23.00    0.00    5.00   60.00     2   1142.00      0.00 2197428   19848   0.24      0.00      0.00      0.00       0  isupipe

# Time        UID       PID    %usr %system  %guest   %wait    %CPU   CPU  minflt/s  majflt/s     VSZ     RSS   %MEM   kB_rd/s   kB_wr/s kB_ccwr/s iodelay  Command
1791479305      0     17311    0.00    0.00    0.00    0.00    0.00     2      0.00      0.00   56816   12524   0.15      0.00      0.00      0.00       0  nginx
1791479305     33    203690    3.00    7.00    0.00   14.00   10.00     1      0.00      0.00   59088   12852   0.16      0.00    124.00     84.00       0  nginx
1791479305     33    203691    6.00    9.00    0.00   22.00   15.00     1      0.00      0.00   60028   13904   0.17      0.00    244.00    152.00       0  nginx
1791479305     33    203692    5.00    6.00    0.00   10.00   11.00     1      0.00      0.00   59496   13252   0.16      0.00    204.00    128.00       0  nginx
1791479305     33    203693   12.00   10.00    0.00   28.00   22.00     2     22.00      0.00   62768   16396   0.20      0.00   1144.00   1000.00       0  nginx
1791479305    112    244183   84.00   36.00    0.00    1.00  120.00     0    290.00      0.00 2861088  590156   7.27      0.00   8196.00      0.00       0  mysqld
1791479305    113    244271   23.00   19.00    0.00    0.00   42.00     2      3.00      0.00  682592   63144   0.78      0.00      0.00      0.00       0  pdns_server
1791479305   1100    244272   40.00   25.00    0.00   30.00   65.00     2   1631.00      0.00 2197428   20500   0.25      0.00      0.00      0.00       0  isupipe

# Time        UID       PID    %usr %system  %guest   %wait    %CPU   CPU  minflt/s  majflt/s     VSZ     RSS   %MEM   kB_rd/s   kB_wr/s kB_ccwr/s iodelay  Command
1791479306      0     17311    0.00    0.00    0.00    0.00    0.00     2      0.00      0.00   56816   12524   0.15      0.00      0.00      0.00       0  nginx
1791479306     33    203690    6.00    5.00    0.00   21.00   11.00     1      0.00      0.00   59088   12852   0.16      0.00     44.00      0.00       0  nginx
1791479306     33    203691    6.00    6.00    0.00   29.00   12.00     1      0.00      0.00   60028   13904   0.17      0.00    636.00    576.00       0  nginx
1791479306     33    203692    3.00    9.00    0.00   25.00   12.00     1      0.00      0.00   59496   13252   0.16      0.00    668.00    608.00       0  nginx
1791479306     33    203693    7.00   11.00    0.00   45.00   18.00     0      2.00      0.00   62768   16396   0.20      0.00    668.00    548.00       0  nginx
1791479306    112    244183  103.00   35.00    0.00    1.00  138.00     0    371.00      0.00 2861088  591680   7.29      0.00   8092.00      0.00       0  mysqld
1791479306    113    244271   32.00   24.00    0.00    0.00   56.00     2      2.00      0.00  682592   63408   0.78      0.00      0.00      0.00       0  pdns_server
1791479306   1100    244272   34.00   24.00    0.00   27.00   58.00     0   1098.00      0.00 2197428   20232   0.25      0.00      0.00      0.00       0  isupipe

# Time        UID       PID    %usr %system  %guest   %wait    %CPU   CPU  minflt/s  majflt/s     VSZ     RSS   %MEM   kB_rd/s   kB_wr/s kB_ccwr/s iodelay  Command
1791479307      0     17311    0.00    0.00    0.00    0.00    0.00     2      0.00      0.00   56816   12524   0.15      0.00      0.00      0.00       0  nginx
1791479307     33    203690    4.00    8.00    0.00   29.00   12.00     1      0.00      0.00   59088   12852   0.16      0.00    504.00    448.00       0  nginx
1791479307     33    203691    5.00    9.00    0.00   49.00   14.00     1      0.00      0.00   60028   13904   0.17      0.00    444.00    364.00       0  nginx
1791479307     33    203692    6.00    6.00    0.00   41.00   12.00     1      0.00      0.00   59496   13252   0.16      0.00    316.00    232.00       0  nginx
1791479307     33    203693    8.00    8.00    0.00   51.00   16.00     1      0.00      0.00   62768   16396   0.20      0.00    652.00    564.00       0  nginx
1791479307    112    244183   87.00   34.00    0.00    0.00  121.00     0    335.00      0.00 2861088  593256   7.31      0.00   7792.00      0.00       0  mysqld
1791479307    113    244271   27.00   21.00    0.00    0.00   48.00     2      4.00      0.00  682592   63408   0.78      0.00      0.00      0.00       0  pdns_server
1791479307   1100    244272   36.00   24.00    0.00   19.00   60.00     0   1123.00      0.00 2197428   21436   0.26      0.00      0.00      0.00       0  isupipe

# Time        UID       PID    %usr %system  %guest   %wait    %CPU   CPU  minflt/s  majflt/s     VSZ     RSS   %MEM   kB_rd/s   kB_wr/s kB_ccwr/s iodelay  Command
1791479308      0     17311    0.00    0.00    0.00    0.00    0.00     2      0.00      0.00   56816   12524   0.15      0.00      0.00      0.00       0  nginx
1791479308     33    203690    5.00    8.00    0.00   28.00   13.00     1      0.00      0.00   59088   12852   0.16      0.00    404.00    344.00       0  nginx
1791479308     33    203691    5.00    8.00    0.00   39.00   13.00     1      0.00      0.00   60028   13904   0.17      0.00    384.00    288.00       0  nginx
1791479308     33    203692    7.00    8.00    0.00   34.00   15.00     1      0.00      0.00   59496   13252   0.16      0.00    384.00    296.00       0  nginx
1791479308     33    203693    9.00    7.00    0.00   41.00   16.00     1      0.00      0.00   62768   16396   0.20      0.00    568.00    496.00       0  nginx
1791479308    112    244183   77.00   40.00    0.00    0.00  117.00     0    310.00      0.00 2861088  594044   7.32      0.00   7760.00      0.00       0  mysqld
1791479308    113    244271   18.00   25.00    0.00    0.00   43.00     2      2.00      0.00  682592   63408   0.78      0.00      0.00      0.00       0  pdns_server
1791479308   1100    244272   38.00   23.00    0.00    4.00   61.00     3   1293.00      0.00 2197428   20880   0.26      0.00      0.00      0.00       0  isupipe

# Time        UID       PID    %usr %system  %guest   %wait    %CPU   CPU  minflt/s  majflt/s     VSZ     RSS   %MEM   kB_rd/s   kB_wr/s kB_ccwr/s iodelay  Command
1791479309      0     17311    0.00    0.00    0.00    0.00    0.00     2      0.00      0.00   56816   12524   0.15      0.00      0.00      0.00       0  nginx
1791479309     33    203690    7.00    6.00    0.00   17.00   13.00     1      0.00      0.00   59088   12852   0.16      0.00    324.00    284.00       0  nginx
1791479309     33    203691    7.00    9.00    0.00   33.00   16.00     1      0.00      0.00   60028   13904   0.17      0.00    416.00    344.00       0  nginx
1791479309     33    203692    5.00    7.00    0.00   28.00   12.00     2      0.00      0.00   59496   13252   0.16      0.00    384.00    296.00       0  nginx
1791479309     33    203693   14.00    6.00    0.00   38.00   20.00     2      0.00      0.00   62768   16396   0.20      0.00    680.00    556.00       0  nginx
1791479309    112    244183   83.00   38.00    0.00    1.00  121.00     3    347.00      0.00 2861088  595628   7.34      0.00  11984.00      0.00       0  mysqld
1791479309    113    244271   18.00   29.00    0.00    0.00   47.00     2      3.00      0.00  682592   63408   0.78      0.00      0.00      0.00       0  pdns_server
1791479309   1100    244272   37.00   23.00    0.00   32.00   60.00     3   1163.00      0.00 2197428   21416   0.26      0.00      0.00      0.00       0  isupipe

# Time        UID       PID    %usr %system  %guest   %wait    %CPU   CPU  minflt/s  majflt/s     VSZ     RSS   %MEM   kB_rd/s   kB_wr/s kB_ccwr/s iodelay  Command
1791479310      0     17311    0.00    0.00    0.00    0.00    0.00     2      0.00      0.00   56816   12524   0.15      0.00      0.00      0.00       0  nginx
1791479310     33    203690    4.00    6.00    0.00   24.00   10.00     1      0.00      0.00   59088   12852   0.16      0.00    852.00    800.00       0  nginx
1791479310     33    203691    8.00    6.00    0.00   34.00   14.00     1      0.00      0.00   60028   13904   0.17      0.00    180.00     92.00       0  nginx
1791479310     33    203692    6.00    7.00    0.00   31.00   13.00     1      0.00      0.00   59496   13252   0.16      0.00    200.00    104.00       0  nginx
1791479310     33    203693   10.00    9.00    0.00   48.00   19.00     1      0.00      0.00   62768   16396   0.20      0.00    672.00    588.00       0  nginx
1791479310    112    244183   90.00   38.00    0.00    0.00  128.00     3    343.00      0.00 2861088  596684   7.35      0.00  11756.00      0.00       0  mysqld
1791479310    113    244271   26.00   24.00    0.00    0.00   50.00     2      2.00      0.00  682592   63408   0.78      0.00      0.00      0.00       0  pdns_server
1791479310   1100    244272   33.00   27.00    0.00   16.00   60.00     1   1137.00      0.00 2197428   20412   0.25      0.00      0.00      0.00       0  isupipe

# Time        UID       PID    %usr %system  %guest   %wait    %CPU   CPU  minflt/s  majflt/s     VSZ     RSS   %MEM   kB_rd/s   kB_wr/s kB_ccwr/s iodelay  Command
1791479311      0     17311    0.00    0.00    0.00    0.00    0.00     2      0.00      0.00   56816   12524   0.15      0.00      0.00      0.00       0  nginx
1791479311     33    203690    4.00    8.00    0.00   26.00   12.00     1     21.00      0.00   59232   12852   0.16      0.00    424.00    356.00       0  nginx
1791479311     33    203691    7.00    6.00    0.00   38.00   13.00     1      0.00      0.00   60028   13904   0.17      0.00    448.00    380.00       0  nginx
1791479311     33    203692    5.00    7.00    0.00   26.00   12.00     1      0.00      0.00   59496   13252   0.16      0.00    764.00    600.00       0  nginx
1791479311     33    203693    8.00    7.00    0.00   40.00   15.00     1      0.00      0.00   62768   16396   0.20      0.00    640.00    520.00       0  nginx
1791479311    112    244183   87.00   38.00    0.00    1.00  125.00     0    411.00      0.00 2861088  598520   7.37      0.00   8088.00      0.00       0  mysqld
1791479311    113    244271   22.00   31.00    0.00    0.00   53.00     2      3.00      0.00  682592   63408   0.78      0.00      0.00      0.00       0  pdns_server
1791479311   1100    244272   34.00   22.00    0.00   26.00   56.00     0   1748.00      0.00 2197428   21384   0.26      0.00      0.00      0.00       0  isupipe

# Time        UID       PID    %usr %system  %guest   %wait    %CPU   CPU  minflt/s  majflt/s     VSZ     RSS   %MEM   kB_rd/s   kB_wr/s kB_ccwr/s iodelay  Command
1791479312      0     17311    0.00    0.00    0.00    0.00    0.00     2      0.00      0.00   56816   12524   0.15      0.00      0.00      0.00       0  nginx
1791479312     33    203690    5.00    8.00    0.00   30.00   13.00     3      7.00      0.00   59232   12852   0.16      0.00    376.00    316.00       0  nginx
1791479312     33    203691    6.00    9.00    0.00   49.00   15.00     0      0.00      0.00   60028   13904   0.17      0.00    696.00    576.00       0  nginx
1791479312     33    203692    7.00    7.00    0.00   41.00   14.00     1      0.00      0.00   59496   13252   0.16      0.00    336.00    368.00       0  nginx
1791479312     33    203693   10.00    7.00    0.00   45.00   17.00     1      0.00      0.00   62768   16396   0.20      0.00    620.00    540.00       0  nginx
1791479312    112    244183   86.00   34.00    0.00    1.00  120.00     0    302.00      0.00 2861088  599836   7.39      0.00   7968.00      0.00       0  mysqld
1791479312    113    244271   21.00   24.00    0.00    0.00   45.00     2      2.00      0.00  682592   63408   0.78      0.00      0.00      0.00       0  pdns_server
1791479312   1100    244272   40.00   24.00    0.00    0.00   64.00     0    745.00      0.00 2197428   22204   0.27      0.00      0.00      0.00       0  isupipe

# Time        UID       PID    %usr %system  %guest   %wait    %CPU   CPU  minflt/s  majflt/s     VSZ     RSS   %MEM   kB_rd/s   kB_wr/s kB_ccwr/s iodelay  Command
1791479313      0     17311    0.00    0.00    0.00    0.00    0.00     2      0.00      0.00   56816   12524   0.15      0.00      0.00      0.00       0  nginx
1791479313     33    203690    4.00    7.00    0.00   25.00   11.00     1      0.00      0.00   59232   12852   0.16      0.00    256.00    100.00       0  nginx
1791479313     33    203691    7.00    6.00    0.00   40.00   13.00     1      0.00      0.00   60028   13904   0.17      0.00    480.00    428.00       0  nginx
1791479313     33    203692    4.00    7.00    0.00   31.00   11.00     1      0.00      0.00   59496   13252   0.16      0.00    528.00    488.00       0  nginx
1791479313     33    203693    7.00   10.00    0.00   50.00   17.00     1      0.00      0.00   62768   16396   0.20      0.00    764.00    696.00       0  nginx
1791479313    112    244183   98.00   33.00    0.00    0.00  131.00     0    311.00      0.00 2861088  601152   7.40      0.00   7916.00      0.00       0  mysqld
1791479313    113    244271   28.00   26.00    0.00    0.00   54.00     2      2.00      0.00  682592   63408   0.78      0.00      0.00      0.00       0  pdns_server
1791479313   1100    244272   35.00   22.00    0.00    0.00   57.00     0   1128.00      0.00 2197428   21120   0.26      0.00      0.00      0.00       0  isupipe

# Time        UID       PID    %usr %system  %guest   %wait    %CPU   CPU  minflt/s  majflt/s     VSZ     RSS   %MEM   kB_rd/s   kB_wr/s kB_ccwr/s iodelay  Command
1791479314      0     17311    0.00    0.00    0.00    0.00    0.00     2      0.00      0.00   56816   12524   0.15      0.00      0.00      0.00       0  nginx
1791479314     33    203690    5.00    7.00    0.00   36.00   12.00     2      0.00      0.00   59232   12852   0.16      0.00    516.00    536.00       0  nginx
1791479314     33    203691    6.00    8.00    0.00   54.00   14.00     1      0.00      0.00   60028   13904   0.17      0.00    324.00    196.00       0  nginx
1791479314     33    203692    5.00    9.00    0.00   44.00   14.00     2      0.00      0.00   59496   13252   0.16      0.00    404.00    360.00       0  nginx
1791479314     33    203693    7.00    8.00    0.00   52.00   15.00     2      0.00      0.00   62768   16396   0.20      0.00    904.00    816.00       0  nginx
1791479314    112    244183   82.00   37.00    0.00    1.00  119.00     0    410.00      0.00 2861088  602208   7.42      0.00   8112.00      0.00       0  mysqld
1791479314    113    244271   24.00   23.00    0.00    0.00   47.00     2      2.00      0.00  682592   63408   0.78      0.00      0.00      0.00       0  pdns_server
1791479314   1100    244272   33.00   25.00    0.00    0.00   58.00     2   2168.00      0.00 2197428   20644   0.25      0.00      0.00      0.00       0  isupipe

# Time        UID       PID    %usr %system  %guest   %wait    %CPU   CPU  minflt/s  majflt/s     VSZ     RSS   %MEM   kB_rd/s   kB_wr/s kB_ccwr/s iodelay  Command
1791479315      0     17311    0.00    0.00    0.00    0.00    0.00     2      0.00      0.00   56816   12524   0.15      0.00      0.00      0.00       0  nginx
1791479315     33    203690    6.00    8.00    0.00   32.00   14.00     0      1.00      0.00   59232   12852   0.16      0.00    484.00    432.00       0  nginx
1791479315     33    203691    7.00    6.00    0.00   37.00   13.00     2      0.00      0.00   60028   13904   0.17      0.00    492.00    408.00       0  nginx
1791479315     33    203692    5.00    7.00    0.00   32.00   12.00     0      0.00      0.00   59496   13252   0.16      0.00    220.00    184.00       0  nginx
1791479315     33    203693    9.00    9.00    0.00   46.00   18.00     2      0.00      0.00   62768   16396   0.20      0.00   1088.00    960.00       0  nginx
1791479315    112    244183   93.00   36.00    0.00    0.00  129.00     0    399.00      0.00 2861088  604048   7.44      0.00  12272.00      0.00       0  mysqld
1791479315    113    244271   22.00   25.00    0.00    0.00   47.00     2      3.00      0.00  682592   63672   0.78      0.00      0.00      0.00       0  pdns_server
1791479315   1100    244272   36.00   25.00    0.00    0.00   61.00     2   2623.00      0.00 2197428   23256   0.29      0.00      0.00      0.00       0  isupipe

# Time        UID       PID    %usr %system  %guest   %wait    %CPU   CPU  minflt/s  majflt/s     VSZ     RSS   %MEM   kB_rd/s   kB_wr/s kB_ccwr/s iodelay  Command
1791479316      0     17311    0.00    0.00    0.00    0.00    0.00     2      0.00      0.00   56816   12524   0.15      0.00      0.00      0.00       0  nginx
1791479316     33    203690    5.00    7.00    0.00   28.00   12.00     1      0.00      0.00   59232   12852   0.16      0.00    376.00    300.00       0  nginx
1791479316     33    203691    8.00    6.00    0.00   49.00   14.00     0      1.00      0.00   60028   13904   0.17      0.00    300.00    212.00       0  nginx
1791479316     33    203692    6.00    8.00    0.00   29.00   14.00     1      0.00      0.00   59496   13252   0.16      0.00    716.00    600.00       0  nginx
1791479316     33    203693    8.00    7.00    0.00   52.00   15.00     0      0.00      0.00   62768   16396   0.20      0.00    564.00    464.00       0  nginx
1791479316    112    244183   90.00   35.00    0.00    0.00  125.00     0    533.00      0.00 2861088  606660   7.47      0.00  12244.00      0.00       0  mysqld
1791479316    113    244271   25.00   26.00    0.00    0.00   51.00     2      2.00      0.00  682592   63672   0.78      0.00      0.00      0.00       0  pdns_server
1791479316   1100    244272   35.00   24.00    0.00    0.00   59.00     2   2074.00      0.00 2197428   22608   0.28      0.00      0.00      0.00       0  isupipe

# Time        UID       PID    %usr %system  %guest   %wait    %CPU   CPU  minflt/s  majflt/s     VSZ     RSS   %MEM   kB_rd/s   kB_wr/s kB_ccwr/s iodelay  Command
1791479317      0     17311    0.00    0.00    0.00    0.00    0.00     2      0.00      0.00   56816   12524   0.15      0.00      0.00      0.00       0  nginx
1791479317     33    203690    6.00    6.00    0.00   24.00   12.00     1      1.00      0.00   59232   12852   0.16      0.00    376.00    348.00       0  nginx
1791479317     33    203691    4.00   10.00    0.00   35.00   14.00     1      0.00      0.00   60028   13904   0.17      0.00    464.00    296.00       0  nginx
1791479317     33    203692    4.00    9.00    0.00   28.00   13.00     1      4.00      0.00   59496   13252   0.16      0.00    292.00    332.00       0  nginx
1791479317     33    203693    8.00    9.00    0.00   42.00   17.00     1      0.00      0.00   62768   16396   0.20      0.00    592.00    456.00       0  nginx
1791479317    112    244183   93.00   35.00    0.00    0.00  128.00     0    148.00      0.00 2861088  607100   7.48      0.00   9224.00      0.00       0  mysqld
1791479317    113    244271   22.00   24.00    0.00    0.00   46.00     2      2.00      0.00  682592   63672   0.78      0.00      0.00      0.00       0  pdns_server
1791479317   1100    244272   36.00   26.00    0.00    0.00   62.00     2   1725.00      0.00 2197428   21456   0.26      0.00      0.00      0.00       0  isupipe

# Time        UID       PID    %usr %system  %guest   %wait    %CPU   CPU  minflt/s  majflt/s     VSZ     RSS   %MEM   kB_rd/s   kB_wr/s kB_ccwr/s iodelay  Command
1791479318      0     17311    0.00    0.00    0.00    0.00    0.00     2      0.00      0.00   56816   12524   0.15      0.00      0.00      0.00       0  nginx
1791479318     33    203690    4.00    6.00    0.00   16.00   10.00     1      0.00      0.00   59232   12852   0.16      0.00    428.00    376.00       0  nginx
1791479318     33    203691    7.00    8.00    0.00   33.00   15.00     1      0.00      0.00   60028   13904   0.17      0.00    560.00    524.00       0  nginx
1791479318     33    203692    5.00    8.00    0.00   29.00   13.00     1      0.00      0.00   59496   13252   0.16      0.00    212.00    164.00       0  nginx
1791479318     33    203693    9.00   10.00    0.00   44.00   19.00     1      0.00      0.00   62768   16396   0.20      0.00    832.00    740.00       0  nginx
1791479318    112    244183   87.00   34.00    0.00    1.00  121.00     0     73.00      0.00 2861088  607364   7.48      0.00   9292.00      0.00       0  mysqld
1791479318    113    244271   22.00   22.00    0.00    0.00   44.00     2      2.00      0.00  682592   63672   0.78      0.00      0.00      0.00       0  pdns_server
1791479318   1100    244272   41.00   22.00    0.00    0.00   63.00     2   2266.00      0.00 2197428   20428   0.25      0.00      0.00      0.00       0  isupipe

# Time        UID       PID    %usr %system  %guest   %wait    %CPU   CPU  minflt/s  majflt/s     VSZ     RSS   %MEM   kB_rd/s   kB_wr/s kB_ccwr/s iodelay  Command
1791479319      0     17311    0.00    0.00    0.00    0.00    0.00     2      0.00      0.00   56816   12524   0.15      0.00      0.00      0.00       0  nginx
1791479319     33    203690    4.00    7.00    0.00   17.00   11.00     1      0.00      0.00   59232   12852   0.16      0.00    308.00    256.00       0  nginx
1791479319     33    203691    7.00    6.00    0.00   34.00   13.00     1      0.00      0.00   60028   13904   0.17      0.00    968.00    868.00       0  nginx
1791479319     33    203692    4.00    5.00    0.00   18.00    9.00     1      0.00      0.00   59496   13252   0.16      0.00    508.00    464.00       0  nginx
1791479319     33    203693    7.00   14.00    0.00   44.00   21.00     0      0.00      0.00   62768   16396   0.20      0.00    248.00     96.00       0  nginx
1791479319    112    244183   87.00   37.00    0.00    1.00  124.00     0    260.00      0.00 2861088  608380   7.49      0.00  10080.00      0.00       0  mysqld
1791479319    113    244271   24.00   22.00    0.00    0.00   46.00     2      0.00      0.00  682592   63672   0.78      0.00      0.00      0.00       0  pdns_server
1791479319   1100    244272   38.00   24.00    0.00    0.00   62.00     2   1848.00      0.00 2197428   22396   0.28      0.00      0.00      0.00       0  isupipe

# Time        UID       PID    %usr %system  %guest   %wait    %CPU   CPU  minflt/s  majflt/s     VSZ     RSS   %MEM   kB_rd/s   kB_wr/s kB_ccwr/s iodelay  Command
1791479320      0     17311    0.00    0.00    0.00    0.00    0.00     2      0.00      0.00   56816   12524   0.15      0.00      0.00      0.00       0  nginx
1791479320     33    203690    7.00    5.00    0.00   30.00   12.00     1      0.00      0.00   59232   12852   0.16      0.00    612.00    540.00       0  nginx
1791479320     33    203691    6.00    7.00    0.00   36.00   13.00     0      0.00      0.00   60028   13904   0.17      0.00    492.00    460.00       0  nginx
1791479320     33    203692    5.00    8.00    0.00   34.00   13.00     0      0.00      0.00   59496   13252   0.16      0.00    340.00    256.00       0  nginx
1791479320     33    203693    6.00   11.00    0.00   50.00   17.00     1      0.00      0.00   62768   16396   0.20      0.00    544.00    428.00       0  nginx
1791479320    112    244183   88.00   36.00    0.00    1.00  124.00     0      5.00      0.00 2861088  608380   7.49      0.00  12004.00      0.00       0  mysqld
1791479320    113    244271   25.00   25.00    0.00    0.00   50.00     2      1.00      0.00  682592   63672   0.78      0.00      0.00      0.00       0  pdns_server
1791479320   1100    244272   35.00   23.00    0.00    0.00   58.00     2   1763.00      0.00 2197428   22000   0.27      0.00      0.00      0.00       0  isupipe

# Time        UID       PID    %usr %system  %guest   %wait    %CPU   CPU  minflt/s  majflt/s     VSZ     RSS   %MEM   kB_rd/s   kB_wr/s kB_ccwr/s iodelay  Command
1791479321      0     17311    0.00    0.00    0.00    0.00    0.00     2      0.00      0.00   56816   12524   0.15      0.00      0.00      0.00       0  nginx
1791479321     33    203690    2.00    6.00    0.00   12.00    8.00     1      0.00      0.00   59232   12852   0.16      0.00    252.00    232.00       0  nginx
1791479321     33    203691    8.00    7.00    0.00   30.00   15.00     2      0.00      0.00   60028   13904   0.17      0.00    572.00    492.00       0  nginx
1791479321     33    203692    8.00    4.00    0.00   15.00   12.00     1      0.00      0.00   59496   13252   0.16      0.00    528.00    480.00       0  nginx
1791479321     33    203693    9.00   13.00    0.00   40.00   22.00     0      0.00      0.00   62768   16396   0.20      0.00    884.00    716.00       0  nginx
1791479321    112    244183   93.00   37.00    0.00    1.00  130.00     2      7.00      0.00 2861088  608380   7.49      0.00   8052.00      0.00       0  mysqld
1791479321    113    244271   27.00   28.00    0.00    0.00   55.00     2      2.00      0.00  682592   63672   0.78      0.00      0.00      0.00       0  pdns_server
1791479321   1100    244272   34.00   23.00    0.00    0.00   57.00     2   1792.00      0.00 2197428   21472   0.26      0.00      0.00      0.00       0  isupipe

# Time        UID       PID    %usr %system  %guest   %wait    %CPU   CPU  minflt/s  majflt/s     VSZ     RSS   %MEM   kB_rd/s   kB_wr/s kB_ccwr/s iodelay  Command
1791479322      0     17311    0.00    0.00    0.00    0.00    0.00     2      0.00      0.00   56816   12524   0.15      0.00      0.00      0.00       0  nginx
1791479322     33    203690    4.00    6.00    0.00   33.00   10.00     1      0.00      0.00   59232   12852   0.16      0.00    392.00    332.00       0  nginx
1791479322     33    203691    8.00    3.00    0.00   33.00   11.00     1      0.00      0.00   60028   13904   0.17      0.00    532.00    376.00       0  nginx
1791479322     33    203692    5.00    7.00    0.00   36.00   12.00     1      0.00      0.00   59496   13252   0.16      0.00    172.00      0.00       0  nginx
1791479322     33    203693    6.00    9.00    0.00   47.00   15.00     3      0.00      0.00   62768   16396   0.20      0.00    676.00    588.00       0  nginx
1791479322    112    244183   83.00   37.00    0.00    0.00  120.00     2      3.00      0.00 2861088  608388   7.49      0.00   7444.00      0.00       0  mysqld
1791479322    113    244271   25.00   22.00    0.00    0.00   47.00     2      3.00      0.00  682592   63672   0.78      0.00      0.00      0.00       0  pdns_server
1791479322   1100    244272   37.00   19.00    0.00    0.00   56.00     2   1381.00      0.00 2197428   22024   0.27      0.00      0.00      0.00       0  isupipe

# Time        UID       PID    %usr %system  %guest   %wait    %CPU   CPU  minflt/s  majflt/s     VSZ     RSS   %MEM   kB_rd/s   kB_wr/s kB_ccwr/s iodelay  Command
1791479323      0     17311    0.00    0.00    0.00    0.00    0.00     2      0.00      0.00   56816   12524   0.15      0.00      0.00      0.00       0  nginx
1791479323     33    203690    7.00    6.00    0.00   24.00   13.00     1      0.00      0.00   59232   12852   0.16      0.00    200.00    164.00       0  nginx
1791479323     33    203691    7.00    8.00    0.00   36.00   15.00     1      0.00      0.00   60028   13904   0.17      0.00    960.00    988.00       0  nginx
1791479323     33    203692    2.00   10.00    0.00   24.00   12.00     1      0.00      0.00   59496   13252   0.16      0.00    316.00    356.00       0  nginx
1791479323     33    203693    9.00    9.00    0.00   50.00   18.00     1      0.00      0.00   62768   16396   0.20      0.00    412.00    264.00       0  nginx
1791479323    112    244183   84.00   30.00    0.00    1.00  114.00     2     11.00      0.00 2861088  608388   7.49      0.00  12732.00      0.00       0  mysqld
1791479323    113    244271   19.00   24.00    0.00    0.00   43.00     2      1.00      0.00  682592   63672   0.78      0.00      0.00      0.00       0  pdns_server
1791479323   1100    244272   37.00   23.00    0.00    0.00   60.00     2   1630.00      0.00 2197428   20920   0.26      0.00      0.00      0.00       0  isupipe

# Time        UID       PID    %usr %system  %guest   %wait    %CPU   CPU  minflt/s  majflt/s     VSZ     RSS   %MEM   kB_rd/s   kB_wr/s kB_ccwr/s iodelay  Command
1791479324      0     17311    0.00    0.00    0.00    0.00    0.00     2      0.00      0.00   56816   12524   0.15      0.00      0.00      0.00       0  nginx
1791479324     33    203690    6.00    6.00    0.00   23.00   12.00     1      0.00      0.00   59232   12852   0.16      0.00    528.00    368.00       0  nginx
1791479324     33    203691    5.00    8.00    0.00   34.00   13.00     1      0.00      0.00   60028   13904   0.17      0.00    576.00    484.00       0  nginx
1791479324     33    203692    4.00    7.00    0.00   28.00   11.00     0      0.00      0.00   59496   13252   0.16      0.00    144.00     96.00       0  nginx
1791479324     33    203693    8.00   11.00    0.00   44.00   19.00     1      0.00      0.00   62768   16396   0.20      0.00    708.00    516.00       0  nginx
1791479324    112    244183   90.00   33.00    0.00    1.00  123.00     2      4.00      0.00 2861088  608388   7.49      0.00   8216.00      0.00       0  mysqld
1791479324    113    244271   22.00   26.00    0.00    0.00   48.00     2      1.00      0.00  682592   63672   0.78      0.00      0.00      0.00       0  pdns_server
1791479324   1100    244272   35.00   22.00    0.00    0.00   57.00     2   1499.00      0.00 2197428   22104   0.27      0.00      0.00      0.00       0  isupipe

# Time        UID       PID    %usr %system  %guest   %wait    %CPU   CPU  minflt/s  majflt/s     VSZ     RSS   %MEM   kB_rd/s   kB_wr/s kB_ccwr/s iodelay  Command
1791479325      0     17311    0.00    0.00    0.00    0.00    0.00     2      0.00      0.00   56816   12524   0.15      0.00      0.00      0.00       0  nginx
1791479325     33    203690    3.00    6.00    0.00   17.00    9.00     1      0.00      0.00   59232   12852   0.16      0.00    388.00    292.00       0  nginx
1791479325     33    203691    6.00    7.00    0.00   32.00   13.00     1      0.00      0.00   60028   13904   0.17      0.00    580.00    528.00       0  nginx
1791479325     33    203692    7.00    6.00    0.00   24.00   13.00     1      0.00      0.00   59496   13252   0.16      0.00    144.00     76.00       0  nginx
1791479325     33    203693   10.00   10.00    0.00   36.00   20.00     1      0.00      0.00   62768   16396   0.20      0.00    708.00    648.00       0  nginx
1791479325    112    244183   94.00   25.00    0.00    1.00  119.00     2     11.00      0.00 2861088  608388   7.49      0.00   8408.00      0.00       0  mysqld
1791479325    113    244271   24.00   23.00    0.00    0.00   47.00     2      1.00      0.00  682592   63672   0.78      0.00      0.00      0.00       0  pdns_server
1791479325   1100    244272   34.00   24.00    0.00    0.00   58.00     2   1950.00      0.00 2197428   21800   0.27      0.00      0.00      0.00       0  isupipe

# Time        UID       PID    %usr %system  %guest   %wait    %CPU   CPU  minflt/s  majflt/s     VSZ     RSS   %MEM   kB_rd/s   kB_wr/s kB_ccwr/s iodelay  Command
1791479326      0     17311    0.00    0.00    0.00    0.00    0.00     2      0.00      0.00   56816   12524   0.15      0.00      0.00      0.00       0  nginx
1791479326     33    203690    6.00    4.00    0.00   21.00   10.00     1      0.00      0.00   59232   12852   0.16      0.00    320.00    412.00       0  nginx
1791479326     33    203691    5.00    6.00    0.00   34.00   11.00     1      0.00      0.00   60028   13904   0.17      0.00    244.00    172.00       0  nginx
1791479326     33    203692    7.00    4.00    0.00   29.00   11.00     1      0.00      0.00   59496   13252   0.16      0.00    340.00    264.00       0  nginx
1791479326     33    203693    8.00    9.00    0.00   41.00   17.00     0      0.00      0.00   62768   16396   0.20      0.00   1088.00   1004.00       0  nginx
1791479326    112    244183   97.00   40.00    0.00    1.00  137.00     2     18.00      0.00 2861088  608388   7.49      0.00  14704.00      0.00       0  mysqld
1791479326    113    244271   35.00   25.00    0.00    0.00   60.00     2      1.00      0.00  682592   63672   0.78      0.00      0.00      0.00       0  pdns_server
1791479326   1100    244272   37.00   17.00    0.00    0.00   54.00     2   2248.00      0.00 2197428   21464   0.26      0.00      0.00      0.00       0  isupipe

# Time        UID       PID    %usr %system  %guest   %wait    %CPU   CPU  minflt/s  majflt/s     VSZ     RSS   %MEM   kB_rd/s   kB_wr/s kB_ccwr/s iodelay  Command
1791479327      0     17311    0.00    0.00    0.00    0.00    0.00     2      0.00      0.00   56816   12524   0.15      0.00      0.00      0.00       0  nginx
1791479327     33    203690    5.00    6.00    0.00   22.00   11.00     1      0.00      0.00   59232   12852   0.16      0.00    196.00    136.00       0  nginx
1791479327     33    203691    7.00    7.00    0.00   36.00   14.00     1      0.00      0.00   60028   13904   0.17      0.00    648.00    592.00       0  nginx
1791479327     33    203692    4.00    8.00    0.00   30.00   12.00     1      0.00      0.00   59496   13252   0.16      0.00    360.00    284.00       0  nginx
1791479327     33    203693    9.00    7.00    0.00   44.00   16.00     0      0.00      0.00   62768   16396   0.20      0.00    524.00    424.00       0  nginx
1791479327    112    244183   91.00   35.00    0.00    0.00  126.00     2      3.00      0.00 2861088  608388   7.49      0.00   8152.00      0.00       0  mysqld
1791479327    113    244271   29.00   28.00    0.00    0.00   57.00     2      1.00      0.00  682592   63672   0.78      0.00      0.00      0.00       0  pdns_server
1791479327   1100    244272   33.00   24.00    0.00    0.00   57.00     2   1879.00      0.00 2197428   21680   0.27      0.00      0.00      0.00       0  isupipe

# Time        UID       PID    %usr %system  %guest   %wait    %CPU   CPU  minflt/s  majflt/s     VSZ     RSS   %MEM   kB_rd/s   kB_wr/s kB_ccwr/s iodelay  Command
1791479328      0     17311    0.00    0.00    0.00    0.00    0.00     2      0.00      0.00   56816   12524   0.15      0.00      0.00      0.00       0  nginx
1791479328     33    203690    5.00    6.00    0.00   33.00   11.00     1      0.00      0.00   59232   12852   0.16      0.00    204.00    148.00       0  nginx
1791479328     33    203691    5.00    7.00    0.00   41.00   12.00     2      0.00      0.00   60028   13904   0.17      0.00    524.00    460.00       0  nginx
1791479328     33    203692    5.00    7.00    0.00   33.00   12.00     1      0.00      0.00   59496   13252   0.16      0.00    520.00    392.00       0  nginx
1791479328     33    203693    7.00    9.00    0.00   50.00   16.00     1      0.00      0.00   62768   16396   0.20      0.00    820.00    656.00       0  nginx
1791479328    112    244183   86.00   40.00    0.00    0.00  126.00     3      7.00      0.00 2861088  608388   7.49      0.00  12516.00      0.00       0  mysqld
1791479328    113    244271   25.00   27.00    0.00    0.00   52.00     2      2.00      0.00  682592   63672   0.78      0.00      0.00      0.00       0  pdns_server
1791479328   1100    244272   36.00   19.00    0.00    0.00   55.00     2   1818.00      0.00 2197428   22856   0.28      0.00      0.00      0.00       0  isupipe

# Time        UID       PID    %usr %system  %guest   %wait    %CPU   CPU  minflt/s  majflt/s     VSZ     RSS   %MEM   kB_rd/s   kB_wr/s kB_ccwr/s iodelay  Command
1791479329      0     17311    0.00    0.00    0.00    0.00    0.00     2      0.00      0.00   56816   12524   0.15      0.00      0.00      0.00       0  nginx
1791479329     33    203690    5.00    4.00    0.00   16.00    9.00     1      0.00      0.00   59232   12852   0.16      0.00    112.00     84.00       0  nginx
1791479329     33    203691    7.00    6.00    0.00   27.00   13.00     1      0.00      0.00   60028   13904   0.17      0.00    488.00    432.00       0  nginx
1791479329     33    203692    3.00    8.00    0.00   21.00   11.00     1      0.00      0.00   59496   13252   0.16      0.00    412.00    428.00       0  nginx
1791479329     33    203693   10.00   11.00    0.00   37.00   21.00     2      0.00      0.00   62768   16396   0.20      0.00    784.00    728.00       0  nginx
1791479329    112    244183   96.00   28.00    0.00    1.00  124.00     0      1.00      0.00 2861088  608388   7.49      0.00  10308.00      0.00       0  mysqld
1791479329    113    244271   23.00   23.00    0.00    0.00   46.00     2      2.00      0.00  682592   63672   0.78      0.00      0.00      0.00       0  pdns_server
1791479329   1100    244272   39.00   22.00    0.00    0.00   61.00     2   1497.00      0.00 2197428   20376   0.25      0.00      0.00      0.00       0  isupipe

# Time        UID       PID    %usr %system  %guest   %wait    %CPU   CPU  minflt/s  majflt/s     VSZ     RSS   %MEM   kB_rd/s   kB_wr/s kB_ccwr/s iodelay  Command
1791479330      0     17311    0.00    0.00    0.00    0.00    0.00     2      0.00      0.00   56816   12524   0.15      0.00      0.00      0.00       0  nginx
1791479330     33    203690    0.00    5.94    0.00    8.91    5.94     0      0.00      0.00   59232   12852   0.16      0.00     31.68      0.00       0  nginx
1791479330     33    203691    3.96    2.97    0.00    9.90    6.93     3      0.00      0.00   60028   13904   0.17      0.00    221.78    209.90       0  nginx
1791479330     33    203692    1.98    1.98    0.00    9.90    3.96     2      0.00      0.00   59496   13252   0.16      0.00    126.73     99.01       0  nginx
1791479330     33    203693    4.95    4.95    0.00   14.85    9.90     0      0.00      0.00   62768   16396   0.20      0.00    554.46    487.13       0  nginx
1791479330    112    244183   37.62   15.84    0.00    0.00   53.47     0     40.59      0.00 2859032  607996   7.49      0.00  10609.90      0.00       0  mysqld
1791479330    113    244271    8.91   11.88    0.00    0.00   20.79     2      0.99      0.00  682592   63672   0.78      0.00      0.00      0.00       0  pdns_server
1791479330   1100    244272   14.85   10.89    0.00    0.00   25.74     2    813.86      0.00 2197428   21940   0.27      0.00      0.00      0.00       0  isupipe

# Time        UID       PID    %usr %system  %guest   %wait    %CPU   CPU  minflt/s  majflt/s     VSZ     RSS   %MEM   kB_rd/s   kB_wr/s kB_ccwr/s iodelay  Command
1791479331      0     17311    0.00    0.00    0.00    0.00    0.00     2      0.00      0.00   56816   12524   0.15      0.00      0.00      0.00       0  nginx
1791479331     33    203690    0.00    0.00    0.00    0.00    0.00     3      0.00      0.00   59232   12852   0.16      0.00      0.00      0.00       0  nginx
1791479331     33    203691    0.00    0.00    0.00    0.00    0.00     2      0.00      0.00   60028   13904   0.17      0.00      0.00      0.00       0  nginx
1791479331     33    203692    0.00    0.00    0.00    0.00    0.00     1      0.00      0.00   59496   13252   0.16      0.00      0.00      0.00       0  nginx
1791479331     33    203693    0.00    0.00    0.00    0.00    0.00     0      0.00      0.00   62768   16396   0.20      0.00      0.00      0.00       0  nginx
1791479331    112    244183    0.00    0.99    0.00    0.00    0.99     0      0.00      0.00 2859032  607996   7.49      0.00   5005.94      0.00       0  mysqld
1791479331    113    244271    0.00    0.00    0.00    0.00    0.00     2      0.00      0.00  682592   63672   0.78      0.00      0.00      0.00       0  pdns_server
1791479331   1100    244272    0.00    0.00    0.00    0.00    0.00     2      0.00      0.00 2197428   21940   0.27      0.00      0.00      0.00       0  isupipe
