Linux 5.15.0-198-generic (isucon13-app) 	10/08/26 	_aarch64_	(4 CPU)

# Time        UID       PID    %usr %system  %guest   %wait    %CPU   CPU  minflt/s  majflt/s     VSZ     RSS   %MEM   kB_rd/s   kB_wr/s kB_ccwr/s iodelay  Command
1791478990    112     14307   13.00    8.00    0.00    0.00   21.00     1    347.00      0.00 2888260 1116992  13.76      0.00  14496.00      0.00       0  mysqld
1791478990      0     17311    0.00    0.00    0.00    0.00    0.00     2      0.00      0.00   56816   12524   0.15      0.00      0.00      0.00       0  nginx
1791478990     33    203690    0.00    0.00    0.00    0.00    0.00     2      0.00      0.00   58684   12448   0.15      0.00      0.00      0.00       0  nginx
1791478990     33    203691    0.00    0.00    0.00    0.00    0.00     0      0.00      0.00   59896   13604   0.17      0.00      0.00      0.00       0  nginx
1791478990     33    203692    0.00    0.00    0.00    0.00    0.00     1      0.00      0.00   59100   12824   0.16      0.00      0.00      0.00       0  nginx
1791478990     33    203693    0.00    0.00    0.00    0.00    0.00     2      3.00      0.00   61936   15616   0.19      0.00      0.00      0.00       0  nginx
1791478990   1100    226318    0.00    0.00    0.00    0.00    0.00     1     36.00      0.00 1602996    6948   0.09      0.00      0.00      0.00       0  isupipe
1791478990    113    226319    0.00    0.00    0.00    0.00    0.00     1     13.00      0.00  682064   58024   0.71      0.00      0.00      0.00       0  pdns_server

# Time        UID       PID    %usr %system  %guest   %wait    %CPU   CPU  minflt/s  majflt/s     VSZ     RSS   %MEM   kB_rd/s   kB_wr/s kB_ccwr/s iodelay  Command
1791478991    112     14307    8.00    7.00    0.00    0.00   15.00     1      2.00      0.00 2888260 1116992  13.76      0.00   8456.00      0.00       0  mysqld
1791478991      0     17311    0.00    0.00    0.00    0.00    0.00     2      0.00      0.00   56816   12524   0.15      0.00      0.00      0.00       0  nginx
1791478991     33    203690    0.00    0.00    0.00    0.00    0.00     2      0.00      0.00   58684   12448   0.15      0.00      0.00      0.00       0  nginx
1791478991     33    203691    0.00    0.00    0.00    0.00    0.00     0      0.00      0.00   59896   13604   0.17      0.00      0.00      0.00       0  nginx
1791478991     33    203692    0.00    0.00    0.00    0.00    0.00     1      0.00      0.00   59100   12824   0.16      0.00      0.00      0.00       0  nginx
1791478991     33    203693    0.00    0.00    0.00    0.00    0.00     2      0.00      0.00   61936   15616   0.19      0.00      0.00      0.00       0  nginx
1791478991   1100    226318    0.00    0.00    0.00    0.00    0.00     1      0.00      0.00 1602996    6948   0.09      0.00      0.00      0.00       0  isupipe
1791478991    113    226319    0.00    0.00    0.00    0.00    0.00     1      0.00      0.00  682064   58024   0.71      0.00      0.00      0.00       0  pdns_server

# Time        UID       PID    %usr %system  %guest   %wait    %CPU   CPU  minflt/s  majflt/s     VSZ     RSS   %MEM   kB_rd/s   kB_wr/s kB_ccwr/s iodelay  Command
1791478992    112     14307    5.00   11.00    0.00    0.00   16.00     1      0.00      0.00 2888260 1116992  13.76      0.00   8544.00      0.00       0  mysqld
1791478992      0     17311    0.00    0.00    0.00    0.00    0.00     2      0.00      0.00   56816   12524   0.15      0.00      0.00      0.00       0  nginx
1791478992     33    203690    0.00    0.00    0.00    0.00    0.00     2      0.00      0.00   58684   12448   0.15      0.00      0.00      0.00       0  nginx
1791478992     33    203691    0.00    0.00    0.00    0.00    0.00     0      0.00      0.00   59896   13604   0.17      0.00      0.00      0.00       0  nginx
1791478992     33    203692    0.00    0.00    0.00    0.00    0.00     1      0.00      0.00   59100   12824   0.16      0.00      0.00      0.00       0  nginx
1791478992     33    203693    0.00    0.00    0.00    0.00    0.00     2      0.00      0.00   61936   15616   0.19      0.00      0.00      0.00       0  nginx
1791478992   1100    226318    0.00    0.00    0.00    0.00    0.00     1      0.00      0.00 1602996    6948   0.09      0.00      0.00      0.00       0  isupipe
1791478992    113    226319    0.00    0.00    0.00    0.00    0.00     1      0.00      0.00  682064   58024   0.71      0.00      0.00      0.00       0  pdns_server

# Time        UID       PID    %usr %system  %guest   %wait    %CPU   CPU  minflt/s  majflt/s     VSZ     RSS   %MEM   kB_rd/s   kB_wr/s kB_ccwr/s iodelay  Command
1791478993    112     14307   10.00   10.00    0.00    0.00   20.00     2   7492.00      0.00 2888260 1115404  13.74      0.00  25332.00   1948.00       0  mysqld
1791478993      0     17311    0.00    0.00    0.00    0.00    0.00     2      0.00      0.00   56816   12524   0.15      0.00      0.00      0.00       0  nginx
1791478993     33    203690    0.00    0.00    0.00    0.00    0.00     2      0.00      0.00   58684   12448   0.15      0.00      0.00      0.00       0  nginx
1791478993     33    203691    0.00    0.00    0.00    0.00    0.00     0      0.00      0.00   59896   13604   0.17      0.00      0.00      0.00       0  nginx
1791478993     33    203692    0.00    0.00    0.00    0.00    0.00     1      0.00      0.00   59100   12824   0.16      0.00      0.00      0.00       0  nginx
1791478993     33    203693    0.00    0.00    0.00    0.00    0.00     2      0.00      0.00   61936   15616   0.19      0.00      0.00      0.00       0  nginx
1791478993   1100    226318    0.00    0.00    0.00    0.00    0.00     1      0.00      0.00 1602996    6948   0.09      0.00      0.00      0.00       0  isupipe
1791478993    113    226319    0.00    0.00    0.00    0.00    0.00     1      0.00      0.00  682064   58024   0.71      0.00      0.00      0.00       0  pdns_server

# Time        UID       PID    %usr %system  %guest   %wait    %CPU   CPU  minflt/s  majflt/s     VSZ     RSS   %MEM   kB_rd/s   kB_wr/s kB_ccwr/s iodelay  Command
1791478994    112     14307   38.00   11.00    0.00    0.00   49.00     3   5790.00      0.00 2889288 1136216  14.00      0.00  38244.00   1524.00       0  mysqld
1791478994      0     17311    0.00    0.00    0.00    0.00    0.00     2      0.00      0.00   56816   12524   0.15      0.00      0.00      0.00       0  nginx
1791478994     33    203690    0.00    0.00    0.00    0.00    0.00     2      0.00      0.00   58684   12448   0.15      0.00      0.00      0.00       0  nginx
1791478994     33    203691    0.00    0.00    0.00    0.00    0.00     0      0.00      0.00   59896   13604   0.17      0.00      0.00      0.00       0  nginx
1791478994     33    203692    0.00    0.00    0.00    0.00    0.00     1      0.00      0.00   59100   12824   0.16      0.00      0.00      0.00       0  nginx
1791478994     33    203693    1.00    0.00    0.00    0.00    1.00     3      0.00      0.00   61936   15616   0.19      0.00      8.00      0.00       0  nginx
1791478994   1100    226318    0.00    7.00    0.00    0.00    7.00     3   1716.00      0.00 1679604   13180   0.16     84.00     52.00     52.00       0  isupipe
1791478994    113    226319    1.00    0.00    0.00    0.00    1.00     1     14.00      0.00  682592   58024   0.71      0.00      0.00      0.00       0  pdns_server

# Time        UID       PID    %usr %system  %guest   %wait    %CPU   CPU  minflt/s  majflt/s     VSZ     RSS   %MEM   kB_rd/s   kB_wr/s kB_ccwr/s iodelay  Command
1791478995    112     14307    2.97    1.98    0.00    0.00    4.95     2      4.95      0.00 2889288 1136364  14.00      0.00   3596.04     63.37       0  mysqld
1791478995      0     17311    0.00    0.00    0.00    0.00    0.00     2      0.00      0.00   56816   12524   0.15      0.00      0.00      0.00       0  nginx
1791478995     33    203690    0.00    0.00    0.00    0.00    0.00     2      0.00      0.00   58684   12448   0.15      0.00      0.00      0.00       0  nginx
1791478995     33    203691    0.00    0.00    0.00    0.00    0.00     0      0.00      0.00   59896   13604   0.17      0.00      0.00      0.00       0  nginx
1791478995     33    203692    0.00    0.00    0.00    0.00    0.00     1      0.00      0.00   59100   12824   0.16      0.00      0.00      0.00       0  nginx
1791478995     33    203693    0.00    0.00    0.00    0.00    0.00     1      0.00      0.00   61936   15616   0.19      0.00     87.13     83.17       0  nginx
1791478995   1100    226318    2.97    1.98    0.00    0.00    4.95     2    295.05      0.00 1679604   13544   0.17     35.64      0.00      0.00       0  isupipe
1791478995    113    226319    0.00    0.00    0.00    0.00    0.00     1      0.00      0.00  682592   58024   0.71      0.00      0.00      0.00       0  pdns_server

# Time        UID       PID    %usr %system  %guest   %wait    %CPU   CPU  minflt/s  majflt/s     VSZ     RSS   %MEM   kB_rd/s   kB_wr/s kB_ccwr/s iodelay  Command
1791478996    112     14307    0.99    0.99    0.00    0.00    1.98     2      0.00      0.00 2889288 1136364  14.00      0.00   2946.53      0.00       0  mysqld
1791478996      0     17311    0.00    0.00    0.00    0.00    0.00     2      0.00      0.00   56816   12524   0.15      0.00      0.00      0.00       0  nginx
1791478996     33    203690    0.00    0.00    0.00    0.00    0.00     2      0.00      0.00   58684   12448   0.15      0.00      0.00      0.00       0  nginx
1791478996     33    203691    0.00    0.00    0.00    0.00    0.00     0      0.00      0.00   59896   13604   0.17      0.00      0.00      0.00       0  nginx
1791478996     33    203692    0.00    0.00    0.00    0.00    0.00     1      0.00      0.00   59100   12824   0.16      0.00      0.00      0.00       0  nginx
1791478996     33    203693    0.00    0.00    0.00    0.00    0.00     1      0.00      0.00   61936   15616   0.19      0.00      0.00      0.00       0  nginx
1791478996   1100    226318    0.00    0.00    0.00    0.00    0.00     2      0.00      0.00 1679604   13544   0.17      0.00      0.00      0.00       0  isupipe
1791478996    113    226319    0.00    0.00    0.00    0.00    0.00     1      0.00      0.00  682592   58024   0.71      0.00      0.00      0.00       0  pdns_server

# Time        UID       PID    %usr %system  %guest   %wait    %CPU   CPU  minflt/s  majflt/s     VSZ     RSS   %MEM   kB_rd/s   kB_wr/s kB_ccwr/s iodelay  Command
1791478997    112     14307    2.00    3.00    0.00    0.00    5.00     2      0.00      0.00 2889288 1136364  14.00      0.00   6952.00     48.00       0  mysqld
1791478997      0     17311    0.00    0.00    0.00    0.00    0.00     2      0.00      0.00   56816   12524   0.15      0.00      0.00      0.00       0  nginx
1791478997     33    203690    0.00    0.00    0.00    0.00    0.00     2      0.00      0.00   58684   12448   0.15      0.00      0.00      0.00       0  nginx
1791478997     33    203691    0.00    0.00    0.00    0.00    0.00     0      0.00      0.00   59896   13604   0.17      0.00      0.00      0.00       0  nginx
1791478997     33    203692    0.00    0.00    0.00    0.00    0.00     1      0.00      0.00   59100   12824   0.16      0.00      0.00      0.00       0  nginx
1791478997     33    203693    0.00    2.00    0.00    0.00    2.00     3      0.00      0.00   61936   15616   0.19      0.00     72.00     60.00       0  nginx
1791478997   1100    226318    3.00    1.00    0.00    0.00    4.00     1    173.00      0.00 1679860   13220   0.16      0.00      0.00      0.00       0  isupipe
1791478997    113    226319    1.00    0.00    0.00    0.00    1.00     1      0.00      0.00  682592   58024   0.71      0.00      0.00      0.00       0  pdns_server

# Time        UID       PID    %usr %system  %guest   %wait    %CPU   CPU  minflt/s  majflt/s     VSZ     RSS   %MEM   kB_rd/s   kB_wr/s kB_ccwr/s iodelay  Command
1791478998    112     14307    1.00    0.00    0.00    0.00    1.00     2      0.00      0.00 2889288 1136364  14.00      0.00   1096.00      0.00       0  mysqld
1791478998      0     17311    0.00    0.00    0.00    0.00    0.00     2      0.00      0.00   56816   12524   0.15      0.00      0.00      0.00       0  nginx
1791478998     33    203690    0.00    0.00    0.00    0.00    0.00     2      0.00      0.00   58684   12448   0.15      0.00      0.00      0.00       0  nginx
1791478998     33    203691    0.00    0.00    0.00    0.00    0.00     0      0.00      0.00   59896   13604   0.17      0.00      0.00      0.00       0  nginx
1791478998     33    203692    0.00    0.00    0.00    0.00    0.00     1      0.00      0.00   59100   12824   0.16      0.00      0.00      0.00       0  nginx
1791478998     33    203693    0.00    0.00    0.00    0.00    0.00     3      0.00      0.00   61936   15616   0.19      0.00      0.00      0.00       0  nginx
1791478998   1100    226318    0.00    0.00    0.00    0.00    0.00     1      0.00      0.00 1679860   13220   0.16      0.00      0.00      0.00       0  isupipe
1791478998    113    226319    0.00    0.00    0.00    0.00    0.00     1      0.00      0.00  682592   58024   0.71      0.00      0.00      0.00       0  pdns_server

# Time        UID       PID    %usr %system  %guest   %wait    %CPU   CPU  minflt/s  majflt/s     VSZ     RSS   %MEM   kB_rd/s   kB_wr/s kB_ccwr/s iodelay  Command
1791478999    112     14307   23.00   13.00    0.00    0.00   36.00     1     29.00      0.00 2890316 1136364  14.00      0.00  13892.00    444.00       0  mysqld
1791478999      0     17311    0.00    0.00    0.00    0.00    0.00     2      0.00      0.00   56816   12524   0.15      0.00      0.00      0.00       0  nginx
1791478999     33    203690    0.00    0.00    0.00    0.00    0.00     2      0.00      0.00   58684   12448   0.15      0.00      0.00      0.00       0  nginx
1791478999     33    203691    1.00    0.00    0.00    1.00    1.00     3      3.00      0.00   59896   13604   0.17      0.00     96.00     92.00       0  nginx
1791478999     33    203692    0.00    2.00    0.00    1.00    2.00     0      3.00      0.00   59100   12824   0.16      0.00     68.00     68.00       0  nginx
1791478999     33    203693    4.00    2.00    0.00    2.00    6.00     3      0.00      0.00   61936   15616   0.19      0.00    488.00    364.00       0  nginx
1791478999   1100    226318    9.00    8.00    0.00    4.00   17.00     3    368.00      0.00 1827444   14880   0.18      0.00      0.00      0.00       0  isupipe
1791478999    113    226319    4.00    8.00    0.00    0.00   12.00     1     20.00      0.00  682592   58024   0.71      0.00      0.00      0.00       0  pdns_server

# Time        UID       PID    %usr %system  %guest   %wait    %CPU   CPU  minflt/s  majflt/s     VSZ     RSS   %MEM   kB_rd/s   kB_wr/s kB_ccwr/s iodelay  Command
1791479000    112     14307   62.00   35.00    0.00    1.00   97.00     0    239.00      0.00 2893400 1136796  14.00      0.00  12464.00   1692.00       0  mysqld
1791479000      0     17311    0.00    0.00    0.00    0.00    0.00     2      0.00      0.00   56816   12524   0.15      0.00      0.00      0.00       0  nginx
1791479000     33    203690    1.00    2.00    0.00    3.00    3.00     3      3.00      0.00   58684   12448   0.15      0.00    168.00    156.00       0  nginx
1791479000     33    203691    5.00    4.00    0.00   11.00    9.00     3      0.00      0.00   59896   13604   0.17      0.00    572.00    544.00       0  nginx
1791479000     33    203692    1.00    4.00    0.00    6.00    5.00     0      0.00      0.00   59100   12824   0.16      0.00    312.00    180.00       0  nginx
1791479000     33    203693    5.00   13.00    0.00   17.00   18.00     0      0.00      0.00   61936   15616   0.19      0.00   1056.00   1016.00       0  nginx
1791479000   1100    226318   31.00   28.00    0.00   23.00   59.00     2   2730.00      0.00 2048820   18624   0.23      0.00      0.00      0.00       0  isupipe
1791479000    113    226319   10.00   13.00    0.00    0.00   23.00     1     51.00      0.00  682592   58628   0.72      0.00      0.00      0.00       0  pdns_server

# Time        UID       PID    %usr %system  %guest   %wait    %CPU   CPU  minflt/s  majflt/s     VSZ     RSS   %MEM   kB_rd/s   kB_wr/s kB_ccwr/s iodelay  Command
1791479001    112     14307   66.00   38.00    0.00    0.00  104.00     1     96.00      0.00 2898540 1136996  14.01      0.00  14180.00   1616.00       0  mysqld
1791479001      0     17311    0.00    0.00    0.00    0.00    0.00     2      0.00      0.00   56816   12524   0.15      0.00      0.00      0.00       0  nginx
1791479001     33    203690    1.00    2.00    0.00    7.00    3.00     2      0.00      0.00   58684   12448   0.15      0.00    192.00    168.00       0  nginx
1791479001     33    203691    4.00    9.00    0.00   24.00   13.00     2      0.00      0.00   59896   13604   0.17      0.00    464.00    360.00       0  nginx
1791479001     33    203692    5.00    5.00    0.00   14.00   10.00     2      0.00      0.00   59100   12824   0.16      0.00    548.00    572.00       0  nginx
1791479001     33    203693    7.00   11.00    0.00   33.00   18.00     2      0.00      0.00   61936   15616   0.19      0.00    996.00    764.00       0  nginx
1791479001   1100    226318   39.00   25.00    0.00   18.00   64.00     2   1423.00      0.00 2048820   19748   0.24      0.00      0.00      0.00       0  isupipe
1791479001    113    226319   10.00   13.00    0.00    0.00   23.00     1     44.00      0.00  682592   58628   0.72      0.00      0.00      0.00       0  pdns_server

# Time        UID       PID    %usr %system  %guest   %wait    %CPU   CPU  minflt/s  majflt/s     VSZ     RSS   %MEM   kB_rd/s   kB_wr/s kB_ccwr/s iodelay  Command
1791479002    112     14307   60.00   44.00    0.00    0.00  104.00     0    156.00      0.00 2898540 1137488  14.01      0.00  16140.00   1200.00       0  mysqld
1791479002      0     17311    0.00    0.00    0.00    0.00    0.00     2      0.00      0.00   56816   12524   0.15      0.00      0.00      0.00       0  nginx
1791479002     33    203690    2.00    3.00    0.00    8.00    5.00     2      0.00      0.00   58684   12448   0.15      0.00    124.00     84.00       0  nginx
1791479002     33    203691    4.00   11.00    0.00   24.00   15.00     3      0.00      0.00   59896   13604   0.17      0.00    372.00    292.00       0  nginx
1791479002     33    203692    5.00    5.00    0.00   13.00   10.00     2      0.00      0.00   59100   12824   0.16      0.00    520.00    448.00       0  nginx
1791479002     33    203693    7.00   11.00    0.00   26.00   18.00     0      0.00      0.00   61936   15616   0.19      0.00    800.00    796.00       0  nginx
1791479002   1100    226318   31.00   34.00    0.00    0.00   65.00     3   1816.00      0.00 2048820   18072   0.22      0.00      0.00      0.00       0  isupipe
1791479002    113    226319    8.00   13.00    0.00    0.00   21.00     1     29.00      0.00  682592   59140   0.73      0.00      0.00      0.00       0  pdns_server

# Time        UID       PID    %usr %system  %guest   %wait    %CPU   CPU  minflt/s  majflt/s     VSZ     RSS   %MEM   kB_rd/s   kB_wr/s kB_ccwr/s iodelay  Command
1791479003    112     14307   64.00   45.00    0.00    1.00  109.00     3    122.00      0.00 2898540 1137664  14.01      0.00  13596.00   1216.00       0  mysqld
1791479003      0     17311    0.00    0.00    0.00    0.00    0.00     2      0.00      0.00   56816   12524   0.15      0.00      0.00      0.00       0  nginx
1791479003     33    203690    2.00    6.00    0.00   12.00    8.00     3      0.00      0.00   58684   12448   0.15      0.00    348.00    316.00       0  nginx
1791479003     33    203691    3.00    8.00    0.00   27.00   11.00     2      0.00      0.00   59896   13604   0.17      0.00    352.00    292.00       0  nginx
1791479003     33    203692    0.00   11.00    0.00   24.00   11.00     2      0.00      0.00   59100   12824   0.16      0.00    324.00    212.00       0  nginx
1791479003     33    203693    6.00    9.00    0.00   33.00   15.00     2      0.00      0.00   61936   15616   0.19      0.00    708.00    624.00       0  nginx
1791479003   1100    226318   35.00   32.00    0.00    0.00   67.00     2   1251.00      0.00 2048820   20528   0.25      0.00      0.00      0.00       0  isupipe
1791479003    113    226319    6.00   17.00    0.00    0.00   23.00     1     22.00      0.00  682592   59140   0.73      0.00      0.00      0.00       0  pdns_server

# Time        UID       PID    %usr %system  %guest   %wait    %CPU   CPU  minflt/s  majflt/s     VSZ     RSS   %MEM   kB_rd/s   kB_wr/s kB_ccwr/s iodelay  Command
1791479004    112     14307   68.00   44.00    0.00    1.00  112.00     1    122.00      0.00 2898540 1137860  14.02      0.00  17756.00   1580.00       0  mysqld
1791479004      0     17311    0.00    0.00    0.00    0.00    0.00     2      0.00      0.00   56816   12524   0.15      0.00      0.00      0.00       0  nginx
1791479004     33    203690    1.00    2.00    0.00    4.00    3.00     2      0.00      0.00   58684   12448   0.15      0.00    108.00    100.00       0  nginx
1791479004     33    203691    4.00    9.00    0.00   20.00   13.00     2      0.00      0.00   59896   13604   0.17      0.00    920.00    816.00       0  nginx
1791479004     33    203692    2.00    7.00    0.00   13.00    9.00     2      0.00      0.00   59100   12824   0.16      0.00    264.00    212.00       0  nginx
1791479004     33    203693    6.00   14.00    0.00   35.00   20.00     3      0.00      0.00   61936   15616   0.19      0.00    828.00    712.00       0  nginx
1791479004   1100    226318   31.00   32.00    0.00    0.00   63.00     1   1177.00      0.00 2049076   20460   0.25      0.00      0.00      0.00       0  isupipe
1791479004    113    226319    8.00   16.00    0.00    0.00   24.00     1     30.00      0.00  682592   59400   0.73      0.00      0.00      0.00       0  pdns_server

# Time        UID       PID    %usr %system  %guest   %wait    %CPU   CPU  minflt/s  majflt/s     VSZ     RSS   %MEM   kB_rd/s   kB_wr/s kB_ccwr/s iodelay  Command
1791479005    112     14307   59.00   50.00    0.00    0.00  109.00     1    171.00      0.00 2898540 1138460  14.02      0.00  16048.00   1372.00       0  mysqld
1791479005      0     17311    0.00    0.00    0.00    0.00    0.00     2      0.00      0.00   56816   12524   0.15      0.00      0.00      0.00       0  nginx
1791479005     33    203690    3.00    5.00    0.00   11.00    8.00     2      0.00      0.00   58684   12448   0.15      0.00     40.00      0.00       0  nginx
1791479005     33    203691    4.00    8.00    0.00   21.00   12.00     0      0.00      0.00   59896   13604   0.17      0.00    804.00    720.00       0  nginx
1791479005     33    203692    3.00    8.00    0.00   13.00   11.00     2      0.00      0.00   59100   12824   0.16      0.00    344.00    292.00       0  nginx
1791479005     33    203693    4.00   14.00    0.00   40.00   18.00     0      0.00      0.00   61936   15616   0.19      0.00    772.00    604.00       0  nginx
1791479005   1100    226318   36.00   30.00    0.00    0.00   66.00     3    846.00      0.00 2049076   20624   0.25      0.00      0.00      0.00       0  isupipe
1791479005    113    226319    7.00   16.00    0.00    0.00   23.00     1     32.00      0.00  682592   59664   0.73      0.00      0.00      0.00       0  pdns_server

# Time        UID       PID    %usr %system  %guest   %wait    %CPU   CPU  minflt/s  majflt/s     VSZ     RSS   %MEM   kB_rd/s   kB_wr/s kB_ccwr/s iodelay  Command
1791479006    112     14307   57.00   54.00    0.00    0.00  111.00     1      0.00      0.00 2898540 1138460  14.02      0.00  15268.00   1324.00       0  mysqld
1791479006      0     17311    0.00    0.00    0.00    0.00    0.00     2      0.00      0.00   56816   12524   0.15      0.00      0.00      0.00       0  nginx
1791479006     33    203690    0.00    7.00    0.00   15.00    7.00     2      0.00      0.00   58684   12448   0.15      0.00    368.00    344.00       0  nginx
1791479006     33    203691    5.00    8.00    0.00   34.00   13.00     2      0.00      0.00   59896   13604   0.17      0.00    588.00    508.00       0  nginx
1791479006     33    203692    3.00    6.00    0.00   24.00    9.00     2      0.00      0.00   59100   12824   0.16      0.00    172.00     92.00       0  nginx
1791479006     33    203693    6.00   10.00    0.00   43.00   16.00     2      0.00      0.00   61936   15616   0.19      0.00    672.00    552.00       0  nginx
1791479006   1100    226318   36.00   27.00    0.00    0.00   63.00     0   1401.00      0.00 2049076   20148   0.25      0.00      0.00      0.00       0  isupipe
1791479006    113    226319   13.00   20.00    0.00    0.00   33.00     1     43.00      0.00  682592   59664   0.73      0.00      0.00      0.00       0  pdns_server

# Time        UID       PID    %usr %system  %guest   %wait    %CPU   CPU  minflt/s  majflt/s     VSZ     RSS   %MEM   kB_rd/s   kB_wr/s kB_ccwr/s iodelay  Command
1791479007    112     14307   67.00   45.00    0.00    1.00  112.00     1      7.00      0.00 2898540 1138460  14.02      0.00  22652.00   1748.00       0  mysqld
1791479007      0     17311    0.00    0.00    0.00    0.00    0.00     2      0.00      0.00   56816   12524   0.15      0.00      0.00      0.00       0  nginx
1791479007     33    203690    2.00    6.00    0.00   19.00    8.00     2      0.00      0.00   58684   12448   0.15      0.00    232.00    188.00       0  nginx
1791479007     33    203691    2.00    9.00    0.00   17.00   11.00     2      0.00      0.00   59896   13604   0.17      0.00    736.00    684.00       0  nginx
1791479007     33    203692    3.00    6.00    0.00   16.00    9.00     1      0.00      0.00   59100   12824   0.16      0.00    288.00    228.00       0  nginx
1791479007     33    203693    4.00   14.00    0.00   38.00   18.00     2      0.00      0.00   61936   15616   0.19      0.00    984.00    836.00       0  nginx
1791479007   1100    226318   36.00   28.00    0.00    0.00   64.00     0   1030.00      0.00 2049076   21196   0.26      0.00      0.00      0.00       0  isupipe
1791479007    113    226319    9.00   18.00    0.00    0.00   27.00     1     44.00      0.00  682592   59928   0.74      0.00      0.00      0.00       0  pdns_server

# Time        UID       PID    %usr %system  %guest   %wait    %CPU   CPU  minflt/s  majflt/s     VSZ     RSS   %MEM   kB_rd/s   kB_wr/s kB_ccwr/s iodelay  Command
1791479008    112     14307   65.00   44.00    0.00    1.00  109.00     1     25.00      0.00 2898540 1138460  14.02      0.00  15012.00   1376.00       0  mysqld
1791479008      0     17311    0.00    0.00    0.00    0.00    0.00     2      0.00      0.00   56816   12524   0.15      0.00      0.00      0.00       0  nginx
1791479008     33    203690    1.00    5.00    0.00    9.00    6.00     2      0.00      0.00   58684   12448   0.15      0.00    232.00    172.00       0  nginx
1791479008     33    203691    5.00    4.00    0.00   15.00    9.00     2      0.00      0.00   59896   13604   0.17      0.00    860.00    812.00       0  nginx
1791479008     33    203692    2.00    6.00    0.00   12.00    8.00     2      0.00      0.00   59100   12824   0.16      0.00    264.00    196.00       0  nginx
1791479008     33    203693    9.00   10.00    0.00   35.00   19.00     2      0.00      0.00   61936   15616   0.19      0.00    628.00    496.00       0  nginx
1791479008   1100    226318   36.00   30.00    0.00    0.00   66.00     1   1466.00      0.00 2049076   21748   0.27      0.00      0.00      0.00       0  isupipe
1791479008    113    226319   11.00   15.00    0.00    0.00   26.00     1     34.00      0.00  682592   59928   0.74      0.00      0.00      0.00       0  pdns_server

# Time        UID       PID    %usr %system  %guest   %wait    %CPU   CPU  minflt/s  majflt/s     VSZ     RSS   %MEM   kB_rd/s   kB_wr/s kB_ccwr/s iodelay  Command
1791479009    112     14307   63.00   46.00    0.00    0.00  109.00     1     24.00      0.00 2898540 1138460  14.02      0.00  14472.00   1008.00       0  mysqld
1791479009      0     17311    0.00    0.00    0.00    0.00    0.00     2      0.00      0.00   56816   12524   0.15      0.00      0.00      0.00       0  nginx
1791479009     33    203690    3.00    4.00    0.00   10.00    7.00     2      0.00      0.00   58684   12448   0.15      0.00    132.00     92.00       0  nginx
1791479009     33    203691    3.00   10.00    0.00   30.00   13.00     2      0.00      0.00   59896   13604   0.17      0.00    480.00    408.00       0  nginx
1791479009     33    203692    3.00    5.00    0.00   13.00    8.00     2      0.00      0.00   59100   12824   0.16      0.00    316.00    264.00       0  nginx
1791479009     33    203693    5.00   10.00    0.00   39.00   15.00     2      0.00      0.00   61936   15616   0.19      0.00    692.00    560.00       0  nginx
1791479009   1100    226318   29.00   36.00    0.00    0.00   65.00     0   1304.00      0.00 2049076   20972   0.26      0.00      0.00      0.00       0  isupipe
1791479009    113    226319    7.00   22.00    0.00    0.00   29.00     1     42.00      0.00  682592   59928   0.74      0.00      0.00      0.00       0  pdns_server

# Time        UID       PID    %usr %system  %guest   %wait    %CPU   CPU  minflt/s  majflt/s     VSZ     RSS   %MEM   kB_rd/s   kB_wr/s kB_ccwr/s iodelay  Command
1791479010    112     14307   65.00   49.00    0.00    0.00  114.00     1     44.00      0.00 2898540 1138460  14.02      0.00  15308.00   1380.00       0  mysqld
1791479010      0     17311    0.00    0.00    0.00    0.00    0.00     2      0.00      0.00   56816   12524   0.15      0.00      0.00      0.00       0  nginx
1791479010     33    203690    2.00    4.00    0.00    9.00    6.00     2      0.00      0.00   58684   12448   0.15      0.00     96.00     76.00       0  nginx
1791479010     33    203691    4.00   11.00    0.00   34.00   15.00     2      0.00      0.00   59896   13604   0.17      0.00    428.00    272.00       0  nginx
1791479010     33    203692    3.00    3.00    0.00    8.00    6.00     2      0.00      0.00   59100   12824   0.16      0.00    696.00    688.00       0  nginx
1791479010     33    203693    7.00    9.00    0.00   39.00   16.00     3      0.00      0.00   61936   15616   0.19      0.00    744.00    616.00       0  nginx
1791479010   1100    226318   33.00   26.00    0.00    0.00   59.00     3   1998.00      0.00 2049076   21492   0.26      0.00      0.00      0.00       0  isupipe
1791479010    113    226319   16.00   20.00    0.00    0.00   36.00     1     44.00      0.00  682592   60192   0.74      0.00      0.00      0.00       0  pdns_server

# Time        UID       PID    %usr %system  %guest   %wait    %CPU   CPU  minflt/s  majflt/s     VSZ     RSS   %MEM   kB_rd/s   kB_wr/s kB_ccwr/s iodelay  Command
1791479011    112     14307   63.00   48.00    0.00    1.00  111.00     1      1.00      0.00 2898540 1138460  14.02      0.00  19996.00   1308.00       0  mysqld
1791479011      0     17311    0.00    0.00    0.00    0.00    0.00     2      0.00      0.00   56816   12524   0.15      0.00      0.00      0.00       0  nginx
1791479011     33    203690    2.00    6.00    0.00    9.00    8.00     2      0.00      0.00   58684   12448   0.15      0.00    180.00    160.00       0  nginx
1791479011     33    203691    5.00    7.00    0.00   29.00   12.00     2      0.00      0.00   59896   13604   0.17      0.00    608.00    464.00       0  nginx
1791479011     33    203692    2.00    8.00    0.00   24.00   10.00     2      0.00      0.00   59100   12824   0.16      0.00    284.00    204.00       0  nginx
1791479011     33    203693    4.00   12.00    0.00   43.00   16.00     2      0.00      0.00   61936   15616   0.19      0.00    680.00    540.00       0  nginx
1791479011   1100    226318   30.00   36.00    0.00    0.00   66.00     0   1324.00      0.00 2049076   21788   0.27      0.00      0.00      0.00       0  isupipe
1791479011    113    226319    8.00   25.00    0.00    0.00   33.00     1     33.00      0.00  682592   60192   0.74      0.00      0.00      0.00       0  pdns_server

# Time        UID       PID    %usr %system  %guest   %wait    %CPU   CPU  minflt/s  majflt/s     VSZ     RSS   %MEM   kB_rd/s   kB_wr/s kB_ccwr/s iodelay  Command
1791479012    112     14307   59.00   52.00    0.00    0.00  111.00     2     76.00      0.00 2898540 1138636  14.03      0.00  16792.00   1468.00       0  mysqld
1791479012      0     17311    0.00    0.00    0.00    0.00    0.00     2      0.00      0.00   56816   12524   0.15      0.00      0.00      0.00       0  nginx
1791479012     33    203690    2.00    3.00    0.00    7.00    5.00     2      0.00      0.00   58684   12448   0.15      0.00    408.00    328.00       0  nginx
1791479012     33    203691    3.00   10.00    0.00   25.00   13.00     2      0.00      0.00   59896   13604   0.17      0.00    672.00    660.00       0  nginx
1791479012     33    203692    3.00   11.00    0.00   20.00   14.00     2      0.00      0.00   59100   12824   0.16      0.00    440.00    348.00       0  nginx
1791479012     33    203693    5.00   12.00    0.00   43.00   17.00     2      0.00      0.00   61936   15616   0.19      0.00    304.00    160.00       0  nginx
1791479012   1100    226318   34.00   34.00    0.00    0.00   68.00     1    790.00      0.00 2049076   22484   0.28      0.00      0.00      0.00       0  isupipe
1791479012    113    226319   10.00   19.00    0.00    0.00   29.00     1     42.00      0.00  682592   60456   0.74      0.00      0.00      0.00       0  pdns_server

# Time        UID       PID    %usr %system  %guest   %wait    %CPU   CPU  minflt/s  majflt/s     VSZ     RSS   %MEM   kB_rd/s   kB_wr/s kB_ccwr/s iodelay  Command
1791479013    112     14307   64.00   46.00    0.00    2.00  110.00     2      0.00      0.00 2898540 1138636  14.03      0.00  12032.00    732.00       0  mysqld
1791479013      0     17311    0.00    0.00    0.00    0.00    0.00     2      0.00      0.00   56816   12524   0.15      0.00      0.00      0.00       0  nginx
1791479013     33    203690    2.00    7.00    0.00   12.00    9.00     2      0.00      0.00   58684   12448   0.15      0.00     84.00    124.00       0  nginx
1791479013     33    203691    3.00    9.00    0.00   22.00   12.00     3      0.00      0.00   59896   13604   0.17      0.00    476.00    396.00       0  nginx
1791479013     33    203692    3.00    9.00    0.00   19.00   12.00     2      0.00      0.00   59100   12824   0.16      0.00    140.00     80.00       0  nginx
1791479013     33    203693    5.00   11.00    0.00   32.00   16.00     2      0.00      0.00   61936   15616   0.19      0.00    464.00    360.00       0  nginx
1791479013   1100    226318   31.00   32.00    0.00    0.00   63.00     0    222.00      0.00 2049076   22884   0.28      0.00      0.00      0.00       0  isupipe
1791479013    113    226319   13.00   14.00    0.00    0.00   27.00     1     36.00      0.00  682592   60456   0.74      0.00      0.00      0.00       0  pdns_server

# Time        UID       PID    %usr %system  %guest   %wait    %CPU   CPU  minflt/s  majflt/s     VSZ     RSS   %MEM   kB_rd/s   kB_wr/s kB_ccwr/s iodelay  Command
1791479014    112     14307   64.00   43.00    0.00    2.00  107.00     1      3.00      0.00 2898540 1138636  14.03      0.00  13524.00    920.00       0  mysqld
1791479014      0     17311    0.00    0.00    0.00    0.00    0.00     2      0.00      0.00   56816   12524   0.15      0.00      0.00      0.00       0  nginx
1791479014     33    203690    2.00    5.00    0.00   10.00    7.00     2      0.00      0.00   58684   12448   0.15      0.00    320.00    260.00       0  nginx
1791479014     33    203691    5.00    7.00    0.00   20.00   12.00     2      0.00      0.00   59896   13604   0.17      0.00    752.00    620.00       0  nginx
1791479014     33    203692    4.00    3.00    0.00   11.00    7.00     2      0.00      0.00   59100   12824   0.16      0.00     60.00      0.00       0  nginx
1791479014     33    203693    7.00   15.00    0.00   34.00   22.00     2      0.00      0.00   61936   15616   0.19      0.00    396.00    248.00       0  nginx
1791479014   1100    226318   30.00   31.00    0.00    0.00   61.00     0    578.00      0.00 2049076   22848   0.28      0.00      0.00      0.00       0  isupipe
1791479014    113    226319   10.00   19.00    0.00    0.00   29.00     1     39.00      0.00  682592   60720   0.75      0.00      0.00      0.00       0  pdns_server

# Time        UID       PID    %usr %system  %guest   %wait    %CPU   CPU  minflt/s  majflt/s     VSZ     RSS   %MEM   kB_rd/s   kB_wr/s kB_ccwr/s iodelay  Command
1791479015    112     14307   60.00   45.00    0.00    0.00  105.00     1     33.00      0.00 2898540 1138636  14.03      0.00  13688.00    892.00       0  mysqld
1791479015      0     17311    0.00    0.00    0.00    0.00    0.00     2      0.00      0.00   56816   12524   0.15      0.00      0.00      0.00       0  nginx
1791479015     33    203690    2.00    4.00    0.00    7.00    6.00     1      0.00      0.00   58684   12448   0.15      0.00    100.00     80.00       0  nginx
1791479015     33    203691    2.00    9.00    0.00   15.00   11.00     2      0.00      0.00   59896   13604   0.17      0.00    208.00    196.00       0  nginx
1791479015     33    203692    4.00    3.00    0.00    9.00    7.00     1      0.00      0.00   59100   12824   0.16      0.00    452.00    420.00       0  nginx
1791479015     33    203693    7.00   11.00    0.00   23.00   18.00     1      0.00      0.00   61936   15616   0.19      0.00    512.00    376.00       0  nginx
1791479015   1100    226318   30.00   32.00    0.00    0.00   62.00     0    550.00      0.00 2049076   22004   0.27      0.00      0.00      0.00       0  isupipe
1791479015    113    226319    8.00   19.00    0.00    0.00   27.00     1     37.00      0.00  682592   60720   0.75      0.00      0.00      0.00       0  pdns_server

# Time        UID       PID    %usr %system  %guest   %wait    %CPU   CPU  minflt/s  majflt/s     VSZ     RSS   %MEM   kB_rd/s   kB_wr/s kB_ccwr/s iodelay  Command
1791479016    112     14307   66.00   48.00    0.00    0.00  114.00     1      4.00      0.00 2898540 1138636  14.03      0.00  16976.00    884.00       0  mysqld
1791479016      0     17311    0.00    0.00    0.00    0.00    0.00     2      0.00      0.00   56816   12524   0.15      0.00      0.00      0.00       0  nginx
1791479016     33    203690    2.00    6.00    0.00   18.00    8.00     2      0.00      0.00   58684   12448   0.15      0.00    240.00    192.00       0  nginx
1791479016     33    203691    5.00    7.00    0.00   27.00   12.00     2      0.00      0.00   59896   13604   0.17      0.00    256.00    176.00       0  nginx
1791479016     33    203692    3.00    7.00    0.00   16.00   10.00     2      0.00      0.00   59100   12824   0.16      0.00    524.00    384.00       0  nginx
1791479016     33    203693    4.00   12.00    0.00   41.00   16.00     2      0.00      0.00   61936   15616   0.19      0.00    528.00    424.00       0  nginx
1791479016   1100    226318   28.00   31.00    0.00    0.00   59.00     3    595.00      0.00 2049076   23224   0.29      0.00      0.00      0.00       0  isupipe
1791479016    113    226319   12.00   18.00    0.00    0.00   30.00     1     41.00      0.00  682592   60984   0.75      0.00      0.00      0.00       0  pdns_server

# Time        UID       PID    %usr %system  %guest   %wait    %CPU   CPU  minflt/s  majflt/s     VSZ     RSS   %MEM   kB_rd/s   kB_wr/s kB_ccwr/s iodelay  Command
1791479017    112     14307   68.00   44.00    0.00    1.00  112.00     1     15.00      0.00 2898540 1138824  14.03      0.00  14244.00   1008.00       0  mysqld
1791479017      0     17311    0.00    0.00    0.00    0.00    0.00     2      0.00      0.00   56816   12524   0.15      0.00      0.00      0.00       0  nginx
1791479017     33    203690    2.00    2.00    0.00    5.00    4.00     2      0.00      0.00   58684   12448   0.15      0.00     20.00      0.00       0  nginx
1791479017     33    203691    5.00    8.00    0.00   26.00   13.00     2      0.00      0.00   59896   13604   0.17      0.00    600.00    536.00       0  nginx
1791479017     33    203692    2.00    7.00    0.00   13.00    9.00     2      0.00      0.00   59100   12824   0.16      0.00    388.00    408.00       0  nginx
1791479017     33    203693    6.00   14.00    0.00   35.00   20.00     2      0.00      0.00   61936   15616   0.19      0.00    568.00    300.00       0  nginx
1791479017   1100    226318   34.00   31.00    0.00    0.00   65.00     3   1050.00      0.00 2049076   22336   0.28      0.00      0.00      0.00       0  isupipe
1791479017    113    226319   10.00   19.00    0.00    0.00   29.00     1     48.00      0.00  682592   60984   0.75      0.00      0.00      0.00       0  pdns_server

# Time        UID       PID    %usr %system  %guest   %wait    %CPU   CPU  minflt/s  majflt/s     VSZ     RSS   %MEM   kB_rd/s   kB_wr/s kB_ccwr/s iodelay  Command
1791479018    112     14307   65.00   47.00    0.00    0.00  112.00     1     11.00      0.00 2898540 1138824  14.03      0.00  15436.00   1380.00       0  mysqld
1791479018      0     17311    0.00    0.00    0.00    0.00    0.00     2      0.00      0.00   56816   12524   0.15      0.00      0.00      0.00       0  nginx
1791479018     33    203690    3.00    5.00    0.00   17.00    8.00     2      0.00      0.00   58684   12448   0.15      0.00    364.00    340.00       0  nginx
1791479018     33    203691    4.00    7.00    0.00   40.00   11.00     2      0.00      0.00   59896   13604   0.17      0.00    436.00    360.00       0  nginx
1791479018     33    203692    1.00    8.00    0.00   22.00    9.00     2      0.00      0.00   59100   12824   0.16      0.00    164.00     76.00       0  nginx
1791479018     33    203693    7.00    8.00    0.00   46.00   15.00     2      0.00      0.00   61936   15616   0.19      0.00    640.00    592.00       0  nginx
1791479018   1100    226318   34.00   27.00    0.00    0.00   61.00     3    450.00      0.00 2049332   22880   0.28      0.00      0.00      0.00       0  isupipe
1791479018    113    226319    8.00   23.00    0.00    0.00   31.00     1     46.00      0.00  682592   61248   0.75      0.00      0.00      0.00       0  pdns_server

# Time        UID       PID    %usr %system  %guest   %wait    %CPU   CPU  minflt/s  majflt/s     VSZ     RSS   %MEM   kB_rd/s   kB_wr/s kB_ccwr/s iodelay  Command
1791479019    112     14307   65.00   48.00    0.00    1.00  113.00     1      7.00      0.00 2898540 1138824  14.03      0.00  16628.00    996.00       0  mysqld
1791479019      0     17311    0.00    0.00    0.00    0.00    0.00     2      0.00      0.00   56816   12524   0.15      0.00      0.00      0.00       0  nginx
1791479019     33    203690    1.00    8.00    0.00   23.00    9.00     2      0.00      0.00   58684   12448   0.15      0.00    276.00    212.00       0  nginx
1791479019     33    203691    2.00    9.00    0.00   35.00   11.00     2      0.00      0.00   59896   13604   0.17      0.00    240.00    180.00       0  nginx
1791479019     33    203692    2.00    6.00    0.00   23.00    8.00     2      0.00      0.00   59100   12824   0.16      0.00    492.00    400.00       0  nginx
1791479019     33    203693    6.00    7.00    0.00   43.00   13.00     2      0.00      0.00   61936   15616   0.19      0.00    464.00    368.00       0  nginx
1791479019   1100    226318   30.00   34.00    0.00    0.00   64.00     3    271.00      0.00 2049332   23356   0.29      0.00      0.00      0.00       0  isupipe
1791479019    113    226319    8.00   23.00    0.00    0.00   31.00     1     38.00      0.00  682592   61248   0.75      0.00      0.00      0.00       0  pdns_server

# Time        UID       PID    %usr %system  %guest   %wait    %CPU   CPU  minflt/s  majflt/s     VSZ     RSS   %MEM   kB_rd/s   kB_wr/s kB_ccwr/s iodelay  Command
1791479020    112     14307   69.00   40.00    0.00    0.00  109.00     1      2.00      0.00 2898540 1138824  14.03      0.00  14908.00   1160.00       0  mysqld
1791479020      0     17311    0.00    0.00    0.00    0.00    0.00     2      0.00      0.00   56816   12524   0.15      0.00      0.00      0.00       0  nginx
1791479020     33    203690    2.00    8.00    0.00   26.00   10.00     2      0.00      0.00   58684   12448   0.15      0.00    192.00    136.00       0  nginx
1791479020     33    203691    3.00    7.00    0.00   29.00   10.00     2      0.00      0.00   59896   13604   0.17      0.00    424.00    256.00       0  nginx
1791479020     33    203692    4.00    5.00    0.00   17.00    9.00     2      0.00      0.00   59100   12824   0.16      0.00    412.00    448.00       0  nginx
1791479020     33    203693    3.00   12.00    0.00   41.00   15.00     2      0.00      0.00   61936   15616   0.19      0.00    572.00    332.00       0  nginx
1791479020   1100    226318   31.00   28.00    0.00    0.00   59.00     3    206.00      0.00 2049332   23508   0.29      0.00      0.00      0.00       0  isupipe
1791479020    113    226319    9.00   21.00    0.00    0.00   30.00     1     47.00      0.00  682592   61512   0.76      0.00      0.00      0.00       0  pdns_server

# Time        UID       PID    %usr %system  %guest   %wait    %CPU   CPU  minflt/s  majflt/s     VSZ     RSS   %MEM   kB_rd/s   kB_wr/s kB_ccwr/s iodelay  Command
1791479021    112     14307   62.00   49.00    0.00    0.00  111.00     1     23.00      0.00 2898540 1138824  14.03      0.00  14700.00    888.00       0  mysqld
1791479021      0     17311    0.00    0.00    0.00    0.00    0.00     2      0.00      0.00   56816   12524   0.15      0.00      0.00      0.00       0  nginx
1791479021     33    203690    2.00    6.00    0.00   15.00    8.00     2      0.00      0.00   58684   12448   0.15      0.00    260.00    240.00       0  nginx
1791479021     33    203691    5.00    6.00    0.00   29.00   11.00     0      0.00      0.00   59896   13604   0.17      0.00    500.00    440.00       0  nginx
1791479021     33    203692    3.00    8.00    0.00   28.00   11.00     3      0.00      0.00   59100   12824   0.16      0.00    396.00    240.00       0  nginx
1791479021     33    203693    7.00    8.00    0.00   37.00   15.00     2      0.00      0.00   61936   15616   0.19      0.00    332.00    316.00       0  nginx
1791479021   1100    226318   35.00   27.00    0.00    0.00   62.00     1    553.00      0.00 2049332   23364   0.29      0.00      0.00      0.00       0  isupipe
1791479021    113    226319   15.00   17.00    0.00    0.00   32.00     1     38.00      0.00  682592   61512   0.76      0.00      0.00      0.00       0  pdns_server

# Time        UID       PID    %usr %system  %guest   %wait    %CPU   CPU  minflt/s  majflt/s     VSZ     RSS   %MEM   kB_rd/s   kB_wr/s kB_ccwr/s iodelay  Command
1791479022    112     14307   61.00   49.00    0.00    0.00  110.00     1      9.00      0.00 2898540 1138824  14.03      0.00  15576.00   1520.00       0  mysqld
1791479022      0     17311    0.00    0.00    0.00    0.00    0.00     2      0.00      0.00   56816   12524   0.15      0.00      0.00      0.00       0  nginx
1791479022     33    203690    4.00    3.00    0.00   11.00    7.00     2      0.00      0.00   58684   12448   0.15      0.00    240.00    188.00       0  nginx
1791479022     33    203691    4.00    9.00    0.00   27.00   13.00     2      0.00      0.00   59896   13604   0.17      0.00    736.00    752.00       0  nginx
1791479022     33    203692    4.00    7.00    0.00   19.00   11.00     2      0.00      0.00   59100   12824   0.16      0.00     68.00     88.00       0  nginx
1791479022     33    203693    6.00   13.00    0.00   38.00   19.00     0      0.00      0.00   61936   15616   0.19      0.00    780.00    660.00       0  nginx
1791479022   1100    226318   33.00   30.00    0.00    0.00   63.00     0    595.00      0.00 2049332   23056   0.28      0.00      0.00      0.00       0  isupipe
1791479022    113    226319   10.00   18.00    0.00    0.00   28.00     1     20.00      0.00  682592   61776   0.76      0.00      0.00      0.00       0  pdns_server

# Time        UID       PID    %usr %system  %guest   %wait    %CPU   CPU  minflt/s  majflt/s     VSZ     RSS   %MEM   kB_rd/s   kB_wr/s kB_ccwr/s iodelay  Command
1791479023    112     14307   63.00   48.00    0.00    1.00  111.00     1     49.00      0.00 2898540 1139020  14.03      0.00  23036.00    820.00       0  mysqld
1791479023      0     17311    0.00    0.00    0.00    0.00    0.00     2      0.00      0.00   56816   12524   0.15      0.00      0.00      0.00       0  nginx
1791479023     33    203690    1.00    8.00    0.00   12.00    9.00     2      2.00      0.00   58684   12448   0.15      0.00     60.00      0.00       0  nginx
1791479023     33    203691    3.00   10.00    0.00   27.00   13.00     2      0.00      0.00   59896   13604   0.17      0.00    444.00    348.00       0  nginx
1791479023     33    203692    2.00    4.00    0.00    6.00    6.00     2      0.00      0.00   59100   12824   0.16      0.00    320.00    312.00       0  nginx
1791479023     33    203693    5.00   11.00    0.00   28.00   16.00     2      0.00      0.00   61936   15616   0.19      0.00    428.00    312.00       0  nginx
1791479023   1100    226318   31.00   31.00    0.00    0.00   62.00     3    870.00      0.00 2049332   22652   0.28      0.00      0.00      0.00       0  isupipe
1791479023    113    226319   11.00   14.00    0.00    0.00   25.00     1     17.00      0.00  682592   61776   0.76      0.00      0.00      0.00       0  pdns_server

# Time        UID       PID    %usr %system  %guest   %wait    %CPU   CPU  minflt/s  majflt/s     VSZ     RSS   %MEM   kB_rd/s   kB_wr/s kB_ccwr/s iodelay  Command
1791479024    112     14307   64.00   46.00    0.00    0.00  110.00     0      1.00      0.00 2898540 1139020  14.03      0.00  13692.00    844.00       0  mysqld
1791479024      0     17311    0.00    0.00    0.00    0.00    0.00     2      0.00      0.00   56816   12524   0.15      0.00      0.00      0.00       0  nginx
1791479024     33    203690    3.00    7.00    0.00   15.00   10.00     2      5.00      0.00   58684   12448   0.15      0.00    204.00    156.00       0  nginx
1791479024     33    203691    4.00    7.00    0.00   26.00   11.00     3      0.00      0.00   59896   13604   0.17      0.00    568.00    512.00       0  nginx
1791479024     33    203692    3.00    7.00    0.00   22.00   10.00     2      0.00      0.00   59100   12824   0.16      0.00    416.00    364.00       0  nginx
1791479024     33    203693    4.00    9.00    0.00   43.00   13.00     3      0.00      0.00   61936   15616   0.19      0.00    188.00     64.00       0  nginx
1791479024   1100    226318   36.00   29.00    0.00    0.00   65.00     0    466.00      0.00 2049332   23764   0.29      0.00      0.00      0.00       0  isupipe
1791479024    113    226319   12.00   19.00    0.00    0.00   31.00     1     25.00      0.00  682592   62040   0.76      0.00      0.00      0.00       0  pdns_server

# Time        UID       PID    %usr %system  %guest   %wait    %CPU   CPU  minflt/s  majflt/s     VSZ     RSS   %MEM   kB_rd/s   kB_wr/s kB_ccwr/s iodelay  Command
1791479025    112     14307   67.00   47.00    0.00    0.00  114.00     0      1.00      0.00 2898540 1139020  14.03      0.00  17996.00   1220.00       0  mysqld
1791479025      0     17311    0.00    0.00    0.00    0.00    0.00     2      0.00      0.00   56816   12524   0.15      0.00      0.00      0.00       0  nginx
1791479025     33    203690    4.00    4.00    0.00   11.00    8.00     2      7.00      0.00   58684   12448   0.15      0.00    248.00    228.00       0  nginx
1791479025     33    203691    3.00    7.00    0.00   22.00   10.00     2      0.00      0.00   59896   13604   0.17      0.00    548.00    496.00       0  nginx
1791479025     33    203692    3.00    7.00    0.00   19.00   10.00     2      0.00      0.00   59100   12824   0.16      0.00    272.00    216.00       0  nginx
1791479025     33    203693    3.00   14.00    0.00   40.00   17.00     2      0.00      0.00   61936   15616   0.19      0.00    428.00    308.00       0  nginx
1791479025   1100    226318   29.00   34.00    0.00    0.00   63.00     0    720.00      0.00 2049332   23240   0.29      0.00      0.00      0.00       0  isupipe
1791479025    113    226319   11.00   18.00    0.00    0.00   29.00     1     13.00      0.00  682592   62564   0.77      0.00      0.00      0.00       0  pdns_server

# Time        UID       PID    %usr %system  %guest   %wait    %CPU   CPU  minflt/s  majflt/s     VSZ     RSS   %MEM   kB_rd/s   kB_wr/s kB_ccwr/s iodelay  Command
1791479026    112     14307   59.00   52.00    0.00    0.00  111.00     0      0.00      0.00 2898540 1139020  14.03      0.00  12928.00    604.00       0  mysqld
1791479026      0     17311    0.00    0.00    0.00    0.00    0.00     2      0.00      0.00   56816   12524   0.15      0.00      0.00      0.00       0  nginx
1791479026     33    203690    3.00    5.00    0.00   13.00    8.00     3      6.00      0.00   58684   12448   0.15      0.00     64.00      0.00       0  nginx
1791479026     33    203691    4.00   11.00    0.00   30.00   15.00     2      0.00      0.00   59896   13604   0.17      0.00     92.00      0.00       0  nginx
1791479026     33    203692    3.00    6.00    0.00   13.00    9.00     3      0.00      0.00   59100   12824   0.16      0.00    544.00    504.00       0  nginx
1791479026     33    203693    5.00   12.00    0.00   39.00   17.00     0      0.00      0.00   61936   15616   0.19      0.00    404.00    292.00       0  nginx
1791479026   1100    226318   30.00   35.00    0.00    0.00   65.00     0    521.00      0.00 2049332   23592   0.29      0.00      0.00      0.00       0  isupipe
1791479026    113    226319    9.00   20.00    0.00    0.00   29.00     1     10.00      0.00  682592   62564   0.77      0.00      0.00      0.00       0  pdns_server

# Time        UID       PID    %usr %system  %guest   %wait    %CPU   CPU  minflt/s  majflt/s     VSZ     RSS   %MEM   kB_rd/s   kB_wr/s kB_ccwr/s iodelay  Command
1791479027    112     14307   67.00   46.00    0.00    1.00  113.00     0     24.00      0.00 2898540 1139020  14.03      0.00  14336.00    752.00       0  mysqld
1791479027      0     17311    0.00    0.00    0.00    0.00    0.00     2      0.00      0.00   56816   12524   0.15      0.00      0.00      0.00       0  nginx
1791479027     33    203690    2.00    6.00    0.00   13.00    8.00     2      0.00      0.00   58684   12448   0.15      0.00    452.00    380.00       0  nginx
1791479027     33    203691    3.00    9.00    0.00   23.00   12.00     3      0.00      0.00   59896   13604   0.17      0.00    188.00    136.00       0  nginx
1791479027     33    203692    2.00    9.00    0.00   19.00   11.00     2      0.00      0.00   59100   12824   0.16      0.00    224.00    176.00       0  nginx
1791479027     33    203693    4.00   12.00    0.00   33.00   16.00     3      0.00      0.00   61936   15616   0.19      0.00    404.00    296.00       0  nginx
1791479027   1100    226318   31.00   35.00    0.00    0.00   66.00     0    568.00      0.00 2049332   24668   0.30      0.00      0.00      0.00       0  isupipe
1791479027    113    226319   10.00   18.00    0.00    0.00   28.00     1      6.00      0.00  682592   62564   0.77      0.00      0.00      0.00       0  pdns_server

# Time        UID       PID    %usr %system  %guest   %wait    %CPU   CPU  minflt/s  majflt/s     VSZ     RSS   %MEM   kB_rd/s   kB_wr/s kB_ccwr/s iodelay  Command
1791479028    112     14307   60.00   51.00    0.00    1.00  111.00     0      5.00      0.00 2898540 1139020  14.03      0.00  13920.00    968.00       0  mysqld
1791479028      0     17311    0.00    0.00    0.00    0.00    0.00     2      0.00      0.00   56816   12524   0.15      0.00      0.00      0.00       0  nginx
1791479028     33    203690    3.00    5.00    0.00   16.00    8.00     2      0.00      0.00   58684   12448   0.15      0.00    104.00     80.00       0  nginx
1791479028     33    203691    4.00    7.00    0.00   21.00   11.00     2      0.00      0.00   59896   13604   0.17      0.00    532.00    472.00       0  nginx
1791479028     33    203692    2.00    8.00    0.00   19.00   10.00     2      0.00      0.00   59100   12824   0.16      0.00    332.00    256.00       0  nginx
1791479028     33    203693    9.00    9.00    0.00   39.00   18.00     2      0.00      0.00   61936   15616   0.19      0.00    528.00    388.00       0  nginx
1791479028   1100    226318   34.00   27.00    0.00    0.00   61.00     0    655.00      0.00 2049332   22808   0.28      0.00      0.00      0.00       0  isupipe
1791479028    113    226319    8.00   21.00    0.00    0.00   29.00     1      9.00      0.00  682592   62564   0.77      0.00      0.00      0.00       0  pdns_server

# Time        UID       PID    %usr %system  %guest   %wait    %CPU   CPU  minflt/s  majflt/s     VSZ     RSS   %MEM   kB_rd/s   kB_wr/s kB_ccwr/s iodelay  Command
1791479029    112     14307   62.00   47.00    0.00    0.00  109.00     1      0.00      0.00 2898540 1139020  14.03      4.00  12836.00    720.00       0  mysqld
1791479029      0     17311    0.00    0.00    0.00    0.00    0.00     2      0.00      0.00   56816   12524   0.15      0.00      0.00      0.00       0  nginx
1791479029     33    203690    4.00    6.00    0.00   15.00   10.00     2      1.00      0.00   58684   12448   0.15      0.00    452.00    384.00       0  nginx
1791479029     33    203691    4.00    7.00    0.00   26.00   11.00     2      0.00      0.00   59896   13604   0.17      0.00    268.00    176.00       0  nginx
1791479029     33    203692    3.00    7.00    0.00   21.00   10.00     2      0.00      0.00   59100   12824   0.16      0.00     32.00      0.00       0  nginx
1791479029     33    203693    5.00   10.00    0.00   41.00   15.00     2      0.00      0.00   61936   15616   0.19      0.00    504.00    384.00       0  nginx
1791479029   1100    226318   29.00   34.00    0.00    0.00   63.00     0    612.00      0.00 2049332   23812   0.29      0.00      0.00      0.00       0  isupipe
1791479029    113    226319   10.00   21.00    0.00    0.00   31.00     1      8.00      0.00  682592   62564   0.77      0.00      0.00      0.00       0  pdns_server

# Time        UID       PID    %usr %system  %guest   %wait    %CPU   CPU  minflt/s  majflt/s     VSZ     RSS   %MEM   kB_rd/s   kB_wr/s kB_ccwr/s iodelay  Command
1791479030    112     14307   64.00   47.00    0.00    0.00  111.00     2      0.00      0.00 2898540 1139020  14.03      0.00  13564.00    792.00       0  mysqld
1791479030      0     17311    0.00    0.00    0.00    0.00    0.00     2      0.00      0.00   56816   12524   0.15      0.00      0.00      0.00       0  nginx
1791479030     33    203690    3.00    6.00    0.00   17.00    9.00     2      4.00      0.00   58684   12448   0.15      0.00    332.00    304.00       0  nginx
1791479030     33    203691    3.00   10.00    0.00   34.00   13.00     1      0.00      0.00   59896   13604   0.17      0.00    256.00    176.00       0  nginx
1791479030     33    203692    2.00    9.00    0.00   22.00   11.00     2      0.00      0.00   59100   12824   0.16      0.00    396.00    312.00       0  nginx
1791479030     33    203693    5.00   12.00    0.00   49.00   17.00     2      0.00      0.00   61936   15616   0.19      0.00    368.00    252.00       0  nginx
1791479030   1100    226318   33.00   30.00    0.00    0.00   63.00     0    454.00      0.00 2049332   24484   0.30      0.00      0.00      0.00       0  isupipe
1791479030    113    226319   12.00   18.00    0.00    0.00   30.00     1      8.00      0.00  682592   62564   0.77      0.00      0.00      0.00       0  pdns_server

# Time        UID       PID    %usr %system  %guest   %wait    %CPU   CPU  minflt/s  majflt/s     VSZ     RSS   %MEM   kB_rd/s   kB_wr/s kB_ccwr/s iodelay  Command
1791479031    112     14307   59.00   50.00    0.00    1.00  109.00     1     25.00      0.00 2898540 1139020  14.03      0.00  20800.00    836.00       0  mysqld
1791479031      0     17311    0.00    0.00    0.00    0.00    0.00     2      0.00      0.00   56816   12524   0.15      0.00      0.00      0.00       0  nginx
1791479031     33    203690    3.00    8.00    0.00   16.00   11.00     2      1.00      0.00   58684   12448   0.15      0.00    272.00    204.00       0  nginx
1791479031     33    203691    3.00    7.00    0.00   21.00   10.00     2      0.00      0.00   59896   13604   0.17      0.00    400.00    316.00       0  nginx
1791479031     33    203692    5.00    4.00    0.00   13.00    9.00     2      0.00      0.00   59100   12824   0.16      0.00    120.00     68.00       0  nginx
1791479031     33    203693    5.00   12.00    0.00   37.00   17.00     2      0.00      0.00   61936   15616   0.19      0.00    652.00    464.00       0  nginx
1791479031   1100    226318   31.00   30.00    0.00    0.00   61.00     2    778.00      0.00 2049332   23900   0.29      0.00      0.00      0.00       0  isupipe
1791479031    113    226319    9.00   22.00    0.00    0.00   31.00     1     10.00      0.00  682592   62564   0.77      0.00      0.00      0.00       0  pdns_server

# Time        UID       PID    %usr %system  %guest   %wait    %CPU   CPU  minflt/s  majflt/s     VSZ     RSS   %MEM   kB_rd/s   kB_wr/s kB_ccwr/s iodelay  Command
1791479032    112     14307   62.00   48.00    0.00    0.00  110.00     1      0.00      0.00 2898540 1139020  14.03      4.00  18496.00   1184.00       0  mysqld
1791479032      0     17311    0.00    0.00    0.00    0.00    0.00     2      0.00      0.00   56816   12524   0.15      0.00      0.00      0.00       0  nginx
1791479032     33    203690    2.00    6.00    0.00   12.00    8.00     1      1.00      0.00   58684   12448   0.15      0.00    324.00    288.00       0  nginx
1791479032     33    203691    4.00    9.00    0.00   27.00   13.00     0      8.00      0.00   59896   13604   0.17      0.00    164.00     84.00       0  nginx
1791479032     33    203692    1.00    8.00    0.00   17.00    9.00     2      0.00      0.00   59100   12824   0.16      0.00    500.00    456.00       0  nginx
1791479032     33    203693    4.00   14.00    0.00   34.00   18.00     0      0.00      0.00   61936   15616   0.19      0.00    544.00    452.00       0  nginx
1791479032   1100    226318   31.00   34.00    0.00    0.00   65.00     2    643.00      0.00 2049332   25224   0.31      0.00      0.00      0.00       0  isupipe
1791479032    113    226319   10.00   19.00    0.00    0.00   29.00     1     10.00      0.00  682592   62828   0.77      0.00      0.00      0.00       0  pdns_server

# Time        UID       PID    %usr %system  %guest   %wait    %CPU   CPU  minflt/s  majflt/s     VSZ     RSS   %MEM   kB_rd/s   kB_wr/s kB_ccwr/s iodelay  Command
1791479033    112     14307   58.00   52.00    0.00    1.00  110.00     1     12.00      0.00 2898540 1139020  14.03      0.00  13472.00    996.00       0  mysqld
1791479033      0     17311    0.00    0.00    0.00    0.00    0.00     2      0.00      0.00   56816   12524   0.15      0.00      0.00      0.00       0  nginx
1791479033     33    203690    1.00    4.00    0.00    7.00    5.00     2      0.00      0.00   58684   12448   0.15      0.00     96.00     72.00       0  nginx
1791479033     33    203691    5.00    8.00    0.00   24.00   13.00     2      0.00      0.00   59896   13604   0.17      0.00    456.00    376.00       0  nginx
1791479033     33    203692    2.00    8.00    0.00   11.00   10.00     1      0.00      0.00   59100   12824   0.16      0.00    212.00    152.00       0  nginx
1791479033     33    203693    5.00   15.00    0.00   34.00   20.00     3      0.00      0.00   61936   15616   0.19      0.00    664.00    528.00       0  nginx
1791479033   1100    226318   27.00   38.00    0.00    0.00   65.00     3    245.00      0.00 2049332   24288   0.30      0.00      0.00      0.00       0  isupipe
1791479033    113    226319   12.00   16.00    0.00    0.00   28.00     1      8.00      0.00  682592   62828   0.77      0.00      0.00      0.00       0  pdns_server

# Time        UID       PID    %usr %system  %guest   %wait    %CPU   CPU  minflt/s  majflt/s     VSZ     RSS   %MEM   kB_rd/s   kB_wr/s kB_ccwr/s iodelay  Command
1791479034    112     14307   70.00   45.00    0.00    1.00  115.00     1      4.00      0.00 2898540 1139020  14.03      4.00  18800.00   1296.00       0  mysqld
1791479034      0     17311    0.00    0.00    0.00    0.00    0.00     2      0.00      0.00   56816   12524   0.15      0.00      0.00      0.00       0  nginx
1791479034     33    203690    1.00    3.00    0.00    8.00    4.00     2      0.00      0.00   58684   12448   0.15      0.00    300.00    272.00       0  nginx
1791479034     33    203691    6.00    6.00    0.00   24.00   12.00     2      4.00      0.00   59896   13604   0.17      0.00    572.00    524.00       0  nginx
1791479034     33    203692    3.00    6.00    0.00   15.00    9.00     2      0.00      0.00   59100   12824   0.16      0.00    628.00    576.00       0  nginx
1791479034     33    203693    6.00   12.00    0.00   41.00   18.00     2      0.00      0.00   61936   15616   0.19      0.00    152.00      0.00       0  nginx
1791479034   1100    226318   31.00   28.00    0.00    0.00   59.00     3    611.00      0.00 2049332   23956   0.30      0.00      0.00      0.00       0  isupipe
1791479034    113    226319   14.00   20.00    0.00    0.00   34.00     1     11.00      0.00  682592   62828   0.77      0.00      0.00      0.00       0  pdns_server

# Time        UID       PID    %usr %system  %guest   %wait    %CPU   CPU  minflt/s  majflt/s     VSZ     RSS   %MEM   kB_rd/s   kB_wr/s kB_ccwr/s iodelay  Command
1791479035    112     14307   64.00   52.00    0.00    0.00  116.00     1      1.00      0.00 2898540 1139020  14.03      0.00  14804.00   1056.00       0  mysqld
1791479035      0     17311    0.00    0.00    0.00    0.00    0.00     2      0.00      0.00   56816   12524   0.15      0.00      0.00      0.00       0  nginx
1791479035     33    203690    3.00    3.00    0.00    9.00    6.00     2      0.00      0.00   58684   12448   0.15      0.00     32.00      0.00       0  nginx
1791479035     33    203691    5.00   13.00    0.00   32.00   18.00     2      0.00      0.00   59896   13604   0.17      0.00    156.00     52.00       0  nginx
1791479035     33    203692    1.00    6.00    0.00    9.00    7.00     2      9.00      0.00   59100   12824   0.16      0.00    736.00    616.00       0  nginx
1791479035     33    203693    7.00   11.00    0.00   35.00   18.00     2      0.00      0.00   61936   15616   0.19      0.00    760.00    604.00       0  nginx
1791479035   1100    226318   31.00   32.00    0.00    1.00   63.00     3    723.00      0.00 2049588   23268   0.29      0.00      0.00      0.00       0  isupipe
1791479035    113    226319   10.00   26.00    0.00    0.00   36.00     1     11.00      0.00  682592   62828   0.77      0.00      0.00      0.00       0  pdns_server

# Time        UID       PID    %usr %system  %guest   %wait    %CPU   CPU  minflt/s  majflt/s     VSZ     RSS   %MEM   kB_rd/s   kB_wr/s kB_ccwr/s iodelay  Command
1791479036    112     14307   64.00   51.00    0.00    1.00  115.00     1     14.00      0.00 2898540 1139020  14.03      0.00  15744.00   1328.00       0  mysqld
1791479036      0     17311    0.00    0.00    0.00    0.00    0.00     2      0.00      0.00   56816   12524   0.15      0.00      0.00      0.00       0  nginx
1791479036     33    203690    2.00    5.00    0.00   16.00    7.00     2      0.00      0.00   58684   12448   0.15      0.00    412.00    376.00       0  nginx
1791479036     33    203691    4.00    6.00    0.00   29.00   10.00     2      0.00      0.00   59896   13604   0.17      0.00    272.00    184.00       0  nginx
1791479036     33    203692    4.00    6.00    0.00   21.00   10.00     2     23.00      0.00   59232   12964   0.16      0.00    452.00    504.00       0  nginx
1791479036     33    203693    4.00   15.00    0.00   41.00   19.00     2      0.00      0.00   61936   15616   0.19      0.00    592.00    456.00       0  nginx
1791479036   1100    226318   39.00   26.00    0.00    0.00   65.00     3    775.00      0.00 2049588   23916   0.29      0.00      0.00      0.00       0  isupipe
1791479036    113    226319   13.00   20.00    0.00    0.00   33.00     1     11.00      0.00  682592   62828   0.77      0.00      0.00      0.00       0  pdns_server

# Time        UID       PID    %usr %system  %guest   %wait    %CPU   CPU  minflt/s  majflt/s     VSZ     RSS   %MEM   kB_rd/s   kB_wr/s kB_ccwr/s iodelay  Command
1791479037    112     14307   63.00   49.00    0.00    0.00  112.00     1      9.00      0.00 2898540 1139184  14.03      0.00  14808.00   1132.00       0  mysqld
1791479037      0     17311    0.00    0.00    0.00    0.00    0.00     2      0.00      0.00   56816   12524   0.15      0.00      0.00      0.00       0  nginx
1791479037     33    203690    4.00    6.00    0.00   16.00   10.00     2      0.00      0.00   58684   12448   0.15      0.00    156.00    112.00       0  nginx
1791479037     33    203691    4.00    8.00    0.00   29.00   12.00     2     15.00      0.00   59896   13604   0.17      0.00    736.00    644.00       0  nginx
1791479037     33    203692    2.00    6.00    0.00   12.00    8.00     2     19.00      0.00   59232   12964   0.16      0.00    304.00    156.00       0  nginx
1791479037     33    203693    3.00   12.00    0.00   43.00   15.00     1      0.00      0.00   61936   15616   0.19      0.00    404.00    284.00       0  nginx
1791479037   1100    226318   35.00   32.00    0.00    0.00   67.00     3    498.00      0.00 2049588   24768   0.31      0.00      0.00      0.00       0  isupipe
1791479037    113    226319    7.00   26.00    0.00    0.00   33.00     1     11.00      0.00  682592   62828   0.77      0.00      0.00      0.00       0  pdns_server

# Time        UID       PID    %usr %system  %guest   %wait    %CPU   CPU  minflt/s  majflt/s     VSZ     RSS   %MEM   kB_rd/s   kB_wr/s kB_ccwr/s iodelay  Command
1791479038    112     14307   66.00   43.00    0.00    0.00  109.00     3      7.00      0.00 2898540 1139184  14.03      0.00  13976.00    868.00       0  mysqld
1791479038      0     17311    0.00    0.00    0.00    0.00    0.00     2      0.00      0.00   56816   12524   0.15      0.00      0.00      0.00       0  nginx
1791479038     33    203690    3.00    6.00    0.00   17.00    9.00     2      0.00      0.00   58684   12448   0.15      0.00    336.00    288.00       0  nginx
1791479038     33    203691    4.00    7.00    0.00   25.00   11.00     3     33.00      0.00   60028   13864   0.17      0.00    392.00    324.00       0  nginx
1791479038     33    203692    2.00    9.00    0.00   24.00   11.00     2     37.00      0.00   59496   13224   0.16      0.00    296.00    328.00       0  nginx
1791479038     33    203693    6.00    9.00    0.00   37.00   15.00     2      0.00      0.00   61936   15616   0.19      0.00    312.00    200.00       0  nginx
1791479038   1100    226318   36.00   30.00    0.00    0.00   66.00     3    933.00      0.00 2049588   24360   0.30      0.00      0.00      0.00       0  isupipe
1791479038    113    226319   10.00   16.00    0.00    0.00   26.00     1     10.00      0.00  682592   63092   0.78      0.00      0.00      0.00       0  pdns_server

# Time        UID       PID    %usr %system  %guest   %wait    %CPU   CPU  minflt/s  majflt/s     VSZ     RSS   %MEM   kB_rd/s   kB_wr/s kB_ccwr/s iodelay  Command
1791479039    112     14307   62.00   54.00    0.00    1.00  116.00     3     10.00      0.00 2898540 1139184  14.03      0.00  18028.00   1044.00       0  mysqld
1791479039      0     17311    0.00    0.00    0.00    0.00    0.00     2      0.00      0.00   56816   12524   0.15      0.00      0.00      0.00       0  nginx
1791479039     33    203690    3.00    5.00    0.00   15.00    8.00     2      5.00      0.00   58684   12448   0.15      0.00     68.00      0.00       0  nginx
1791479039     33    203691    6.00    9.00    0.00   34.00   15.00     2      5.00      0.00   60028   13864   0.17      0.00    188.00    120.00       0  nginx
1791479039     33    203692    3.00    9.00    0.00   25.00   12.00     2      0.00      0.00   59496   13224   0.16      0.00    356.00    276.00       0  nginx
1791479039     33    203693    5.00   12.00    0.00   38.00   17.00     0      0.00      0.00   61936   15616   0.19      0.00    892.00    824.00       0  nginx
1791479039   1100    226318   32.00   34.00    0.00    0.00   66.00     3    540.00      0.00 2049588   24896   0.31      0.00      0.00      0.00       0  isupipe
1791479039    113    226319   12.00   21.00    0.00    0.00   33.00     1      8.00      0.00  682592   63092   0.78      0.00      0.00      0.00       0  pdns_server

# Time        UID       PID    %usr %system  %guest   %wait    %CPU   CPU  minflt/s  majflt/s     VSZ     RSS   %MEM   kB_rd/s   kB_wr/s kB_ccwr/s iodelay  Command
1791479040    112     14307   60.00   49.00    0.00    0.00  109.00     3     13.00      0.00 2898540 1139184  14.03      0.00  13988.00   1016.00       0  mysqld
1791479040      0     17311    0.00    0.00    0.00    0.00    0.00     2      0.00      0.00   56816   12524   0.15      0.00      0.00      0.00       0  nginx
1791479040     33    203690    2.00    9.00    0.00   15.00   11.00     2      0.00      0.00   58684   12448   0.15      0.00    128.00    100.00       0  nginx
1791479040     33    203691    4.00    9.00    0.00   36.00   13.00     2      2.00      0.00   60028   13864   0.17      0.00    568.00    480.00       0  nginx
1791479040     33    203692    4.00    6.00    0.00   19.00   10.00     3      0.00      0.00   59496   13224   0.16      0.00    344.00    304.00       0  nginx
1791479040     33    203693    8.00   10.00    0.00   36.00   18.00     1      0.00      0.00   61936   15616   0.19      0.00    388.00    264.00       0  nginx
1791479040   1100    226318   32.00   33.00    0.00    0.00   65.00     3    333.00      0.00 2049588   24264   0.30      0.00      0.00      0.00       0  isupipe
1791479040    113    226319   10.00   18.00    0.00    0.00   28.00     1      9.00      0.00  682592   63092   0.78      0.00      0.00      0.00       0  pdns_server

# Time        UID       PID    %usr %system  %guest   %wait    %CPU   CPU  minflt/s  majflt/s     VSZ     RSS   %MEM   kB_rd/s   kB_wr/s kB_ccwr/s iodelay  Command
1791479041    112     14307   65.00   49.00    0.00    0.00  114.00     3      5.00      0.00 2898540 1139184  14.03      0.00  13684.00    844.00       0  mysqld
1791479041      0     17311    0.00    0.00    0.00    0.00    0.00     2      0.00      0.00   56816   12524   0.15      0.00      0.00      0.00       0  nginx
1791479041     33    203690    3.00    4.00    0.00   16.00    7.00     1      0.00      0.00   58684   12448   0.15      0.00     36.00      0.00       0  nginx
1791479041     33    203691    6.00    7.00    0.00   36.00   13.00     2      0.00      0.00   60028   13864   0.17      0.00    204.00    140.00       0  nginx
1791479041     33    203692    8.00    1.00    0.00   19.00    9.00     2      0.00      0.00   59496   13224   0.16      0.00    608.00    476.00       0  nginx
1791479041     33    203693    6.00   13.00    0.00   45.00   19.00     2      0.00      0.00   61936   15616   0.19      0.00    524.00    420.00       0  nginx
1791479041   1100    226318   29.00   29.00    0.00    0.00   58.00     3    284.00      0.00 2049588   24236   0.30      0.00      0.00      0.00       0  isupipe
1791479041    113    226319   15.00   21.00    0.00    0.00   36.00     1      9.00      0.00  682592   63092   0.78      0.00      0.00      0.00       0  pdns_server

# Time        UID       PID    %usr %system  %guest   %wait    %CPU   CPU  minflt/s  majflt/s     VSZ     RSS   %MEM   kB_rd/s   kB_wr/s kB_ccwr/s iodelay  Command
1791479042    112     14307   56.00   53.00    0.00    1.00  109.00     0      3.00      0.00 2898540 1139356  14.03      0.00  13928.00   1148.00       0  mysqld
1791479042      0     17311    0.00    0.00    0.00    0.00    0.00     2      0.00      0.00   56816   12524   0.15      0.00      0.00      0.00       0  nginx
1791479042     33    203690    4.00    5.00    0.00   26.00    9.00     2      0.00      0.00   58684   12448   0.15      0.00    156.00    100.00       0  nginx
1791479042     33    203691    2.00    8.00    0.00   30.00   10.00     3      0.00      0.00   60028   13864   0.17      0.00    324.00    288.00       0  nginx
1791479042     33    203692    5.00    6.00    0.00   30.00   11.00     2      0.00      0.00   59496   13224   0.16      0.00    484.00    488.00       0  nginx
1791479042     33    203693    5.00   10.00    0.00   47.00   15.00     3      0.00      0.00   61936   15616   0.19      0.00    624.00    532.00       0  nginx
1791479042   1100    226318   32.00   24.00    0.00    0.00   56.00     3    486.00      0.00 2049588   23340   0.29      0.00      0.00      0.00       0  isupipe
1791479042    113    226319   14.00   24.00    0.00    0.00   38.00     1      5.00      0.00  682592   63092   0.78      0.00      0.00      0.00       0  pdns_server

# Time        UID       PID    %usr %system  %guest   %wait    %CPU   CPU  minflt/s  majflt/s     VSZ     RSS   %MEM   kB_rd/s   kB_wr/s kB_ccwr/s iodelay  Command
1791479043    112     14307   58.00   54.00    0.00    0.00  112.00     0      0.00      0.00 2898540 1139356  14.03      0.00  17452.00    836.00       0  mysqld
1791479043      0     17311    0.00    0.00    0.00    0.00    0.00     2      0.00      0.00   56816   12524   0.15      0.00      0.00      0.00       0  nginx
1791479043     33    203690    3.00    5.00    0.00   11.00    8.00     2      0.00      0.00   58684   12448   0.15      0.00    400.00    344.00       0  nginx
1791479043     33    203691    5.00    8.00    0.00   37.00   13.00     2      0.00      0.00   60028   13864   0.17      0.00    172.00    104.00       0  nginx
1791479043     33    203692    3.00    8.00    0.00   28.00   11.00     2      0.00      0.00   59496   13224   0.16      0.00    148.00     76.00       0  nginx
1791479043     33    203693    7.00    8.00    0.00   43.00   15.00     2      0.00      0.00   61936   15616   0.19      0.00    604.00    524.00       0  nginx
1791479043   1100    226318   31.00   31.00    0.00    0.00   62.00     1    266.00      0.00 2123380   23764   0.29      0.00      0.00      0.00       0  isupipe
1791479043    113    226319   12.00   22.00    0.00    0.00   34.00     1      4.00      0.00  682592   63092   0.78      0.00      0.00      0.00       0  pdns_server

# Time        UID       PID    %usr %system  %guest   %wait    %CPU   CPU  minflt/s  majflt/s     VSZ     RSS   %MEM   kB_rd/s   kB_wr/s kB_ccwr/s iodelay  Command
1791479044    112     14307   59.00   49.00    0.00    0.00  108.00     0      0.00      0.00 2898540 1139356  14.03      0.00  13972.00    948.00       0  mysqld
1791479044      0     17311    0.00    0.00    0.00    0.00    0.00     2      0.00      0.00   56816   12524   0.15      0.00      0.00      0.00       0  nginx
1791479044     33    203690    3.00    5.00    0.00   14.00    8.00     2      0.00      0.00   58684   12448   0.15      0.00    200.00    168.00       0  nginx
1791479044     33    203691    4.00    8.00    0.00   28.00   12.00     2      0.00      0.00   60028   13864   0.17      0.00     84.00      0.00       0  nginx
1791479044     33    203692    4.00    6.00    0.00   25.00   10.00     3      0.00      0.00   59496   13224   0.16      0.00    376.00    296.00       0  nginx
1791479044     33    203693    9.00    8.00    0.00   38.00   17.00     2      0.00      0.00   61936   15616   0.19      0.00    764.00    684.00       0  nginx
1791479044   1100    226318   28.00   30.00    0.00    0.00   58.00     1    738.00      0.00 2123380   24620   0.30      0.00      0.00      0.00       0  isupipe
1791479044    113    226319   11.00   21.00    0.00    0.00   32.00     1      3.00      0.00  682592   63092   0.78      0.00      0.00      0.00       0  pdns_server

# Time        UID       PID    %usr %system  %guest   %wait    %CPU   CPU  minflt/s  majflt/s     VSZ     RSS   %MEM   kB_rd/s   kB_wr/s kB_ccwr/s iodelay  Command
1791479045    112     14307   62.00   51.00    0.00    0.00  113.00     0      1.00      0.00 2898540 1139356  14.03      0.00  14536.00    924.00       0  mysqld
1791479045      0     17311    0.00    0.00    0.00    0.00    0.00     2      0.00      0.00   56816   12524   0.15      0.00      0.00      0.00       0  nginx
1791479045     33    203690    4.00    5.00    0.00   12.00    9.00     2      0.00      0.00   58684   12448   0.15      0.00    232.00    180.00       0  nginx
1791479045     33    203691    7.00    7.00    0.00   27.00   14.00     1      0.00      0.00   60028   13864   0.17      0.00    476.00    428.00       0  nginx
1791479045     33    203692    4.00    8.00    0.00   20.00   12.00     1      0.00      0.00   59496   13224   0.16      0.00    404.00    344.00       0  nginx
1791479045     33    203693    8.00    8.00    0.00   41.00   16.00     0      0.00      0.00   61936   15616   0.19      0.00    376.00    172.00       0  nginx
1791479045   1100    226318   33.00   30.00    0.00   15.00   63.00     3    387.00      0.00 2123380   24292   0.30      0.00      0.00      0.00       0  isupipe
1791479045    113    226319    8.00   25.00    0.00    0.00   33.00     1      3.00      0.00  682592   63092   0.78      0.00      0.00      0.00       0  pdns_server

# Time        UID       PID    %usr %system  %guest   %wait    %CPU   CPU  minflt/s  majflt/s     VSZ     RSS   %MEM   kB_rd/s   kB_wr/s kB_ccwr/s iodelay  Command
1791479046    112     14307   65.00   43.00    0.00    1.00  108.00     0     38.00      0.00 2898540 1139356  14.03      0.00  15472.00   1248.00       0  mysqld
1791479046      0     17311    0.00    0.00    0.00    0.00    0.00     2      0.00      0.00   56816   12524   0.15      0.00      0.00      0.00       0  nginx
1791479046     33    203690    3.00    6.00    0.00   23.00    9.00     2      0.00      0.00   58684   12448   0.15      0.00    144.00    112.00       0  nginx
1791479046     33    203691    5.00    9.00    0.00   40.00   14.00     2      0.00      0.00   60028   13864   0.17      0.00    544.00    428.00       0  nginx
1791479046     33    203692    6.00    5.00    0.00   25.00   11.00     2      0.00      0.00   59496   13224   0.16      0.00    468.00    432.00       0  nginx
1791479046     33    203693    6.00   11.00    0.00   48.00   17.00     3      0.00      0.00   61936   15616   0.19      0.00    520.00    496.00       0  nginx
1791479046   1100    226318   41.00   21.00    0.00   12.00   62.00     2    420.00      0.00 2123380   24212   0.30    112.00      0.00      0.00       0  isupipe
1791479046    113    226319   15.00   21.00    0.00    0.00   36.00     1      3.00      0.00  682592   63092   0.78      0.00      0.00      0.00       0  pdns_server

# Time        UID       PID    %usr %system  %guest   %wait    %CPU   CPU  minflt/s  majflt/s     VSZ     RSS   %MEM   kB_rd/s   kB_wr/s kB_ccwr/s iodelay  Command
1791479047    112     14307   66.00   47.00    0.00    0.00  113.00     0     68.00      0.00 2898540 1139356  14.03      0.00  14548.00    904.00       0  mysqld
1791479047      0     17311    0.00    0.00    0.00    0.00    0.00     2      0.00      0.00   56816   12524   0.15      0.00      0.00      0.00       0  nginx
1791479047     33    203690    3.00    4.00    0.00   21.00    7.00     2      0.00      0.00   58684   12448   0.15      0.00    264.00    224.00       0  nginx
1791479047     33    203691    5.00    5.00    0.00   31.00   10.00     2      0.00      0.00   60028   13864   0.17      0.00    516.00    456.00       0  nginx
1791479047     33    203692    4.00    6.00    0.00   23.00   10.00     2      0.00      0.00   59496   13224   0.16      0.00    232.00    172.00       0  nginx
1791479047     33    203693    5.00   11.00    0.00   46.00   16.00     2      0.00      0.00   61936   15616   0.19      0.00    528.00    344.00       0  nginx
1791479047   1100    226318   25.00   33.00    0.00    3.00   58.00     1    381.00      0.00 2123380   24148   0.30     32.00      0.00      0.00       0  isupipe
1791479047    113    226319   12.00   26.00    0.00    0.00   38.00     1      5.00      0.00  682592   63044   0.78      0.00      0.00      0.00       0  pdns_server

# Time        UID       PID    %usr %system  %guest   %wait    %CPU   CPU  minflt/s  majflt/s     VSZ     RSS   %MEM   kB_rd/s   kB_wr/s kB_ccwr/s iodelay  Command
1791479048    112     14307   65.00   45.00    0.00    0.00  110.00     0      4.00      0.00 2898540 1139356  14.03      0.00  13868.00    856.00       0  mysqld
1791479048      0     17311    0.00    0.00    0.00    0.00    0.00     2      0.00      0.00   56816   12524   0.15      0.00      0.00      0.00       0  nginx
1791479048     33    203690    5.00    6.00    0.00   23.00   11.00     2      0.00      0.00   58684   12448   0.15      0.00    356.00    308.00       0  nginx
1791479048     33    203691    5.00    8.00    0.00   35.00   13.00     2      0.00      0.00   60028   13864   0.17      0.00    200.00    104.00       0  nginx
1791479048     33    203692    4.00    7.00    0.00   20.00   11.00     2      0.00      0.00   59496   13224   0.16      0.00    492.00    456.00       0  nginx
1791479048     33    203693    6.00   11.00    0.00   45.00   17.00     3      0.00      0.00   61936   15616   0.19      0.00    256.00    260.00       0  nginx
1791479048   1100    226318   32.00   25.00    0.00   12.00   57.00     3    631.00      0.00 2123380   24880   0.31      0.00      0.00      0.00       0  isupipe
1791479048    113    226319   16.00   22.00    0.00    0.00   38.00     1      3.00      0.00  682592   63044   0.78      0.00      0.00      0.00       0  pdns_server

# Time        UID       PID    %usr %system  %guest   %wait    %CPU   CPU  minflt/s  majflt/s     VSZ     RSS   %MEM   kB_rd/s   kB_wr/s kB_ccwr/s iodelay  Command
1791479049    112     14307   60.00   45.00    0.00    1.00  105.00     0      0.00      0.00 2898540 1139356  14.03      0.00  19980.00   1276.00       0  mysqld
1791479049      0     17311    0.00    0.00    0.00    0.00    0.00     2      0.00      0.00   56816   12524   0.15      0.00      0.00      0.00       0  nginx
1791479049     33    203690    3.00    7.00    0.00   26.00   10.00     2      0.00      0.00   58684   12448   0.15      0.00    328.00    288.00       0  nginx
1791479049     33    203691    4.00    9.00    0.00   48.00   13.00     2      0.00      0.00   60028   13864   0.17      0.00    492.00    400.00       0  nginx
1791479049     33    203692    2.00   10.00    0.00   34.00   12.00     2      0.00      0.00   59496   13224   0.16      0.00    364.00    308.00       0  nginx
1791479049     33    203693    5.00   10.00    0.00   51.00   15.00     2      0.00      0.00   61936   15616   0.19      0.00    508.00    408.00       0  nginx
1791479049   1100    226318   33.00   26.00    0.00   27.00   59.00     0    517.00      0.00 2123380   25644   0.32      0.00      0.00      0.00       0  isupipe
1791479049    113    226319   17.00   20.00    0.00    0.00   37.00     1      4.00      0.00  682592   63044   0.78      0.00      0.00      0.00       0  pdns_server

# Time        UID       PID    %usr %system  %guest   %wait    %CPU   CPU  minflt/s  majflt/s     VSZ     RSS   %MEM   kB_rd/s   kB_wr/s kB_ccwr/s iodelay  Command
1791479050    112     14307   58.00   44.00    0.00    0.00  102.00     0     22.00      0.00 2898540 1139356  14.03      0.00  11128.00    824.00       0  mysqld
1791479050      0     17311    0.00    0.00    0.00    0.00    0.00     2      0.00      0.00   56816   12524   0.15      0.00      0.00      0.00       0  nginx
1791479050     33    203690    5.00    5.00    0.00   27.00   10.00     0      0.00      0.00   58684   12448   0.15      0.00    296.00    264.00       0  nginx
1791479050     33    203691    4.00    6.00    0.00   47.00   10.00     3      0.00      0.00   60028   13864   0.17      0.00    264.00     88.00       0  nginx
1791479050     33    203692    4.00    7.00    0.00   36.00   11.00     3      0.00      0.00   59496   13224   0.16      0.00    248.00    192.00       0  nginx
1791479050     33    203693    5.00    6.00    0.00   50.00   11.00     3      0.00      0.00   61936   15616   0.19      0.00    444.00    372.00       0  nginx
1791479050   1100    226318   25.00   25.00    0.00   27.00   50.00     3    577.00      0.00 2123380   23808   0.29      4.00      0.00      0.00       0  isupipe
1791479050    113    226319   11.00   25.00    0.00    0.00   36.00     1      4.00      0.00  682592   63036   0.78      0.00      0.00      0.00       0  pdns_server

# Time        UID       PID    %usr %system  %guest   %wait    %CPU   CPU  minflt/s  majflt/s     VSZ     RSS   %MEM   kB_rd/s   kB_wr/s kB_ccwr/s iodelay  Command
1791479051    112     14307   54.00   51.00    0.00    0.00  105.00     0     60.00      0.00 2898540 1139356  14.03      0.00  15904.00    904.00       0  mysqld
1791479051      0     17311    0.00    0.00    0.00    0.00    0.00     2      0.00      0.00   56816   12524   0.15      0.00      0.00      0.00       0  nginx
1791479051     33    203690    3.00    5.00    0.00   12.00    8.00     0      0.00      0.00   58684   12448   0.15      0.00    224.00    188.00       0  nginx
1791479051     33    203691    4.00    9.00    0.00   22.00   13.00     1      0.00      0.00   60028   13864   0.17      0.00    480.00    396.00       0  nginx
1791479051     33    203692    3.00    6.00    0.00   18.00    9.00     2      0.00      0.00   59496   13224   0.16      0.00    256.00    196.00       0  nginx
1791479051     33    203693    6.00   11.00    0.00   32.00   17.00     2      0.00      0.00   61936   15616   0.19      0.00    428.00    336.00       0  nginx
1791479051   1100    226318   29.00   30.00    0.00   22.00   59.00     1    442.00      0.00 2123380   20888   0.26      0.00      0.00      0.00       0  isupipe
1791479051    113    226319   12.00   18.00    0.00    0.00   30.00     1      3.00      0.00  682592   63036   0.78      0.00      0.00      0.00       0  pdns_server

# Time        UID       PID    %usr %system  %guest   %wait    %CPU   CPU  minflt/s  majflt/s     VSZ     RSS   %MEM   kB_rd/s   kB_wr/s kB_ccwr/s iodelay  Command
1791479052    112     14307   63.00   46.00    0.00    1.00  109.00     0      5.00      0.00 2898540 1139356  14.03      0.00  13336.00    972.00       0  mysqld
1791479052      0     17311    0.00    0.00    0.00    0.00    0.00     2      0.00      0.00   56816   12524   0.15      0.00      0.00      0.00       0  nginx
1791479052     33    203690    5.00    5.00    0.00   16.00   10.00     2      0.00      0.00   58684   12448   0.15      0.00    584.00    548.00       0  nginx
1791479052     33    203691    2.00    9.00    0.00   30.00   11.00     2      0.00      0.00   60028   13864   0.17      0.00    276.00    192.00       0  nginx
1791479052     33    203692    4.00    6.00    0.00   24.00   10.00     2      0.00      0.00   59496   13224   0.16      0.00    144.00     68.00       0  nginx
1791479052     33    203693    7.00    9.00    0.00   37.00   16.00     3      0.00      0.00   61936   15616   0.19      0.00    448.00    384.00       0  nginx
1791479052   1100    226318   35.00   23.00    0.00   36.00   58.00     1   1522.00      0.00 2123380   21172   0.26      0.00      0.00      0.00       0  isupipe
1791479052    113    226319   15.00   23.00    0.00    0.00   38.00     1      3.00      0.00  682592   63036   0.78      0.00      0.00      0.00       0  pdns_server

# Time        UID       PID    %usr %system  %guest   %wait    %CPU   CPU  minflt/s  majflt/s     VSZ     RSS   %MEM   kB_rd/s   kB_wr/s kB_ccwr/s iodelay  Command
1791479053    112     14307   64.36   41.58    0.00    0.00  105.94     0     49.50      0.00 2898540 1139556  14.04      0.00  13572.28    657.43       0  mysqld
1791479053      0     17311    0.00    0.00    0.00    0.00    0.00     2      0.00      0.00   56816   12524   0.15      0.00      0.00      0.00       0  nginx
1791479053     33    203690    2.97    3.96    0.00   18.81    6.93     2      0.00      0.00   58684   12448   0.15      0.00    158.42     99.01       0  nginx
1791479053     33    203691    2.97    6.93    0.00   21.78    9.90     2      0.00      0.00   60028   13864   0.17      0.00    221.78     95.05       0  nginx
1791479053     33    203692    1.98    4.95    0.00   18.81    6.93     2      0.00      0.00   59496   13224   0.16      0.00    154.46     99.01       0  nginx
1791479053     33    203693    5.94    9.90    0.00   33.66   15.84     2      0.00      0.00   61936   15616   0.19      0.00    574.26    415.84       0  nginx
1791479053   1100    226318   27.72   30.69    0.00   16.83   58.42     0    736.63      0.00 2123380   20152   0.25      0.00      0.00      0.00       0  isupipe
1791479053    113    226319   11.88   20.79    0.00    0.00   32.67     1      3.96      0.00  682592   63300   0.78      0.00      0.00      0.00       0  pdns_server

# Time        UID       PID    %usr %system  %guest   %wait    %CPU   CPU  minflt/s  majflt/s     VSZ     RSS   %MEM   kB_rd/s   kB_wr/s kB_ccwr/s iodelay  Command
1791479054    112     14307   54.00   49.00    0.00    1.00  103.00     0      5.00      0.00 2898540 1139556  14.04      0.00  19528.00   1284.00       0  mysqld
1791479054      0     17311    0.00    0.00    0.00    0.00    0.00     2      0.00      0.00   56816   12524   0.15      0.00      0.00      0.00       0  nginx
1791479054     33    203690    3.00    7.00    0.00   24.00   10.00     2      0.00      0.00   58684   12448   0.15      0.00    348.00    308.00       0  nginx
1791479054     33    203691    4.00   10.00    0.00   36.00   14.00     2      0.00      0.00   60028   13864   0.17      0.00    404.00    240.00       0  nginx
1791479054     33    203692    4.00    7.00    0.00   18.00   11.00     2      0.00      0.00   59496   13224   0.16      0.00    516.00    464.00       0  nginx
1791479054     33    203693    8.00    8.00    0.00   39.00   16.00     2      0.00      0.00   61936   15616   0.19      0.00    488.00    380.00       0  nginx
1791479054   1100    226318   31.00   31.00    0.00   28.00   62.00     1   1623.00      0.00 2123380   21952   0.27      0.00      0.00      0.00       0  isupipe
1791479054    113    226319   12.00   21.00    0.00    0.00   33.00     1      4.00      0.00  682592   63300   0.78      0.00      0.00      0.00       0  pdns_server

# Time        UID       PID    %usr %system  %guest   %wait    %CPU   CPU  minflt/s  majflt/s     VSZ     RSS   %MEM   kB_rd/s   kB_wr/s kB_ccwr/s iodelay  Command
1791479055    112     14307   65.00   42.00    0.00    0.00  107.00     0      2.00      0.00 2898540 1139744  14.04      0.00  14400.00   1092.00       0  mysqld
1791479055      0     17311    0.00    0.00    0.00    0.00    0.00     2      0.00      0.00   56816   12524   0.15      0.00      0.00      0.00       0  nginx
1791479055     33    203690    3.00    6.00    0.00   22.00    9.00     2      0.00      0.00   58684   12448   0.15      0.00    284.00    228.00       0  nginx
1791479055     33    203691    5.00    5.00    0.00   22.00   10.00     3      0.00      0.00   60028   13864   0.17      0.00    524.00    520.00       0  nginx
1791479055     33    203692    4.00    7.00    0.00   23.00   11.00     2      0.00      0.00   59496   13224   0.16      0.00    232.00    180.00       0  nginx
1791479055     33    203693    8.00   10.00    0.00   43.00   18.00     2      0.00      0.00   61936   15616   0.19      0.00    528.00    404.00       0  nginx
1791479055   1100    226318   28.00   29.00    0.00   29.00   57.00     0   1012.00      0.00 2123380   22400   0.28      0.00      0.00      0.00       0  isupipe
1791479055    113    226319   14.00   24.00    0.00    0.00   38.00     1      6.00      0.00  682592   63300   0.78      0.00      0.00      0.00       0  pdns_server

# Time        UID       PID    %usr %system  %guest   %wait    %CPU   CPU  minflt/s  majflt/s     VSZ     RSS   %MEM   kB_rd/s   kB_wr/s kB_ccwr/s iodelay  Command
1791479056    112     14307   63.00   48.00    0.00    0.00  111.00     0      9.00      0.00 2898540 1139744  14.04      0.00  13404.00    680.00       0  mysqld
1791479056      0     17311    0.00    0.00    0.00    0.00    0.00     2      0.00      0.00   56816   12524   0.15      0.00      0.00      0.00       0  nginx
1791479056     33    203690    2.00    7.00    0.00   24.00    9.00     2      0.00      0.00   58684   12448   0.15      0.00    300.00    260.00       0  nginx
1791479056     33    203691    5.00    6.00    0.00   33.00   11.00     2      0.00      0.00   60028   13864   0.17      0.00    252.00    160.00       0  nginx
1791479056     33    203692    4.00    8.00    0.00   32.00   12.00     2      0.00      0.00   59496   13224   0.16      0.00    140.00     80.00       0  nginx
1791479056     33    203693    7.00    9.00    0.00   41.00   16.00     2      0.00      0.00   61936   15616   0.19      0.00    492.00    400.00       0  nginx
1791479056   1100    226318   28.00   31.00    0.00    8.00   59.00     2    988.00      0.00 2123380   22472   0.28      0.00      0.00      0.00       0  isupipe
1791479056    113    226319   12.00   23.00    0.00    0.00   35.00     1      4.00      0.00  682592   63300   0.78      0.00      0.00      0.00       0  pdns_server

# Time        UID       PID    %usr %system  %guest   %wait    %CPU   CPU  minflt/s  majflt/s     VSZ     RSS   %MEM   kB_rd/s   kB_wr/s kB_ccwr/s iodelay  Command
1791479057    112     14307   64.00   44.00    0.00    2.00  108.00     1      5.00      0.00 2898540 1139928  14.04      0.00  13712.00    708.00       0  mysqld
1791479057      0     17311    0.00    0.00    0.00    0.00    0.00     2      0.00      0.00   56816   12524   0.15      0.00      0.00      0.00       0  nginx
1791479057     33    203690    4.00    5.00    0.00   14.00    9.00     2      0.00      0.00   58684   12448   0.15      0.00    336.00    320.00       0  nginx
1791479057     33    203691    4.00    8.00    0.00   38.00   12.00     2      0.00      0.00   60028   13864   0.17      0.00    328.00    260.00       0  nginx
1791479057     33    203692    3.00    9.00    0.00   32.00   12.00     2      0.00      0.00   59496   13224   0.16      0.00    144.00     64.00       0  nginx
1791479057     33    203693    4.00   10.00    0.00   44.00   14.00     2      0.00      0.00   61936   15616   0.19      0.00    396.00    284.00       0  nginx
1791479057   1100    226318   32.00   28.00    0.00   19.00   60.00     3    481.00      0.00 2123380   22236   0.27      0.00      0.00      0.00       0  isupipe
1791479057    113    226319   13.00   23.00    0.00    0.00   36.00     1      3.00      0.00  682592   63300   0.78      0.00      0.00      0.00       0  pdns_server

# Time        UID       PID    %usr %system  %guest   %wait    %CPU   CPU  minflt/s  majflt/s     VSZ     RSS   %MEM   kB_rd/s   kB_wr/s kB_ccwr/s iodelay  Command
1791479058    112     14307   60.00   45.00    0.00    0.00  105.00     1     24.00      0.00 2898540 1139928  14.04      0.00  12144.00    736.00       0  mysqld
1791479058      0     17311    0.00    0.00    0.00    0.00    0.00     2      0.00      0.00   56816   12524   0.15      0.00      0.00      0.00       0  nginx
1791479058     33    203690    2.00    7.00    0.00   21.00    9.00     3      0.00      0.00   58684   12448   0.15      0.00    228.00    196.00       0  nginx
1791479058     33    203691    3.00    8.00    0.00   29.00   11.00     2      0.00      0.00   60028   13864   0.17      0.00    492.00    448.00       0  nginx
1791479058     33    203692    3.00    8.00    0.00   27.00   11.00     2      0.00      0.00   59496   13224   0.16      0.00    272.00    140.00       0  nginx
1791479058     33    203693    9.00    8.00    0.00   40.00   17.00     2      0.00      0.00   61936   15616   0.19      0.00    212.00    112.00       0  nginx
1791479058   1100    226318   26.00   34.00    0.00   19.00   60.00     2   1126.00      0.00 2123380   22084   0.27      0.00      0.00      0.00       0  isupipe
1791479058    113    226319   11.00   24.00    0.00    0.00   35.00     1      3.00      0.00  682592   63300   0.78      0.00      0.00      0.00       0  pdns_server

# Time        UID       PID    %usr %system  %guest   %wait    %CPU   CPU  minflt/s  majflt/s     VSZ     RSS   %MEM   kB_rd/s   kB_wr/s kB_ccwr/s iodelay  Command
1791479059    112     14307   48.00   32.00    0.00    0.00   80.00     1     12.00      0.00 2895456 1138948  14.03      0.00  14952.00    492.00       0  mysqld
1791479059      0     17311    0.00    0.00    0.00    0.00    0.00     2      0.00      0.00   56816   12524   0.15      0.00      0.00      0.00       0  nginx
1791479059     33    203690    2.00    5.00    0.00   21.00    7.00     0      0.00      0.00   58684   12448   0.15      0.00    136.00     96.00       0  nginx
1791479059     33    203691    3.00    5.00    0.00   25.00    8.00     3      0.00      0.00   60028   13864   0.17      0.00    476.00    424.00       0  nginx
1791479059     33    203692    4.00    4.00    0.00   23.00    8.00     3      0.00      0.00   59496   13224   0.16      0.00    140.00    180.00       0  nginx
1791479059     33    203693    6.00    3.00    0.00   34.00    9.00     2      0.00      0.00   61936   15616   0.19      0.00    184.00    136.00       0  nginx
1791479059   1100    226318   15.00   26.00    0.00   13.00   41.00     0    472.00      0.00 2123380   21812   0.27      0.00      0.00      0.00       0  isupipe
1791479059    113    226319   10.00   17.00    0.00    0.00   27.00     1      2.00      0.00  682592   63300   0.78      0.00      0.00      0.00       0  pdns_server

# Time        UID       PID    %usr %system  %guest   %wait    %CPU   CPU  minflt/s  majflt/s     VSZ     RSS   %MEM   kB_rd/s   kB_wr/s kB_ccwr/s iodelay  Command
1791479060    112     14307    0.00    1.00    0.00    0.00    1.00     1      0.00      0.00 2895456 1138948  14.03      0.00   3752.00      0.00       0  mysqld
1791479060      0     17311    0.00    0.00    0.00    0.00    0.00     2      0.00      0.00   56816   12524   0.15      0.00      0.00      0.00       0  nginx
1791479060     33    203690    0.00    1.00    0.00    1.00    1.00     1      0.00      0.00   58684   12448   0.15      0.00      0.00      0.00       0  nginx
1791479060     33    203691    1.00    0.00    0.00    0.00    1.00     3      0.00      0.00   60028   13864   0.17      0.00      0.00      0.00       0  nginx
1791479060     33    203692    0.00    0.00    0.00    0.00    0.00     1      0.00      0.00   59496   13224   0.16      0.00      0.00      0.00       0  nginx
1791479060     33    203693    0.00    0.00    0.00    0.00    0.00     0      0.00      0.00   61936   15616   0.19      0.00      0.00      0.00       0  nginx
1791479060   1100    226318    0.00    0.00    0.00    0.00    0.00     3    362.00      0.00 2123380   23128   0.28      0.00      0.00      0.00       0  isupipe
1791479060    113    226319    0.00    0.00    0.00    0.00    0.00     1      0.00      0.00  682592   63300   0.78      0.00      0.00      0.00       0  pdns_server
