Linux 5.15.0-198-generic (isucon13-app) 	10/08/26 	_aarch64_	(4 CPU)

# Time        UID       PID    %usr %system  %guest   %wait    %CPU   CPU  minflt/s  majflt/s     VSZ     RSS   %MEM   kB_rd/s   kB_wr/s kB_ccwr/s iodelay  Command
1791477124    112     14307    6.93   10.89    0.00    0.00   17.82     0      0.00      0.00 2892016 1003408  12.36      0.00   9441.58      0.00       0  mysqld
1791477124      0     17311    0.00    0.00    0.00    0.00    0.00     1      0.00      0.00   56800   12976   0.16      0.00      0.00      0.00       0  nginx
1791477124     33     23432    0.00    0.00    0.00    0.00    0.00     1      0.00      0.00   62224   16048   0.20      0.00      0.00      0.00       0  nginx
1791477124     33     23433    0.00    0.00    0.00    0.00    0.00     2      0.00      0.00   60284   14056   0.17      0.00      0.00      0.00       0  nginx
1791477124     33     23434    0.00    0.00    0.00    0.00    0.00     3      0.00      0.00   58528   12208   0.15      0.00      0.00      0.00       0  nginx
1791477124     33     23435    0.00    0.00    0.00    0.00    0.00     0      0.00      0.00   59180   13000   0.16      0.00      0.00      0.00       0  nginx
1791477124    113    151301    0.00    0.00    0.00    0.00    0.00     0      0.00      0.00  682592   63944   0.79      0.00      0.00      0.00       0  pdns_server
1791477124   1100    162950    0.00    0.00    0.00    0.00    0.00     3      0.00      0.00 1974772   14020   0.17      0.00      0.00      0.00       0  isupipe

# Time        UID       PID    %usr %system  %guest   %wait    %CPU   CPU  minflt/s  majflt/s     VSZ     RSS   %MEM   kB_rd/s   kB_wr/s kB_ccwr/s iodelay  Command
1791477125    112     14307    7.00    9.00    0.00    0.00   16.00     0      0.00      0.00 2892016 1003408  12.36      0.00   6656.00      0.00       0  mysqld
1791477125      0     17311    0.00    0.00    0.00    0.00    0.00     1      0.00      0.00   56800   12976   0.16      0.00      0.00      0.00       0  nginx
1791477125     33     23432    0.00    0.00    0.00    0.00    0.00     1      0.00      0.00   62224   16048   0.20      0.00      0.00      0.00       0  nginx
1791477125     33     23433    0.00    0.00    0.00    0.00    0.00     2      0.00      0.00   60284   14056   0.17      0.00      0.00      0.00       0  nginx
1791477125     33     23434    0.00    0.00    0.00    0.00    0.00     3      0.00      0.00   58528   12208   0.15      0.00      0.00      0.00       0  nginx
1791477125     33     23435    0.00    0.00    0.00    0.00    0.00     0      0.00      0.00   59180   13000   0.16      0.00      0.00      0.00       0  nginx
1791477125    113    151301    0.00    0.00    0.00    0.00    0.00     0      0.00      0.00  682592   63944   0.79      0.00      0.00      0.00       0  pdns_server
1791477125   1100    162950    0.00    0.00    0.00    0.00    0.00     3      0.00      0.00 1974772   14020   0.17      0.00      0.00      0.00       0  isupipe

# Time        UID       PID    %usr %system  %guest   %wait    %CPU   CPU  minflt/s  majflt/s     VSZ     RSS   %MEM   kB_rd/s   kB_wr/s kB_ccwr/s iodelay  Command
1791477126    112     14307    8.00    8.00    0.00    0.00   16.00     0      0.00      0.00 2892016 1003408  12.36      0.00   7300.00      0.00       0  mysqld
1791477126      0     17311    0.00    0.00    0.00    0.00    0.00     1      0.00      0.00   56800   12976   0.16      0.00      0.00      0.00       0  nginx
1791477126     33     23432    0.00    0.00    0.00    0.00    0.00     1      0.00      0.00   62224   16048   0.20      0.00      0.00      0.00       0  nginx
1791477126     33     23433    0.00    0.00    0.00    0.00    0.00     2      0.00      0.00   60284   14056   0.17      0.00      0.00      0.00       0  nginx
1791477126     33     23434    0.00    0.00    0.00    0.00    0.00     3      0.00      0.00   58528   12208   0.15      0.00      0.00      0.00       0  nginx
1791477126     33     23435    0.00    0.00    0.00    0.00    0.00     0      0.00      0.00   59180   13000   0.16      0.00      0.00      0.00       0  nginx
1791477126    113    151301    0.00    0.00    0.00    0.00    0.00     0      0.00      0.00  682592   63944   0.79      0.00      0.00      0.00       0  pdns_server
1791477126   1100    162950    0.00    0.00    0.00    0.00    0.00     3      0.00      0.00 1974772   14020   0.17      0.00      0.00      0.00       0  isupipe

# Time        UID       PID    %usr %system  %guest   %wait    %CPU   CPU  minflt/s  majflt/s     VSZ     RSS   %MEM   kB_rd/s   kB_wr/s kB_ccwr/s iodelay  Command
1791477127    112     14307    9.00   10.00    0.00    0.00   19.00     0    529.00      0.00 2892016  970132  11.95      0.00  23324.00   1948.00       0  mysqld
1791477127      0     17311    0.00    0.00    0.00    0.00    0.00     1      0.00      0.00   56800   12976   0.16      0.00      0.00      0.00       0  nginx
1791477127     33     23432    0.00    0.00    0.00    0.00    0.00     1      0.00      0.00   62224   16048   0.20      0.00      0.00      0.00       0  nginx
1791477127     33     23433    0.00    0.00    0.00    0.00    0.00     2      0.00      0.00   60284   14056   0.17      0.00      0.00      0.00       0  nginx
1791477127     33     23434    0.00    0.00    0.00    0.00    0.00     3      0.00      0.00   58528   12208   0.15      0.00      0.00      0.00       0  nginx
1791477127     33     23435    0.00    0.00    0.00    0.00    0.00     0      0.00      0.00   59180   13000   0.16      0.00      0.00      0.00       0  nginx
1791477127    113    151301    0.00    0.00    0.00    0.00    0.00     0      0.00      0.00  682592   63944   0.79      0.00      0.00      0.00       0  pdns_server
1791477127   1100    162950    0.00    0.00    0.00    0.00    0.00     3      0.00      0.00 1974772   14020   0.17      0.00      0.00      0.00       0  isupipe

# Time        UID       PID    %usr %system  %guest   %wait    %CPU   CPU  minflt/s  majflt/s     VSZ     RSS   %MEM   kB_rd/s   kB_wr/s kB_ccwr/s iodelay  Command
1791477128    112     14307   21.00   14.00    0.00    0.00   35.00     0   7397.00      0.00 2892016  999696  12.31      0.00  36040.00   1536.00       0  mysqld
1791477128      0     17311    0.00    0.00    0.00    0.00    0.00     1      0.00      0.00   56800   12976   0.16      0.00      0.00      0.00       0  nginx
1791477128     33     23432    0.00    1.00    0.00    0.00    1.00     1      0.00      0.00   62224   16048   0.20      0.00      4.00      0.00       0  nginx
1791477128     33     23433    0.00    0.00    0.00    0.00    0.00     2      0.00      0.00   60284   14056   0.17      0.00      0.00      0.00       0  nginx
1791477128     33     23434    0.00    0.00    0.00    0.00    0.00     3      0.00      0.00   58528   12208   0.15      0.00      0.00      0.00       0  nginx
1791477128     33     23435    0.00    0.00    0.00    0.00    0.00     0      0.00      0.00   59180   13000   0.16      0.00      0.00      0.00       0  nginx
1791477128    113    151301    0.00    1.00    0.00    0.00    1.00     0      0.00      0.00  682592   63944   0.79      0.00      0.00      0.00       0  pdns_server
1791477128   1100    162950    1.00    1.00    0.00    0.00    2.00     3      0.00      0.00 1974772   14020   0.17      0.00     52.00     52.00       0  isupipe

# Time        UID       PID    %usr %system  %guest   %wait    %CPU   CPU  minflt/s  majflt/s     VSZ     RSS   %MEM   kB_rd/s   kB_wr/s kB_ccwr/s iodelay  Command
1791477129    112     14307   15.69    4.90    0.00    0.00   20.59     3    103.92      0.00 2893044  999904  12.32      0.00   3231.37     43.14       0  mysqld
1791477129      0     17311    0.00    0.00    0.00    0.00    0.00     1      0.00      0.00   56800   12976   0.16      0.00      0.00      0.00       0  nginx
1791477129     33     23432    1.96    0.00    0.00    0.00    1.96     3      0.00      0.00   62224   16048   0.20      0.00     62.75     54.90       0  nginx
1791477129     33     23433    0.00    0.00    0.00    0.00    0.00     2      0.00      0.00   60284   14056   0.17      0.00      0.00      0.00       0  nginx
1791477129     33     23434    0.00    0.00    0.00    0.00    0.00     3      0.00      0.00   58528   12208   0.15      0.00      0.00      0.00       0  nginx
1791477129     33     23435    0.00    0.00    0.00    0.00    0.00     0      0.00      0.00   59180   13000   0.16      0.00      0.00      0.00       0  nginx
1791477129    113    151301    0.00    0.00    0.00    0.00    0.00     0      0.00      0.00  682592   63944   0.79      0.00      0.00      0.00       0  pdns_server
1791477129   1100    162950    3.92    5.88    0.00    0.00    9.80     3    454.90      0.00 1974772   14576   0.18      0.00      0.00      0.00       0  isupipe

# Time        UID       PID    %usr %system  %guest   %wait    %CPU   CPU  minflt/s  majflt/s     VSZ     RSS   %MEM   kB_rd/s   kB_wr/s kB_ccwr/s iodelay  Command
1791477130    112     14307    1.00    0.00    0.00    0.00    1.00     3      0.00      0.00 2893044  999904  12.32      0.00   3616.00      0.00       0  mysqld
1791477130      0     17311    0.00    0.00    0.00    0.00    0.00     1      0.00      0.00   56800   12976   0.16      0.00      0.00      0.00       0  nginx
1791477130     33     23432    0.00    0.00    0.00    0.00    0.00     3      0.00      0.00   62224   16048   0.20      0.00      0.00      0.00       0  nginx
1791477130     33     23433    0.00    0.00    0.00    0.00    0.00     2      0.00      0.00   60284   14056   0.17      0.00      0.00      0.00       0  nginx
1791477130     33     23434    0.00    0.00    0.00    0.00    0.00     3      0.00      0.00   58528   12208   0.15      0.00      0.00      0.00       0  nginx
1791477130     33     23435    0.00    0.00    0.00    0.00    0.00     0      0.00      0.00   59180   13000   0.16      0.00      0.00      0.00       0  nginx
1791477130    113    151301    0.00    0.00    0.00    0.00    0.00     0      0.00      0.00  682592   63944   0.79      0.00      0.00      0.00       0  pdns_server
1791477130   1100    162950    0.00    0.00    0.00    0.00    0.00     3      0.00      0.00 1974772   14576   0.18      0.00      0.00      0.00       0  isupipe

# Time        UID       PID    %usr %system  %guest   %wait    %CPU   CPU  minflt/s  majflt/s     VSZ     RSS   %MEM   kB_rd/s   kB_wr/s kB_ccwr/s iodelay  Command
1791477131    112     14307    1.00    3.00    0.00    0.00    4.00     3      0.00      0.00 2893044  999904  12.32      0.00   2800.00      0.00       0  mysqld
1791477131      0     17311    0.00    0.00    0.00    0.00    0.00     1      0.00      0.00   56800   12976   0.16      0.00      0.00      0.00       0  nginx
1791477131     33     23432    1.00    0.00    0.00    0.00    1.00     1      0.00      0.00   62224   16048   0.20      0.00      4.00      0.00       0  nginx
1791477131     33     23433    0.00    0.00    0.00    0.00    0.00     2      0.00      0.00   60284   14056   0.17      0.00      0.00      0.00       0  nginx
1791477131     33     23434    0.00    0.00    0.00    0.00    0.00     3      0.00      0.00   58528   12208   0.15      0.00      0.00      0.00       0  nginx
1791477131     33     23435    0.00    0.00    0.00    0.00    0.00     0      0.00      0.00   59180   13000   0.16      0.00      0.00      0.00       0  nginx
1791477131    113    151301    0.00    1.00    0.00    0.00    1.00     0      0.00      0.00  682592   63944   0.79      0.00      0.00      0.00       0  pdns_server
1791477131   1100    162950    1.00    2.00    0.00    0.00    3.00     3      1.00      0.00 1974772   14576   0.18      0.00      0.00      0.00       0  isupipe

# Time        UID       PID    %usr %system  %guest   %wait    %CPU   CPU  minflt/s  majflt/s     VSZ     RSS   %MEM   kB_rd/s   kB_wr/s kB_ccwr/s iodelay  Command
1791477132    112     14307    1.98    1.98    0.00    0.00    3.96     3      0.00      0.00 2893044  999904  12.32      0.00   6906.93     83.17       0  mysqld
1791477132      0     17311    0.00    0.00    0.00    0.00    0.00     1      0.00      0.00   56800   12976   0.16      0.00      0.00      0.00       0  nginx
1791477132     33     23432    0.00    0.00    0.00    0.00    0.00     0      0.00      0.00   62224   16048   0.20      0.00    118.81    110.89       0  nginx
1791477132     33     23433    0.00    0.00    0.00    0.00    0.00     2      0.00      0.00   60284   14056   0.17      0.00      0.00      0.00       0  nginx
1791477132     33     23434    0.00    0.00    0.00    0.00    0.00     3      0.00      0.00   58528   12208   0.15      0.00      0.00      0.00       0  nginx
1791477132     33     23435    0.00    0.00    0.00    0.00    0.00     0      0.00      0.00   59180   13000   0.16      0.00      0.00      0.00       0  nginx
1791477132    113    151301    0.00    0.00    0.00    0.00    0.00     0      0.00      0.00  682592   63944   0.79      0.00      0.00      0.00       0  pdns_server
1791477132   1100    162950    0.99    0.99    0.00    0.00    1.98     3    142.57      0.00 1974772   14732   0.18      0.00      0.00      0.00       0  isupipe

# Time        UID       PID    %usr %system  %guest   %wait    %CPU   CPU  minflt/s  majflt/s     VSZ     RSS   %MEM   kB_rd/s   kB_wr/s kB_ccwr/s iodelay  Command
1791477133    112     14307    0.97    0.97    0.00    0.00    1.94     3      0.00      0.00 2893044  999904  12.32      0.00   2151.46      0.00       0  mysqld
1791477133      0     17311    0.00    0.00    0.00    0.00    0.00     1      0.00      0.00   56800   12976   0.16      0.00      0.00      0.00       0  nginx
1791477133     33     23432    0.00    0.00    0.00    0.00    0.00     3      0.00      0.00   62224   16048   0.20      0.00      0.00      0.00       0  nginx
1791477133     33     23433    0.00    0.00    0.00    0.00    0.00     2      0.00      0.00   60284   14056   0.17      0.00      0.00      0.00       0  nginx
1791477133     33     23434    0.00    0.00    0.00    0.00    0.00     3      0.00      0.00   58528   12208   0.15      0.00      0.00      0.00       0  nginx
1791477133     33     23435    0.00    0.00    0.00    0.00    0.00     0      0.00      0.00   59180   13000   0.16      0.00      0.00      0.00       0  nginx
1791477133    113    151301    0.00    0.00    0.00    0.00    0.00     0      0.00      0.00  682592   63944   0.79      0.00      0.00      0.00       0  pdns_server
1791477133   1100    162950    0.00    0.00    0.00    0.00    0.00     3      0.00      0.00 1974772   14732   0.18      0.00      0.00      0.00       0  isupipe

# Time        UID       PID    %usr %system  %guest   %wait    %CPU   CPU  minflt/s  majflt/s     VSZ     RSS   %MEM   kB_rd/s   kB_wr/s kB_ccwr/s iodelay  Command
1791477134    112     14307   56.00   25.00    0.00    3.00   81.00     3     95.00      0.00 2892016  999956  12.32      0.00  16236.00   1392.00       0  mysqld
1791477134      0     17311    0.00    0.00    0.00    0.00    0.00     1      0.00      0.00   56800   12976   0.16      0.00      0.00      0.00       0  nginx
1791477134     33     23432    9.00    6.00    0.00   11.00   15.00     3      0.00      0.00   62224   16048   0.20      0.00   1344.00   1256.00       0  nginx
1791477134     33     23433    3.00    1.00    0.00    4.00    4.00     3      0.00      0.00   60284   14056   0.17      0.00    276.00    260.00       0  nginx
1791477134     33     23434    0.00    0.00    0.00    0.00    0.00     3      0.00      0.00   58528   12208   0.15      0.00      0.00      0.00       0  nginx
1791477134     33     23435    1.00    1.00    0.00    2.00    2.00     3      0.00      0.00   59180   13000   0.16      0.00     84.00     80.00       0  nginx
1791477134    113    151301    7.00   15.00    0.00    0.00   22.00     0      0.00      0.00  682592   63944   0.79      0.00      0.00      0.00       0  pdns_server
1791477134   1100    162950   24.00   18.00    0.00    5.00   42.00     3   1855.00      0.00 1974772   14448   0.18      0.00      0.00      0.00       0  isupipe

# Time        UID       PID    %usr %system  %guest   %wait    %CPU   CPU  minflt/s  majflt/s     VSZ     RSS   %MEM   kB_rd/s   kB_wr/s kB_ccwr/s iodelay  Command
1791477135    112     14307   83.00   39.00    0.00    5.00  122.00     1    397.00      0.00 2892016 1000204  12.32      0.00  11788.00   1516.00       0  mysqld
1791477135      0     17311    0.00    0.00    0.00    0.00    0.00     1      0.00      0.00   56800   12976   0.16      0.00      0.00      0.00       0  nginx
1791477135     33     23432    5.00   15.00    0.00   38.00   20.00     3      0.00      0.00   62224   16048   0.20      0.00    748.00    600.00       0  nginx
1791477135     33     23433    8.00    7.00    0.00   24.00   15.00     3      0.00      0.00   60284   14056   0.17      0.00    636.00    540.00       0  nginx
1791477135     33     23434    2.00    0.00    0.00    2.00    2.00     3      0.00      0.00   58528   12208   0.15      0.00    116.00    108.00       0  nginx
1791477135     33     23435    4.00    6.00    0.00   12.00   10.00     3      0.00      0.00   59180   13000   0.16      0.00    724.00    668.00       0  nginx
1791477135    113    151301   14.00   18.00    0.00    0.00   32.00     0      0.00      0.00  682592   63944   0.79      0.00      0.00      0.00       0  pdns_server
1791477135   1100    162950   42.00   29.00    0.00   23.00   71.00     2   2150.00      0.00 1974772   15564   0.19      0.00      0.00      0.00       0  isupipe

# Time        UID       PID    %usr %system  %guest   %wait    %CPU   CPU  minflt/s  majflt/s     VSZ     RSS   %MEM   kB_rd/s   kB_wr/s kB_ccwr/s iodelay  Command
1791477136    112     14307   83.00   36.00    0.00    2.00  119.00     3    177.00      0.00 2893044 1000312  12.32      0.00  10960.00   1304.00       0  mysqld
1791477136      0     17311    0.00    0.00    0.00    0.00    0.00     1      0.00      0.00   56800   12976   0.16      0.00      0.00      0.00       0  nginx
1791477136     33     23432    9.00   13.00    0.00   28.00   22.00     3      0.00      0.00   62224   16048   0.20      0.00   1116.00    948.00       0  nginx
1791477136     33     23433    4.00    7.00    0.00   19.00   11.00     3      0.00      0.00   60284   14056   0.17      0.00    468.00    408.00       0  nginx
1791477136     33     23434    1.00    3.00    0.00    7.00    4.00     3      0.00      0.00   58528   12208   0.15      0.00    120.00     96.00       0  nginx
1791477136     33     23435    2.00    5.00    0.00   10.00    7.00     3      0.00      0.00   59180   13000   0.16      0.00    240.00    196.00       0  nginx
1791477136    113    151301   13.00   21.00    0.00    0.00   34.00     0      0.00      0.00  682592   63944   0.79      0.00      0.00      0.00       0  pdns_server
1791477136   1100    162950   37.00   28.00    0.00   34.00   65.00     2   2777.00      0.00 2048564   15724   0.19      0.00      0.00      0.00       0  isupipe

# Time        UID       PID    %usr %system  %guest   %wait    %CPU   CPU  minflt/s  majflt/s     VSZ     RSS   %MEM   kB_rd/s   kB_wr/s kB_ccwr/s iodelay  Command
1791477137    112     14307   85.00   32.00    0.00    5.00  117.00     2     54.00      0.00 2893044 1000312  12.32      0.00  10488.00   1552.00       0  mysqld
1791477137      0     17311    0.00    0.00    0.00    0.00    0.00     1      0.00      0.00   56800   12976   0.16      0.00      0.00      0.00       0  nginx
1791477137     33     23432    8.00   11.00    0.00   39.00   19.00     3      0.00      0.00   62224   16048   0.20      0.00    952.00    824.00       0  nginx
1791477137     33     23433    3.00   10.00    0.00   21.00   13.00     1      0.00      0.00   60284   14056   0.17      0.00    628.00    564.00       0  nginx
1791477137     33     23434    3.00    2.00    0.00    9.00    5.00     3      0.00      0.00   58528   12208   0.15      0.00    132.00    100.00       0  nginx
1791477137     33     23435    4.00    5.00    0.00   16.00    9.00     3      0.00      0.00   59180   13000   0.16      0.00    420.00    360.00       0  nginx
1791477137    113    151301   17.00   19.00    0.00    0.00   36.00     0      0.00      0.00  682592   63944   0.79      0.00      0.00      0.00       0  pdns_server
1791477137   1100    162950   34.00   33.00    0.00   26.00   67.00     1   2750.00      0.00 2048820   15840   0.20      0.00      0.00      0.00       0  isupipe

# Time        UID       PID    %usr %system  %guest   %wait    %CPU   CPU  minflt/s  majflt/s     VSZ     RSS   %MEM   kB_rd/s   kB_wr/s kB_ccwr/s iodelay  Command
1791477138    112     14307   89.00   29.00    0.00    4.00  118.00     0    375.00      0.00 2897156 1000524  12.32      0.00  11196.00   1408.00       0  mysqld
1791477138      0     17311    0.00    0.00    0.00    0.00    0.00     1      0.00      0.00   56800   12976   0.16      0.00      0.00      0.00       0  nginx
1791477138     33     23432    7.00   11.00    0.00   35.00   18.00     3      0.00      0.00   62224   16048   0.20      0.00    832.00    604.00       0  nginx
1791477138     33     23433    3.00    8.00    0.00   29.00   11.00     3      0.00      0.00   60284   14056   0.17      0.00    692.00    608.00       0  nginx
1791477138     33     23434    1.00    5.00    0.00   14.00    6.00     3      0.00      0.00   58528   12208   0.15      0.00     20.00      0.00       0  nginx
1791477138     33     23435    5.00    5.00    0.00   16.00   10.00     3      0.00      0.00   59180   13000   0.16      0.00    548.00    484.00       0  nginx
1791477138    113    151301   20.00   16.00    0.00    0.00   36.00     0      1.00      0.00  682592   63944   0.79      0.00      0.00      0.00       0  pdns_server
1791477138   1100    162950   40.00   28.00    0.00   35.00   68.00     2   3548.00      0.00 2048820   17044   0.21      0.00      0.00      0.00       0  isupipe

# Time        UID       PID    %usr %system  %guest   %wait    %CPU   CPU  minflt/s  majflt/s     VSZ     RSS   %MEM   kB_rd/s   kB_wr/s kB_ccwr/s iodelay  Command
1791477139    112     14307   91.00   32.00    0.00    2.00  123.00     0     45.00      0.00 2892016 1000312  12.32      0.00  10236.00   1108.00       0  mysqld
1791477139      0     17311    0.00    0.00    0.00    0.00    0.00     1      0.00      0.00   56800   12976   0.16      0.00      0.00      0.00       0  nginx
1791477139     33     23432    6.00   13.00    0.00   31.00   19.00     3      0.00      0.00   62224   16048   0.20      0.00    824.00    796.00       0  nginx
1791477139     33     23433    3.00    8.00    0.00   19.00   11.00     3      0.00      0.00   60284   14056   0.17      0.00    300.00    232.00       0  nginx
1791477139     33     23434    1.00    4.00    0.00    7.00    5.00     3      0.00      0.00   58528   12208   0.15      0.00    144.00    124.00       0  nginx
1791477139     33     23435    3.00    5.00    0.00   12.00    8.00     3      0.00      0.00   59180   13000   0.16      0.00    456.00    400.00       0  nginx
1791477139    113    151301   18.00   25.00    0.00    0.00   43.00     0      0.00      0.00  682592   63944   0.79      0.00      0.00      0.00       0  pdns_server
1791477139   1100    162950   32.00   31.00    0.00   41.00   63.00     1   2043.00      0.00 2048820   16520   0.20      0.00      0.00      0.00       0  isupipe

# Time        UID       PID    %usr %system  %guest   %wait    %CPU   CPU  minflt/s  majflt/s     VSZ     RSS   %MEM   kB_rd/s   kB_wr/s kB_ccwr/s iodelay  Command
1791477140    112     14307   96.00   40.00    0.00    6.00  136.00     2    263.00      0.00 2893044 1000504  12.32      0.00   8196.00   1032.00       0  mysqld
1791477140      0     17311    0.00    0.00    0.00    0.00    0.00     1      0.00      0.00   56800   12976   0.16      0.00      0.00      0.00       0  nginx
1791477140     33     23432    3.00   17.00    0.00   32.00   20.00     3      0.00      0.00   62224   16048   0.20      0.00    572.00    424.00       0  nginx
1791477140     33     23433    6.00    8.00    0.00   18.00   14.00     1      0.00      0.00   60284   14056   0.17      0.00    452.00    376.00       0  nginx
1791477140     33     23434    1.00    3.00    0.00    6.00    4.00     3      0.00      0.00   58528   12208   0.15      0.00    188.00    172.00       0  nginx
1791477140     33     23435    1.00    5.00    0.00   10.00    6.00     3      0.00      0.00   59180   13000   0.16      0.00    432.00    396.00       0  nginx
1791477140    113    151301   27.00   20.00    0.00    0.00   47.00     0      1.00      0.00  682592   63944   0.79      0.00      0.00      0.00       0  pdns_server
1791477140   1100    162950   35.00   29.00    0.00   15.00   64.00     0   2701.00      0.00 2196404   16956   0.21      0.00      0.00      0.00       0  isupipe

# Time        UID       PID    %usr %system  %guest   %wait    %CPU   CPU  minflt/s  majflt/s     VSZ     RSS   %MEM   kB_rd/s   kB_wr/s kB_ccwr/s iodelay  Command
1791477141    112     14307   94.00   35.00    0.00    5.00  129.00     3    131.00      0.00 2892016 1000312  12.32      0.00  16736.00    992.00       0  mysqld
1791477141      0     17311    0.00    0.00    0.00    0.00    0.00     1      0.00      0.00   56800   12976   0.16      0.00      0.00      0.00       0  nginx
1791477141     33     23432   11.00   12.00    0.00   30.00   23.00     3      0.00      0.00   62224   16048   0.20      0.00    816.00    652.00       0  nginx
1791477141     33     23433    4.00    6.00    0.00   16.00   10.00     0      0.00      0.00   60284   14056   0.17      0.00    388.00    340.00       0  nginx
1791477141     33     23434    1.00    2.00    0.00    5.00    3.00     3      0.00      0.00   58528   12208   0.15      0.00    248.00    236.00       0  nginx
1791477141     33     23435    2.00    5.00    0.00   11.00    7.00     3      0.00      0.00   59180   13000   0.16      0.00    192.00     80.00       0  nginx
1791477141    113    151301   25.00   23.00    0.00    0.00   48.00     0      1.00      0.00  682592   63944   0.79      0.00      0.00      0.00       0  pdns_server
1791477141   1100    162950   36.00   30.00    0.00    0.00   66.00     0   2240.00      0.00 2196404   16888   0.21      0.00      0.00      0.00       0  isupipe

# Time        UID       PID    %usr %system  %guest   %wait    %CPU   CPU  minflt/s  majflt/s     VSZ     RSS   %MEM   kB_rd/s   kB_wr/s kB_ccwr/s iodelay  Command
1791477142    112     14307   99.00   38.00    0.00    3.00  137.00     3    205.00      0.00 2893044 1000312  12.32      0.00   8480.00   1132.00       0  mysqld
1791477142      0     17311    0.00    0.00    0.00    0.00    0.00     1      0.00      0.00   56800   12976   0.16      0.00      0.00      0.00       0  nginx
1791477142     33     23432    3.00    9.00    0.00   43.00   12.00     3      0.00      0.00   62224   16048   0.20      0.00    508.00    428.00       0  nginx
1791477142     33     23433    5.00    8.00    0.00   35.00   13.00     3      0.00      0.00   60284   14056   0.17      0.00    428.00    344.00       0  nginx
1791477142     33     23434    2.00    5.00    0.00   20.00    7.00     3      0.00      0.00   58528   12208   0.15      0.00    108.00     84.00       0  nginx
1791477142     33     23435    2.00    5.00    0.00   14.00    7.00     3      0.00      0.00   59180   13000   0.16      0.00    480.00    540.00       0  nginx
1791477142    113    151301   32.00   22.00    0.00    0.00   54.00     0      1.00      0.00  682592   63944   0.79      0.00      0.00      0.00       0  pdns_server
1791477142   1100    162950   26.00   27.00    0.00    0.00   53.00     0   1863.00      0.00 2196916   17768   0.22      0.00      0.00      0.00       0  isupipe

# Time        UID       PID    %usr %system  %guest   %wait    %CPU   CPU  minflt/s  majflt/s     VSZ     RSS   %MEM   kB_rd/s   kB_wr/s kB_ccwr/s iodelay  Command
1791477143    112     14307   94.00   38.00    0.00    4.00  132.00     1     48.00      0.00 2894072 1000312  12.32      0.00   8968.00   1056.00       0  mysqld
1791477143      0     17311    0.00    0.00    0.00    0.00    0.00     1      0.00      0.00   56800   12976   0.16      0.00      0.00      0.00       0  nginx
1791477143     33     23432    6.00   10.00    0.00   35.00   16.00     2      0.00      0.00   62224   16048   0.20      0.00    516.00    304.00       0  nginx
1791477143     33     23433    5.00    7.00    0.00   26.00   12.00     3      0.00      0.00   60284   14056   0.17      0.00    440.00    368.00       0  nginx
1791477143     33     23434    2.00    4.00    0.00    8.00    6.00     3      0.00      0.00   58528   12208   0.15      0.00    380.00    320.00       0  nginx
1791477143     33     23435    4.00    6.00    0.00   18.00   10.00     3      0.00      0.00   59180   13000   0.16      0.00    376.00    312.00       0  nginx
1791477143    113    151301   23.00   26.00    0.00    0.00   49.00     0      1.00      0.00  682592   63944   0.79      0.00      0.00      0.00       0  pdns_server
1791477143   1100    162950   36.00   28.00    0.00    0.00   64.00     0   1924.00      0.00 2196916   17688   0.22      0.00      0.00      0.00       0  isupipe

# Time        UID       PID    %usr %system  %guest   %wait    %CPU   CPU  minflt/s  majflt/s     VSZ     RSS   %MEM   kB_rd/s   kB_wr/s kB_ccwr/s iodelay  Command
1791477144    112     14307   90.00   38.00    0.00    3.00  128.00     0    195.00      0.00 2893044 1000312  12.32      0.00  10284.00   1420.00       0  mysqld
1791477144      0     17311    0.00    0.00    0.00    0.00    0.00     1      0.00      0.00   56800   12976   0.16      0.00      0.00      0.00       0  nginx
1791477144     33     23432    9.00   12.00    0.00   26.00   21.00     3      0.00      0.00   62224   16048   0.20      0.00   1000.00    924.00       0  nginx
1791477144     33     23433    5.00    8.00    0.00   20.00   13.00     3      0.00      0.00   60284   14056   0.17      0.00    180.00     96.00       0  nginx
1791477144     33     23434    2.00    5.00    0.00    7.00    7.00     3      0.00      0.00   58528   12208   0.15      0.00    132.00    104.00       0  nginx
1791477144     33     23435    4.00    6.00    0.00   10.00   10.00     3      0.00      0.00   59180   13000   0.16      0.00    520.00    468.00       0  nginx
1791477144    113    151301   17.00   25.00    0.00    0.00   42.00     0      1.00      0.00  682592   63944   0.79      0.00      0.00      0.00       0  pdns_server
1791477144   1100    162950   40.00   31.00    0.00    0.00   71.00     0   3128.00      0.00 2197172   16540   0.20      0.00      0.00      0.00       0  isupipe

# Time        UID       PID    %usr %system  %guest   %wait    %CPU   CPU  minflt/s  majflt/s     VSZ     RSS   %MEM   kB_rd/s   kB_wr/s kB_ccwr/s iodelay  Command
1791477145    112     14307   88.00   45.00    0.00    4.00  133.00     1    127.00      0.00 2893044 1000312  12.32      0.00  15504.00   1232.00       0  mysqld
1791477145      0     17311    0.00    0.00    0.00    0.00    0.00     1      0.00      0.00   56800   12976   0.16      0.00      0.00      0.00       0  nginx
1791477145     33     23432    7.00   15.00    0.00   24.00   22.00     2      0.00      0.00   62224   16048   0.20      0.00   1096.00   1064.00       0  nginx
1791477145     33     23433    5.00    9.00    0.00   17.00   14.00     3      0.00      0.00   60284   14056   0.17      0.00    372.00    276.00       0  nginx
1791477145     33     23434    1.00    5.00    0.00    4.00    6.00     3      0.00      0.00   58528   12208   0.15      0.00    124.00     92.00       0  nginx
1791477145     33     23435    4.00    5.00    0.00    8.00    9.00     3      0.00      0.00   59180   13000   0.16      0.00    244.00    180.00       0  nginx
1791477145    113    151301   25.00   20.00    0.00    0.00   45.00     0      1.00      0.00  682592   63944   0.79      0.00      0.00      0.00       0  pdns_server
1791477145   1100    162950   42.00   25.00    0.00    0.00   67.00     0   2984.00      0.00 2197172   16792   0.21      0.00      0.00      0.00       0  isupipe

# Time        UID       PID    %usr %system  %guest   %wait    %CPU   CPU  minflt/s  majflt/s     VSZ     RSS   %MEM   kB_rd/s   kB_wr/s kB_ccwr/s iodelay  Command
1791477146    112     14307   93.00   40.00    0.00    4.00  133.00     2     36.00      0.00 2892016 1000312  12.32      0.00   9456.00   1160.00       0  mysqld
1791477146      0     17311    0.00    0.00    0.00    0.00    0.00     1      0.00      0.00   56800   12976   0.16      0.00      0.00      0.00       0  nginx
1791477146     33     23432    7.00    9.00    0.00   26.00   16.00     3      0.00      0.00   62224   16048   0.20      0.00    748.00    656.00       0  nginx
1791477146     33     23433    2.00    9.00    0.00   18.00   11.00     3      0.00      0.00   60284   14056   0.17      0.00    456.00    392.00       0  nginx
1791477146     33     23434    2.00    3.00    0.00    5.00    5.00     3      0.00      0.00   58528   12208   0.15      0.00    136.00    116.00       0  nginx
1791477146     33     23435    3.00    9.00    0.00   12.00   12.00     0      0.00      0.00   59180   13000   0.16      0.00    336.00    248.00       0  nginx
1791477146    113    151301   23.00   21.00    0.00    0.00   44.00     0      1.00      0.00  682592   63944   0.79      0.00      0.00      0.00       0  pdns_server
1791477146   1100    162950   41.00   29.00    0.00    0.00   70.00     0   2529.00      0.00 2197172   17256   0.21      0.00      0.00      0.00       0  isupipe

# Time        UID       PID    %usr %system  %guest   %wait    %CPU   CPU  minflt/s  majflt/s     VSZ     RSS   %MEM   kB_rd/s   kB_wr/s kB_ccwr/s iodelay  Command
1791477147    112     14307   90.00   40.00    0.00    5.00  130.00     2    291.00      0.00 2892016 1000312  12.32      0.00   9564.00   1036.00       0  mysqld
1791477147      0     17311    0.00    0.00    0.00    0.00    0.00     1      0.00      0.00   56800   12976   0.16      0.00      0.00      0.00       0  nginx
1791477147     33     23432    5.00   14.00    0.00   35.00   19.00     3      0.00      0.00   62224   16048   0.20      0.00    744.00    612.00       0  nginx
1791477147     33     23433    6.00    7.00    0.00   23.00   13.00     3      0.00      0.00   60284   14056   0.17      0.00    232.00    180.00       0  nginx
1791477147     33     23434    4.00    4.00    0.00   10.00    8.00     3      0.00      0.00   58528   12208   0.15      0.00    352.00    324.00       0  nginx
1791477147     33     23435    3.00    6.00    0.00   17.00    9.00     3      0.00      0.00   59180   13000   0.16      0.00    296.00    160.00       0  nginx
1791477147    113    151301   19.00   21.00    0.00    0.00   40.00     0      1.00      0.00  682592   63944   0.79      0.00      0.00      0.00       0  pdns_server
1791477147   1100    162950   37.00   32.00    0.00    0.00   69.00     0   2699.00      0.00 2197172   16176   0.20      0.00      0.00      0.00       0  isupipe

# Time        UID       PID    %usr %system  %guest   %wait    %CPU   CPU  minflt/s  majflt/s     VSZ     RSS   %MEM   kB_rd/s   kB_wr/s kB_ccwr/s iodelay  Command
1791477148    112     14307   93.00   44.00    0.00    3.00  137.00     2     36.00      0.00 2892016 1000312  12.32      0.00  10212.00   1228.00       0  mysqld
1791477148      0     17311    0.00    0.00    0.00    0.00    0.00     1      0.00      0.00   56800   12976   0.16      0.00      0.00      0.00       0  nginx
1791477148     33     23432    5.00   14.00    0.00   33.00   19.00     3      0.00      0.00   62224   16048   0.20      0.00    904.00    764.00       0  nginx
1791477148     33     23433    5.00    8.00    0.00   21.00   13.00     3      0.00      0.00   60284   14056   0.17      0.00    320.00    232.00       0  nginx
1791477148     33     23434    3.00    3.00    0.00   10.00    6.00     3      0.00      0.00   58528   12208   0.15      0.00     40.00      0.00       0  nginx
1791477148     33     23435    3.00    5.00    0.00   11.00    8.00     3      0.00      0.00   59180   13000   0.16      0.00    480.00    532.00       0  nginx
1791477148    113    151301   24.00   24.00    0.00    0.00   48.00     0      0.00      0.00  682592   63944   0.79      0.00      0.00      0.00       0  pdns_server
1791477148   1100    162950   36.00   30.00    0.00    0.00   66.00     0   2783.00      0.00 2197172   16456   0.20      0.00      0.00      0.00       0  isupipe

# Time        UID       PID    %usr %system  %guest   %wait    %CPU   CPU  minflt/s  majflt/s     VSZ     RSS   %MEM   kB_rd/s   kB_wr/s kB_ccwr/s iodelay  Command
1791477149    112     14307   92.00   44.00    0.00    1.00  136.00     2    273.00      0.00 2893044 1000312  12.32      0.00   6720.00    852.00       0  mysqld
1791477149      0     17311    0.00    0.00    0.00    0.00    0.00     1      0.00      0.00   56800   12976   0.16      0.00      0.00      0.00       0  nginx
1791477149     33     23432    5.00    9.00    0.00   20.00   14.00     3      0.00      0.00   62224   16048   0.20      0.00    488.00    308.00       0  nginx
1791477149     33     23433    1.00    7.00    0.00   12.00    8.00     3      0.00      0.00   60284   14056   0.17      0.00    320.00     80.00       0  nginx
1791477149     33     23434    3.00    4.00    0.00    7.00    7.00     3      0.00      0.00   58528   12208   0.15      0.00    108.00     76.00       0  nginx
1791477149     33     23435    2.00    6.00    0.00    7.00    8.00     0      0.00      0.00   59180   13000   0.16      0.00    304.00    264.00       0  nginx
1791477149    113    151301   28.00   33.00    0.00    0.00   61.00     0      2.00      0.00  682592   63944   0.79      0.00      0.00      0.00       0  pdns_server
1791477149   1100    162950   31.00   19.00    0.00    0.00   50.00     0   2220.00      0.00 2197172   16480   0.20      0.00      0.00      0.00       0  isupipe

# Time        UID       PID    %usr %system  %guest   %wait    %CPU   CPU  minflt/s  majflt/s     VSZ     RSS   %MEM   kB_rd/s   kB_wr/s kB_ccwr/s iodelay  Command
1791477150    112     14307   87.13   45.54    0.00    0.99  132.67     3      2.97      0.00 2893044 1000312  12.32      0.00   7322.77    510.89       0  mysqld
1791477150      0     17311    0.00    0.00    0.00    0.00    0.00     1      0.00      0.00   56800   12976   0.16      0.00      0.00      0.00       0  nginx
1791477150     33     23432    1.98    3.96    0.00   14.85    5.94     3      0.00      0.00   62224   16048   0.20      0.00    245.54    229.70       0  nginx
1791477150     33     23433    0.99    4.95    0.00   11.88    5.94     3      0.00      0.00   60284   14056   0.17      0.00    316.83    281.19       0  nginx
1791477150     33     23434    0.99    0.99    0.00    2.97    1.98     3      0.00      0.00   58528   12208   0.15      0.00     19.80      0.00       0  nginx
1791477150     33     23435    0.99    0.99    0.00    5.94    1.98     3      0.00      0.00   59180   13000   0.16      0.00     11.88      0.00       0  nginx
1791477150    113    151301   38.61   37.62    0.00    0.00   76.24     0      1.98      0.00  682592   63944   0.79      0.00      0.00      0.00       0  pdns_server
1791477150   1100    162950   16.83   10.89    0.00    0.00   27.72     0    824.75      0.00 2197172   16552   0.20      0.00      0.00      0.00       0  isupipe

# Time        UID       PID    %usr %system  %guest   %wait    %CPU   CPU  minflt/s  majflt/s     VSZ     RSS   %MEM   kB_rd/s   kB_wr/s kB_ccwr/s iodelay  Command
1791477151    112     14307   91.00   47.00    0.00    5.00  138.00     3     39.00      0.00 2893044 1000312  12.32      0.00  10032.00   1364.00       0  mysqld
1791477151      0     17311    0.00    0.00    0.00    0.00    0.00     1      0.00      0.00   56800   12976   0.16      0.00      0.00      0.00       0  nginx
1791477151     33     23432    7.00    8.00    0.00   32.00   15.00     1      0.00      0.00   62224   16048   0.20      0.00    284.00    108.00       0  nginx
1791477151     33     23433    5.00    7.00    0.00   21.00   12.00     3      0.00      0.00   60284   14056   0.17      0.00    728.00    636.00       0  nginx
1791477151     33     23434    1.00    7.00    0.00   12.00    8.00     3      0.00      0.00   58528   12208   0.15      0.00    424.00    368.00       0  nginx
1791477151     33     23435    5.00    6.00    0.00   18.00   11.00     3      0.00      0.00   59180   13000   0.16      0.00    512.00    468.00       0  nginx
1791477151    113    151301   25.00   28.00    0.00    0.00   53.00     0      0.00      0.00  682592   63944   0.79      0.00      0.00      0.00       0  pdns_server
1791477151   1100    162950   44.00   24.00    0.00    0.00   68.00     0   3082.00      0.00 2197172   17432   0.21      0.00      0.00      0.00       0  isupipe

# Time        UID       PID    %usr %system  %guest   %wait    %CPU   CPU  minflt/s  majflt/s     VSZ     RSS   %MEM   kB_rd/s   kB_wr/s kB_ccwr/s iodelay  Command
1791477152    112     14307   98.00   42.00    0.00    5.00  140.00     1    133.00      0.00 2892016 1000312  12.32      0.00   9240.00   1048.00       0  mysqld
1791477152      0     17311    0.00    0.00    0.00    0.00    0.00     1      0.00      0.00   56800   12976   0.16      0.00      0.00      0.00       0  nginx
1791477152     33     23432    5.00   13.00    0.00   35.00   18.00     3      0.00      0.00   62224   16048   0.20      0.00    440.00    408.00       0  nginx
1791477152     33     23433    3.00    6.00    0.00   20.00    9.00     3      0.00      0.00   60284   14056   0.17      0.00    456.00    508.00       0  nginx
1791477152     33     23434    2.00    2.00    0.00    8.00    4.00     3      0.00      0.00   58528   12208   0.15      0.00    196.00    172.00       0  nginx
1791477152     33     23435    2.00    6.00    0.00   17.00    8.00     3      0.00      0.00   59180   13000   0.16      0.00    244.00    188.00       0  nginx
1791477152    113    151301   21.00   32.00    0.00    0.00   53.00     0      1.00      0.00  682592   63944   0.79      0.00      0.00      0.00       0  pdns_server
1791477152   1100    162950   35.00   26.00    0.00    0.00   61.00     0   2082.00      0.00 2197172   16940   0.21      0.00      0.00      0.00       0  isupipe

# Time        UID       PID    %usr %system  %guest   %wait    %CPU   CPU  minflt/s  majflt/s     VSZ     RSS   %MEM   kB_rd/s   kB_wr/s kB_ccwr/s iodelay  Command
1791477153    112     14307   92.00   40.00    0.00    5.00  132.00     0    156.00      0.00 2895100 1000312  12.32      0.00  16320.00   1044.00       0  mysqld
1791477153      0     17311    0.00    0.00    0.00    0.00    0.00     1      0.00      0.00   56800   12976   0.16      0.00      0.00      0.00       0  nginx
1791477153     33     23432    7.00   11.00    0.00   38.00   18.00     3      0.00      0.00   62224   16048   0.20      0.00    536.00    436.00       0  nginx
1791477153     33     23433    2.00   11.00    0.00   29.00   13.00     3      0.00      0.00   60284   14056   0.17      0.00    492.00    424.00       0  nginx
1791477153     33     23434    3.00    6.00    0.00   11.00    9.00     3      0.00      0.00   58528   12208   0.15      0.00     48.00      0.00       0  nginx
1791477153     33     23435    5.00    6.00    0.00   18.00   11.00     3      0.00      0.00   59180   13000   0.16      0.00    484.00    424.00       0  nginx
1791477153    113    151301   21.00   27.00    0.00    0.00   48.00     0      0.00      0.00  682592   63944   0.79      0.00      0.00      0.00       0  pdns_server
1791477153   1100    162950   40.00   24.00    0.00    0.00   64.00     0   2241.00      0.00 2197172   16400   0.20      0.00      0.00      0.00       0  isupipe

# Time        UID       PID    %usr %system  %guest   %wait    %CPU   CPU  minflt/s  majflt/s     VSZ     RSS   %MEM   kB_rd/s   kB_wr/s kB_ccwr/s iodelay  Command
1791477154    112     14307   89.00   44.00    0.00    5.00  133.00     2     51.00      0.00 2892016 1000312  12.32      0.00  12932.00   1216.00       0  mysqld
1791477154      0     17311    0.00    0.00    0.00    0.00    0.00     1      0.00      0.00   56800   12976   0.16      0.00      0.00      0.00       0  nginx
1791477154     33     23432    7.00   11.00    0.00   32.00   18.00     2      0.00      0.00   62224   16048   0.20      0.00    804.00    704.00       0  nginx
1791477154     33     23433    4.00    9.00    0.00   23.00   13.00     3      0.00      0.00   60284   14056   0.17      0.00    448.00    364.00       0  nginx
1791477154     33     23434    2.00    3.00    0.00    6.00    5.00     3      0.00      0.00   58528   12208   0.15      0.00    276.00    244.00       0  nginx
1791477154     33     23435    3.00    7.00    0.00   13.00   10.00     3      0.00      0.00   59180   13000   0.16      0.00    276.00    204.00       0  nginx
1791477154    113    151301   21.00   24.00    0.00    0.00   45.00     0      0.00      0.00  682592   63944   0.79      0.00      0.00      0.00       0  pdns_server
1791477154   1100    162950   36.00   30.00    0.00    0.00   66.00     0   3058.00      0.00 2197172   17712   0.22      0.00      0.00      0.00       0  isupipe

# Time        UID       PID    %usr %system  %guest   %wait    %CPU   CPU  minflt/s  majflt/s     VSZ     RSS   %MEM   kB_rd/s   kB_wr/s kB_ccwr/s iodelay  Command
1791477155    112     14307   99.00   41.00    0.00    3.00  140.00     0     45.00      0.00 2892016 1000312  12.32      0.00   9968.00   1036.00       0  mysqld
1791477155      0     17311    0.00    0.00    0.00    0.00    0.00     1      0.00      0.00   56800   12976   0.16      0.00      0.00      0.00       0  nginx
1791477155     33     23432    7.00   10.00    0.00   26.00   17.00     3      0.00      0.00   62224   16048   0.20      0.00    788.00    672.00       0  nginx
1791477155     33     23433    6.00    5.00    0.00   21.00   11.00     3      0.00      0.00   60284   14056   0.17      0.00    180.00    116.00       0  nginx
1791477155     33     23434    2.00    4.00    0.00   10.00    6.00     3      0.00      0.00   58528   12208   0.15      0.00     28.00      0.00       0  nginx
1791477155     33     23435    3.00    7.00    0.00   14.00   10.00     3      0.00      0.00   59180   13000   0.16      0.00    548.00    488.00       0  nginx
1791477155    113    151301   25.00   30.00    0.00    0.00   55.00     0      2.00      0.00  682592   63944   0.79      0.00      0.00      0.00       0  pdns_server
1791477155   1100    162950   38.00   25.00    0.00    0.00   63.00     0   2874.00      0.00 2197172   17500   0.22      0.00      0.00      0.00       0  isupipe

# Time        UID       PID    %usr %system  %guest   %wait    %CPU   CPU  minflt/s  majflt/s     VSZ     RSS   %MEM   kB_rd/s   kB_wr/s kB_ccwr/s iodelay  Command
1791477156    112     14307   92.00   43.00    0.00    5.00  135.00     2    304.00      0.00 2892016 1000312  12.32      0.00   9824.00   1012.00       0  mysqld
1791477156      0     17311    0.00    0.00    0.00    0.00    0.00     1      0.00      0.00   56800   12976   0.16      0.00      0.00      0.00       0  nginx
1791477156     33     23432    8.00   12.00    0.00   38.00   20.00     3      0.00      0.00   62224   16048   0.20      0.00    464.00    256.00       0  nginx
1791477156     33     23433    4.00    6.00    0.00   20.00   10.00     0      0.00      0.00   60284   14056   0.17      0.00    912.00    892.00       0  nginx
1791477156     33     23434    3.00    5.00    0.00   13.00    8.00     3      0.00      0.00   58528   12208   0.15      0.00    244.00    184.00       0  nginx
1791477156     33     23435    3.00    6.00    0.00   23.00    9.00     3      0.00      0.00   59180   13000   0.16      0.00     60.00      0.00       0  nginx
1791477156    113    151301   19.00   28.00    0.00    0.00   47.00     0      0.00      0.00  682592   63944   0.79      0.00      0.00      0.00       0  pdns_server
1791477156   1100    162950   41.00   24.00    0.00    0.00   65.00     0   2919.00      0.00 2197172   16988   0.21      0.00      0.00      0.00       0  isupipe

# Time        UID       PID    %usr %system  %guest   %wait    %CPU   CPU  minflt/s  majflt/s     VSZ     RSS   %MEM   kB_rd/s   kB_wr/s kB_ccwr/s iodelay  Command
1791477157    112     14307   93.00   42.00    0.00    4.00  135.00     0    223.00      0.00 2894072 1000312  12.32      0.00   9680.00    912.00       0  mysqld
1791477157      0     17311    0.00    0.00    0.00    0.00    0.00     1      0.00      0.00   56800   12976   0.16      0.00      0.00      0.00       0  nginx
1791477157     33     23432    6.00   16.00    0.00   24.00   22.00     2      0.00      0.00   62224   16048   0.20      0.00    580.00    504.00       0  nginx
1791477157     33     23433    3.00    8.00    0.00   14.00   11.00     3      0.00      0.00   60284   14056   0.17      0.00    576.00    516.00       0  nginx
1791477157     33     23434    1.00    3.00    0.00    7.00    4.00     3      0.00      0.00   58528   12208   0.15      0.00     28.00      0.00       0  nginx
1791477157     33     23435    3.00    2.00    0.00    6.00    5.00     3      0.00      0.00   59180   13000   0.16      0.00    200.00    180.00       0  nginx
1791477157    113    151301   24.00   25.00    0.00    0.00   49.00     0      2.00      0.00  682592   63944   0.79      0.00      0.00      0.00       0  pdns_server
1791477157   1100    162950   34.00   29.00    0.00    0.00   63.00     0   2578.00      0.00 2197172   17968   0.22      0.00      0.00      0.00       0  isupipe

# Time        UID       PID    %usr %system  %guest   %wait    %CPU   CPU  minflt/s  majflt/s     VSZ     RSS   %MEM   kB_rd/s   kB_wr/s kB_ccwr/s iodelay  Command
1791477158    112     14307   96.00   45.00    0.00    3.00  141.00     2    173.00      0.00 2892016 1000312  12.32      0.00  16192.00   1040.00       0  mysqld
1791477158      0     17311    0.00    0.00    0.00    0.00    0.00     1      0.00      0.00   56800   12976   0.16      0.00      0.00      0.00       0  nginx
1791477158     33     23432   10.00    8.00    0.00   31.00   18.00     3      0.00      0.00   62224   16048   0.20      0.00    784.00    672.00       0  nginx
1791477158     33     23433    4.00    5.00    0.00   24.00    9.00     3      0.00      0.00   60284   14056   0.17      0.00    412.00    360.00       0  nginx
1791477158     33     23434    3.00    3.00    0.00   14.00    6.00     3      0.00      0.00   58528   12208   0.15      0.00    184.00    164.00       0  nginx
1791477158     33     23435    1.00    8.00    0.00   21.00    9.00     3      0.00      0.00   59180   13000   0.16      0.00    132.00    104.00       0  nginx
1791477158    113    151301   26.00   32.00    0.00    0.00   58.00     0      1.00      0.00  682592   63944   0.79      0.00      0.00      0.00       0  pdns_server
1791477158   1100    162950   34.00   25.00    0.00    0.00   59.00     0   2140.00      0.00 2197172   16924   0.21      0.00      0.00      0.00       0  isupipe

# Time        UID       PID    %usr %system  %guest   %wait    %CPU   CPU  minflt/s  majflt/s     VSZ     RSS   %MEM   kB_rd/s   kB_wr/s kB_ccwr/s iodelay  Command
1791477159    112     14307   97.00   38.00    0.00    3.00  135.00     0    114.00      0.00 2892016 1000312  12.32      0.00  17284.00   1192.00       0  mysqld
1791477159      0     17311    0.00    0.00    0.00    0.00    0.00     1      0.00      0.00   56800   12976   0.16      0.00      0.00      0.00       0  nginx
1791477159     33     23432    6.00    9.00    0.00   28.00   15.00     3      0.00      0.00   62224   16048   0.20      0.00   1088.00    992.00       0  nginx
1791477159     33     23433    6.00    8.00    0.00   26.00   14.00     3      0.00      0.00   60284   14056   0.17      0.00    152.00     84.00       0  nginx
1791477159     33     23434    3.00    6.00    0.00   18.00    9.00     3      0.00      0.00   58528   12208   0.15      0.00     60.00      0.00       0  nginx
1791477159     33     23435    3.00    5.00    0.00   15.00    8.00     1      0.00      0.00   59180   13000   0.16      0.00    356.00    312.00       0  nginx
1791477159    113    151301   26.00   22.00    0.00    0.00   48.00     0      1.00      0.00  682592   63944   0.79      0.00      0.00      0.00       0  pdns_server
1791477159   1100    162950   37.00   30.00    0.00    0.00   67.00     0   2772.00      0.00 2197172   17908   0.22      0.00      0.00      0.00       0  isupipe

# Time        UID       PID    %usr %system  %guest   %wait    %CPU   CPU  minflt/s  majflt/s     VSZ     RSS   %MEM   kB_rd/s   kB_wr/s kB_ccwr/s iodelay  Command
1791477160    112     14307   99.00   40.00    0.00    5.00  139.00     1     42.00      0.00 2894072 1000312  12.32      0.00  16328.00   1244.00       0  mysqld
1791477160      0     17311    0.00    0.00    0.00    0.00    0.00     1      0.00      0.00   56800   12976   0.16      0.00      0.00      0.00       0  nginx
1791477160     33     23432    8.00   10.00    0.00   35.00   18.00     3      0.00      0.00   62224   16048   0.20      0.00   1212.00   1036.00       0  nginx
1791477160     33     23433    5.00    9.00    0.00   25.00   14.00     2      0.00      0.00   60284   14056   0.17      0.00    384.00    296.00       0  nginx
1791477160     33     23434    4.00    4.00    0.00    8.00    8.00     3      0.00      0.00   58528   12208   0.15      0.00    168.00    132.00       0  nginx
1791477160     33     23435    5.00    6.00    0.00   13.00   11.00     3      0.00      0.00   59180   13000   0.16      0.00    132.00     76.00       0  nginx
1791477160    113    151301   23.00   23.00    0.00    0.00   46.00     0      0.00      0.00  682592   63944   0.79      0.00      0.00      0.00       0  pdns_server
1791477160   1100    162950   37.00   30.00    0.00    0.00   67.00     0   2817.00      0.00 2197172   17512   0.22      0.00      0.00      0.00       0  isupipe

# Time        UID       PID    %usr %system  %guest   %wait    %CPU   CPU  minflt/s  majflt/s     VSZ     RSS   %MEM   kB_rd/s   kB_wr/s kB_ccwr/s iodelay  Command
1791477161    112     14307   94.00   38.00    0.00    4.00  132.00     1    109.00      0.00 2892016 1000312  12.32      0.00  10836.00   1304.00       0  mysqld
1791477161      0     17311    0.00    0.00    0.00    0.00    0.00     1      0.00      0.00   56800   12976   0.16      0.00      0.00      0.00       0  nginx
1791477161     33     23432    6.00   13.00    0.00   31.00   19.00     1      0.00      0.00   62224   16048   0.20      0.00   1168.00   1116.00       0  nginx
1791477161     33     23433    3.00   10.00    0.00   19.00   13.00     3      0.00      0.00   60284   14056   0.17      0.00    376.00    304.00       0  nginx
1791477161     33     23434    2.00    6.00    0.00    8.00    8.00     0      0.00      0.00   58528   12208   0.15      0.00    108.00     76.00       0  nginx
1791477161     33     23435    3.00    7.00    0.00   11.00   10.00     0      0.00      0.00   59180   13000   0.16      0.00     92.00     52.00       0  nginx
1791477161    113    151301   20.00   24.00    0.00    0.00   44.00     0      1.00      0.00  682592   63944   0.79      0.00      0.00      0.00       0  pdns_server
1791477161   1100    162950   39.00   27.00    0.00    0.00   66.00     0   3253.00      0.00 2197172   16904   0.21      0.00      0.00      0.00       0  isupipe

# Time        UID       PID    %usr %system  %guest   %wait    %CPU   CPU  minflt/s  majflt/s     VSZ     RSS   %MEM   kB_rd/s   kB_wr/s kB_ccwr/s iodelay  Command
1791477162    112     14307  100.00   38.00    0.00    3.00  138.00     3    277.00      0.00 2894072 1000516  12.32      0.00   8116.00    768.00       0  mysqld
1791477162      0     17311    0.00    0.00    0.00    0.00    0.00     1      0.00      0.00   56800   12976   0.16      0.00      0.00      0.00       0  nginx
1791477162     33     23432    9.00    9.00    0.00   24.00   18.00     3      0.00      0.00   62224   16048   0.20      0.00    568.00    444.00       0  nginx
1791477162     33     23433    2.00    8.00    0.00   16.00   10.00     3      0.00      0.00   60284   14056   0.17      0.00    216.00    176.00       0  nginx
1791477162     33     23434    1.00    2.00    0.00    4.00    3.00     3      0.00      0.00   58528   12208   0.15      0.00    112.00     92.00       0  nginx
1791477162     33     23435    4.00    4.00    0.00   11.00    8.00     0      0.00      0.00   59180   13000   0.16      0.00    324.00    304.00       0  nginx
1791477162    113    151301   28.00   22.00    0.00    0.00   50.00     0      0.00      0.00  682592   63944   0.79      0.00      0.00      0.00       0  pdns_server
1791477162   1100    162950   34.00   24.00    0.00    0.00   58.00     0   2306.00      0.00 2197172   17180   0.21      0.00      0.00      0.00       0  isupipe

# Time        UID       PID    %usr %system  %guest   %wait    %CPU   CPU  minflt/s  majflt/s     VSZ     RSS   %MEM   kB_rd/s   kB_wr/s kB_ccwr/s iodelay  Command
1791477163    112     14307   91.00   41.00    0.00    6.00  132.00     1    301.00      0.00 2893044 1000312  12.32      0.00   9896.00   1328.00       0  mysqld
1791477163      0     17311    0.00    0.00    0.00    0.00    0.00     1      0.00      0.00   56800   12976   0.16      0.00      0.00      0.00       0  nginx
1791477163     33     23432    7.00   11.00    0.00   23.00   18.00     3      0.00      0.00   62224   16048   0.20      0.00    492.00    364.00       0  nginx
1791477163     33     23433    2.00    8.00    0.00   14.00   10.00     3      0.00      0.00   60284   14056   0.17      0.00    444.00    380.00       0  nginx
1791477163     33     23434    1.00    2.00    0.00    6.00    3.00     3      0.00      0.00   58528   12208   0.15      0.00    248.00    224.00       0  nginx
1791477163     33     23435    2.00    7.00    0.00    9.00    9.00     3      0.00      0.00   59180   13000   0.16      0.00    500.00    468.00       0  nginx
1791477163    113    151301   23.00   27.00    0.00    0.00   50.00     0      1.00      0.00  682592   63944   0.79      0.00      0.00      0.00       0  pdns_server
1791477163   1100    162950   31.00   27.00    0.00    0.00   58.00     0   3187.00      0.00 2197172   17560   0.22      0.00      0.00      0.00       0  isupipe

# Time        UID       PID    %usr %system  %guest   %wait    %CPU   CPU  minflt/s  majflt/s     VSZ     RSS   %MEM   kB_rd/s   kB_wr/s kB_ccwr/s iodelay  Command
1791477164    112     14307   95.00   42.00    0.00    1.00  137.00     0    284.00      0.00 2892016 1000312  12.32      0.00  16348.00    944.00       0  mysqld
1791477164      0     17311    0.00    0.00    0.00    0.00    0.00     1      0.00      0.00   56800   12976   0.16      0.00      0.00      0.00       0  nginx
1791477164     33     23432    5.00   11.00    0.00   30.00   16.00     3      0.00      0.00   62224   16048   0.20      0.00    900.00    760.00       0  nginx
1791477164     33     23433    4.00    9.00    0.00   24.00   13.00     3      0.00      0.00   60284   14056   0.17      0.00    300.00    180.00       0  nginx
1791477164     33     23434    1.00    4.00    0.00    5.00    5.00     3      0.00      0.00   58528   12208   0.15      0.00     68.00     52.00       0  nginx
1791477164     33     23435    4.00    6.00    0.00   12.00   10.00     3      0.00      0.00   59180   13000   0.16      0.00    228.00    184.00       0  nginx
1791477164    113    151301   24.00   24.00    0.00    0.00   48.00     0      1.00      0.00  682592   63944   0.79      0.00      0.00      0.00       0  pdns_server
1791477164   1100    162950   35.00   29.00    0.00    0.00   64.00     0   2843.00      0.00 2197172   17376   0.21      0.00      0.00      0.00       0  isupipe

# Time        UID       PID    %usr %system  %guest   %wait    %CPU   CPU  minflt/s  majflt/s     VSZ     RSS   %MEM   kB_rd/s   kB_wr/s kB_ccwr/s iodelay  Command
1791477165    112     14307   92.00   39.00    0.00    5.00  131.00     2    204.00      0.00 2893044 1000312  12.32      0.00   9916.00   1060.00       0  mysqld
1791477165      0     17311    0.00    0.00    0.00    0.00    0.00     1      0.00      0.00   56800   12976   0.16      0.00      0.00      0.00       0  nginx
1791477165     33     23432    8.00   12.00    0.00   27.00   20.00     3      0.00      0.00   62224   16048   0.20      0.00    656.00    596.00       0  nginx
1791477165     33     23433    3.00    9.00    0.00   20.00   12.00     3      0.00      0.00   60284   14056   0.17      0.00     76.00      0.00       0  nginx
1791477165     33     23434    2.00    3.00    0.00    7.00    5.00     3      0.00      0.00   58528   12208   0.15      0.00    212.00    192.00       0  nginx
1791477165     33     23435    6.00    3.00    0.00    9.00    9.00     3      0.00      0.00   59180   13000   0.16      0.00    580.00    532.00       0  nginx
1791477165    113    151301   20.00   21.00    0.00    0.00   41.00     0      0.00      0.00  682592   63944   0.79      0.00      0.00      0.00       0  pdns_server
1791477165   1100    162950   37.00   30.00    0.00    0.00   67.00     0   3056.00      0.00 2197172   17068   0.21      0.00      0.00      0.00       0  isupipe

# Time        UID       PID    %usr %system  %guest   %wait    %CPU   CPU  minflt/s  majflt/s     VSZ     RSS   %MEM   kB_rd/s   kB_wr/s kB_ccwr/s iodelay  Command
1791477166    112     14307   92.00   40.00    0.00    0.00  132.00     2      6.00      0.00 2893044 1000312  12.32      0.00   4188.00    140.00       0  mysqld
1791477166      0     17311    0.00    0.00    0.00    0.00    0.00     1      0.00      0.00   56800   12976   0.16      0.00      0.00      0.00       0  nginx
1791477166     33     23432    1.00    1.00    0.00    7.00    2.00     0      0.00      0.00   62224   16048   0.20      0.00    116.00    100.00       0  nginx
1791477166     33     23433    1.00    2.00    0.00    6.00    3.00     0      0.00      0.00   60284   14056   0.17      0.00      4.00      0.00       0  nginx
1791477166     33     23434    1.00    0.00    0.00    2.00    1.00     3      0.00      0.00   58528   12208   0.15      0.00     84.00     84.00       0  nginx
1791477166     33     23435    0.00    1.00    0.00    3.00    1.00     3      0.00      0.00   59180   13000   0.16      0.00      4.00      0.00       0  nginx
1791477166    113    151301   39.00   49.00    0.00    0.00   88.00     0      2.00      0.00  682592   63944   0.79      0.00      0.00      0.00       0  pdns_server
1791477166   1100    162950    6.00    2.00    0.00    0.00    8.00     0    248.00      0.00 2197172   16792   0.21      0.00      0.00      0.00       0  isupipe

# Time        UID       PID    %usr %system  %guest   %wait    %CPU   CPU  minflt/s  majflt/s     VSZ     RSS   %MEM   kB_rd/s   kB_wr/s kB_ccwr/s iodelay  Command
1791477167    112     14307   94.00   41.00    0.00    3.00  135.00     2    141.00      0.00 2893044 1000312  12.32      0.00   9272.00    800.00       0  mysqld
1791477167      0     17311    0.00    0.00    0.00    0.00    0.00     1      0.00      0.00   56800   12976   0.16      0.00      0.00      0.00       0  nginx
1791477167     33     23432   10.00   10.00    0.00   42.00   20.00     1      0.00      0.00   62224   16048   0.20      0.00    516.00    412.00       0  nginx
1791477167     33     23433    4.00    9.00    0.00   28.00   13.00     2      0.00      0.00   60284   14056   0.17      0.00    372.00    296.00       0  nginx
1791477167     33     23434    2.00    5.00    0.00    9.00    7.00     0      0.00      0.00   58528   12208   0.15      0.00    208.00    192.00       0  nginx
1791477167     33     23435    4.00    6.00    0.00   17.00   10.00     1      0.00      0.00   59180   13000   0.16      0.00    200.00    152.00       0  nginx
1791477167    113    151301   23.00   25.00    0.00    0.00   48.00     0      0.00      0.00  682592   63944   0.79      0.00      0.00      0.00       0  pdns_server
1791477167   1100    162950   31.00   30.00    0.00    0.00   61.00     0   3048.00      0.00 2197172   17524   0.22      0.00      0.00      0.00       0  isupipe

# Time        UID       PID    %usr %system  %guest   %wait    %CPU   CPU  minflt/s  majflt/s     VSZ     RSS   %MEM   kB_rd/s   kB_wr/s kB_ccwr/s iodelay  Command
1791477168    112     14307   87.00   45.00    0.00    7.00  132.00     0     39.00      0.00 2894072 1000312  12.32      0.00   9676.00    912.00       0  mysqld
1791477168      0     17311    0.00    0.00    0.00    0.00    0.00     1      0.00      0.00   56800   12976   0.16      0.00      0.00      0.00       0  nginx
1791477168     33     23432    7.00   10.00    0.00   46.00   17.00     3      0.00      0.00   62224   16048   0.20      0.00    332.00    236.00       0  nginx
1791477168     33     23433    6.00    9.00    0.00   37.00   15.00     3      0.00      0.00   60284   14056   0.17      0.00    496.00    432.00       0  nginx
1791477168     33     23434    5.00    4.00    0.00   17.00    9.00     3      0.00      0.00   58528   12208   0.15      0.00    480.00    456.00       0  nginx
1791477168     33     23435    4.00    6.00    0.00   24.00   10.00     3      0.00      0.00   59180   13000   0.16      0.00    140.00     72.00       0  nginx
1791477168    113    151301   23.00   28.00    0.00    0.00   51.00     0      1.00      0.00  682592   63944   0.79      0.00      0.00      0.00       0  pdns_server
1791477168   1100    162950   27.00   29.00    0.00    0.00   56.00     0   2234.00      0.00 2197172   17200   0.21      0.00      0.00      0.00       0  isupipe

# Time        UID       PID    %usr %system  %guest   %wait    %CPU   CPU  minflt/s  majflt/s     VSZ     RSS   %MEM   kB_rd/s   kB_wr/s kB_ccwr/s iodelay  Command
1791477169    112     14307  103.00   38.00    0.00    4.00  141.00     0    120.00      0.00 2893044 1000312  12.32      0.00  14352.00   1208.00       0  mysqld
1791477169      0     17311    0.00    0.00    0.00    0.00    0.00     1      0.00      0.00   56800   12976   0.16      0.00      0.00      0.00       0  nginx
1791477169     33     23432    9.00   10.00    0.00   49.00   19.00     3      0.00      0.00   62224   16048   0.20      0.00    684.00    564.00       0  nginx
1791477169     33     23433    6.00    7.00    0.00   33.00   13.00     3      0.00      0.00   60284   14056   0.17      0.00    300.00    268.00       0  nginx
1791477169     33     23434    3.00    2.00    0.00   19.00    5.00     3      0.00      0.00   58528   12208   0.15      0.00    404.00    380.00       0  nginx
1791477169     33     23435    2.00    8.00    0.00   24.00   10.00     3      0.00      0.00   59180   13000   0.16      0.00    320.00    292.00       0  nginx
1791477169    113    151301   28.00   30.00    0.00    0.00   58.00     0      1.00      0.00  682592   63944   0.79      0.00      0.00      0.00       0  pdns_server
1791477169   1100    162950   36.00   20.00    0.00    0.00   56.00     0   2824.00      0.00 2197172   17904   0.22      0.00      0.00      0.00       0  isupipe

# Time        UID       PID    %usr %system  %guest   %wait    %CPU   CPU  minflt/s  majflt/s     VSZ     RSS   %MEM   kB_rd/s   kB_wr/s kB_ccwr/s iodelay  Command
1791477170    112     14307   81.00   42.00    0.00    5.00  123.00     0    201.00      0.00 2892016 1000312  12.32      0.00   9812.00    992.00       0  mysqld
1791477170      0     17311    0.00    0.00    0.00    0.00    0.00     1      0.00      0.00   56800   12976   0.16      0.00      0.00      0.00       0  nginx
1791477170     33     23432    6.00   10.00    0.00   46.00   16.00     3      0.00      0.00   62224   16048   0.20      0.00    384.00    200.00       0  nginx
1791477170     33     23433    7.00    7.00    0.00   35.00   14.00     1      0.00      0.00   60284   14056   0.17      0.00    516.00    472.00       0  nginx
1791477170     33     23434    5.00    5.00    0.00   20.00   10.00     1      0.00      0.00   58528   12208   0.15      0.00    396.00    324.00       0  nginx
1791477170     33     23435    8.00    5.00    0.00   26.00   13.00     2      0.00      0.00   59180   13000   0.16      0.00    360.00    308.00       0  nginx
1791477170    113    151301   20.00   21.00    0.00    0.00   41.00     0      1.00      0.00  682592   63944   0.79      0.00      0.00      0.00       0  pdns_server
1791477170   1100    162950   37.00   25.00    0.00    0.00   62.00     0   2510.00      0.00 2197172   17596   0.22      0.00      0.00      0.00       0  isupipe

# Time        UID       PID    %usr %system  %guest   %wait    %CPU   CPU  minflt/s  majflt/s     VSZ     RSS   %MEM   kB_rd/s   kB_wr/s kB_ccwr/s iodelay  Command
1791477171    112     14307   97.00   38.00    0.00    6.00  135.00     3     30.00      0.00 2892016 1000312  12.32      0.00   9948.00   1024.00       0  mysqld
1791477171      0     17311    0.00    0.00    0.00    0.00    0.00     1      0.00      0.00   56800   12976   0.16      0.00      0.00      0.00       0  nginx
1791477171     33     23432    7.00   10.00    0.00   48.00   17.00     0      0.00      0.00   62224   16048   0.20      0.00    672.00    692.00       0  nginx
1791477171     33     23433    5.00    7.00    0.00   39.00   12.00     3      0.00      0.00   60284   14056   0.17      0.00    332.00    276.00       0  nginx
1791477171     33     23434    6.00    6.00    0.00   26.00   12.00     3     85.00      0.00   58948   12736   0.16      0.00    248.00    204.00       0  nginx
1791477171     33     23435    5.00    7.00    0.00   37.00   12.00     3      0.00      0.00   59180   13000   0.16      0.00    260.00    168.00       0  nginx
1791477171    113    151301   24.00   29.00    0.00    0.00   53.00     0      0.00      0.00  682592   63944   0.79      0.00      0.00      0.00       0  pdns_server
1791477171   1100    162950   30.00   29.00    0.00    0.00   59.00     0   2314.00      0.00 2197172   17240   0.21      0.00      0.00      0.00       0  isupipe

# Time        UID       PID    %usr %system  %guest   %wait    %CPU   CPU  minflt/s  majflt/s     VSZ     RSS   %MEM   kB_rd/s   kB_wr/s kB_ccwr/s iodelay  Command
1791477172    112     14307   95.00   32.00    0.00    5.00  127.00     0    137.00      0.00 2892016 1000312  12.32      0.00   9828.00   1100.00       0  mysqld
1791477172      0     17311    0.00    0.00    0.00    0.00    0.00     1      0.00      0.00   56800   12976   0.16      0.00      0.00      0.00       0  nginx
1791477172     33     23432    7.00    9.00    0.00   44.00   16.00     3      0.00      0.00   62224   16048   0.20      0.00    616.00    552.00       0  nginx
1791477172     33     23433    4.00   10.00    0.00   35.00   14.00     3      0.00      0.00   60284   14056   0.17      0.00    196.00    100.00       0  nginx
1791477172     33     23434    2.00    8.00    0.00   28.00   10.00     2      4.00      0.00   58948   12736   0.16      0.00    408.00    368.00       0  nginx
1791477172     33     23435    4.00    8.00    0.00   31.00   12.00     3      0.00      0.00   59180   13000   0.16      0.00    436.00    376.00       0  nginx
1791477172    113    151301   25.00   25.00    0.00    0.00   50.00     0      0.00      0.00  682592   63944   0.79      0.00      0.00      0.00       0  pdns_server
1791477172   1100    162950   34.00   28.00    0.00    0.00   62.00     0   3056.00      0.00 2197172   17496   0.22      0.00      0.00      0.00       0  isupipe

# Time        UID       PID    %usr %system  %guest   %wait    %CPU   CPU  minflt/s  majflt/s     VSZ     RSS   %MEM   kB_rd/s   kB_wr/s kB_ccwr/s iodelay  Command
1791477173    112     14307   95.00   37.00    0.00    3.00  132.00     1    134.00      0.00 2893044 1000312  12.32      0.00  13812.00    988.00       0  mysqld
1791477173      0     17311    0.00    0.00    0.00    0.00    0.00     1      0.00      0.00   56800   12976   0.16      0.00      0.00      0.00       0  nginx
1791477173     33     23432    8.00    9.00    0.00   48.00   17.00     3      0.00      0.00   62224   16048   0.20      0.00    668.00    588.00       0  nginx
1791477173     33     23433    5.00    7.00    0.00   36.00   12.00     3      0.00      0.00   60284   14056   0.17      0.00    248.00    204.00       0  nginx
1791477173     33     23434    3.00    9.00    0.00   25.00   12.00     3      2.00      0.00   58948   12736   0.16      0.00    604.00    532.00       0  nginx
1791477173     33     23435    6.00    5.00    0.00   30.00   11.00     3      0.00      0.00   59180   13000   0.16      0.00    148.00      0.00       0  nginx
1791477173    113    151301   21.00   26.00    0.00    0.00   47.00     0      1.00      0.00  682592   63944   0.79      0.00      0.00      0.00       0  pdns_server
1791477173   1100    162950   37.00   27.00    0.00    0.00   64.00     0   2398.00      0.00 2197172   16428   0.20      0.00      0.00      0.00       0  isupipe

# Time        UID       PID    %usr %system  %guest   %wait    %CPU   CPU  minflt/s  majflt/s     VSZ     RSS   %MEM   kB_rd/s   kB_wr/s kB_ccwr/s iodelay  Command
1791477174    112     14307   84.00   41.00    0.00    5.00  125.00     2     30.00      0.00 2892016 1000312  12.32      0.00  14652.00   1240.00       0  mysqld
1791477174      0     17311    0.00    0.00    0.00    0.00    0.00     1      0.00      0.00   56800   12976   0.16      0.00      0.00      0.00       0  nginx
1791477174     33     23432    9.00   11.00    0.00   37.00   20.00     3      0.00      0.00   62224   16048   0.20      0.00    984.00    844.00       0  nginx
1791477174     33     23433    7.00    5.00    0.00   28.00   12.00     3      0.00      0.00   60284   14056   0.17      0.00    344.00    308.00       0  nginx
1791477174     33     23434    4.00    4.00    0.00   15.00    8.00     3      0.00      0.00   58948   12736   0.16      0.00    148.00    116.00       0  nginx
1791477174     33     23435    4.00    7.00    0.00   18.00   11.00     3      0.00      0.00   59180   13000   0.16      0.00    336.00    360.00       0  nginx
1791477174    113    151301   19.00   23.00    0.00    0.00   42.00     0      1.00      0.00  682592   63944   0.79      0.00      0.00      0.00       0  pdns_server
1791477174   1100    162950   38.00   28.00    0.00    0.00   66.00     0   2740.00      0.00 2197172   17956   0.22      0.00      0.00      0.00       0  isupipe

# Time        UID       PID    %usr %system  %guest   %wait    %CPU   CPU  minflt/s  majflt/s     VSZ     RSS   %MEM   kB_rd/s   kB_wr/s kB_ccwr/s iodelay  Command
1791477175    112     14307   93.00   32.00    0.00    5.00  125.00     1    191.00      0.00 2893044 1000312  12.32      0.00   9928.00   1088.00       0  mysqld
1791477175      0     17311    0.00    0.00    0.00    0.00    0.00     1      0.00      0.00   56800   12976   0.16      0.00      0.00      0.00       0  nginx
1791477175     33     23432    8.00    9.00    0.00   44.00   17.00     3      0.00      0.00   62224   16048   0.20      0.00    368.00    268.00       0  nginx
1791477175     33     23433    6.00    7.00    0.00   31.00   13.00     3      0.00      0.00   60284   14056   0.17      0.00    368.00    328.00       0  nginx
1791477175     33     23434    4.00    7.00    0.00   26.00   11.00     3      1.00      0.00   58948   12736   0.16      0.00    332.00    296.00       0  nginx
1791477175     33     23435    5.00    7.00    0.00   24.00   12.00     3      0.00      0.00   59180   13000   0.16      0.00    520.00    368.00       0  nginx
1791477175    113    151301   26.00   19.00    0.00    0.00   45.00     0      1.00      0.00  682592   63944   0.79      0.00      0.00      0.00       0  pdns_server
1791477175   1100    162950   33.00   31.00    0.00    0.00   64.00     0   2442.00      0.00 2197172   18088   0.22      0.00      0.00      0.00       0  isupipe

# Time        UID       PID    %usr %system  %guest   %wait    %CPU   CPU  minflt/s  majflt/s     VSZ     RSS   %MEM   kB_rd/s   kB_wr/s kB_ccwr/s iodelay  Command
1791477176    112     14307   86.00   44.00    0.00    4.00  130.00     3    309.00      0.00 2892016 1000312  12.32      0.00   9448.00   1076.00       0  mysqld
1791477176      0     17311    0.00    0.00    0.00    0.00    0.00     1      0.00      0.00   56800   12976   0.16      0.00      0.00      0.00       0  nginx
1791477176     33     23432   10.00    6.00    0.00   36.00   16.00     3      0.00      0.00   62224   16048   0.20      0.00    436.00    336.00       0  nginx
1791477176     33     23433    6.00    7.00    0.00   30.00   13.00     3      0.00      0.00   60284   14056   0.17      0.00    316.00    260.00       0  nginx
1791477176     33     23434    5.00    5.00    0.00   18.00   10.00     2      0.00      0.00   58948   12736   0.16      0.00    300.00    252.00       0  nginx
1791477176     33     23435    3.00    7.00    0.00   20.00   10.00     3      0.00      0.00   59180   13000   0.16      0.00    588.00    612.00       0  nginx
1791477176    113    151301   18.00   28.00    0.00    0.00   46.00     0      0.00      0.00  682592   63944   0.79      0.00      0.00      0.00       0  pdns_server
1791477176   1100    162950   34.00   25.00    0.00    0.00   59.00     0   2240.00      0.00 2197172   18120   0.22      0.00      0.00      0.00       0  isupipe

# Time        UID       PID    %usr %system  %guest   %wait    %CPU   CPU  minflt/s  majflt/s     VSZ     RSS   %MEM   kB_rd/s   kB_wr/s kB_ccwr/s iodelay  Command
1791477177    112     14307   86.00   43.00    0.00    7.00  129.00     3     36.00      0.00 2892016 1000312  12.32      0.00   9224.00    904.00       0  mysqld
1791477177      0     17311    0.00    0.00    0.00    0.00    0.00     1      0.00      0.00   56800   12976   0.16      0.00      0.00      0.00       0  nginx
1791477177     33     23432    6.00    9.00    0.00   39.00   15.00     3      0.00      0.00   62224   16048   0.20      0.00    496.00    436.00       0  nginx
1791477177     33     23433    6.00    6.00    0.00   26.00   12.00     3      0.00      0.00   60284   14056   0.17      0.00    520.00    452.00       0  nginx
1791477177     33     23434    3.00    8.00    0.00   26.00   11.00     3      0.00      0.00   58948   12736   0.16      0.00    364.00    296.00       0  nginx
1791477177     33     23435    4.00    8.00    0.00   28.00   12.00     3      0.00      0.00   59180   13000   0.16      0.00     40.00      0.00       0  nginx
1791477177    113    151301   19.00   27.00    0.00    0.00   46.00     0      1.00      0.00  682592   63944   0.79      0.00      0.00      0.00       0  pdns_server
1791477177   1100    162950   34.00   29.00    0.00    0.00   63.00     0   2042.00      0.00 2197172   17984   0.22      0.00      0.00      0.00       0  isupipe

# Time        UID       PID    %usr %system  %guest   %wait    %CPU   CPU  minflt/s  majflt/s     VSZ     RSS   %MEM   kB_rd/s   kB_wr/s kB_ccwr/s iodelay  Command
1791477178    112     14307   94.00   43.00    0.00    6.00  137.00     2    375.00      0.00 2893044 1000312  12.32      0.00   9656.00    984.00       0  mysqld
1791477178      0     17311    0.00    0.00    0.00    0.00    0.00     1      0.00      0.00   56800   12976   0.16      0.00      0.00      0.00       0  nginx
1791477178     33     23432    7.00    9.00    0.00   47.00   16.00     3      0.00      0.00   62224   16048   0.20      0.00    768.00    676.00       0  nginx
1791477178     33     23433    5.00    7.00    0.00   46.00   12.00     3      0.00      0.00   60284   14056   0.17      0.00    308.00    236.00       0  nginx
1791477178     33     23434    4.00    7.00    0.00   31.00   11.00     2      0.00      0.00   58948   12736   0.16      0.00    272.00    204.00       0  nginx
1791477178     33     23435    4.00    7.00    0.00   32.00   11.00     3      0.00      0.00   59180   13000   0.16      0.00    212.00    180.00       0  nginx
1791477178    113    151301   25.00   29.00    0.00    0.00   54.00     0      1.00      0.00  682592   63944   0.79      0.00      0.00      0.00       0  pdns_server
1791477178   1100    162950   37.00   23.00    0.00    0.00   60.00     0   3031.00      0.00 2197172   17968   0.22      0.00      0.00      0.00       0  isupipe

# Time        UID       PID    %usr %system  %guest   %wait    %CPU   CPU  minflt/s  majflt/s     VSZ     RSS   %MEM   kB_rd/s   kB_wr/s kB_ccwr/s iodelay  Command
1791477179    112     14307   98.00   42.00    0.00    4.00  140.00     1     30.00      0.00 2894072 1000312  12.32      0.00  13972.00   1136.00       0  mysqld
1791477179      0     17311    0.00    0.00    0.00    0.00    0.00     1      0.00      0.00   56800   12976   0.16      0.00      0.00      0.00       0  nginx
1791477179     33     23432    9.00    9.00    0.00   36.00   18.00     3      0.00      0.00   62224   16048   0.20      0.00    428.00    324.00       0  nginx
1791477179     33     23433    4.00    8.00    0.00   28.00   12.00     3      0.00      0.00   60284   14056   0.17      0.00    488.00    420.00       0  nginx
1791477179     33     23434    3.00    4.00    0.00   14.00    7.00     3      0.00      0.00   58948   12736   0.16      0.00    116.00     96.00       0  nginx
1791477179     33     23435    5.00    5.00    0.00   21.00   10.00     3      2.00      0.00   59180   13000   0.16      0.00    496.00    456.00       0  nginx
1791477179    113    151301   31.00   28.00    0.00    0.00   59.00     0      0.00      0.00  682592   63944   0.79      0.00      0.00      0.00       0  pdns_server
1791477179   1100    162950   28.00   26.00    0.00    0.00   54.00     0   1874.00      0.00 2197172   18380   0.23      0.00      0.00      0.00       0  isupipe

# Time        UID       PID    %usr %system  %guest   %wait    %CPU   CPU  minflt/s  majflt/s     VSZ     RSS   %MEM   kB_rd/s   kB_wr/s kB_ccwr/s iodelay  Command
1791477180    112     14307   88.00   47.00    0.00    5.00  135.00     0    140.00      0.00 2892016 1000312  12.32      0.00  10124.00   1176.00       0  mysqld
1791477180      0     17311    0.00    0.00    0.00    0.00    0.00     1      0.00      0.00   56800   12976   0.16      0.00      0.00      0.00       0  nginx
1791477180     33     23432    7.00   11.00    0.00   34.00   18.00     3      0.00      0.00   62224   16048   0.20      0.00    672.00    588.00       0  nginx
1791477180     33     23433    6.00    7.00    0.00   29.00   13.00     3      0.00      0.00   60284   14056   0.17      0.00    448.00    384.00       0  nginx
1791477180     33     23434    5.00    6.00    0.00   17.00   11.00     3      0.00      0.00   58948   12736   0.16      0.00    108.00     60.00       0  nginx
1791477180     33     23435    5.00    7.00    0.00   20.00   12.00     3      1.00      0.00   59180   13000   0.16      0.00    404.00    332.00       0  nginx
1791477180    113    151301   23.00   25.00    0.00    0.00   48.00     0      1.00      0.00  682592   63944   0.79      0.00      0.00      0.00       0  pdns_server
1791477180   1100    162950   40.00   23.00    0.00    0.00   63.00     0   2180.00      0.00 2197172   17896   0.22      0.00      0.00      0.00       0  isupipe

# Time        UID       PID    %usr %system  %guest   %wait    %CPU   CPU  minflt/s  majflt/s     VSZ     RSS   %MEM   kB_rd/s   kB_wr/s kB_ccwr/s iodelay  Command
1791477181    112     14307   80.00   47.00    0.00    2.00  127.00     1    294.00      0.00 2892016 1000312  12.32      0.00  14504.00   1128.00       0  mysqld
1791477181      0     17311    0.00    0.00    0.00    0.00    0.00     1      0.00      0.00   56800   12976   0.16      0.00      0.00      0.00       0  nginx
1791477181     33     23432    8.00    8.00    0.00   44.00   16.00     3      0.00      0.00   62224   16048   0.20      0.00    316.00    224.00       0  nginx
1791477181     33     23433    6.00    7.00    0.00   37.00   13.00     3      0.00      0.00   60284   14056   0.17      0.00    624.00    552.00       0  nginx
1791477181     33     23434    6.00    4.00    0.00   30.00   10.00     3      0.00      0.00   58948   12736   0.16      0.00    552.00    512.00       0  nginx
1791477181     33     23435    5.00    8.00    0.00   31.00   13.00     3      0.00      0.00   59180   13000   0.16      0.00    160.00    108.00       0  nginx
1791477181    113    151301   20.00   20.00    0.00    0.00   40.00     0      0.00      0.00  682592   63944   0.79      0.00      0.00      0.00       0  pdns_server
1791477181   1100    162950   31.00   28.00    0.00    0.00   59.00     0   1185.00      0.00 2197172   18340   0.23      0.00      0.00      0.00       0  isupipe

# Time        UID       PID    %usr %system  %guest   %wait    %CPU   CPU  minflt/s  majflt/s     VSZ     RSS   %MEM   kB_rd/s   kB_wr/s kB_ccwr/s iodelay  Command
1791477182    112     14307   89.00   38.00    0.00    2.00  127.00     2     17.00      0.00 2893044 1000312  12.32      0.00   2940.00    252.00       0  mysqld
1791477182      0     17311    0.00    0.00    0.00    0.00    0.00     1      0.00      0.00   56800   12976   0.16      0.00      0.00      0.00       0  nginx
1791477182     33     23432    4.00    2.00    0.00   11.00    6.00     3      0.00      0.00   62224   16048   0.20      0.00    260.00    228.00       0  nginx
1791477182     33     23433    2.00    2.00    0.00    5.00    4.00     1      0.00      0.00   60284   14056   0.17      0.00    204.00    100.00       0  nginx
1791477182     33     23434    1.00    2.00    0.00    4.00    3.00     3      0.00      0.00   58948   12736   0.16      0.00     12.00      0.00       0  nginx
1791477182     33     23435    1.00    3.00    0.00    7.00    4.00     1      0.00      0.00   59180   13000   0.16      0.00     20.00      0.00       0  nginx
1791477182    113    151301   34.00   43.00    0.00    0.00   77.00     0      3.00      0.00  682592   63944   0.79      0.00      0.00      0.00       0  pdns_server
1791477182   1100    162950    7.00   10.00    0.00    0.00   17.00     0    523.00      0.00 2197172   18388   0.23      0.00      0.00      0.00       0  isupipe

# Time        UID       PID    %usr %system  %guest   %wait    %CPU   CPU  minflt/s  majflt/s     VSZ     RSS   %MEM   kB_rd/s   kB_wr/s kB_ccwr/s iodelay  Command
1791477183    112     14307   90.00   45.00    0.00    4.00  135.00     0    176.00      0.00 2893044 1000312  12.32      0.00  12928.00   1088.00       0  mysqld
1791477183      0     17311    0.00    0.00    0.00    0.00    0.00     1      0.00      0.00   56800   12976   0.16      0.00      0.00      0.00       0  nginx
1791477183     33     23432    8.00   12.00    0.00   48.00   20.00     3      0.00      0.00   62224   16048   0.20      0.00    280.00    160.00       0  nginx
1791477183     33     23433    7.00    6.00    0.00   35.00   13.00     3      0.00      0.00   60284   14056   0.17      0.00    644.00    684.00       0  nginx
1791477183     33     23434    4.00    5.00    0.00   17.00    9.00     3      0.00      0.00   58948   12736   0.16      0.00    412.00    392.00       0  nginx
1791477183     33     23435    3.00    7.00    0.00   26.00   10.00     3      0.00      0.00   59180   13000   0.16      0.00    260.00    208.00       0  nginx
1791477183    113    151301   26.00   29.00    0.00    0.00   55.00     0      0.00      0.00  682592   63944   0.79      0.00      0.00      0.00       0  pdns_server
1791477183   1100    162950   28.00   26.00    0.00    0.00   54.00     0   2493.00      0.00 2197172   17736   0.22      0.00      0.00      0.00       0  isupipe

# Time        UID       PID    %usr %system  %guest   %wait    %CPU   CPU  minflt/s  majflt/s     VSZ     RSS   %MEM   kB_rd/s   kB_wr/s kB_ccwr/s iodelay  Command
1791477184    112     14307   86.00   39.00    0.00    6.00  125.00     0    239.00      0.00 2892016 1000312  12.32      0.00  10852.00   1144.00       0  mysqld
1791477184      0     17311    0.00    0.00    0.00    0.00    0.00     1      0.00      0.00   56800   12976   0.16      0.00      0.00      0.00       0  nginx
1791477184     33     23432    6.00   12.00    0.00   42.00   18.00     3      0.00      0.00   62224   16048   0.20      0.00    508.00    396.00       0  nginx
1791477184     33     23433    1.00   12.00    0.00   40.00   13.00     3      0.00      0.00   60284   14056   0.17      0.00    196.00    116.00       0  nginx
1791477184     33     23434    6.00    4.00    0.00   23.00   10.00     3      2.00      0.00   58948   12736   0.16      0.00    492.00    440.00       0  nginx
1791477184     33     23435    5.00    7.00    0.00   29.00   12.00     0      0.00      0.00   59180   13000   0.16      0.00    528.00    476.00       0  nginx
1791477184    113    151301   23.00   17.00    0.00    0.00   40.00     0      1.00      0.00  682592   63944   0.79      0.00      0.00      0.00       0  pdns_server
1791477184   1100    162950   35.00   27.00    0.00    0.00   62.00     0   2353.00      0.00 2197172   17968   0.22      0.00      0.00      0.00       0  isupipe

# Time        UID       PID    %usr %system  %guest   %wait    %CPU   CPU  minflt/s  majflt/s     VSZ     RSS   %MEM   kB_rd/s   kB_wr/s kB_ccwr/s iodelay  Command
1791477185    112     14307   93.00   39.00    0.00    5.00  132.00     1    297.00      0.00 2893044 1000312  12.32      0.00  10468.00   1112.00       0  mysqld
1791477185      0     17311    0.00    0.00    0.00    0.00    0.00     1      0.00      0.00   56800   12976   0.16      0.00      0.00      0.00       0  nginx
1791477185     33     23432    7.00   12.00    0.00   34.00   19.00     3      0.00      0.00   62224   16048   0.20      0.00    788.00    668.00       0  nginx
1791477185     33     23433    6.00    6.00    0.00   26.00   12.00     3      0.00      0.00   60284   14056   0.17      0.00    324.00    276.00       0  nginx
1791477185     33     23434    2.00    5.00    0.00   10.00    7.00     3      0.00      0.00   58948   12736   0.16      0.00    164.00    124.00       0  nginx
1791477185     33     23435    5.00    6.00    0.00   16.00   11.00     3      0.00      0.00   59180   13000   0.16      0.00    340.00    288.00       0  nginx
1791477185    113    151301   26.00   23.00    0.00    0.00   49.00     0      1.00      0.00  682592   63944   0.79      0.00      0.00      0.00       0  pdns_server
1791477185   1100    162950   36.00   24.00    0.00    0.00   60.00     0   2272.00      0.00 2197172   17692   0.22      0.00      0.00      0.00       0  isupipe

# Time        UID       PID    %usr %system  %guest   %wait    %CPU   CPU  minflt/s  majflt/s     VSZ     RSS   %MEM   kB_rd/s   kB_wr/s kB_ccwr/s iodelay  Command
1791477186    112     14307   83.00   44.00    0.00    5.00  127.00     2    364.00      0.00 2894072 1000512  12.32      0.00  10288.00    984.00       0  mysqld
1791477186      0     17311    0.00    0.00    0.00    0.00    0.00     1      0.00      0.00   56800   12976   0.16      0.00      0.00      0.00       0  nginx
1791477186     33     23432    7.00   10.00    0.00   37.00   17.00     3      0.00      0.00   62224   16048   0.20      0.00    860.00    508.00       0  nginx
1791477186     33     23433    9.00    4.00    0.00   28.00   13.00     3      0.00      0.00   60284   14056   0.17      0.00    284.00    248.00       0  nginx
1791477186     33     23434    5.00    6.00    0.00   20.00   11.00     3      0.00      0.00   58948   12736   0.16      0.00    340.00    288.00       0  nginx
1791477186     33     23435    5.00    6.00    0.00   23.00   11.00     3      9.00      0.00   59180   13000   0.16      0.00    224.00    180.00       0  nginx
1791477186    113    151301   22.00   22.00    0.00    0.00   44.00     0      0.00      0.00  682592   63944   0.79      0.00      0.00      0.00       0  pdns_server
1791477186   1100    162950   33.00   26.00    0.00    0.00   59.00     0   2210.00      0.00 2197172   19088   0.24      0.00      0.00      0.00       0  isupipe

# Time        UID       PID    %usr %system  %guest   %wait    %CPU   CPU  minflt/s  majflt/s     VSZ     RSS   %MEM   kB_rd/s   kB_wr/s kB_ccwr/s iodelay  Command
1791477187    112     14307   85.00   38.00    0.00    7.00  123.00     0    218.00      0.00 2894072 1000544  12.32      0.00   9644.00   1036.00       0  mysqld
1791477187      0     17311    0.00    0.00    0.00    0.00    0.00     1      0.00      0.00   56800   12976   0.16      0.00      0.00      0.00       0  nginx
1791477187     33     23432    8.00   10.00    0.00   39.00   18.00     3      0.00      0.00   62224   16048   0.20      0.00    432.00    564.00       0  nginx
1791477187     33     23433    5.00    9.00    0.00   31.00   14.00     1      0.00      0.00   60284   14056   0.17      0.00    184.00     92.00       0  nginx
1791477187     33     23434    3.00    6.00    0.00   17.00    9.00     3      0.00      0.00   58948   12736   0.16      0.00    280.00    236.00       0  nginx
1791477187     33     23435    5.00    6.00    0.00   17.00   11.00     3     13.00      0.00   59320   13000   0.16      0.00    504.00    476.00       0  nginx
1791477187    113    151301   23.00   20.00    0.00    0.00   43.00     0      1.00      0.00  682592   63944   0.79      0.00      0.00      0.00       0  pdns_server
1791477187   1100    162950   39.00   24.00    0.00    0.00   63.00     0   2516.00      0.00 2197172   17752   0.22      0.00      0.00      0.00       0  isupipe

# Time        UID       PID    %usr %system  %guest   %wait    %CPU   CPU  minflt/s  majflt/s     VSZ     RSS   %MEM   kB_rd/s   kB_wr/s kB_ccwr/s iodelay  Command
1791477188    112     14307   86.00   38.00    0.00    6.00  124.00     1    138.00      0.00 2892016 1000312  12.32      0.00  14844.00   1160.00       0  mysqld
1791477188      0     17311    0.00    0.00    0.00    0.00    0.00     1      0.00      0.00   56800   12976   0.16      0.00      0.00      0.00       0  nginx
1791477188     33     23432   10.00    9.00    0.00   34.00   19.00     3      0.00      0.00   62224   16048   0.20      0.00   1140.00   1024.00       0  nginx
1791477188     33     23433    4.00   10.00    0.00   27.00   14.00     3      0.00      0.00   60284   14056   0.17      0.00    160.00     92.00       0  nginx
1791477188     33     23434    3.00    7.00    0.00   23.00   10.00     2      0.00      0.00   58948   12736   0.16      0.00    240.00    164.00       0  nginx
1791477188     33     23435    5.00    7.00    0.00   19.00   12.00     3      1.00      0.00   59320   13000   0.16      0.00    200.00    164.00       0  nginx
1791477188    113    151301   22.00   19.00    0.00    0.00   41.00     0      1.00      0.00  682592   63944   0.79      0.00      0.00      0.00       0  pdns_server
1791477188   1100    162950   32.00   31.00    0.00    0.00   63.00     0   2175.00      0.00 2197172   17636   0.22      0.00      0.00      0.00       0  isupipe

# Time        UID       PID    %usr %system  %guest   %wait    %CPU   CPU  minflt/s  majflt/s     VSZ     RSS   %MEM   kB_rd/s   kB_wr/s kB_ccwr/s iodelay  Command
1791477189    112     14307   92.00   41.00    0.00    5.00  133.00     2     42.00      0.00 2892016 1000312  12.32      0.00   9844.00    932.00       0  mysqld
1791477189      0     17311    0.00    0.00    0.00    0.00    0.00     1      0.00      0.00   56800   12976   0.16      0.00      0.00      0.00       0  nginx
1791477189     33     23432    7.00   10.00    0.00   41.00   17.00     3      0.00      0.00   62224   16048   0.20      0.00    644.00    532.00       0  nginx
1791477189     33     23433    5.00    9.00    0.00   39.00   14.00     3      0.00      0.00   60284   14056   0.17      0.00    296.00    224.00       0  nginx
1791477189     33     23434    5.00    6.00    0.00   23.00   11.00     3      0.00      0.00   58948   12736   0.16      0.00    284.00    228.00       0  nginx
1791477189     33     23435    3.00    8.00    0.00   23.00   11.00     3      0.00      0.00   59320   13000   0.16      0.00    264.00    240.00       0  nginx
1791477189    113    151301   26.00   22.00    0.00    0.00   48.00     0      0.00      0.00  682592   63944   0.79      0.00      0.00      0.00       0  pdns_server
1791477189   1100    162950   39.00   26.00    0.00    0.00   65.00     0   1712.00      0.00 2197172   18336   0.23      0.00      0.00      0.00       0  isupipe

# Time        UID       PID    %usr %system  %guest   %wait    %CPU   CPU  minflt/s  majflt/s     VSZ     RSS   %MEM   kB_rd/s   kB_wr/s kB_ccwr/s iodelay  Command
1791477190    112     14307   85.00   45.00    0.00    5.00  130.00     2     42.00      0.00 2893044 1000312  12.32      0.00  15000.00   1304.00       0  mysqld
1791477190      0     17311    0.00    0.00    0.00    0.00    0.00     1      0.00      0.00   56800   12976   0.16      0.00      0.00      0.00       0  nginx
1791477190     33     23432    7.00    9.00    0.00   38.00   16.00     3      0.00      0.00   62224   16048   0.20      0.00    804.00    712.00       0  nginx
1791477190     33     23433    4.00    8.00    0.00   37.00   12.00     3      0.00      0.00   60284   14056   0.17      0.00    364.00    288.00       0  nginx
1791477190     33     23434    5.00    4.00    0.00   20.00    9.00     2      0.00      0.00   58948   12736   0.16      0.00    340.00    304.00       0  nginx
1791477190     33     23435    4.00    8.00    0.00   24.00   12.00     3      0.00      0.00   59320   13000   0.16      0.00    272.00    212.00       0  nginx
1791477190    113    151301   22.00   25.00    0.00    0.00   47.00     0      1.00      0.00  682592   63944   0.79      0.00      0.00      0.00       0  pdns_server
1791477190   1100    162950   37.00   24.00    0.00    0.00   61.00     0   1525.00      0.00 2197172   18208   0.22      0.00      0.00      0.00       0  isupipe

# Time        UID       PID    %usr %system  %guest   %wait    %CPU   CPU  minflt/s  majflt/s     VSZ     RSS   %MEM   kB_rd/s   kB_wr/s kB_ccwr/s iodelay  Command
1791477191    112     14307   76.00   44.00    0.00    4.00  120.00     1    285.00      0.00 2893044 1000312  12.32      0.00  10232.00   1080.00       0  mysqld
1791477191      0     17311    0.00    0.00    0.00    0.00    0.00     1      0.00      0.00   56800   12976   0.16      0.00      0.00      0.00       0  nginx
1791477191     33     23432    6.00   13.00    0.00   39.00   19.00     3      0.00      0.00   62224   16048   0.20      0.00    828.00    712.00       0  nginx
1791477191     33     23433    5.00    8.00    0.00   24.00   13.00     3      0.00      0.00   60284   14056   0.17      0.00    432.00    388.00       0  nginx
1791477191     33     23434    4.00    6.00    0.00   15.00   10.00     3      0.00      0.00   58948   12736   0.16      0.00    112.00     60.00       0  nginx
1791477191     33     23435    5.00    7.00    0.00   18.00   12.00     3      0.00      0.00   59320   13000   0.16      0.00    216.00    172.00       0  nginx
1791477191    113    151301   17.00   23.00    0.00    0.00   40.00     0      0.00      0.00  682592   63944   0.79      0.00      0.00      0.00       0  pdns_server
1791477191   1100    162950   36.00   28.00    0.00    0.00   64.00     0   2389.00      0.00 2197172   18400   0.23      0.00      0.00      0.00       0  isupipe

# Time        UID       PID    %usr %system  %guest   %wait    %CPU   CPU  minflt/s  majflt/s     VSZ     RSS   %MEM   kB_rd/s   kB_wr/s kB_ccwr/s iodelay  Command
1791477192    112     14307   88.00   46.00    0.00    4.00  134.00     0    119.00      0.00 2893044 1000312  12.32      0.00  10360.00   1104.00       0  mysqld
1791477192      0     17311    0.00    0.00    0.00    0.00    0.00     1      0.00      0.00   56800   12976   0.16      0.00      0.00      0.00       0  nginx
1791477192     33     23432    9.00   12.00    0.00   42.00   21.00     3      0.00      0.00   62224   16048   0.20      0.00    348.00    256.00       0  nginx
1791477192     33     23433    5.00    7.00    0.00   31.00   12.00     3      0.00      0.00   60284   14056   0.17      0.00    364.00    312.00       0  nginx
1791477192     33     23434    5.00    4.00    0.00   16.00    9.00     3      0.00      0.00   58948   12736   0.16      0.00    296.00    268.00       0  nginx
1791477192     33     23435    5.00    6.00    0.00   23.00   11.00     3      0.00      0.00   59320   13000   0.16      0.00    600.00    552.00       0  nginx
1791477192    113    151301   25.00   28.00    0.00    0.00   53.00     0      0.00      0.00  682592   63944   0.79      0.00      0.00      0.00       0  pdns_server
1791477192   1100    162950   30.00   25.00    0.00    0.00   55.00     0   2004.00      0.00 2197172   18396   0.23      0.00      0.00      0.00       0  isupipe

# Time        UID       PID    %usr %system  %guest   %wait    %CPU   CPU  minflt/s  majflt/s     VSZ     RSS   %MEM   kB_rd/s   kB_wr/s kB_ccwr/s iodelay  Command
1791477193    112     14307   87.00   43.00    0.00    4.00  130.00     0    217.00      0.00 2893044 1000524  12.32      0.00  15208.00   1208.00       0  mysqld
1791477193      0     17311    0.00    0.00    0.00    0.00    0.00     1      0.00      0.00   56800   12976   0.16      0.00      0.00      0.00       0  nginx
1791477193     33     23432    6.00   13.00    0.00   40.00   19.00     3      0.00      0.00   62224   16048   0.20      0.00    400.00    272.00       0  nginx
1791477193     33     23433    7.00    8.00    0.00   26.00   15.00     3      0.00      0.00   60284   14056   0.17      0.00    360.00    176.00       0  nginx
1791477193     33     23434    5.00    4.00    0.00   13.00    9.00     3      0.00      0.00   58948   12736   0.16      0.00    716.00    680.00       0  nginx
1791477193     33     23435    6.00    6.00    0.00   17.00   12.00     3      0.00      0.00   59320   13000   0.16      0.00    452.00    400.00       0  nginx
1791477193    113    151301   22.00   23.00    0.00    0.00   45.00     0      2.00      0.00  682592   63944   0.79      0.00      0.00      0.00       0  pdns_server
1791477193   1100    162950   39.00   20.00    0.00    0.00   59.00     0   2208.00      0.00 2197172   18492   0.23      0.00      0.00      0.00       0  isupipe

# Time        UID       PID    %usr %system  %guest   %wait    %CPU   CPU  minflt/s  majflt/s     VSZ     RSS   %MEM   kB_rd/s   kB_wr/s kB_ccwr/s iodelay  Command
1791477194    112     14307   32.04    9.71    0.00    0.97   41.75     1     14.56      0.00 2892016 1000312  12.32      0.00   7102.91    578.64       0  mysqld
1791477194      0     17311    0.00    0.00    0.00    0.00    0.00     1      0.00      0.00   56800   12976   0.16      0.00      0.00      0.00       0  nginx
1791477194     33     23432    3.88    2.91    0.00    9.71    6.80     0      0.00      0.00   62224   16048   0.20      0.00    403.88    353.40       0  nginx
1791477194     33     23433    1.94    1.94    0.00    8.74    3.88     3      0.00      0.00   60284   14056   0.17      0.00    221.36    322.33       0  nginx
1791477194     33     23434    0.00    2.91    0.00    3.88    2.91     3      0.00      0.00   58948   12736   0.16      0.00      3.88      0.00       0  nginx
1791477194     33     23435    0.97    2.91    0.00    7.77    3.88     1      0.00      0.00   59320   13000   0.16      0.00      7.77      0.00       0  nginx
1791477194    113    151301    9.71    5.83    0.00    0.00   15.53     0      0.00      0.00  682592   63944   0.79      0.00      0.00      0.00       0  pdns_server
1791477194   1100    162950   10.68   10.68    0.00    0.00   21.36     0   1013.59      0.00 2197172   18104   0.22      0.00      0.00      0.00       0  isupipe
