Linux 5.15.0-198-generic (isucon13-app) 	10/08/26 	_aarch64_	(4 CPU)

# Time        UID       PID    %usr %system  %guest   %wait    %CPU   CPU  minflt/s  majflt/s     VSZ     RSS   %MEM   kB_rd/s   kB_wr/s kB_ccwr/s iodelay  Command
1791479515      0     17311    0.00    0.00    0.00    0.00    0.00     2      0.00      0.00   56816   12524   0.15      0.00      0.00      0.00       0  nginx
1791479515     33    203690    0.00    0.00    0.00    0.00    0.00     0      0.00      0.00   59232   12852   0.16      0.00      0.00      0.00       0  nginx
1791479515     33    203691    0.00    0.00    0.00    0.00    0.00     2      0.00      0.00   60296   14052   0.17      0.00      0.00      0.00       0  nginx
1791479515     33    203692    0.00    0.00    0.00    0.00    0.00     1      0.00      0.00   60168   13932   0.17      0.00      0.00      0.00       0  nginx
1791479515     33    203693    0.00    0.00    0.00    0.00    0.00     1      0.00      0.00   61820   15704   0.19      0.00      0.00      0.00       0  nginx
1791479515    112    244183   21.78   13.86    0.00    0.00   35.64     3  10281.19      0.00 2850808  662224   8.16      0.00  33271.29      0.00       0  mysqld
1791479515   1100    260015    0.00    0.00    0.00    0.00    0.00     1     12.87      0.00 1604404    7240   0.09      0.00      0.00      0.00       0  isupipe
1791479515    113    260023    0.00    0.00    0.00    0.00    0.00     3      6.93      0.00  682064   58020   0.71      0.00      0.00      0.00       0  pdns_server

# Time        UID       PID    %usr %system  %guest   %wait    %CPU   CPU  minflt/s  majflt/s     VSZ     RSS   %MEM   kB_rd/s   kB_wr/s kB_ccwr/s iodelay  Command
1791479516      0     17311    0.00    0.00    0.00    0.00    0.00     2      0.00      0.00   56816   12524   0.15      0.00      0.00      0.00       0  nginx
1791479516     33    203690    0.00    0.00    0.00    0.00    0.00     0      0.00      0.00   59232   12852   0.16      0.00      0.00      0.00       0  nginx
1791479516     33    203691    0.00    0.00    0.00    0.00    0.00     2      0.00      0.00   60296   14052   0.17      0.00      0.00      0.00       0  nginx
1791479516     33    203692    0.00    0.00    0.00    0.00    0.00     1      0.00      0.00   60168   13932   0.17      0.00      0.00      0.00       0  nginx
1791479516     33    203693    1.00    1.00    0.00    0.00    2.00     0      0.00      0.00   61820   15704   0.19      0.00    120.00    108.00       0  nginx
1791479516    112    244183   24.00    9.00    0.00    0.00   33.00     2   8913.00      0.00 2851836  696156   8.57      0.00  20316.00      0.00       0  mysqld
1791479516   1100    260015    7.00    4.00    0.00    0.00   11.00     0   1817.00      0.00 1753140   13624   0.17      0.00     52.00     52.00       0  isupipe
1791479516    113    260023    1.00    0.00    0.00    0.00    1.00     3     14.00      0.00  682592   58020   0.71      0.00      0.00      0.00       0  pdns_server

# Time        UID       PID    %usr %system  %guest   %wait    %CPU   CPU  minflt/s  majflt/s     VSZ     RSS   %MEM   kB_rd/s   kB_wr/s kB_ccwr/s iodelay  Command
1791479517      0     17311    0.00    0.00    0.00    0.00    0.00     2      0.00      0.00   56816   12524   0.15      0.00      0.00      0.00       0  nginx
1791479517     33    203690    0.00    0.00    0.00    0.00    0.00     0      0.00      0.00   59232   12852   0.16      0.00      0.00      0.00       0  nginx
1791479517     33    203691    0.00    0.00    0.00    0.00    0.00     2      0.00      0.00   60296   14052   0.17      0.00      0.00      0.00       0  nginx
1791479517     33    203692    0.00    0.00    0.00    0.00    0.00     1      0.00      0.00   60168   13932   0.17      0.00      0.00      0.00       0  nginx
1791479517     33    203693    0.00    0.00    0.00    0.00    0.00     0      0.00      0.00   61820   15704   0.19      0.00      0.00      0.00       0  nginx
1791479517    112    244183    1.00    1.00    0.00    0.00    2.00     2      0.00      0.00 2851836  696156   8.57      0.00   3616.00      0.00       0  mysqld
1791479517   1100    260015    0.00    0.00    0.00    0.00    0.00     0      0.00      0.00 1753140   13624   0.17      0.00      0.00      0.00       0  isupipe
1791479517    113    260023    0.00    0.00    0.00    0.00    0.00     3      0.00      0.00  682592   58020   0.71      0.00      0.00      0.00       0  pdns_server

# Time        UID       PID    %usr %system  %guest   %wait    %CPU   CPU  minflt/s  majflt/s     VSZ     RSS   %MEM   kB_rd/s   kB_wr/s kB_ccwr/s iodelay  Command
1791479518      0     17311    0.00    0.00    0.00    0.00    0.00     2      0.00      0.00   56816   12524   0.15      0.00      0.00      0.00       0  nginx
1791479518     33    203690    0.00    0.00    0.00    0.00    0.00     0      0.00      0.00   59232   12852   0.16      0.00      0.00      0.00       0  nginx
1791479518     33    203691    0.00    0.00    0.00    0.00    0.00     2      0.00      0.00   60296   14052   0.17      0.00      0.00      0.00       0  nginx
1791479518     33    203692    0.00    0.00    0.00    0.00    0.00     1      0.00      0.00   60168   13932   0.17      0.00      0.00      0.00       0  nginx
1791479518     33    203693    1.00    1.00    0.00    1.00    2.00     1      0.00      0.00   61820   15704   0.19      0.00    104.00     92.00       0  nginx
1791479518    112    244183    2.00    2.00    0.00    0.00    4.00     2      1.00      0.00 2851836  696156   8.57      0.00   3440.00      0.00       0  mysqld
1791479518   1100    260015    3.00    1.00    0.00    0.00    4.00     0    197.00      0.00 1753140   13208   0.16      0.00      0.00      0.00       0  isupipe
1791479518    113    260023    0.00    0.00    0.00    0.00    0.00     3      0.00      0.00  682592   58020   0.71      0.00      0.00      0.00       0  pdns_server

# Time        UID       PID    %usr %system  %guest   %wait    %CPU   CPU  minflt/s  majflt/s     VSZ     RSS   %MEM   kB_rd/s   kB_wr/s kB_ccwr/s iodelay  Command
1791479519      0     17311    0.00    0.00    0.00    0.00    0.00     2      0.00      0.00   56816   12524   0.15      0.00      0.00      0.00       0  nginx
1791479519     33    203690    0.00    0.00    0.00    0.00    0.00     0      0.00      0.00   59232   12852   0.16      0.00      0.00      0.00       0  nginx
1791479519     33    203691    0.00    0.00    0.00    0.00    0.00     2      0.00      0.00   60296   14052   0.17      0.00      0.00      0.00       0  nginx
1791479519     33    203692    0.00    0.00    0.00    0.00    0.00     1      0.00      0.00   60168   13932   0.17      0.00      0.00      0.00       0  nginx
1791479519     33    203693    0.00    0.00    0.00    0.00    0.00     1      0.00      0.00   61820   15704   0.19      0.00      0.00      0.00       0  nginx
1791479519    112    244183    1.00    1.00    0.00    0.00    2.00     2      0.00      0.00 2851836  696156   8.57      0.00   6400.00      0.00       0  mysqld
1791479519   1100    260015    0.00    0.00    0.00    0.00    0.00     0      0.00      0.00 1753140   13208   0.16      0.00      0.00      0.00       0  isupipe
1791479519    113    260023    0.00    0.00    0.00    0.00    0.00     3      0.00      0.00  682592   58020   0.71      0.00      0.00      0.00       0  pdns_server

# Time        UID       PID    %usr %system  %guest   %wait    %CPU   CPU  minflt/s  majflt/s     VSZ     RSS   %MEM   kB_rd/s   kB_wr/s kB_ccwr/s iodelay  Command
1791479520      0     17311    0.00    0.00    0.00    0.00    0.00     2      0.00      0.00   56816   12524   0.15      0.00      0.00      0.00       0  nginx
1791479520     33    203690    0.00    0.00    0.00    0.00    0.00     0      0.00      0.00   59232   12852   0.16      0.00      0.00      0.00       0  nginx
1791479520     33    203691    0.00    0.00    0.00    0.00    0.00     2      0.00      0.00   60296   14052   0.17      0.00      0.00      0.00       0  nginx
1791479520     33    203692    0.00    0.00    0.00    0.00    0.00     1      0.00      0.00   60168   13932   0.17      0.00      0.00      0.00       0  nginx
1791479520     33    203693    0.00    0.00    0.00    0.00    0.00     2      0.00      0.00   61820   15704   0.19      0.00      8.00      0.00       0  nginx
1791479520    112    244183    1.00    1.00    0.00    0.00    2.00     0      2.00      0.00 2851836  696156   8.57      0.00   2216.00      0.00       0  mysqld
1791479520   1100    260015    1.00    0.00    0.00    0.00    1.00     3      6.00      0.00 1753140   13208   0.16      0.00      0.00      0.00       0  isupipe
1791479520    113    260023    0.00    0.00    0.00    0.00    0.00     3      1.00      0.00  682592   58020   0.71      0.00      0.00      0.00       0  pdns_server

# Time        UID       PID    %usr %system  %guest   %wait    %CPU   CPU  minflt/s  majflt/s     VSZ     RSS   %MEM   kB_rd/s   kB_wr/s kB_ccwr/s iodelay  Command
1791479521      0     17311    0.00    0.00    0.00    0.00    0.00     2      0.00      0.00   56816   12524   0.15      0.00      0.00      0.00       0  nginx
1791479521     33    203690    2.00    3.00    0.00    5.00    5.00     3      0.00      0.00   59232   12852   0.16      0.00    132.00    104.00       0  nginx
1791479521     33    203691    2.00    8.00    0.00   14.00   10.00     3      0.00      0.00   60296   14052   0.17      0.00    956.00    880.00       0  nginx
1791479521     33    203692    3.00    3.00    0.00    7.00    6.00     3      0.00      0.00   60168   13932   0.17      0.00    312.00    284.00       0  nginx
1791479521     33    203693    8.00    9.00    0.00   24.00   17.00     3      0.00      0.00   61820   15704   0.19      0.00   1188.00   1088.00       0  nginx
1791479521    112    244183   73.00   21.00    0.00    0.00   94.00     2    735.00      0.00 2855948  698572   8.60      0.00  12296.00      0.00       0  mysqld
1791479521   1100    260015   38.00   19.00    0.00   17.00   57.00     1   3254.00      0.00 1901236   15600   0.19      0.00      0.00      0.00       0  isupipe
1791479521    113    260023   13.00   13.00    0.00    0.00   26.00     3     56.00      0.00  682592   58020   0.71      0.00      0.00      0.00       0  pdns_server

# Time        UID       PID    %usr %system  %guest   %wait    %CPU   CPU  minflt/s  majflt/s     VSZ     RSS   %MEM   kB_rd/s   kB_wr/s kB_ccwr/s iodelay  Command
1791479522      0     17311    0.00    0.00    0.00    0.00    0.00     2      0.00      0.00   56816   12524   0.15      0.00      0.00      0.00       0  nginx
1791479522     33    203690    3.00    4.00    0.00   12.00    7.00     3      0.00      0.00   59232   12852   0.16      0.00    248.00    196.00       0  nginx
1791479522     33    203691    6.00    6.00    0.00   17.00   12.00     3      0.00      0.00   60296   14052   0.17      0.00    548.00    464.00       0  nginx
1791479522     33    203692    4.00    6.00    0.00   16.00   10.00     3      0.00      0.00   60168   13932   0.17      0.00    644.00    572.00       0  nginx
1791479522     33    203693    7.00    8.00    0.00   30.00   15.00     3      0.00      0.00   61820   15704   0.19      0.00   1044.00    816.00       0  nginx
1791479522    112    244183   84.00   22.00    0.00    1.00  106.00     2    309.00      0.00 2860060  699588   8.62      0.00   6012.00      0.00       0  mysqld
1791479522   1100    260015   48.00   27.00    0.00   36.00   75.00     2   3457.00      0.00 2048820   16688   0.21      0.00      0.00      0.00       0  isupipe
1791479522    113    260023   13.00   11.00    0.00    0.00   24.00     3     55.00      0.00  682592   58280   0.72      0.00      0.00      0.00       0  pdns_server

# Time        UID       PID    %usr %system  %guest   %wait    %CPU   CPU  minflt/s  majflt/s     VSZ     RSS   %MEM   kB_rd/s   kB_wr/s kB_ccwr/s iodelay  Command
1791479523      0     17311    0.00    0.00    0.00    0.00    0.00     2      0.00      0.00   56816   12524   0.15      0.00      0.00      0.00       0  nginx
1791479523     33    203690    1.00    1.00    0.00    2.00    2.00     3      0.00      0.00   59232   12852   0.16      0.00      8.00      0.00       0  nginx
1791479523     33    203691    8.00    9.00    0.00   14.00   17.00     3      0.00      0.00   60296   14052   0.17      0.00   1056.00    896.00       0  nginx
1791479523     33    203692    4.00    5.00    0.00    6.00    9.00     3      0.00      0.00   60168   13932   0.17      0.00    348.00    288.00       0  nginx
1791479523     33    203693   12.00   11.00    0.00   25.00   23.00     3      0.00      0.00   61820   15704   0.19      0.00   1348.00   1124.00       0  nginx
1791479523    112    244183   87.00   28.00    0.00    1.00  115.00     0    878.00      0.00 2861088  700836   8.63      0.00   7308.00      0.00       0  mysqld
1791479523   1100    260015   48.00   26.00    0.00   33.00   74.00     2   2818.00      0.00 2048820   17576   0.22      0.00      0.00      0.00       0  isupipe
1791479523    113    260023   13.00   10.00    0.00    0.00   23.00     3     46.00      0.00  682592   58804   0.72      0.00      0.00      0.00       0  pdns_server

# Time        UID       PID    %usr %system  %guest   %wait    %CPU   CPU  minflt/s  majflt/s     VSZ     RSS   %MEM   kB_rd/s   kB_wr/s kB_ccwr/s iodelay  Command
1791479524      0     17311    0.00    0.00    0.00    0.00    0.00     2      0.00      0.00   56816   12524   0.15      0.00      0.00      0.00       0  nginx
1791479524     33    203690    3.00    0.00    0.00    4.00    3.00     2      0.00      0.00   59232   12852   0.16      0.00    152.00    144.00       0  nginx
1791479524     33    203691    9.00    9.00    0.00   24.00   18.00     3      0.00      0.00   60296   14052   0.17      0.00   1152.00   1048.00       0  nginx
1791479524     33    203692    5.00    8.00    0.00   16.00   13.00     3      0.00      0.00   60168   13932   0.17      0.00    508.00    412.00       0  nginx
1791479524     33    203693    6.00   16.00    0.00   44.00   22.00     3      0.00      0.00   61820   15704   0.19      0.00   1308.00   1108.00       0  nginx
1791479524    112    244183  102.00   22.00    0.00    1.00  124.00     0    264.00      0.00 2861088  701380   8.64      0.00   8948.00      0.00       0  mysqld
1791479524   1100    260015   47.00   23.00    0.00   32.00   70.00     0   3448.00      0.00 2049076   17376   0.21      0.00      0.00      0.00       0  isupipe
1791479524    113    260023   16.00   16.00    0.00    0.00   32.00     3     91.00      0.00  682592   59696   0.74      0.00      0.00      0.00       0  pdns_server

# Time        UID       PID    %usr %system  %guest   %wait    %CPU   CPU  minflt/s  majflt/s     VSZ     RSS   %MEM   kB_rd/s   kB_wr/s kB_ccwr/s iodelay  Command
1791479525      0     17311    0.00    0.00    0.00    0.00    0.00     2      0.00      0.00   56816   12524   0.15      0.00      0.00      0.00       0  nginx
1791479525     33    203690    6.00    3.00    0.00   12.00    9.00     3      0.00      0.00   59232   12852   0.16      0.00    352.00    296.00       0  nginx
1791479525     33    203691    8.00    6.00    0.00   32.00   14.00     3      0.00      0.00   60296   14052   0.17      0.00   1040.00    932.00       0  nginx
1791479525     33    203692    6.00    8.00    0.00   17.00   14.00     3      0.00      0.00   60168   13932   0.17      0.00    836.00    760.00       0  nginx
1791479525     33    203693    6.00   13.00    0.00   45.00   19.00     3      0.00      0.00   61820   15704   0.19      0.00   1536.00   1384.00       0  nginx
1791479525    112    244183   95.00   25.00    0.00    0.00  120.00     0     75.00      0.00 2861088  701596   8.64      0.00   7708.00      0.00       0  mysqld
1791479525   1100    260015   49.00   24.00    0.00   27.00   73.00     1   4232.00      0.00 2049076   16932   0.21      0.00      0.00      0.00       0  isupipe
1791479525    113    260023   14.00   18.00    0.00    0.00   32.00     3     96.00      0.00  682592   59960   0.74      0.00      0.00      0.00       0  pdns_server

# Time        UID       PID    %usr %system  %guest   %wait    %CPU   CPU  minflt/s  majflt/s     VSZ     RSS   %MEM   kB_rd/s   kB_wr/s kB_ccwr/s iodelay  Command
1791479526      0     17311    0.00    0.00    0.00    0.00    0.00     2      0.00      0.00   56816   12524   0.15      0.00      0.00      0.00       0  nginx
1791479526     33    203690    5.00    2.00    0.00   10.00    7.00     0      0.00      0.00   59232   12852   0.16      0.00    376.00    348.00       0  nginx
1791479526     33    203691    5.00   12.00    0.00   37.00   17.00     3      0.00      0.00   60296   14052   0.17      0.00    532.00    304.00       0  nginx
1791479526     33    203692    5.00    6.00    0.00   20.00   11.00     3      0.00      0.00   60168   13932   0.17      0.00    632.00    572.00       0  nginx
1791479526     33    203693    8.00   11.00    0.00   43.00   19.00     3      0.00      0.00   61820   15704   0.19      0.00   1440.00   1240.00       0  nginx
1791479526    112    244183   98.00   22.00    0.00    1.00  120.00     0      4.00      0.00 2861088  701596   8.64      0.00  13432.00      0.00       0  mysqld
1791479526   1100    260015   51.00   23.00    0.00   16.00   74.00     1   2811.00      0.00 2049076   18388   0.23      0.00      0.00      0.00       0  isupipe
1791479526    113    260023   17.00   18.00    0.00    0.00   35.00     3    110.00      0.00  682592   60224   0.74      0.00      0.00      0.00       0  pdns_server

# Time        UID       PID    %usr %system  %guest   %wait    %CPU   CPU  minflt/s  majflt/s     VSZ     RSS   %MEM   kB_rd/s   kB_wr/s kB_ccwr/s iodelay  Command
1791479527      0     17311    0.00    0.00    0.00    0.00    0.00     2      0.00      0.00   56816   12524   0.15      0.00      0.00      0.00       0  nginx
1791479527     33    203690    1.00    4.00    0.00    9.00    5.00     3      0.00      0.00   59232   12852   0.16      0.00    368.00    336.00       0  nginx
1791479527     33    203691    6.00    9.00    0.00   30.00   15.00     3      0.00      0.00   60296   14052   0.17      0.00    520.00    472.00       0  nginx
1791479527     33    203692    6.00    5.00    0.00   11.00   11.00     2      0.00      0.00   60168   13932   0.17      0.00    644.00    588.00       0  nginx
1791479527     33    203693    8.00   14.00    0.00   40.00   22.00     2      0.00      0.00   61820   15704   0.19      0.00   1280.00    956.00       0  nginx
1791479527    112    244183  102.00   26.00    0.00    1.00  128.00     0      3.00      0.00 2861088  701596   8.64      0.00   6556.00      0.00       0  mysqld
1791479527   1100    260015   47.00   21.00    0.00   30.00   68.00     2   2751.00      0.00 2049076   18548   0.23      0.00      0.00      0.00       0  isupipe
1791479527    113    260023   21.00   20.00    0.00    0.00   41.00     3    132.00      0.00  682592   60752   0.75      0.00      0.00      0.00       0  pdns_server

# Time        UID       PID    %usr %system  %guest   %wait    %CPU   CPU  minflt/s  majflt/s     VSZ     RSS   %MEM   kB_rd/s   kB_wr/s kB_ccwr/s iodelay  Command
1791479528      0     17311    0.00    0.00    0.00    0.00    0.00     2      0.00      0.00   56816   12524   0.15      0.00      0.00      0.00       0  nginx
1791479528     33    203690    4.00    5.00    0.00   13.00    9.00     3      0.00      0.00   59232   12852   0.16      0.00    612.00    544.00       0  nginx
1791479528     33    203691    6.00    8.00    0.00   38.00   14.00     3      0.00      0.00   60296   14052   0.17      0.00    992.00    912.00       0  nginx
1791479528     33    203692    5.00    9.00    0.00   26.00   14.00     3      0.00      0.00   60168   13932   0.17      0.00    552.00    420.00       0  nginx
1791479528     33    203693    7.00   10.00    0.00   48.00   17.00     3      0.00      0.00   61820   15704   0.19      0.00    824.00    724.00       0  nginx
1791479528    112    244183   90.00   26.00    0.00    1.00  116.00     0     54.00      0.00 2861088  701780   8.64      0.00   9900.00      0.00       0  mysqld
1791479528   1100    260015   43.00   30.00    0.00   19.00   73.00     0   3564.00      0.00 2049076   18556   0.23      0.00      0.00      0.00       0  isupipe
1791479528    113    260023   20.00   15.00    0.00    0.00   35.00     3    130.00      0.00  682592   61016   0.75      0.00      0.00      0.00       0  pdns_server

# Time        UID       PID    %usr %system  %guest   %wait    %CPU   CPU  minflt/s  majflt/s     VSZ     RSS   %MEM   kB_rd/s   kB_wr/s kB_ccwr/s iodelay  Command
1791479529      0     17311    0.00    0.00    0.00    0.00    0.00     2      0.00      0.00   56816   12524   0.15      0.00      0.00      0.00       0  nginx
1791479529     33    203690    4.00    9.00    0.00   14.00   13.00     3      0.00      0.00   59232   12852   0.16      0.00    996.00    920.00       0  nginx
1791479529     33    203691    5.00    8.00    0.00   31.00   13.00     3      0.00      0.00   60296   14052   0.17      0.00    420.00    312.00       0  nginx
1791479529     33    203692    5.00    7.00    0.00   24.00   12.00     2      0.00      0.00   60168   13932   0.17      0.00    104.00      0.00       0  nginx
1791479529     33    203693    9.00   11.00    0.00   41.00   20.00     3      0.00      0.00   61820   15704   0.19      0.00   1028.00    944.00       0  nginx
1791479529    112    244183  101.00   33.00    0.00    1.00  134.00     0     96.00      0.00 2861088  701988   8.65      0.00   7652.00      0.00       0  mysqld
1791479529   1100    260015   40.00   27.00    0.00   38.00   67.00     2   2254.00      0.00 2049076   19076   0.23      0.00      0.00      0.00       0  isupipe
1791479529    113    260023   25.00   19.00    0.00    0.00   44.00     3    151.00      0.00  682592   61544   0.76      0.00      0.00      0.00       0  pdns_server

# Time        UID       PID    %usr %system  %guest   %wait    %CPU   CPU  minflt/s  majflt/s     VSZ     RSS   %MEM   kB_rd/s   kB_wr/s kB_ccwr/s iodelay  Command
1791479530      0     17311    0.00    0.00    0.00    0.00    0.00     2      0.00      0.00   56816   12524   0.15      0.00      0.00      0.00       0  nginx
1791479530     33    203690    2.00    6.00    0.00   17.00    8.00     2      0.00      0.00   59232   12852   0.16      0.00    444.00    384.00       0  nginx
1791479530     33    203691    7.00    7.00    0.00   32.00   14.00     2      0.00      0.00   60296   14052   0.17      0.00    804.00    684.00       0  nginx
1791479530     33    203692    5.00    8.00    0.00   21.00   13.00     0      0.00      0.00   60168   13932   0.17      0.00    684.00    572.00       0  nginx
1791479530     33    203693    6.00   11.00    0.00   39.00   17.00     3      0.00      0.00   61820   15704   0.19      0.00    812.00    564.00       0  nginx
1791479530    112    244183   94.00   36.00    0.00    1.00  130.00     0     28.00      0.00 2861088  702188   8.65      0.00   7500.00      0.00       0  mysqld
1791479530   1100    260015   46.00   27.00    0.00   20.00   73.00     3   2511.00      0.00 2049076   19832   0.24      0.00      0.00      0.00       0  isupipe
1791479530    113    260023   27.00   16.00    0.00    0.00   43.00     3     76.00      0.00  682592   62072   0.76      0.00      0.00      0.00       0  pdns_server

# Time        UID       PID    %usr %system  %guest   %wait    %CPU   CPU  minflt/s  majflt/s     VSZ     RSS   %MEM   kB_rd/s   kB_wr/s kB_ccwr/s iodelay  Command
1791479531      0     17311    0.00    0.00    0.00    0.00    0.00     2      0.00      0.00   56816   12524   0.15      0.00      0.00      0.00       0  nginx
1791479531     33    203690    4.00    4.00    0.00    7.00    8.00     3      0.00      0.00   59232   12852   0.16      0.00    280.00    200.00       0  nginx
1791479531     33    203691    6.00    8.00    0.00   23.00   14.00     3      0.00      0.00   60296   14052   0.17      0.00    852.00    740.00       0  nginx
1791479531     33    203692    4.00    8.00    0.00   12.00   12.00     3      0.00      0.00   60168   13932   0.17      0.00    432.00    312.00       0  nginx
1791479531     33    203693    6.00   12.00    0.00   37.00   18.00     2      0.00      0.00   61820   15704   0.19      0.00    832.00    820.00       0  nginx
1791479531    112    244183   96.00   29.00    0.00    0.00  125.00     0      3.00      0.00 2861088  702188   8.65      0.00  11096.00      0.00       0  mysqld
1791479531   1100    260015   45.00   23.00    0.00   17.00   68.00     2   2764.00      0.00 2049076   19116   0.24      0.00      0.00      0.00       0  isupipe
1791479531    113    260023   15.00   21.00    0.00    0.00   36.00     3     19.00      0.00  682592   62072   0.76      0.00      0.00      0.00       0  pdns_server

# Time        UID       PID    %usr %system  %guest   %wait    %CPU   CPU  minflt/s  majflt/s     VSZ     RSS   %MEM   kB_rd/s   kB_wr/s kB_ccwr/s iodelay  Command
1791479532      0     17311    0.00    0.00    0.00    0.00    0.00     2      0.00      0.00   56816   12524   0.15      0.00      0.00      0.00       0  nginx
1791479532     33    203690    4.00    8.00    0.00   22.00   12.00     3      0.00      0.00   59232   12852   0.16      0.00    760.00    684.00       0  nginx
1791479532     33    203691    7.00    8.00    0.00   31.00   15.00     3      0.00      0.00   60296   14052   0.17      0.00    760.00    548.00       0  nginx
1791479532     33    203692    4.00   10.00    0.00   31.00   14.00     3      0.00      0.00   60168   13932   0.17      0.00    260.00    160.00       0  nginx
1791479532     33    203693    9.00    6.00    0.00   46.00   15.00     3      0.00      0.00   61820   15704   0.19      0.00   1068.00    852.00       0  nginx
1791479532    112    244183  104.00   26.00    0.00    0.00  130.00     0      0.00      0.00 2861088  702188   8.65      0.00   6928.00      0.00       0  mysqld
1791479532   1100    260015   50.00   22.00    0.00   24.00   72.00     1   2945.00      0.00 2049076   18672   0.23      0.00      0.00      0.00       0  isupipe
1791479532    113    260023   25.00   17.00    0.00    0.00   42.00     3     31.00      0.00  682592   62072   0.76      0.00      0.00      0.00       0  pdns_server

# Time        UID       PID    %usr %system  %guest   %wait    %CPU   CPU  minflt/s  majflt/s     VSZ     RSS   %MEM   kB_rd/s   kB_wr/s kB_ccwr/s iodelay  Command
1791479533      0     17311    0.00    0.00    0.00    0.00    0.00     2      0.00      0.00   56816   12524   0.15      0.00      0.00      0.00       0  nginx
1791479533     33    203690    4.00    8.00    0.00   31.00   12.00     3      0.00      0.00   59232   12852   0.16      0.00    536.00    452.00       0  nginx
1791479533     33    203691    4.00    9.00    0.00   43.00   13.00     3      0.00      0.00   60296   14052   0.17      0.00    480.00    376.00       0  nginx
1791479533     33    203692    4.00    9.00    0.00   29.00   13.00     3      0.00      0.00   60168   13932   0.17      0.00    412.00    312.00       0  nginx
1791479533     33    203693    7.00    9.00    0.00   47.00   16.00     3      0.00      0.00   61820   15704   0.19      0.00    920.00    908.00       0  nginx
1791479533    112    244183  107.00   35.00    0.00    1.00  142.00     0    141.00      0.00 2861088  702604   8.65      0.00  10936.00      0.00       0  mysqld
1791479533   1100    260015   43.00   22.00    0.00   22.00   65.00     1   2074.00      0.00 2049076   20004   0.25      0.00      0.00      0.00       0  isupipe
1791479533    113    260023   25.00   25.00    0.00    0.00   50.00     3     36.00      0.00  682592   62336   0.77      0.00      0.00      0.00       0  pdns_server

# Time        UID       PID    %usr %system  %guest   %wait    %CPU   CPU  minflt/s  majflt/s     VSZ     RSS   %MEM   kB_rd/s   kB_wr/s kB_ccwr/s iodelay  Command
1791479534      0     17311    0.00    0.00    0.00    0.00    0.00     2      0.00      0.00   56816   12524   0.15      0.00      0.00      0.00       0  nginx
1791479534     33    203690    3.00    8.00    0.00   17.00   11.00     3      0.00      0.00   59232   12852   0.16      0.00    372.00    308.00       0  nginx
1791479534     33    203691    5.00    8.00    0.00   25.00   13.00     0      0.00      0.00   60296   14052   0.17      0.00    656.00    664.00       0  nginx
1791479534     33    203692    3.00    7.00    0.00   18.00   10.00     2      0.00      0.00   60168   13932   0.17      0.00    460.00    352.00       0  nginx
1791479534     33    203693    8.00   13.00    0.00   42.00   21.00     2      0.00      0.00   61820   15704   0.19      0.00    908.00    692.00       0  nginx
1791479534    112    244183   87.00   33.00    0.00    1.00  120.00     0     71.00      0.00 2861088  702748   8.66      0.00   9460.00      0.00       0  mysqld
1791479534   1100    260015   46.00   26.00    0.00   23.00   72.00     0   1978.00      0.00 2049076   19584   0.24      0.00      0.00      0.00       0  isupipe
1791479534    113    260023   15.00   20.00    0.00    0.00   35.00     3     15.00      0.00  682592   62336   0.77      0.00      0.00      0.00       0  pdns_server

# Time        UID       PID    %usr %system  %guest   %wait    %CPU   CPU  minflt/s  majflt/s     VSZ     RSS   %MEM   kB_rd/s   kB_wr/s kB_ccwr/s iodelay  Command
1791479535      0     17311    0.00    0.00    0.00    0.00    0.00     2      0.00      0.00   56816   12524   0.15      0.00      0.00      0.00       0  nginx
1791479535     33    203690    5.00    5.00    0.00   15.00   10.00     3      0.00      0.00   59232   12852   0.16      0.00    540.00    456.00       0  nginx
1791479535     33    203691    4.00   10.00    0.00   25.00   14.00     3      0.00      0.00   60296   14052   0.17      0.00    876.00    796.00       0  nginx
1791479535     33    203692    4.00    7.00    0.00   17.00   11.00     3      0.00      0.00   60168   13932   0.17      0.00    664.00    548.00       0  nginx
1791479535     33    203693    6.00   13.00    0.00   41.00   19.00     3      0.00      0.00   61820   15704   0.19      0.00    732.00    576.00       0  nginx
1791479535    112    244183   99.00   36.00    0.00    1.00  135.00     2      3.00      0.00 2861088  702748   8.66      0.00   7176.00      0.00       0  mysqld
1791479535   1100    260015   42.00   21.00    0.00    8.00   63.00     2   1968.00      0.00 2049076   19564   0.24      0.00      0.00      0.00       0  isupipe
1791479535    113    260023   17.00   25.00    0.00    0.00   42.00     3     22.00      0.00  682592   62600   0.77      0.00      0.00      0.00       0  pdns_server

# Time        UID       PID    %usr %system  %guest   %wait    %CPU   CPU  minflt/s  majflt/s     VSZ     RSS   %MEM   kB_rd/s   kB_wr/s kB_ccwr/s iodelay  Command
1791479536      0     17311    0.00    0.00    0.00    0.00    0.00     2      0.00      0.00   56816   12524   0.15      0.00      0.00      0.00       0  nginx
1791479536     33    203690    4.00    8.00    0.00   32.00   12.00     3      0.00      0.00   59232   12852   0.16      0.00    376.00    256.00       0  nginx
1791479536     33    203691    7.00    8.00    0.00   42.00   15.00     3      0.00      0.00   60296   14052   0.17      0.00    388.00    260.00       0  nginx
1791479536     33    203692    8.00    7.00    0.00   29.00   15.00     3      0.00      0.00   60168   13932   0.17      0.00    760.00    664.00       0  nginx
1791479536     33    203693    6.00   10.00    0.00   46.00   16.00     0      0.00      0.00   61820   15704   0.19      0.00   1048.00    856.00       0  nginx
1791479536    112    244183   98.00   27.00    0.00    0.00  125.00     2     90.00      0.00 2861088  702904   8.66      0.00  12924.00      0.00       0  mysqld
1791479536   1100    260015   39.00   28.00    0.00    0.00   67.00     2   1742.00      0.00 2049332   19672   0.24      0.00      0.00      0.00       0  isupipe
1791479536    113    260023   19.00   21.00    0.00    0.00   40.00     3     23.00      0.00  682592   62600   0.77      0.00      0.00      0.00       0  pdns_server

# Time        UID       PID    %usr %system  %guest   %wait    %CPU   CPU  minflt/s  majflt/s     VSZ     RSS   %MEM   kB_rd/s   kB_wr/s kB_ccwr/s iodelay  Command
1791479537      0     17311    0.00    0.00    0.00    0.00    0.00     2      0.00      0.00   56816   12524   0.15      0.00      0.00      0.00       0  nginx
1791479537     33    203690    5.00    3.00    0.00   11.00    8.00     0      0.00      0.00   59232   12852   0.16      0.00    452.00    368.00       0  nginx
1791479537     33    203691    4.00    9.00    0.00   27.00   13.00     0      0.00      0.00   60296   14052   0.17      0.00    252.00    180.00       0  nginx
1791479537     33    203692    6.00    4.00    0.00   19.00   10.00     0      0.00      0.00   60168   13932   0.17      0.00    244.00    156.00       0  nginx
1791479537     33    203693   13.00    5.00    0.00   32.00   18.00     0      0.00      0.00   61820   15704   0.19      0.00    788.00    700.00       0  nginx
1791479537    112    244183  101.00   27.00    0.00    1.00  128.00     1     98.00      0.00 2861088  703300   8.66      0.00  12060.00      0.00       0  mysqld
1791479537   1100    260015   46.00   23.00    0.00   12.00   69.00     0   1568.00      0.00 2049332   20424   0.25      0.00      0.00      0.00       0  isupipe
1791479537    113    260023   14.00   27.00    0.00    0.00   41.00     3     21.00      0.00  682592   62864   0.77      0.00      0.00      0.00       0  pdns_server

# Time        UID       PID    %usr %system  %guest   %wait    %CPU   CPU  minflt/s  majflt/s     VSZ     RSS   %MEM   kB_rd/s   kB_wr/s kB_ccwr/s iodelay  Command
1791479538      0     17311    0.00    0.00    0.00    0.00    0.00     2      0.00      0.00   56816   12524   0.15      0.00      0.00      0.00       0  nginx
1791479538     33    203690    3.00    2.00    0.00    4.00    5.00     3      0.00      0.00   59232   12852   0.16      0.00     92.00     64.00       0  nginx
1791479538     33    203691    5.00   11.00    0.00   22.00   16.00     3      0.00      0.00   60296   14052   0.17      0.00    584.00    456.00       0  nginx
1791479538     33    203692    6.00    6.00    0.00    9.00   12.00     3      0.00      0.00   60168   13932   0.17      0.00    728.00    664.00       0  nginx
1791479538     33    203693    9.00   16.00    0.00   31.00   25.00     3      0.00      0.00   61820   15704   0.19      0.00    972.00    744.00       0  nginx
1791479538    112    244183  101.00   31.00    0.00    1.00  132.00     2     32.00      0.00 2861088  703300   8.66      0.00  12516.00      0.00       0  mysqld
1791479538   1100    260015   47.00   23.00    0.00   18.00   70.00     1   1814.00      0.00 2123124   20328   0.25      0.00      0.00      0.00       0  isupipe
1791479538    113    260023   27.00   16.00    0.00    0.00   43.00     3      9.00      0.00  682592   62864   0.77      0.00      0.00      0.00       0  pdns_server

# Time        UID       PID    %usr %system  %guest   %wait    %CPU   CPU  minflt/s  majflt/s     VSZ     RSS   %MEM   kB_rd/s   kB_wr/s kB_ccwr/s iodelay  Command
1791479539      0     17311    0.00    0.00    0.00    0.00    0.00     2      0.00      0.00   56816   12524   0.15      0.00      0.00      0.00       0  nginx
1791479539     33    203690    5.00    7.00    0.00   17.00   12.00     2      0.00      0.00   59232   12852   0.16      0.00    420.00    304.00       0  nginx
1791479539     33    203691    8.00    7.00    0.00   30.00   15.00     3      0.00      0.00   60296   14052   0.17      0.00    820.00    720.00       0  nginx
1791479539     33    203692    6.00    7.00    0.00   24.00   13.00     2      0.00      0.00   60168   13932   0.17      0.00    556.00    464.00       0  nginx
1791479539     33    203693   11.00    7.00    0.00   37.00   18.00     1      0.00      0.00   61820   15704   0.19      0.00    928.00    796.00       0  nginx
1791479539    112    244183  100.00   32.00    0.00    1.00  132.00     2    110.00      0.00 2861088  703784   8.67      0.00   7824.00      0.00       0  mysqld
1791479539   1100    260015   48.00   22.00    0.00   22.00   70.00     1   3322.00      0.00 2123124   19848   0.24      0.00      0.00      0.00       0  isupipe
1791479539    113    260023   23.00   21.00    0.00    0.00   44.00     3      9.00      0.00  682592   62864   0.77      0.00      0.00      0.00       0  pdns_server

# Time        UID       PID    %usr %system  %guest   %wait    %CPU   CPU  minflt/s  majflt/s     VSZ     RSS   %MEM   kB_rd/s   kB_wr/s kB_ccwr/s iodelay  Command
1791479540      0     17311    0.00    0.00    0.00    0.00    0.00     2      0.00      0.00   56816   12524   0.15      0.00      0.00      0.00       0  nginx
1791479540     33    203690    3.00    5.00    0.00   11.00    8.00     3      0.00      0.00   59232   12852   0.16      0.00    228.00    192.00       0  nginx
1791479540     33    203691    6.00    9.00    0.00   26.00   15.00     3      0.00      0.00   60296   14052   0.17      0.00    864.00    712.00       0  nginx
1791479540     33    203692    5.00    5.00    0.00   13.00   10.00     3      0.00      0.00   60168   13932   0.17      0.00    544.00    480.00       0  nginx
1791479540     33    203693    7.00   14.00    0.00   37.00   21.00     3      0.00      0.00   61820   15704   0.19      0.00    700.00    544.00       0  nginx
1791479540    112    244183  100.00   33.00    0.00    1.00  133.00     2     88.00      0.00 2861088  704108   8.67      0.00  13864.00      0.00       0  mysqld
1791479540   1100    260015   42.00   24.00    0.00   25.00   66.00     2   1661.00      0.00 2123124   20692   0.25      0.00      0.00      0.00       0  isupipe
1791479540    113    260023   20.00   22.00    0.00    0.00   42.00     3      8.00      0.00  682592   63128   0.78      0.00      0.00      0.00       0  pdns_server

# Time        UID       PID    %usr %system  %guest   %wait    %CPU   CPU  minflt/s  majflt/s     VSZ     RSS   %MEM   kB_rd/s   kB_wr/s kB_ccwr/s iodelay  Command
1791479541      0     17311    0.00    0.00    0.00    0.00    0.00     2      0.00      0.00   56816   12524   0.15      0.00      0.00      0.00       0  nginx
1791479541     33    203690    3.00    7.00    0.00   13.00   10.00     1      0.00      0.00   59232   12852   0.16      0.00    144.00     72.00       0  nginx
1791479541     33    203691    4.00   10.00    0.00   21.00   14.00     3      0.00      0.00   60296   14052   0.17      0.00    936.00    820.00       0  nginx
1791479541     33    203692    3.00    9.00    0.00   17.00   12.00     3      0.00      0.00   60168   13932   0.17      0.00    620.00    456.00       0  nginx
1791479541     33    203693    7.00   14.00    0.00   40.00   21.00     3      6.00      0.00   61960   15704   0.19      0.00    796.00    540.00       0  nginx
1791479541    112    244183  101.00   31.00    0.00    0.00  132.00     2     50.00      0.00 2861088  704108   8.67      0.00  12104.00      0.00       0  mysqld
1791479541   1100    260015   49.00   21.00    0.00   20.00   70.00     2   1702.00      0.00 2123124   20748   0.26      0.00      0.00      0.00       0  isupipe
1791479541    113    260023   17.00   25.00    0.00    0.00   42.00     3      7.00      0.00  682592   63128   0.78      0.00      0.00      0.00       0  pdns_server

# Time        UID       PID    %usr %system  %guest   %wait    %CPU   CPU  minflt/s  majflt/s     VSZ     RSS   %MEM   kB_rd/s   kB_wr/s kB_ccwr/s iodelay  Command
1791479542      0     17311    0.00    0.00    0.00    0.00    0.00     2      0.00      0.00   56816   12524   0.15      0.00      0.00      0.00       0  nginx
1791479542     33    203690    4.00    5.00    0.00   12.00    9.00     0      0.00      0.00   59232   12852   0.16      0.00    424.00    368.00       0  nginx
1791479542     33    203691    5.00    8.00    0.00   32.00   13.00     3      0.00      0.00   60296   14052   0.17      0.00    748.00    628.00       0  nginx
1791479542     33    203692    6.00    6.00    0.00   26.00   12.00     3      0.00      0.00   60168   13932   0.17      0.00    276.00    292.00       0  nginx
1791479542     33    203693   10.00    9.00    0.00   45.00   19.00     3     38.00      0.00   62092   15704   0.19      0.00   1268.00   1096.00       0  nginx
1791479542    112    244183  101.00   28.00    0.00    1.00  129.00     2      4.00      0.00 2861088  704108   8.67      0.00   7452.00      0.00       0  mysqld
1791479542   1100    260015   44.00   21.00    0.00   23.00   65.00     0   1755.00      0.00 2123124   20192   0.25      0.00      0.00      0.00       0  isupipe
1791479542    113    260023   24.00   25.00    0.00    0.00   49.00     3      6.00      0.00  682592   63128   0.78      0.00      0.00      0.00       0  pdns_server

# Time        UID       PID    %usr %system  %guest   %wait    %CPU   CPU  minflt/s  majflt/s     VSZ     RSS   %MEM   kB_rd/s   kB_wr/s kB_ccwr/s iodelay  Command
1791479543      0     17311    0.00    0.00    0.00    0.00    0.00     2      0.00      0.00   56816   12524   0.15      0.00      0.00      0.00       0  nginx
1791479543     33    203690    3.00    6.00    0.00   11.00    9.00     3      0.00      0.00   59232   12852   0.16      0.00    556.00    528.00       0  nginx
1791479543     33    203691    5.00   12.00    0.00   34.00   17.00     3      0.00      0.00   60296   14052   0.17      0.00    224.00     84.00       0  nginx
1791479543     33    203692    5.00    6.00    0.00   17.00   11.00     3      0.00      0.00   60168   13932   0.17      0.00    740.00    680.00       0  nginx
1791479543     33    203693    8.00   15.00    0.00   41.00   23.00     2     15.00      0.00   62092   15704   0.19      0.00   1216.00   1032.00       0  nginx
1791479543    112    244183   97.00   30.00    0.00    1.00  127.00     2      4.00      0.00 2861088  704108   8.67      0.00   7688.00      0.00       0  mysqld
1791479543   1100    260015   48.00   23.00    0.00   17.00   71.00     2   2506.00      0.00 2123124   19752   0.24      0.00      0.00      0.00       0  isupipe
1791479543    113    260023   22.00   23.00    0.00    0.00   45.00     3     11.00      0.00  682592   63128   0.78      0.00      0.00      0.00       0  pdns_server

# Time        UID       PID    %usr %system  %guest   %wait    %CPU   CPU  minflt/s  majflt/s     VSZ     RSS   %MEM   kB_rd/s   kB_wr/s kB_ccwr/s iodelay  Command
1791479544      0     17311    0.00    0.00    0.00    0.00    0.00     2      0.00      0.00   56816   12524   0.15      0.00      0.00      0.00       0  nginx
1791479544     33    203690    4.00    5.00    0.00   14.00    9.00     3      0.00      0.00   59232   12852   0.16      0.00    564.00    500.00       0  nginx
1791479544     33    203691    8.00    5.00    0.00   30.00   13.00     3      0.00      0.00   60296   14052   0.17      0.00    680.00    588.00       0  nginx
1791479544     33    203692    6.00    5.00    0.00   19.00   11.00     3      0.00      0.00   60168   13932   0.17      0.00    236.00    160.00       0  nginx
1791479544     33    203693    6.00   17.00    0.00   42.00   23.00     3      3.00      0.00   62092   15704   0.19      0.00    524.00    324.00       0  nginx
1791479544    112    244183  108.00   28.00    0.00    1.00  136.00     2     11.00      0.00 2861088  704108   8.67      0.00  12316.00      0.00       0  mysqld
1791479544   1100    260015   38.00   25.00    0.00   32.00   63.00     2   2407.00      0.00 2123124   20868   0.26      0.00      0.00      0.00       0  isupipe
1791479544    113    260023   23.00   25.00    0.00    0.00   48.00     3     11.00      0.00  682592   63128   0.78      0.00      0.00      0.00       0  pdns_server

# Time        UID       PID    %usr %system  %guest   %wait    %CPU   CPU  minflt/s  majflt/s     VSZ     RSS   %MEM   kB_rd/s   kB_wr/s kB_ccwr/s iodelay  Command
1791479545      0     17311    0.00    0.00    0.00    0.00    0.00     2      0.00      0.00   56816   12524   0.15      0.00      0.00      0.00       0  nginx
1791479545     33    203690    4.00    6.00    0.00   16.00   10.00     3      1.00      0.00   59232   12852   0.16      0.00    792.00    632.00       0  nginx
1791479545     33    203691    7.00    8.00    0.00   29.00   15.00     3     11.00      0.00   60436   14052   0.17      0.00    564.00    464.00       0  nginx
1791479545     33    203692    5.00    6.00    0.00   28.00   11.00     3      0.00      0.00   60168   13932   0.17      0.00    372.00    296.00       0  nginx
1791479545     33    203693    9.00    8.00    0.00   42.00   17.00     3      0.00      0.00   62092   15704   0.19      0.00    784.00    604.00       0  nginx
1791479545    112    244183  113.00   31.00    0.00    0.00  144.00     2      1.00      0.00 2861088  704108   8.67      0.00   5284.00      0.00       0  mysqld
1791479545   1100    260015   43.00   21.00    0.00   25.00   64.00     0   2256.00      0.00 2123124   21036   0.26      0.00      0.00      0.00       0  isupipe
1791479545    113    260023   25.00   25.00    0.00    0.00   50.00     3      5.00      0.00  682592   63128   0.78      0.00      0.00      0.00       0  pdns_server

# Time        UID       PID    %usr %system  %guest   %wait    %CPU   CPU  minflt/s  majflt/s     VSZ     RSS   %MEM   kB_rd/s   kB_wr/s kB_ccwr/s iodelay  Command
1791479546      0     17311    0.00    0.00    0.00    0.00    0.00     2      0.00      0.00   56816   12524   0.15      0.00      0.00      0.00       0  nginx
1791479546     33    203690    4.00    3.00    0.00   11.00    7.00     3      4.00      0.00   59232   12852   0.16      0.00    532.00    612.00       0  nginx
1791479546     33    203691    8.00    7.00    0.00   29.00   15.00     3     16.00      0.00   60436   14052   0.17      0.00    500.00    380.00       0  nginx
1791479546     33    203692    6.00    3.00    0.00   19.00    9.00     3      0.00      0.00   60168   13932   0.17      0.00    424.00    380.00       0  nginx
1791479546     33    203693    7.00   11.00    0.00   41.00   18.00     0      0.00      0.00   62092   15704   0.19      0.00    580.00    428.00       0  nginx
1791479546    112    244183   91.00   37.00    0.00    1.00  128.00     2      0.00      0.00 2861088  704108   8.67      0.00   6992.00      0.00       0  mysqld
1791479546   1100    260015   48.00   17.00    0.00   32.00   65.00     2   1361.00      0.00 2123124   21684   0.27      0.00      0.00      0.00       0  isupipe
1791479546    113    260023   26.00   18.00    0.00    0.00   44.00     3      4.00      0.00  682592   63128   0.78      0.00      0.00      0.00       0  pdns_server

# Time        UID       PID    %usr %system  %guest   %wait    %CPU   CPU  minflt/s  majflt/s     VSZ     RSS   %MEM   kB_rd/s   kB_wr/s kB_ccwr/s iodelay  Command
1791479547      0     17311    0.00    0.00    0.00    0.00    0.00     2      0.00      0.00   56816   12524   0.15      0.00      0.00      0.00       0  nginx
1791479547     33    203690    3.00    6.00    0.00   14.00    9.00     3      0.00      0.00   59232   12852   0.16      0.00    696.00    636.00       0  nginx
1791479547     33    203691    3.00    7.00    0.00   23.00   10.00     3      0.00      0.00   60436   14052   0.17      0.00    328.00    260.00       0  nginx
1791479547     33    203692    4.00    6.00    0.00   18.00   10.00     3      0.00      0.00   60168   13932   0.17      0.00    236.00    192.00       0  nginx
1791479547     33    203693    6.00   10.00    0.00   32.00   16.00     0      0.00      0.00   62092   15704   0.19      0.00    448.00    344.00       0  nginx
1791479547    112    244183  102.00   37.00    0.00    0.00  139.00     2      4.00      0.00 2861088  704312   8.68      0.00  10912.00      0.00       0  mysqld
1791479547   1100    260015   40.00   23.00    0.00   32.00   63.00     2   1270.00      0.00 2123124   20096   0.25      0.00      0.00      0.00       0  isupipe
1791479547    113    260023   19.00   21.00    0.00    0.00   40.00     3      3.00      0.00  682592   63128   0.78      0.00      0.00      0.00       0  pdns_server

# Time        UID       PID    %usr %system  %guest   %wait    %CPU   CPU  minflt/s  majflt/s     VSZ     RSS   %MEM   kB_rd/s   kB_wr/s kB_ccwr/s iodelay  Command
1791479548      0     17311    0.00    0.00    0.00    0.00    0.00     2      0.00      0.00   56816   12524   0.15      0.00      0.00      0.00       0  nginx
1791479548     33    203690    5.00    8.00    0.00   26.00   13.00     3      1.00      0.00   59232   12852   0.16      0.00    380.00    284.00       0  nginx
1791479548     33    203691    5.00    8.00    0.00   32.00   13.00     2     17.00      0.00   60568   14316   0.18      0.00    544.00    444.00       0  nginx
1791479548     33    203692    8.00    6.00    0.00   26.00   14.00     0      0.00      0.00   60168   13932   0.17      0.00    404.00    324.00       0  nginx
1791479548     33    203693    9.00    9.00    0.00   44.00   18.00     3      0.00      0.00   62092   15704   0.19      0.00   1028.00    892.00       0  nginx
1791479548    112    244183   91.00   31.00    0.00    1.00  122.00     2      8.00      0.00 2861088  704312   8.68      0.00   8168.00      0.00       0  mysqld
1791479548   1100    260015   42.00   27.00    0.00   27.00   69.00     0   1806.00      0.00 2123380   20896   0.26      0.00      0.00      0.00       0  isupipe
1791479548    113    260023   16.00   21.00    0.00    0.00   37.00     3      2.00      0.00  682592   63128   0.78      0.00      0.00      0.00       0  pdns_server

# Time        UID       PID    %usr %system  %guest   %wait    %CPU   CPU  minflt/s  majflt/s     VSZ     RSS   %MEM   kB_rd/s   kB_wr/s kB_ccwr/s iodelay  Command
1791479549      0     17311    0.00    0.00    0.00    0.00    0.00     2      0.00      0.00   56816   12524   0.15      0.00      0.00      0.00       0  nginx
1791479549     33    203690    1.00    4.00    0.00    6.00    5.00     3      0.00      0.00   59232   12852   0.16      0.00    240.00    216.00       0  nginx
1791479549     33    203691    5.00    8.00    0.00   18.00   13.00     3      0.00      0.00   60568   14316   0.18      0.00    724.00    596.00       0  nginx
1791479549     33    203692    3.00    7.00    0.00   12.00   10.00     3      0.00      0.00   60168   13932   0.17      0.00    328.00    248.00       0  nginx
1791479549     33    203693   11.00    8.00    0.00   30.00   19.00     3      0.00      0.00   62092   15704   0.19      0.00   1220.00   1072.00       0  nginx
1791479549    112    244183  112.00   24.00    0.00    1.00  136.00     2      2.00      0.00 2861088  704312   8.68      0.00   8460.00      0.00       0  mysqld
1791479549   1100    260015   42.00   19.00    0.00   34.00   61.00     2   2657.00      0.00 2197172   21500   0.26      0.00      0.00      0.00       0  isupipe
1791479549    113    260023   23.00   23.00    0.00    0.00   46.00     3      4.00      0.00  682592   63128   0.78      0.00      0.00      0.00       0  pdns_server

# Time        UID       PID    %usr %system  %guest   %wait    %CPU   CPU  minflt/s  majflt/s     VSZ     RSS   %MEM   kB_rd/s   kB_wr/s kB_ccwr/s iodelay  Command
1791479550      0     17311    0.00    0.00    0.00    0.00    0.00     2      0.00      0.00   56816   12524   0.15      0.00      0.00      0.00       0  nginx
1791479550     33    203690    6.00    6.00    0.00   26.00   12.00     3      0.00      0.00   59232   12852   0.16      0.00    740.00    672.00       0  nginx
1791479550     33    203691    9.00    5.00    0.00   39.00   14.00     3      0.00      0.00   60568   14316   0.18      0.00    576.00    476.00       0  nginx
1791479550     33    203692    6.00    8.00    0.00   36.00   14.00     3      0.00      0.00   60168   13932   0.17      0.00    496.00    372.00       0  nginx
1791479550     33    203693    9.00    8.00    0.00   55.00   17.00     3      0.00      0.00   62092   15704   0.19      0.00    608.00    528.00       0  nginx
1791479550    112    244183   98.00   27.00    0.00    0.00  125.00     2     16.00      0.00 2861088  704312   8.68      0.00   5468.00      0.00       0  mysqld
1791479550   1100    260015   43.00   21.00    0.00   10.00   64.00     1   1756.00      0.00 2197172   21896   0.27      0.00      0.00      0.00       0  isupipe
1791479550    113    260023   24.00   22.00    0.00    0.00   46.00     3      6.00      0.00  682592   63128   0.78      0.00      0.00      0.00       0  pdns_server

# Time        UID       PID    %usr %system  %guest   %wait    %CPU   CPU  minflt/s  majflt/s     VSZ     RSS   %MEM   kB_rd/s   kB_wr/s kB_ccwr/s iodelay  Command
1791479551      0     17311    0.00    0.00    0.00    0.00    0.00     2      0.00      0.00   56816   12524   0.15      0.00      0.00      0.00       0  nginx
1791479551     33    203690    6.00    6.00    0.00   28.00   12.00     3      0.00      0.00   59232   12852   0.16      0.00    568.00    516.00       0  nginx
1791479551     33    203691    8.00    5.00    0.00   37.00   13.00     3      0.00      0.00   60568   14316   0.18      0.00    396.00    320.00       0  nginx
1791479551     33    203692    4.00    9.00    0.00   28.00   13.00     3      0.00      0.00   60168   13932   0.17      0.00    504.00    408.00       0  nginx
1791479551     33    203693    8.00   12.00    0.00   46.00   20.00     3      0.00      0.00   62092   15704   0.19      0.00    784.00    632.00       0  nginx
1791479551    112    244183   91.00   34.00    0.00    1.00  125.00     2     10.00      0.00 2861088  704312   8.68      0.00   8364.00      0.00       0  mysqld
1791479551   1100    260015   33.00   27.00    0.00    0.00   60.00     1   1623.00      0.00 2197172   21444   0.26      0.00      0.00      0.00       0  isupipe
1791479551    113    260023   28.00   19.00    0.00    0.00   47.00     3      7.00      0.00  682592   63128   0.78      0.00      0.00      0.00       0  pdns_server

# Time        UID       PID    %usr %system  %guest   %wait    %CPU   CPU  minflt/s  majflt/s     VSZ     RSS   %MEM   kB_rd/s   kB_wr/s kB_ccwr/s iodelay  Command
1791479552      0     17311    0.00    0.00    0.00    0.00    0.00     2      0.00      0.00   56816   12524   0.15      0.00      0.00      0.00       0  nginx
1791479552     33    203690    8.00    5.00    0.00   41.00   13.00     0      7.00      0.00   59232   12852   0.16      0.00    168.00     80.00       0  nginx
1791479552     33    203691    8.00    6.00    0.00   49.00   14.00     3      0.00      0.00   60568   14316   0.18      0.00    380.00    300.00       0  nginx
1791479552     33    203692    7.00    7.00    0.00   40.00   14.00     3      0.00      0.00   60168   13932   0.17      0.00    832.00    776.00       0  nginx
1791479552     33    203693    7.00    8.00    0.00   57.00   15.00     3      0.00      0.00   62092   15704   0.19      0.00    676.00    576.00       0  nginx
1791479552    112    244183   97.00   35.00    0.00    0.00  132.00     2      3.00      0.00 2861088  704312   8.68      0.00   5960.00      0.00       0  mysqld
1791479552   1100    260015   36.00   23.00    0.00    0.00   59.00     1   1168.00      0.00 2197172   21188   0.26      0.00      0.00      0.00       0  isupipe
1791479552    113    260023   29.00   24.00    0.00    0.00   53.00     3      4.00      0.00  682592   63392   0.78      0.00      0.00      0.00       0  pdns_server

# Time        UID       PID    %usr %system  %guest   %wait    %CPU   CPU  minflt/s  majflt/s     VSZ     RSS   %MEM   kB_rd/s   kB_wr/s kB_ccwr/s iodelay  Command
1791479553      0     17311    0.00    0.00    0.00    0.00    0.00     2      0.00      0.00   56816   12524   0.15      0.00      0.00      0.00       0  nginx
1791479553     33    203690    5.00    8.00    0.00   35.00   13.00     3      3.00      0.00   59232   13056   0.16      0.00    408.00    332.00       0  nginx
1791479553     33    203691    8.00    6.00    0.00   41.00   14.00     3      0.00      0.00   60568   14316   0.18      0.00    388.00    284.00       0  nginx
1791479553     33    203692    6.00    6.00    0.00   31.00   12.00     3      0.00      0.00   60168   13932   0.17      0.00    440.00    376.00       0  nginx
1791479553     33    203693   10.00    7.00    0.00   45.00   17.00     0      0.00      0.00   62092   15704   0.19      0.00   1332.00   1228.00       0  nginx
1791479553    112    244183  101.00   33.00    0.00    0.00  134.00     1    175.00      0.00 2861088  704540   8.68      0.00  12944.00      0.00       0  mysqld
1791479553   1100    260015   41.00   20.00    0.00    0.00   61.00     1   2377.00      0.00 2197172   21184   0.26      0.00      0.00      0.00       0  isupipe
1791479553    113    260023   27.00   28.00    0.00    0.00   55.00     3      4.00      0.00  682592   63392   0.78      0.00      0.00      0.00       0  pdns_server

# Time        UID       PID    %usr %system  %guest   %wait    %CPU   CPU  minflt/s  majflt/s     VSZ     RSS   %MEM   kB_rd/s   kB_wr/s kB_ccwr/s iodelay  Command
1791479554      0     17311    0.00    0.00    0.00    0.00    0.00     2      0.00      0.00   56816   12524   0.15      0.00      0.00      0.00       0  nginx
1791479554     33    203690    6.00    7.00    0.00   26.00   13.00     3     33.00      0.00   59368   13056   0.16      0.00    792.00    728.00       0  nginx
1791479554     33    203691    9.00    5.00    0.00   41.00   14.00     3      0.00      0.00   60568   14316   0.18      0.00    580.00    468.00       0  nginx
1791479554     33    203692    5.00    8.00    0.00   40.00   13.00     3      0.00      0.00   60168   13932   0.17      0.00    572.00    492.00       0  nginx
1791479554     33    203693    8.00    8.00    0.00   49.00   16.00     0      0.00      0.00   62092   15704   0.19      0.00    512.00    424.00       0  nginx
1791479554    112    244183  101.00   35.00    0.00    1.00  136.00     1     15.00      0.00 2861088  704540   8.68      0.00  11072.00      0.00       0  mysqld
1791479554   1100    260015   36.00   21.00    0.00    7.00   57.00     0   2330.00      0.00 2197172   21120   0.26      0.00      0.00      0.00       0  isupipe
1791479554    113    260023   31.00   25.00    0.00    0.00   56.00     3      4.00      0.00  682592   63392   0.78      0.00      0.00      0.00       0  pdns_server

# Time        UID       PID    %usr %system  %guest   %wait    %CPU   CPU  minflt/s  majflt/s     VSZ     RSS   %MEM   kB_rd/s   kB_wr/s kB_ccwr/s iodelay  Command
1791479555      0     17311    0.00    0.00    0.00    0.00    0.00     2      0.00      0.00   56816   12524   0.15      0.00      0.00      0.00       0  nginx
1791479555     33    203690    3.00    7.00    0.00   18.00   10.00     3      1.00      0.00   59368   13056   0.16      0.00    312.00    268.00       0  nginx
1791479555     33    203691    7.00    8.00    0.00   32.00   15.00     3      0.00      0.00   60568   14316   0.18      0.00    552.00    444.00       0  nginx
1791479555     33    203692    6.00    7.00    0.00   25.00   13.00     3      0.00      0.00   60168   13932   0.17      0.00    768.00    680.00       0  nginx
1791479555     33    203693   11.00   11.00    0.00   43.00   22.00     0      0.00      0.00   62092   15704   0.19      0.00    696.00    520.00       0  nginx
1791479555    112    244183   91.00   30.00    0.00    1.00  121.00     1     14.00      0.00 2861088  704540   8.68      0.00   8488.00      0.00       0  mysqld
1791479555   1100    260015   36.00   27.00    0.00   22.00   63.00     0    959.00      0.00 2197172   20832   0.26      0.00      0.00      0.00       0  isupipe
1791479555    113    260023   20.00   26.00    0.00    0.00   46.00     3      3.00      0.00  682592   63392   0.78      0.00      0.00      0.00       0  pdns_server

# Time        UID       PID    %usr %system  %guest   %wait    %CPU   CPU  minflt/s  majflt/s     VSZ     RSS   %MEM   kB_rd/s   kB_wr/s kB_ccwr/s iodelay  Command
1791479556      0     17311    0.00    0.00    0.00    0.00    0.00     2      0.00      0.00   56816   12524   0.15      0.00      0.00      0.00       0  nginx
1791479556     33    203690    6.00    7.00    0.00   31.00   13.00     3      2.00      0.00   59368   13056   0.16      0.00    268.00    180.00       0  nginx
1791479556     33    203691    7.00    7.00    0.00   38.00   14.00     1      0.00      0.00   60568   14316   0.18      0.00    596.00    524.00       0  nginx
1791479556     33    203692    6.00    6.00    0.00   32.00   12.00     3      0.00      0.00   60168   13932   0.17      0.00    600.00    532.00       0  nginx
1791479556     33    203693   12.00    4.00    0.00   54.00   16.00     3      0.00      0.00   62092   15704   0.19      0.00    784.00    680.00       0  nginx
1791479556    112    244183  107.00   30.00    0.00    0.00  137.00     1     59.00      0.00 2861088  704800   8.68      0.00  12512.00      0.00       0  mysqld
1791479556   1100    260015   41.00   22.00    0.00   29.00   63.00     3   2050.00      0.00 2197172   20860   0.26      0.00      0.00      0.00       0  isupipe
1791479556    113    260023   29.00   26.00    0.00    0.00   55.00     3      3.00      0.00  682592   63392   0.78      0.00      0.00      0.00       0  pdns_server

# Time        UID       PID    %usr %system  %guest   %wait    %CPU   CPU  minflt/s  majflt/s     VSZ     RSS   %MEM   kB_rd/s   kB_wr/s kB_ccwr/s iodelay  Command
1791479557      0     17311    0.00    0.00    0.00    0.00    0.00     2      0.00      0.00   56816   12524   0.15      0.00      0.00      0.00       0  nginx
1791479557     33    203690    6.00    5.00    0.00   21.00   11.00     3      1.00      0.00   59368   13056   0.16      0.00    684.00    632.00       0  nginx
1791479557     33    203691    6.00    6.00    0.00   36.00   12.00     3      0.00      0.00   60568   14316   0.18      0.00    444.00    364.00       0  nginx
1791479557     33    203692    8.00    3.00    0.00   25.00   11.00     3      0.00      0.00   60168   13932   0.17      0.00    524.00    460.00       0  nginx
1791479557     33    203693    8.00   10.00    0.00   51.00   18.00     3      0.00      0.00   62092   15704   0.19      0.00    772.00    616.00       0  nginx
1791479557    112    244183   96.00   31.00    0.00    0.00  127.00     2     12.00      0.00 2861088  704800   8.68      0.00   8148.00      0.00       0  mysqld
1791479557   1100    260015   44.00   18.00    0.00   23.00   62.00     3   2227.00      0.00 2197172   20196   0.25      0.00      0.00      0.00       0  isupipe
1791479557    113    260023   25.00   25.00    0.00    0.00   50.00     3      4.00      0.00  682592   63392   0.78      0.00      0.00      0.00       0  pdns_server

# Time        UID       PID    %usr %system  %guest   %wait    %CPU   CPU  minflt/s  majflt/s     VSZ     RSS   %MEM   kB_rd/s   kB_wr/s kB_ccwr/s iodelay  Command
1791479558      0     17311    0.00    0.00    0.00    0.00    0.00     2      0.00      0.00   56816   12524   0.15      0.00      0.00      0.00       0  nginx
1791479558     33    203690    8.00    4.00    0.00   19.00   12.00     2      0.00      0.00   59368   13056   0.16      0.00    620.00    564.00       0  nginx
1791479558     33    203691    7.00    8.00    0.00   39.00   15.00     0      0.00      0.00   60568   14316   0.18      0.00    340.00    228.00       0  nginx
1791479558     33    203692   10.00    5.00    0.00   28.00   15.00     3      0.00      0.00   60168   13932   0.17      0.00    548.00    452.00       0  nginx
1791479558     33    203693   10.00   10.00    0.00   46.00   20.00     2      0.00      0.00   62092   15704   0.19      0.00    896.00    708.00       0  nginx
1791479558    112    244183   97.00   27.00    0.00    0.00  124.00     2      7.00      0.00 2861088  704800   8.68      0.00   7068.00      0.00       0  mysqld
1791479558   1100    260015   40.00   24.00    0.00   22.00   64.00     0   1133.00      0.00 2197172   21808   0.27      0.00      0.00      0.00       0  isupipe
1791479558    113    260023   27.00   20.00    0.00    0.00   47.00     3      2.00      0.00  682592   63392   0.78      0.00      0.00      0.00       0  pdns_server

# Time        UID       PID    %usr %system  %guest   %wait    %CPU   CPU  minflt/s  majflt/s     VSZ     RSS   %MEM   kB_rd/s   kB_wr/s kB_ccwr/s iodelay  Command
1791479559      0     17311    0.00    0.00    0.00    0.00    0.00     2      0.00      0.00   56816   12524   0.15      0.00      0.00      0.00       0  nginx
1791479559     33    203690    5.00    8.00    0.00   12.00   13.00     3     39.00      0.00   59500   13320   0.16      0.00    384.00    304.00       0  nginx
1791479559     33    203691   11.00    6.00    0.00   33.00   17.00     3      0.00      0.00   60568   14316   0.18      0.00    772.00    704.00       0  nginx
1791479559     33    203692    8.00    5.00    0.00   28.00   13.00     3      0.00      0.00   60168   13932   0.17      0.00    368.00    272.00       0  nginx
1791479559     33    203693   11.00   10.00    0.00   44.00   21.00     3      0.00      0.00   62092   15704   0.19      0.00    740.00    660.00       0  nginx
1791479559    112    244183   91.00   28.00    0.00    1.00  119.00     2     15.00      0.00 2861088  704800   8.68      0.00  13996.00      0.00       0  mysqld
1791479559   1100    260015   39.00   24.00    0.00    0.00   63.00     0   1108.00      0.00 2197172   21780   0.27      0.00      0.00      0.00       0  isupipe
1791479559    113    260023   17.00   22.00    0.00    0.00   39.00     3      2.00      0.00  682592   63392   0.78      0.00      0.00      0.00       0  pdns_server

# Time        UID       PID    %usr %system  %guest   %wait    %CPU   CPU  minflt/s  majflt/s     VSZ     RSS   %MEM   kB_rd/s   kB_wr/s kB_ccwr/s iodelay  Command
1791479560      0     17311    0.00    0.00    0.00    0.00    0.00     2      0.00      0.00   56816   12524   0.15      0.00      0.00      0.00       0  nginx
1791479560     33    203690    4.00    9.00    0.00   25.00   13.00     3      0.00      0.00   59500   13320   0.16      0.00    392.00    300.00       0  nginx
1791479560     33    203691    9.00    7.00    0.00   31.00   16.00     3      0.00      0.00   60568   14316   0.18      0.00    400.00    296.00       0  nginx
1791479560     33    203692    7.00    6.00    0.00   28.00   13.00     3      0.00      0.00   60168   13932   0.17      0.00    736.00    648.00       0  nginx
1791479560     33    203693    9.00   10.00    0.00   43.00   19.00     2      0.00      0.00   62092   15704   0.19      0.00   1080.00    936.00       0  nginx
1791479560    112    244183   94.00   27.00    0.00    1.00  121.00     2      0.00      0.00 2861088  704800   8.68      0.00   9256.00      0.00       0  mysqld
1791479560   1100    260015   37.00   25.00    0.00   24.00   62.00     2   2449.00      0.00 2197172   21604   0.27      0.00      0.00      0.00       0  isupipe
1791479560    113    260023   22.00   21.00    0.00    0.00   43.00     3      2.00      0.00  682592   63392   0.78      0.00      0.00      0.00       0  pdns_server

# Time        UID       PID    %usr %system  %guest   %wait    %CPU   CPU  minflt/s  majflt/s     VSZ     RSS   %MEM   kB_rd/s   kB_wr/s kB_ccwr/s iodelay  Command
1791479561      0     17311    0.00    0.00    0.00    0.00    0.00     2      0.00      0.00   56816   12524   0.15      0.00      0.00      0.00       0  nginx
1791479561     33    203690    7.00    5.00    0.00   23.00   12.00     3      5.00      0.00   59632   13320   0.16      0.00    296.00    144.00       0  nginx
1791479561     33    203691    7.00    9.00    0.00   43.00   16.00     3      0.00      0.00   60568   14316   0.18      0.00    352.00    224.00       0  nginx
1791479561     33    203692    6.00    7.00    0.00   29.00   13.00     3      0.00      0.00   60168   13932   0.17      0.00    832.00    660.00       0  nginx
1791479561     33    203693   11.00    8.00    0.00   52.00   19.00     3      0.00      0.00   62092   15704   0.19      0.00    780.00    656.00       0  nginx
1791479561    112    244183  107.00   27.00    0.00    1.00  134.00     2     17.00      0.00 2861088  704800   8.68      0.00  12440.00      0.00       0  mysqld
1791479561   1100    260015   43.00   21.00    0.00   34.00   64.00     1   1726.00      0.00 2197172   21964   0.27      0.00      0.00      0.00       0  isupipe
1791479561    113    260023   28.00   26.00    0.00    0.00   54.00     3      2.00      0.00  682592   63392   0.78      0.00      0.00      0.00       0  pdns_server

# Time        UID       PID    %usr %system  %guest   %wait    %CPU   CPU  minflt/s  majflt/s     VSZ     RSS   %MEM   kB_rd/s   kB_wr/s kB_ccwr/s iodelay  Command
1791479562      0     17311    0.00    0.00    0.00    0.00    0.00     2      0.00      0.00   56816   12524   0.15      0.00      0.00      0.00       0  nginx
1791479562     33    203690    5.94    5.94    0.00   11.88   11.88     3      3.96      0.00   59632   13320   0.16      0.00    400.00    364.36       0  nginx
1791479562     33    203691    7.92    7.92    0.00   31.68   15.84     3      0.00      0.00   60568   14316   0.18      0.00    447.52    356.44       0  nginx
1791479562     33    203692    5.94    6.93    0.00   19.80   12.87     3      0.00      0.00   60168   13932   0.17      0.00    368.32    376.24       0  nginx
1791479562     33    203693    9.90   11.88    0.00   40.59   21.78     3      0.00      0.00   62092   15704   0.19      0.00    918.81    736.63       0  nginx
1791479562    112    244183   91.09   27.72    0.00    0.99  118.81     2     11.88      0.00 2861088  704800   8.68      0.00   6827.72      0.00       0  mysqld
1791479562   1100    260015   45.54   24.75    0.00   34.65   70.30     3   1823.76      0.00 2197172   20784   0.26      0.00      0.00      0.00       0  isupipe
1791479562    113    260023   17.82   23.76    0.00    0.00   41.58     3      1.98      0.00  682592   63392   0.78      0.00      0.00      0.00       0  pdns_server

# Time        UID       PID    %usr %system  %guest   %wait    %CPU   CPU  minflt/s  majflt/s     VSZ     RSS   %MEM   kB_rd/s   kB_wr/s kB_ccwr/s iodelay  Command
1791479563      0     17311    0.00    0.00    0.00    0.00    0.00     2      0.00      0.00   56816   12524   0.15      0.00      0.00      0.00       0  nginx
1791479563     33    203690    6.00    7.00    0.00   24.00   13.00     3     33.00      0.00   59776   13320   0.16      0.00    520.00    536.00       0  nginx
1791479563     33    203691    8.00    7.00    0.00   31.00   15.00     3      0.00      0.00   60568   14316   0.18      0.00    656.00    592.00       0  nginx
1791479563     33    203692    6.00    8.00    0.00   36.00   14.00     1      0.00      0.00   60168   13932   0.17      0.00    316.00    208.00       0  nginx
1791479563     33    203693   10.00    9.00    0.00   47.00   19.00     1      0.00      0.00   62092   15704   0.19      0.00    840.00    720.00       0  nginx
1791479563    112    244183  108.00   27.00    0.00    0.00  135.00     2      0.00      0.00 2861088  704800   8.68      0.00   8424.00      0.00       0  mysqld
1791479563   1100    260015   34.00   24.00    0.00   31.00   58.00     1   1295.00      0.00 2197172   21328   0.26      0.00      0.00      0.00       0  isupipe
1791479563    113    260023   30.00   22.00    0.00    0.00   52.00     3      4.00      0.00  682592   63392   0.78      0.00      0.00      0.00       0  pdns_server

# Time        UID       PID    %usr %system  %guest   %wait    %CPU   CPU  minflt/s  majflt/s     VSZ     RSS   %MEM   kB_rd/s   kB_wr/s kB_ccwr/s iodelay  Command
1791479564      0     17311    0.00    0.00    0.00    0.00    0.00     2      0.00      0.00   56816   12524   0.15      0.00      0.00      0.00       0  nginx
1791479564     33    203690    7.00    6.00    0.00   19.00   13.00     3      0.00      0.00   59776   13320   0.16      0.00    524.00    476.00       0  nginx
1791479564     33    203691    8.00    7.00    0.00   40.00   15.00     3      0.00      0.00   60568   14316   0.18      0.00    828.00    696.00       0  nginx
1791479564     33    203692    8.00    7.00    0.00   33.00   15.00     3      0.00      0.00   60168   13932   0.17      0.00    168.00     80.00       0  nginx
1791479564     33    203693   12.00    5.00    0.00   50.00   17.00     3      0.00      0.00   62092   15704   0.19      0.00    924.00    784.00       0  nginx
1791479564    112    244183   89.00   34.00    0.00    1.00  123.00     2     11.00      0.00 2861088  704800   8.68      0.00  12176.00      0.00       0  mysqld
1791479564   1100    260015   37.00   23.00    0.00   25.00   60.00     0   2004.00      0.00 2197172   21260   0.26      0.00      0.00      0.00       0  isupipe
1791479564    113    260023   25.00   22.00    0.00    0.00   47.00     3      1.00      0.00  682592   63392   0.78      0.00      0.00      0.00       0  pdns_server

# Time        UID       PID    %usr %system  %guest   %wait    %CPU   CPU  minflt/s  majflt/s     VSZ     RSS   %MEM   kB_rd/s   kB_wr/s kB_ccwr/s iodelay  Command
1791479565      0     17311    0.00    0.00    0.00    0.00    0.00     2      0.00      0.00   56816   12524   0.15      0.00      0.00      0.00       0  nginx
1791479565     33    203690    8.00    6.00    0.00   23.00   14.00     3     23.00      0.00   59776   13580   0.17      0.00    356.00    296.00       0  nginx
1791479565     33    203691    6.00    8.00    0.00   40.00   14.00     3      0.00      0.00   60568   14316   0.18      0.00    832.00    684.00       0  nginx
1791479565     33    203692    6.00    9.00    0.00   35.00   15.00     3      0.00      0.00   60168   13932   0.17      0.00    652.00    512.00       0  nginx
1791479565     33    203693   10.00    8.00    0.00   54.00   18.00     3      0.00      0.00   62092   15704   0.19      0.00    736.00    652.00       0  nginx
1791479565    112    244183  103.00   27.00    0.00    0.00  130.00     2      9.00      0.00 2861088  704800   8.68      0.00   7660.00      0.00       0  mysqld
1791479565   1100    260015   47.00   19.00    0.00   20.00   66.00     2   1883.00      0.00 2197172   22412   0.28      0.00      0.00      0.00       0  isupipe
1791479565    113    260023   24.00   20.00    0.00    0.00   44.00     3      1.00      0.00  682592   63392   0.78      0.00      0.00      0.00       0  pdns_server

# Time        UID       PID    %usr %system  %guest   %wait    %CPU   CPU  minflt/s  majflt/s     VSZ     RSS   %MEM   kB_rd/s   kB_wr/s kB_ccwr/s iodelay  Command
1791479566      0     17311    0.00    0.00    0.00    0.00    0.00     2      0.00      0.00   56816   12524   0.15      0.00      0.00      0.00       0  nginx
1791479566     33    203690    5.00    9.00    0.00   31.00   14.00     3     37.00      0.00   59916   13580   0.17      0.00   1104.00   1036.00       0  nginx
1791479566     33    203691    8.00    7.00    0.00   47.00   15.00     3      0.00      0.00   60568   14316   0.18      0.00    428.00    328.00       0  nginx
1791479566     33    203692    8.00    7.00    0.00   44.00   15.00     3      0.00      0.00   60168   13932   0.17      0.00    532.00    424.00       0  nginx
1791479566     33    203693    7.00    9.00    0.00   57.00   16.00     3      0.00      0.00   62092   15704   0.19      0.00    368.00    236.00       0  nginx
1791479566    112    244183   91.00   31.00    0.00    1.00  122.00     2      1.00      0.00 2861088  704800   8.68      0.00   9096.00      0.00       0  mysqld
1791479566   1100    260015   33.00   32.00    0.00   20.00   65.00     2    844.00      0.00 2197172   21976   0.27      0.00      0.00      0.00       0  isupipe
1791479566    113    260023   25.00   19.00    0.00    0.00   44.00     3      2.00      0.00  682592   63392   0.78      0.00      0.00      0.00       0  pdns_server

# Time        UID       PID    %usr %system  %guest   %wait    %CPU   CPU  minflt/s  majflt/s     VSZ     RSS   %MEM   kB_rd/s   kB_wr/s kB_ccwr/s iodelay  Command
1791479567      0     17311    0.00    0.00    0.00    0.00    0.00     2      0.00      0.00   56816   12524   0.15      0.00      0.00      0.00       0  nginx
1791479567     33    203690    5.00    9.00    0.00   24.00   14.00     3      1.00      0.00   59916   13580   0.17      0.00    384.00    288.00       0  nginx
1791479567     33    203691    6.00    9.00    0.00   38.00   15.00     3      0.00      0.00   60568   14316   0.18      0.00    432.00    340.00       0  nginx
1791479567     33    203692    5.00    9.00    0.00   28.00   14.00     3      0.00      0.00   60168   13932   0.17      0.00    316.00    240.00       0  nginx
1791479567     33    203693   11.00    8.00    0.00   42.00   19.00     3      0.00      0.00   62092   15704   0.19      0.00   1136.00   1016.00       0  nginx
1791479567    112    244183   99.00   31.00    0.00    0.00  130.00     2      4.00      0.00 2861088  705044   8.68      0.00  19828.00      0.00       0  mysqld
1791479567   1100    260015   44.00   23.00    0.00   34.00   67.00     3   1634.00      0.00 2197172   22960   0.28      0.00      0.00      0.00       0  isupipe
1791479567    113    260023   23.00   24.00    0.00    0.00   47.00     3      1.00      0.00  682592   63392   0.78      0.00      0.00      0.00       0  pdns_server

# Time        UID       PID    %usr %system  %guest   %wait    %CPU   CPU  minflt/s  majflt/s     VSZ     RSS   %MEM   kB_rd/s   kB_wr/s kB_ccwr/s iodelay  Command
1791479568      0     17311    0.00    0.00    0.00    0.00    0.00     2      0.00      0.00   56816   12524   0.15      0.00      0.00      0.00       0  nginx
1791479568     33    203690    7.00    6.00    0.00   26.00   13.00     3      0.00      0.00   59916   13580   0.17      0.00    568.00    500.00       0  nginx
1791479568     33    203691    8.00    7.00    0.00   45.00   15.00     3      0.00      0.00   60568   14316   0.18      0.00    496.00    404.00       0  nginx
1791479568     33    203692    7.00    7.00    0.00   33.00   14.00     3      0.00      0.00   60168   13932   0.17      0.00    296.00    236.00       0  nginx
1791479568     33    203693   10.00   10.00    0.00   52.00   20.00     3      0.00      0.00   62092   15704   0.19      0.00    764.00    652.00       0  nginx
1791479568    112    244183   99.00   35.00    0.00    1.00  134.00     2     10.00      0.00 2861088  705064   8.68      0.00   6932.00      0.00       0  mysqld
1791479568   1100    260015   37.00   22.00    0.00   25.00   59.00     3   1409.00      0.00 2197172   22452   0.28      0.00      0.00      0.00       0  isupipe
1791479568    113    260023   27.00   29.00    0.00    0.00   56.00     3      3.00      0.00  682592   63656   0.78      0.00      0.00      0.00       0  pdns_server

# Time        UID       PID    %usr %system  %guest   %wait    %CPU   CPU  minflt/s  majflt/s     VSZ     RSS   %MEM   kB_rd/s   kB_wr/s kB_ccwr/s iodelay  Command
1791479569      0     17311    0.00    0.00    0.00    0.00    0.00     2      0.00      0.00   56816   12524   0.15      0.00      0.00      0.00       0  nginx
1791479569     33    203690    6.00    7.00    0.00   32.00   13.00     3      0.00      0.00   59916   13580   0.17      0.00    360.00    280.00       0  nginx
1791479569     33    203691    6.00    8.00    0.00   42.00   14.00     3      0.00      0.00   60568   14316   0.18      0.00    536.00    428.00       0  nginx
1791479569     33    203692    8.00    5.00    0.00   34.00   13.00     3      0.00      0.00   60168   13932   0.17      0.00    668.00    580.00       0  nginx
1791479569     33    203693    7.00    9.00    0.00   48.00   16.00     3      0.00      0.00   62092   15704   0.19      0.00    728.00    652.00       0  nginx
1791479569    112    244183   96.00   28.00    0.00    0.00  124.00     2      0.00      0.00 2861088  705064   8.68      0.00   6484.00      0.00       0  mysqld
1791479569   1100    260015   35.00   25.00    0.00   31.00   60.00     2    843.00      0.00 2197172   22864   0.28      0.00      0.00      0.00       0  isupipe
1791479569    113    260023   24.00   25.00    0.00    0.00   49.00     3      3.00      0.00  682592   63656   0.78      0.00      0.00      0.00       0  pdns_server

# Time        UID       PID    %usr %system  %guest   %wait    %CPU   CPU  minflt/s  majflt/s     VSZ     RSS   %MEM   kB_rd/s   kB_wr/s kB_ccwr/s iodelay  Command
1791479570      0     17311    0.00    0.00    0.00    0.00    0.00     2      0.00      0.00   56816   12524   0.15      0.00      0.00      0.00       0  nginx
1791479570     33    203690    5.00    8.00    0.00   24.00   13.00     3      0.00      0.00   59916   13580   0.17      0.00    604.00    524.00       0  nginx
1791479570     33    203691    5.00    9.00    0.00   37.00   14.00     3      0.00      0.00   60568   14316   0.18      0.00    328.00    188.00       0  nginx
1791479570     33    203692    5.00    8.00    0.00   28.00   13.00     3      0.00      0.00   60168   13932   0.17      0.00    340.00    268.00       0  nginx
1791479570     33    203693   13.00    6.00    0.00   47.00   19.00     3      0.00      0.00   62092   15704   0.19      0.00    792.00    672.00       0  nginx
1791479570    112    244183  106.00   24.00    0.00    2.00  130.00     2     16.00      0.00 2861088  705064   8.68      0.00   7856.00      0.00       0  mysqld
1791479570   1100    260015   39.00   21.00    0.00    3.00   60.00     2    943.00      0.00 2197172   23136   0.28      0.00      0.00      0.00       0  isupipe
1791479570    113    260023   27.00   24.00    0.00    0.00   51.00     3      2.00      0.00  682592   63656   0.78      0.00      0.00      0.00       0  pdns_server

# Time        UID       PID    %usr %system  %guest   %wait    %CPU   CPU  minflt/s  majflt/s     VSZ     RSS   %MEM   kB_rd/s   kB_wr/s kB_ccwr/s iodelay  Command
1791479571      0     17311    0.00    0.00    0.00    0.00    0.00     2      0.00      0.00   56816   12524   0.15      0.00      0.00      0.00       0  nginx
1791479571     33    203690    4.00    7.00    0.00   20.00   11.00     3      0.00      0.00   59916   13580   0.17      0.00    340.00    256.00       0  nginx
1791479571     33    203691   11.00    6.00    0.00   35.00   17.00     1      0.00      0.00   60568   14316   0.18      0.00    720.00    616.00       0  nginx
1791479571     33    203692    9.00    6.00    0.00   18.00   15.00     3      0.00      0.00   60168   13932   0.17      0.00    320.00    244.00       0  nginx
1791479571     33    203693   11.00   10.00    0.00   46.00   21.00     3      0.00      0.00   62092   15704   0.19      0.00    792.00    636.00       0  nginx
1791479571    112    244183  107.00   23.00    0.00    0.00  130.00     2      1.00      0.00 2861088  705064   8.68      0.00  11572.00      0.00       0  mysqld
1791479571   1100    260015   43.00   19.00    0.00   21.00   62.00     1   1602.00      0.00 2197172   22404   0.28      0.00      0.00      0.00       0  isupipe
1791479571    113    260023   23.00   22.00    0.00    0.00   45.00     3      1.00      0.00  682592   63656   0.78      0.00      0.00      0.00       0  pdns_server

# Time        UID       PID    %usr %system  %guest   %wait    %CPU   CPU  minflt/s  majflt/s     VSZ     RSS   %MEM   kB_rd/s   kB_wr/s kB_ccwr/s iodelay  Command
1791479572      0     17311    0.00    0.00    0.00    0.00    0.00     2      0.00      0.00   56816   12524   0.15      0.00      0.00      0.00       0  nginx
1791479572     33    203690    5.00    7.00    0.00   27.00   12.00     3      0.00      0.00   59916   13580   0.17      0.00    308.00    196.00       0  nginx
1791479572     33    203691    6.00    9.00    0.00   42.00   15.00     3      0.00      0.00   60568   14316   0.18      0.00    532.00    280.00       0  nginx
1791479572     33    203692    7.00    6.00    0.00   33.00   13.00     3      0.00      0.00   60168   13932   0.17      0.00    508.00    460.00       0  nginx
1791479572     33    203693    9.00    8.00    0.00   48.00   17.00     3      0.00      0.00   62092   15704   0.19      0.00    904.00    776.00       0  nginx
1791479572    112    244183   88.00   31.00    0.00    0.00  119.00     2      6.00      0.00 2861088  705064   8.68      0.00  11572.00      0.00       0  mysqld
1791479572   1100    260015   37.00   23.00    0.00   30.00   60.00     1   1158.00      0.00 2197172   22976   0.28      0.00      0.00      0.00       0  isupipe
1791479572    113    260023   21.00   21.00    0.00    0.00   42.00     3      1.00      0.00  682592   63656   0.78      0.00      0.00      0.00       0  pdns_server

# Time        UID       PID    %usr %system  %guest   %wait    %CPU   CPU  minflt/s  majflt/s     VSZ     RSS   %MEM   kB_rd/s   kB_wr/s kB_ccwr/s iodelay  Command
1791479573      0     17311    0.00    0.00    0.00    0.00    0.00     2      0.00      0.00   56816   12524   0.15      0.00      0.00      0.00       0  nginx
1791479573     33    203690    5.00    6.00    0.00   22.00   11.00     3      0.00      0.00   59916   13580   0.17      0.00    640.00    580.00       0  nginx
1791479573     33    203691    7.00    7.00    0.00   33.00   14.00     3      0.00      0.00   60568   14316   0.18      0.00    508.00    536.00       0  nginx
1791479573     33    203692    5.00    8.00    0.00   30.00   13.00     3      0.00      0.00   60168   13932   0.17      0.00    516.00    428.00       0  nginx
1791479573     33    203693    9.00   11.00    0.00   42.00   20.00     3      0.00      0.00   62092   15704   0.19      0.00    724.00    564.00       0  nginx
1791479573    112    244183   97.00   32.00    0.00    1.00  129.00     2      3.00      0.00 2861088  705064   8.68      0.00   7344.00      0.00       0  mysqld
1791479573   1100    260015   39.00   22.00    0.00   20.00   61.00     0   1485.00      0.00 2197172   22188   0.27      0.00      0.00      0.00       0  isupipe
1791479573    113    260023   26.00   23.00    0.00    0.00   49.00     3      1.00      0.00  682592   63656   0.78      0.00      0.00      0.00       0  pdns_server

# Time        UID       PID    %usr %system  %guest   %wait    %CPU   CPU  minflt/s  majflt/s     VSZ     RSS   %MEM   kB_rd/s   kB_wr/s kB_ccwr/s iodelay  Command
1791479574      0     17311    0.00    0.00    0.00    0.00    0.00     2      0.00      0.00   56816   12524   0.15      0.00      0.00      0.00       0  nginx
1791479574     33    203690    8.00    8.00    0.00   43.00   16.00     3      0.00      0.00   59916   13580   0.17      0.00    532.00    440.00       0  nginx
1791479574     33    203691    6.00    9.00    0.00   48.00   15.00     3      0.00      0.00   60568   14316   0.18      0.00    656.00    552.00       0  nginx
1791479574     33    203692    6.00    8.00    0.00   44.00   14.00     3      0.00      0.00   60168   13932   0.17      0.00    740.00    544.00       0  nginx
1791479574     33    203693    8.00    8.00    0.00   52.00   16.00     3      0.00      0.00   62092   15704   0.19      0.00    796.00    676.00       0  nginx
1791479574    112    244183  104.00   29.00    0.00    1.00  133.00     2      5.00      0.00 2861088  705236   8.69      0.00   8820.00      0.00       0  mysqld
1791479574   1100    260015   38.00   27.00    0.00   26.00   65.00     3   2120.00      0.00 2197172   22100   0.27      0.00      0.00      0.00       0  isupipe
1791479574    113    260023   30.00   25.00    0.00    0.00   55.00     3      1.00      0.00  682592   63656   0.78      0.00      0.00      0.00       0  pdns_server

# Time        UID       PID    %usr %system  %guest   %wait    %CPU   CPU  minflt/s  majflt/s     VSZ     RSS   %MEM   kB_rd/s   kB_wr/s kB_ccwr/s iodelay  Command
1791479575      0     17311    0.00    0.00    0.00    0.00    0.00     2      0.00      0.00   56816   12524   0.15      0.00      0.00      0.00       0  nginx
1791479575     33    203690    6.00    7.00    0.00   32.00   13.00     3      0.00      0.00   59916   13580   0.17      0.00    476.00    388.00       0  nginx
1791479575     33    203691    8.00    7.00    0.00   45.00   15.00     3      0.00      0.00   60568   14316   0.18      0.00   1080.00   1016.00       0  nginx
1791479575     33    203692    5.00    9.00    0.00   41.00   14.00     3      0.00      0.00   60168   13932   0.17      0.00    736.00    716.00       0  nginx
1791479575     33    203693   10.00    7.00    0.00   53.00   17.00     3      0.00      0.00   62092   15704   0.19      0.00    228.00     60.00       0  nginx
1791479575    112    244183   96.00   30.00    0.00    0.00  126.00     2      4.00      0.00 2861088  705236   8.69      0.00   8100.00      0.00       0  mysqld
1791479575   1100    260015   36.00   24.00    0.00   21.00   60.00     1   1214.00      0.00 2197172   22264   0.27      0.00      0.00      0.00       0  isupipe
1791479575    113    260023   26.00   23.00    0.00    0.00   49.00     3      1.00      0.00  682592   63656   0.78      0.00      0.00      0.00       0  pdns_server

# Time        UID       PID    %usr %system  %guest   %wait    %CPU   CPU  minflt/s  majflt/s     VSZ     RSS   %MEM   kB_rd/s   kB_wr/s kB_ccwr/s iodelay  Command
1791479576      0     17311    0.00    0.00    0.00    0.00    0.00     2      0.00      0.00   56816   12524   0.15      0.00      0.00      0.00       0  nginx
1791479576     33    203690    6.00    7.00    0.00   30.00   13.00     3      0.00      0.00   59916   13580   0.17      0.00    388.00    280.00       0  nginx
1791479576     33    203691    8.00    5.00    0.00   32.00   13.00     3      0.00      0.00   60568   14316   0.18      0.00    708.00    544.00       0  nginx
1791479576     33    203692    7.00    7.00    0.00   28.00   14.00     3      0.00      0.00   60168   13932   0.17      0.00    596.00    520.00       0  nginx
1791479576     33    203693   11.00    9.00    0.00   48.00   20.00     3      0.00      0.00   62092   15704   0.19      0.00    720.00    668.00       0  nginx
1791479576    112    244183   94.00   30.00    0.00    0.00  124.00     2      0.00      0.00 2861088  705236   8.69      0.00  11352.00      0.00       0  mysqld
1791479576   1100    260015   32.00   28.00    0.00   23.00   60.00     2   1500.00      0.00 2197172   23700   0.29      0.00      0.00      0.00       0  isupipe
1791479576    113    260023   25.00   27.00    0.00    0.00   52.00     3      3.00      0.00  682592   63656   0.78      0.00      0.00      0.00       0  pdns_server

# Time        UID       PID    %usr %system  %guest   %wait    %CPU   CPU  minflt/s  majflt/s     VSZ     RSS   %MEM   kB_rd/s   kB_wr/s kB_ccwr/s iodelay  Command
1791479577      0     17311    0.00    0.00    0.00    0.00    0.00     2      0.00      0.00   56816   12524   0.15      0.00      0.00      0.00       0  nginx
1791479577     33    203690    8.00    4.00    0.00   25.00   12.00     3      0.00      0.00   59916   13580   0.17      0.00    692.00    632.00       0  nginx
1791479577     33    203691    8.00    7.00    0.00   38.00   15.00     3      0.00      0.00   60568   14316   0.18      0.00    536.00    452.00       0  nginx
1791479577     33    203692    4.00   10.00    0.00   36.00   14.00     3      0.00      0.00   60168   13932   0.17      0.00    136.00      0.00       0  nginx
1791479577     33    203693   13.00    5.00    0.00   45.00   18.00     3      0.00      0.00   62092   15704   0.19      0.00   1140.00   1036.00       0  nginx
1791479577    112    244183   98.00   29.00    0.00    1.00  127.00     2      3.00      0.00 2861088  705236   8.69      0.00  11072.00      0.00       0  mysqld
1791479577   1100    260015   38.00   21.00    0.00   31.00   59.00     0   1671.00      0.00 2197172   21604   0.27      0.00      0.00      0.00       0  isupipe
1791479577    113    260023   22.00   26.00    0.00    0.00   48.00     3      2.00      0.00  682592   63656   0.78      0.00      0.00      0.00       0  pdns_server

# Time        UID       PID    %usr %system  %guest   %wait    %CPU   CPU  minflt/s  majflt/s     VSZ     RSS   %MEM   kB_rd/s   kB_wr/s kB_ccwr/s iodelay  Command
1791479578      0     17311    0.00    0.00    0.00    0.00    0.00     2      0.00      0.00   56816   12524   0.15      0.00      0.00      0.00       0  nginx
1791479578     33    203690    6.00    6.00    0.00   31.00   12.00     3      0.00      0.00   59916   13580   0.17      0.00    560.00    472.00       0  nginx
1791479578     33    203691    8.00    8.00    0.00   44.00   16.00     3      0.00      0.00   60568   14316   0.18      0.00    472.00    448.00       0  nginx
1791479578     33    203692    5.00    7.00    0.00   33.00   12.00     3      0.00      0.00   60168   13932   0.17      0.00    448.00    380.00       0  nginx
1791479578     33    203693    8.00    9.00    0.00   57.00   17.00     3      0.00      0.00   62092   15704   0.19      0.00    548.00    412.00       0  nginx
1791479578    112    244183   83.00   30.00    0.00    1.00  113.00     2      4.00      0.00 2861088  705236   8.69      0.00   7048.00      0.00       0  mysqld
1791479578   1100    260015   33.00   23.00    0.00   27.00   56.00     2   1116.00      0.00 2197172   22232   0.27      0.00      0.00      0.00       0  isupipe
1791479578    113    260023   19.00   24.00    0.00    0.00   43.00     3      0.00      0.00  682592   63656   0.78      0.00      0.00      0.00       0  pdns_server

# Time        UID       PID    %usr %system  %guest   %wait    %CPU   CPU  minflt/s  majflt/s     VSZ     RSS   %MEM   kB_rd/s   kB_wr/s kB_ccwr/s iodelay  Command
1791479579      0     17311    0.00    0.00    0.00    0.00    0.00     2      0.00      0.00   56816   12524   0.15      0.00      0.00      0.00       0  nginx
1791479579     33    203690    5.00    6.00    0.00   18.00   11.00     2      0.00      0.00   59916   13580   0.17      0.00    260.00    188.00       0  nginx
1791479579     33    203691    7.00    8.00    0.00   32.00   15.00     2      0.00      0.00   60568   14316   0.18      0.00    732.00    636.00       0  nginx
1791479579     33    203692    5.00    8.00    0.00   24.00   13.00     3      0.00      0.00   60168   13932   0.17      0.00    240.00    188.00       0  nginx
1791479579     33    203693    9.00   12.00    0.00   42.00   21.00     3      0.00      0.00   62092   15704   0.19      0.00   1120.00    968.00       0  nginx
1791479579    112    244183   89.00   30.00    0.00    0.00  119.00     2      2.00      0.00 2861088  705236   8.69      0.00   8288.00      0.00       0  mysqld
1791479579   1100    260015   29.00   25.00    0.00   25.00   54.00     1   1488.00      0.00 2197172   22020   0.27      0.00      0.00      0.00       0  isupipe
1791479579    113    260023   21.00   25.00    0.00    0.00   46.00     3      1.00      0.00  682592   63656   0.78      0.00      0.00      0.00       0  pdns_server

# Time        UID       PID    %usr %system  %guest   %wait    %CPU   CPU  minflt/s  majflt/s     VSZ     RSS   %MEM   kB_rd/s   kB_wr/s kB_ccwr/s iodelay  Command
1791479580      0     17311    0.00    0.00    0.00    0.00    0.00     2      0.00      0.00   56816   12524   0.15      0.00      0.00      0.00       0  nginx
1791479580     33    203690    5.00    6.00    0.00   23.00   11.00     3      0.00      0.00   59916   13580   0.17      0.00    504.00    452.00       0  nginx
1791479580     33    203691    9.00    6.00    0.00   32.00   15.00     2      0.00      0.00   60568   14316   0.18      0.00    716.00    652.00       0  nginx
1791479580     33    203692    6.00    8.00    0.00   31.00   14.00     3      0.00      0.00   60168   13932   0.17      0.00    376.00    272.00       0  nginx
1791479580     33    203693    7.00   14.00    0.00   45.00   21.00     3      0.00      0.00   62092   15704   0.19      0.00    756.00    584.00       0  nginx
1791479580    112    244183   94.00   29.00    0.00    1.00  123.00     2      5.00      0.00 2861088  705236   8.69      0.00   9808.00      0.00       0  mysqld
1791479580   1100    260015   37.00   20.00    0.00   31.00   57.00     2   1906.00      0.00 2197172   22520   0.28      0.00      0.00      0.00       0  isupipe
1791479580    113    260023   19.00   26.00    0.00    0.00   45.00     3      1.00      0.00  682592   63656   0.78      0.00      0.00      0.00       0  pdns_server

# Time        UID       PID    %usr %system  %guest   %wait    %CPU   CPU  minflt/s  majflt/s     VSZ     RSS   %MEM   kB_rd/s   kB_wr/s kB_ccwr/s iodelay  Command
1791479581      0     17311    0.00    0.00    0.00    0.00    0.00     2      0.00      0.00   56816   12524   0.15      0.00      0.00      0.00       0  nginx
1791479581     33    203690    0.00    1.98    0.00    2.97    1.98     3      0.00      0.00   59916   13580   0.17      0.00     63.37     63.37       0  nginx
1791479581     33    203691    0.00    0.99    0.00    3.96    0.99     1      0.00      0.00   60568   14316   0.18      0.00      3.96      0.00       0  nginx
1791479581     33    203692    0.00    0.99    0.00    3.96    0.99     0      0.00      0.00   60168   13932   0.17      0.00      3.96      0.00       0  nginx
1791479581     33    203693    1.98    0.99    0.00    4.95    2.97     2      0.00      0.00   62092   15704   0.19      0.00    364.36    332.67       0  nginx
1791479581    112    244183   10.89    6.93    0.00    0.00   17.82     2      0.00      0.00 2860060  704976   8.68      0.00   5908.91      0.00       0  mysqld
1791479581   1100    260015    4.95    1.98    0.00    1.98    6.93     0    256.44      0.00 2197172   22984   0.28      0.00      0.00      0.00       0  isupipe
1791479581    113    260023    1.98    2.97    0.00    0.00    4.95     3      0.00      0.00  682592   63656   0.78      0.00      0.00      0.00       0  pdns_server

# Time        UID       PID    %usr %system  %guest   %wait    %CPU   CPU  minflt/s  majflt/s     VSZ     RSS   %MEM   kB_rd/s   kB_wr/s kB_ccwr/s iodelay  Command
1791479582      0     17311    0.00    0.00    0.00    0.00    0.00     2      0.00      0.00   56816   12524   0.15      0.00      0.00      0.00       0  nginx
1791479582     33    203690    0.00    0.00    0.00    0.00    0.00     1      0.00      0.00   59916   13580   0.17      0.00      0.00      0.00       0  nginx
1791479582     33    203691    0.00    0.00    0.00    0.00    0.00     0      0.00      0.00   60568   14316   0.18      0.00      0.00      0.00       0  nginx
1791479582     33    203692    0.00    0.00    0.00    1.00    0.00     2      0.00      0.00   60168   13932   0.17      0.00      0.00      0.00       0  nginx
1791479582     33    203693    0.00    0.00    0.00    0.00    0.00     3      0.00      0.00   62092   15704   0.19      0.00      0.00      0.00       0  nginx
1791479582    112    244183    0.00    1.00    0.00    0.00    1.00     2      0.00      0.00 2860060  704976   8.68      0.00   5120.00      0.00       0  mysqld
1791479582   1100    260015    0.00    0.00    0.00    0.00    0.00     0      0.00      0.00 2197172   22984   0.28      0.00      0.00      0.00       0  isupipe
1791479582    113    260023    0.00    0.00    0.00    0.00    0.00     3      0.00      0.00  682592   63656   0.78      0.00      0.00      0.00       0  pdns_server
