Linux 5.15.0-198-generic (isucon13-app) 	10/08/26 	_aarch64_	(4 CPU)

# Time        UID       PID    %usr %system  %guest   %wait    %CPU   CPU  minflt/s  majflt/s     VSZ     RSS   %MEM   kB_rd/s   kB_wr/s kB_ccwr/s iodelay  Command
1791503584      0        13    0.00    0.00    0.00    0.00    0.00     0      0.00      0.00       0       0   0.00      0.00      0.00      0.00       0  ksoftirqd/0
1791503584      0        22    0.00    0.00    0.00    0.00    0.00     1      0.00      0.00       0       0   0.00      0.00      0.00      0.00       0  ksoftirqd/1
1791503584      0        28    0.00    0.00    0.00    0.00    0.00     2      0.00      0.00       0       0   0.00      0.00      0.00      0.00       0  ksoftirqd/2
1791503584      0        34    0.00    1.00    0.00    0.00    1.00     3      0.00      0.00       0       0   0.00      0.00      0.00      0.00       0  ksoftirqd/3
1791503584      0       343    0.00    1.00    0.00    1.00    1.00     1      0.00      0.00       0       0   0.00      0.00     68.00      0.00       0  jbd2/sda1-8
1791503584      0       418    0.00    0.00    0.00    0.00    0.00     3      0.00      0.00   63656   14840   0.18      0.00      0.00      0.00       0  systemd-journal
1791503584    104       666    0.00    0.00    0.00    0.00    0.00     2      0.00      0.00  222072    4484   0.06      0.00      0.00      0.00       0  rsyslogd
1791503584      0       728    0.00    0.00    0.00    0.00    0.00     0      0.00      0.00   56244    2480   0.03      0.00      0.00      0.00       0  nginx
1791503584     33       729    0.00    0.00    0.00    0.00    0.00     2      0.00      0.00   56956    7068   0.09      0.00      0.00      0.00       0  nginx
1791503584     33       730    0.00    0.00    0.00    0.00    0.00     2      0.00      0.00   56956    7068   0.09      0.00      0.00      0.00       0  nginx
1791503584     33       731    0.00    0.00    0.00    0.00    0.00     1      0.00      0.00   56956    7068   0.09      0.00      0.00      0.00       0  nginx
1791503584     33       732    0.00    0.00    0.00    0.00    0.00     1    260.00      3.00   56956   10240   0.13      0.00      0.00      0.00       0  nginx
1791503584    112       738   23.00   15.00    0.00    0.00   38.00     3  18372.00      2.00 2704384  484416   5.97    192.00  45848.00      0.00       0  mysqld
1791503584   1100       878    0.00    0.00    0.00    0.00    0.00     0      3.00      0.00 1679948   13360   0.16      0.00      0.00      0.00       0  isupipe

# Time        UID       PID    %usr %system  %guest   %wait    %CPU   CPU  minflt/s  majflt/s     VSZ     RSS   %MEM   kB_rd/s   kB_wr/s kB_ccwr/s iodelay  Command
1791503585      0        13    0.00    0.00    0.00    0.00    0.00     0      0.00      0.00       0       0   0.00      0.00      0.00      0.00       0  ksoftirqd/0
1791503585      0        22    0.00    0.00    0.00    0.00    0.00     1      0.00      0.00       0       0   0.00      0.00      0.00      0.00       0  ksoftirqd/1
1791503585      0        28    0.00    0.00    0.00    0.00    0.00     2      0.00      0.00       0       0   0.00      0.00      0.00      0.00       0  ksoftirqd/2
1791503585      0        34    0.00    0.00    0.00    0.00    0.00     3      0.00      0.00       0       0   0.00      0.00      0.00      0.00       0  ksoftirqd/3
1791503585      0       343    0.00    0.95    0.00    0.00    0.95     2      0.00      0.00       0       0   0.00      0.00     15.24      0.00       0  jbd2/sda1-8
1791503585      0       418    0.00    0.00    0.00    0.00    0.00     3      0.00      0.00   63656   14840   0.18      0.00      0.00      0.00       0  systemd-journal
1791503585    104       666    0.00    0.00    0.00    0.00    0.00     2      0.00      0.00  222072    4484   0.06      0.00      0.00      0.00       0  rsyslogd
1791503585      0       728    0.00    0.00    0.00    0.00    0.00     0      0.00      0.00   56244    2480   0.03      0.00      0.00      0.00       0  nginx
1791503585     33       729    0.00    0.00    0.00    0.00    0.00     2      0.00      0.00   56956    7068   0.09      0.00      0.00      0.00       0  nginx
1791503585     33       730    0.00    0.00    0.00    0.00    0.00     2      0.00      0.00   56956    7068   0.09      0.00      0.00      0.00       0  nginx
1791503585     33       731    0.00    0.00    0.00    0.00    0.00     1      0.00      0.00   56956    7068   0.09      0.00      0.00      0.00       0  nginx
1791503585     33       732    0.95    0.00    0.00    0.00    0.95     2     61.90      0.00   57228   10648   0.13      3.81    129.52    129.52       0  nginx
1791503585    112       738   19.05    4.76    0.00    0.00   23.81     2   1692.38      2.86 2836548  491264   6.05    247.62   3687.62      0.00       0  mysqld
1791503585   1100       878    5.71    2.86    0.00    0.00    8.57     0   1102.86      0.00 1680460   15312   0.19   9470.48     49.52     49.52       0  isupipe

# Time        UID       PID    %usr %system  %guest   %wait    %CPU   CPU  minflt/s  majflt/s     VSZ     RSS   %MEM   kB_rd/s   kB_wr/s kB_ccwr/s iodelay  Command
1791503586      0        13    0.00    0.00    0.00    0.00    0.00     0      0.00      0.00       0       0   0.00      0.00      0.00      0.00       0  ksoftirqd/0
1791503586      0        22    0.00    0.00    0.00    0.00    0.00     1      0.00      0.00       0       0   0.00      0.00      0.00      0.00       0  ksoftirqd/1
1791503586      0        28    0.00    0.00    0.00    0.00    0.00     2      0.00      0.00       0       0   0.00      0.00      0.00      0.00       0  ksoftirqd/2
1791503586      0        34    0.00    0.00    0.00    0.00    0.00     3      0.00      0.00       0       0   0.00      0.00      0.00      0.00       0  ksoftirqd/3
1791503586      0       343    0.00    0.00    0.00    0.00    0.00     0      0.00      0.00       0       0   0.00      0.00      0.00      0.00       0  jbd2/sda1-8
1791503586      0       418    0.00    0.00    0.00    0.00    0.00     3      0.00      0.00   63656   14840   0.18      0.00      0.00      0.00       0  systemd-journal
1791503586    104       666    0.00    0.00    0.00    0.00    0.00     2      0.00      0.00  222072    4484   0.06      0.00      0.00      0.00       0  rsyslogd
1791503586      0       728    0.00    0.00    0.00    0.00    0.00     0      0.00      0.00   56244    2480   0.03      0.00      0.00      0.00       0  nginx
1791503586     33       729    0.00    0.00    0.00    0.00    0.00     2      0.00      0.00   56956    7068   0.09      0.00      0.00      0.00       0  nginx
1791503586     33       730    0.00    0.00    0.00    0.00    0.00     2      0.00      0.00   56956    7068   0.09      0.00      0.00      0.00       0  nginx
1791503586     33       731    0.00    0.00    0.00    0.00    0.00     1      0.00      0.00   56956    7068   0.09      0.00      0.00      0.00       0  nginx
1791503586     33       732    0.00    0.00    0.00    0.00    0.00     1      0.00      0.00   57228   10648   0.13      0.00     12.00      0.00       0  nginx
1791503586    112       738    0.00    1.00    0.00    0.00    1.00     2      0.00      0.00 2836548  491264   6.05      0.00   1920.00      0.00       0  mysqld
1791503586   1100       878    0.00    0.00    0.00    0.00    0.00     0      0.00      0.00 1680460   15312   0.19      0.00      0.00      0.00       0  isupipe

# Time        UID       PID    %usr %system  %guest   %wait    %CPU   CPU  minflt/s  majflt/s     VSZ     RSS   %MEM   kB_rd/s   kB_wr/s kB_ccwr/s iodelay  Command
1791503587      0        13    0.00    0.00    0.00    0.00    0.00     0      0.00      0.00       0       0   0.00      0.00      0.00      0.00       0  ksoftirqd/0
1791503587      0        22    0.00    0.00    0.00    0.00    0.00     1      0.00      0.00       0       0   0.00      0.00      0.00      0.00       0  ksoftirqd/1
1791503587      0        28    0.00    0.00    0.00    0.00    0.00     2      0.00      0.00       0       0   0.00      0.00      0.00      0.00       0  ksoftirqd/2
1791503587      0        34    0.00    0.00    0.00    0.00    0.00     3      0.00      0.00       0       0   0.00      0.00      0.00      0.00       0  ksoftirqd/3
1791503587      0       343    0.00    0.00    0.00    0.00    0.00     3      0.00      0.00       0       0   0.00      0.00      0.00      0.00       0  jbd2/sda1-8
1791503587      0       418    0.00    0.00    0.00    0.00    0.00     3      0.00      0.00   63656   14840   0.18      0.00      0.00      0.00       0  systemd-journal
1791503587    104       666    0.00    0.00    0.00    0.00    0.00     2      0.00      0.00  222072    4484   0.06      0.00      0.00      0.00       0  rsyslogd
1791503587      0       728    0.00    0.00    0.00    0.00    0.00     0      0.00      0.00   56244    2480   0.03      0.00      0.00      0.00       0  nginx
1791503587     33       729    0.00    0.00    0.00    0.00    0.00     2      0.00      0.00   56956    7068   0.09      0.00      0.00      0.00       0  nginx
1791503587     33       730    0.00    0.00    0.00    0.00    0.00     2      0.00      0.00   56956    7068   0.09      0.00      0.00      0.00       0  nginx
1791503587     33       731    0.00    0.00    0.00    0.00    0.00     1      0.00      0.00   56956    7068   0.09      0.00      0.00      0.00       0  nginx
1791503587     33       732    1.00    1.00    0.00    0.00    2.00     1     25.00      0.00   57372   10648   0.13      0.00    104.00    104.00       0  nginx
1791503587    112       738    2.00    3.00    0.00    0.00    5.00     2     20.00      0.00 2836548  491264   6.05      0.00   6588.00      0.00       0  mysqld
1791503587   1100       878    0.00    4.00    0.00    0.00    4.00     2    209.00      0.00 1680460   15308   0.19      0.00      0.00      0.00       0  isupipe

# Time        UID       PID    %usr %system  %guest   %wait    %CPU   CPU  minflt/s  majflt/s     VSZ     RSS   %MEM   kB_rd/s   kB_wr/s kB_ccwr/s iodelay  Command
1791503588      0        13    0.00    0.00    0.00    0.00    0.00     0      0.00      0.00       0       0   0.00      0.00      0.00      0.00       0  ksoftirqd/0
1791503588      0        22    0.00    0.00    0.00    0.00    0.00     1      0.00      0.00       0       0   0.00      0.00      0.00      0.00       0  ksoftirqd/1
1791503588      0        28    0.00    0.00    0.00    0.00    0.00     2      0.00      0.00       0       0   0.00      0.00      0.00      0.00       0  ksoftirqd/2
1791503588      0        34    0.00    0.00    0.00    0.00    0.00     3      0.00      0.00       0       0   0.00      0.00      0.00      0.00       0  ksoftirqd/3
1791503588      0       343    0.00    0.00    0.00    0.00    0.00     2      0.00      0.00       0       0   0.00      0.00      7.92      0.00       0  jbd2/sda1-8
1791503588      0       418    0.00    0.00    0.00    0.00    0.00     3      0.00      0.00   63656   14840   0.18      0.00      0.00      0.00       0  systemd-journal
1791503588    104       666    0.00    0.00    0.00    0.00    0.00     2      0.00      0.00  222072    4484   0.06      0.00      0.00      0.00       0  rsyslogd
1791503588      0       728    0.00    0.00    0.00    0.00    0.00     0      0.00      0.00   56244    2480   0.03      0.00      0.00      0.00       0  nginx
1791503588     33       729    0.00    0.00    0.00    0.00    0.00     2      0.00      0.00   56956    7068   0.09      0.00      0.00      0.00       0  nginx
1791503588     33       730    0.00    0.00    0.00    0.00    0.00     2      0.00      0.00   56956    7068   0.09      0.00      0.00      0.00       0  nginx
1791503588     33       731    0.00    0.00    0.00    0.00    0.00     1      0.00      0.00   56956    7068   0.09      0.00      0.00      0.00       0  nginx
1791503588     33       732    0.00    0.00    0.00    0.00    0.00     0      0.00      0.00   57372   10648   0.13      0.00     11.88      0.00       0  nginx
1791503588    112       738    0.00    0.99    0.00    0.00    0.99     2      0.00      0.00 2836548  491264   6.05      0.00   1837.62      0.00       0  mysqld
1791503588   1100       878    0.00    0.00    0.00    0.00    0.00     2      0.00      0.00 1680460   15200   0.19      0.00      0.00      0.00       0  isupipe

# Time        UID       PID    %usr %system  %guest   %wait    %CPU   CPU  minflt/s  majflt/s     VSZ     RSS   %MEM   kB_rd/s   kB_wr/s kB_ccwr/s iodelay  Command
1791503589      0        13    0.00    0.00    0.00    0.00    0.00     0      0.00      0.00       0       0   0.00      0.00      0.00      0.00       0  ksoftirqd/0
1791503589      0        22    0.00    0.00    0.00    0.00    0.00     1      0.00      0.00       0       0   0.00      0.00      0.00      0.00       0  ksoftirqd/1
1791503589      0        28    0.00    0.00    0.00    0.00    0.00     2      0.00      0.00       0       0   0.00      0.00      0.00      0.00       0  ksoftirqd/2
1791503589      0        34    0.00    0.00    0.00    0.00    0.00     3      0.00      0.00       0       0   0.00      0.00      0.00      0.00       0  ksoftirqd/3
1791503589      0       343    0.00    1.00    0.00    0.00    1.00     2      0.00      0.00       0       0   0.00      0.00      0.00      0.00       0  jbd2/sda1-8
1791503589      0       418    0.00    0.00    0.00    0.00    0.00     3      2.00     35.00   63656   14888   0.18    440.00    128.00      0.00       0  systemd-journal
1791503589    104       666    0.00    0.00    0.00    0.00    0.00     2      0.00      0.00  222072    4484   0.06      0.00      4.00      0.00       0  rsyslogd
1791503589      0       728    0.00    0.00    0.00    0.00    0.00     0      0.00      0.00   56244    2480   0.03      0.00      0.00      0.00       0  nginx
1791503589     33       729    0.00    0.00    0.00    0.00    0.00     2      0.00      0.00   56956    7068   0.09      0.00      0.00      0.00       0  nginx
1791503589     33       730    0.00    0.00    0.00    0.00    0.00     2      0.00      0.00   56956    7068   0.09      0.00      0.00      0.00       0  nginx
1791503589     33       731    0.00    0.00    0.00    0.00    0.00     1      0.00      0.00   56956    7068   0.09      0.00      0.00      0.00       0  nginx
1791503589     33       732    2.00    0.00    0.00    0.00    2.00     0     73.00      0.00   57644   10908   0.13      0.00      0.00      0.00       0  nginx
1791503589    112       738    3.00    2.00    0.00    0.00    5.00     2    120.00      0.00 2836548  491784   6.06      0.00   1844.00      0.00       0  mysqld
1791503589   1100       878    3.00    2.00    0.00    0.00    5.00     3    130.00      0.00 1680460   15228   0.19      0.00      0.00      0.00       0  isupipe

# Time        UID       PID    %usr %system  %guest   %wait    %CPU   CPU  minflt/s  majflt/s     VSZ     RSS   %MEM   kB_rd/s   kB_wr/s kB_ccwr/s iodelay  Command
1791503590      0        13    0.00    0.00    0.00    0.00    0.00     0      0.00      0.00       0       0   0.00      0.00      0.00      0.00       0  ksoftirqd/0
1791503590      0        22    1.00    0.00    0.00    0.00    1.00     1      0.00      0.00       0       0   0.00      0.00      0.00      0.00       0  ksoftirqd/1
1791503590      0        28    0.00    1.00    0.00    0.00    1.00     2      0.00      0.00       0       0   0.00      0.00      0.00      0.00       0  ksoftirqd/2
1791503590      0        34    0.00    0.00    0.00    1.00    0.00     3      0.00      0.00       0       0   0.00      0.00      0.00      0.00       0  ksoftirqd/3
1791503590      0       343    0.00    0.00    0.00    0.00    0.00     0      0.00      0.00       0       0   0.00      0.00      8.00      0.00       0  jbd2/sda1-8
1791503590      0       418    1.00    0.00    0.00    1.00    1.00     3      2.00      7.00   63656   15208   0.19     96.00     20.00      0.00       0  systemd-journal
1791503590    104       666    0.00    0.00    0.00    0.00    0.00     2      0.00      0.00  222072    4484   0.06      0.00      0.00      0.00       0  rsyslogd
1791503590      0       728    0.00    0.00    0.00    0.00    0.00     0      0.00      0.00   56244    2480   0.03      0.00      0.00      0.00       0  nginx
1791503590     33       729    7.00    8.00    0.00   16.00   15.00     3    450.00      0.00   57644   11244   0.14      0.00   1116.00   1116.00       0  nginx
1791503590     33       730    1.00    2.00    0.00    2.00    3.00     3    314.00      0.00   57092   10660   0.13      0.00    196.00    196.00       0  nginx
1791503590     33       731    5.00    5.00    0.00    8.00   10.00     3    376.00      0.00   57368   10924   0.13      0.00    200.00    200.00       0  nginx
1791503590     33       732   11.00   17.00    0.00   21.00   28.00     2    226.00      0.00   58336   12016   0.15      0.00   2144.00   1824.00       0  nginx
1791503590    112       738   69.00   15.00    0.00    0.00   84.00     0   3610.00      0.00 2856288  502480   6.19      0.00  15372.00      0.00       0  mysqld
1791503590   1100       878   49.00   30.00    0.00   19.00   79.00     0   2999.00      0.00 2049932   21016   0.26      0.00      0.00      0.00       0  isupipe

# Time        UID       PID    %usr %system  %guest   %wait    %CPU   CPU  minflt/s  majflt/s     VSZ     RSS   %MEM   kB_rd/s   kB_wr/s kB_ccwr/s iodelay  Command
1791503591      0        13    0.00    0.00    0.00    0.00    0.00     0      0.00      0.00       0       0   0.00      0.00      0.00      0.00       0  ksoftirqd/0
1791503591      0        22    0.00    0.00    0.00    0.00    0.00     1      0.00      0.00       0       0   0.00      0.00      0.00      0.00       0  ksoftirqd/1
1791503591      0        28    0.00    0.00    0.00    0.00    0.00     2      0.00      0.00       0       0   0.00      0.00      0.00      0.00       0  ksoftirqd/2
1791503591      0        34    0.00    1.00    0.00    0.00    1.00     3      0.00      0.00       0       0   0.00      0.00      0.00      0.00       0  ksoftirqd/3
1791503591      0       343    0.00    1.00    0.00    0.00    1.00     0      0.00      0.00       0       0   0.00      0.00      0.00      0.00       0  jbd2/sda1-8
1791503591      0       418    0.00    0.00    0.00    0.00    0.00     3      0.00      0.00   63656   15208   0.19      0.00      0.00      0.00       0  systemd-journal
1791503591    104       666    0.00    0.00    0.00    0.00    0.00     2      0.00      0.00  222072    4484   0.06      0.00      0.00      0.00       0  rsyslogd
1791503591      0       728    0.00    0.00    0.00    0.00    0.00     0      0.00      0.00   56244    2480   0.03      0.00      0.00      0.00       0  nginx
1791503591     33       729    9.00   11.00    0.00   35.00   20.00     0    128.00      0.00   58044   11772   0.15      0.00    832.00    688.00       0  nginx
1791503591     33       730    5.00    8.00    0.00   13.00   13.00     3     85.00      0.00   57488   10980   0.14      0.00    872.00    804.00       0  nginx
1791503591     33       731    7.00   10.00    0.00   20.00   17.00     0    138.00      0.00   57900   11508   0.14      0.00   1268.00   1168.00       0  nginx
1791503591     33       732   10.00   14.00    0.00   40.00   24.00     0    118.00      0.00   58752   12544   0.15      0.00   1236.00   1048.00       0  nginx
1791503591    112       738   68.00   22.00    0.00    0.00   90.00     2   1920.00      0.00 2858344  507960   6.26      0.00  11200.00      0.00       0  mysqld
1791503591   1100       878   58.00   36.00    0.00   32.00   94.00     2   3401.00      0.00 2050188   21484   0.26      0.00      0.00      0.00       0  isupipe

# Time        UID       PID    %usr %system  %guest   %wait    %CPU   CPU  minflt/s  majflt/s     VSZ     RSS   %MEM   kB_rd/s   kB_wr/s kB_ccwr/s iodelay  Command
1791503592      0        13    0.00    0.00    0.00    0.00    0.00     0      0.00      0.00       0       0   0.00      0.00      0.00      0.00       0  ksoftirqd/0
1791503592      0        22    0.00    0.00    0.00    0.00    0.00     1      0.00      0.00       0       0   0.00      0.00      0.00      0.00       0  ksoftirqd/1
1791503592      0        28    0.00    0.00    0.00    0.00    0.00     2      0.00      0.00       0       0   0.00      0.00      0.00      0.00       0  ksoftirqd/2
1791503592      0        34    0.00    1.00    0.00    0.00    1.00     3      0.00      0.00       0       0   0.00      0.00      0.00      0.00       0  ksoftirqd/3
1791503592      0       343    0.00    0.00    0.00    0.00    0.00     3      0.00      0.00       0       0   0.00      0.00      0.00      0.00       0  jbd2/sda1-8
1791503592      0       418    0.00    0.00    0.00    0.00    0.00     3      0.00      0.00   63656   15208   0.19      0.00      0.00      0.00       0  systemd-journal
1791503592    104       666    0.00    0.00    0.00    0.00    0.00     2      0.00      0.00  222072    4484   0.06      0.00      0.00      0.00       0  rsyslogd
1791503592      0       728    0.00    0.00    0.00    0.00    0.00     0      0.00      0.00   56244    2480   0.03      0.00      0.00      0.00       0  nginx
1791503592     33       729    9.00    9.00    0.00   29.00   18.00     3    110.00      0.00   58448   12036   0.15      0.00    768.00    560.00       0  nginx
1791503592     33       730    5.00    7.00    0.00   14.00   12.00     3     91.00      0.00   57776   11244   0.14      0.00    744.00    604.00       0  nginx
1791503592     33       731    6.00   11.00    0.00   17.00   17.00     1     83.00      0.00   58172   11772   0.15      0.00    740.00    608.00       0  nginx
1791503592     33       732   10.00   13.00    0.00   35.00   23.00     3    131.00      0.00   59296   13072   0.16      0.00   1652.00   1408.00       0  nginx
1791503592    112       738   69.00   21.00    0.00    1.00   90.00     2    764.00      0.00 2858344  510912   6.29      0.00   8140.00      0.00       0  mysqld
1791503592   1100       878   59.00   30.00    0.00   19.00   89.00     1   3026.00      0.00 2050188   22172   0.27      0.00      0.00      0.00       0  isupipe

# Time        UID       PID    %usr %system  %guest   %wait    %CPU   CPU  minflt/s  majflt/s     VSZ     RSS   %MEM   kB_rd/s   kB_wr/s kB_ccwr/s iodelay  Command
1791503593      0        13    0.00    0.00    0.00    0.00    0.00     0      0.00      0.00       0       0   0.00      0.00      0.00      0.00       0  ksoftirqd/0
1791503593      0        22    0.00    0.00    0.00    0.00    0.00     1      0.00      0.00       0       0   0.00      0.00      0.00      0.00       0  ksoftirqd/1
1791503593      0        28    0.00    0.00    0.00    0.00    0.00     2      0.00      0.00       0       0   0.00      0.00      0.00      0.00       0  ksoftirqd/2
1791503593      0        34    0.00    1.00    0.00    0.00    1.00     3      0.00      0.00       0       0   0.00      0.00      0.00      0.00       0  ksoftirqd/3
1791503593      0       343    0.00    1.00    0.00    0.00    1.00     0      0.00      0.00       0       0   0.00      0.00      0.00      0.00       0  jbd2/sda1-8
1791503593      0       418    0.00    0.00    0.00    0.00    0.00     3      0.00      0.00   63656   15208   0.19      0.00      0.00      0.00       0  systemd-journal
1791503593    104       666    0.00    0.00    0.00    0.00    0.00     2      0.00      0.00  222072    4484   0.06      0.00      0.00      0.00       0  rsyslogd
1791503593      0       728    0.00    0.00    0.00    0.00    0.00     0      0.00      0.00   56244    2480   0.03      0.00      0.00      0.00       0  nginx
1791503593     33       729   10.00    9.00    0.00   28.00   19.00     3     93.00      0.00   58856   12564   0.15      0.00    604.00    424.00       0  nginx
1791503593     33       730    5.00    7.00    0.00   14.00   12.00     0     49.00      0.00   57916   11508   0.14      0.00    504.00    432.00       0  nginx
1791503593     33       731    7.00    8.00    0.00   19.00   15.00     0     80.00      0.00   58452   12036   0.15      0.00    848.00    616.00       0  nginx
1791503593     33       732    8.00   16.00    0.00   30.00   24.00     0    191.00      0.00   59968   13864   0.17      0.00   1644.00   1448.00       0  nginx
1791503593    112       738   65.00   26.00    0.00    1.00   91.00     1    889.00      0.00 2858344  513916   6.33      0.00   7028.00      0.00       0  mysqld
1791503593   1100       878   57.00   32.00    0.00   21.00   89.00     0   1715.00      0.00 2050188   23492   0.29      0.00      0.00      0.00       0  isupipe

# Time        UID       PID    %usr %system  %guest   %wait    %CPU   CPU  minflt/s  majflt/s     VSZ     RSS   %MEM   kB_rd/s   kB_wr/s kB_ccwr/s iodelay  Command
1791503594      0        13    0.00    0.00    0.00    0.00    0.00     0      0.00      0.00       0       0   0.00      0.00      0.00      0.00       0  ksoftirqd/0
1791503594      0        22    0.00    0.00    0.00    0.00    0.00     1      0.00      0.00       0       0   0.00      0.00      0.00      0.00       0  ksoftirqd/1
1791503594      0        28    0.00    0.00    0.00    0.00    0.00     2      0.00      0.00       0       0   0.00      0.00      0.00      0.00       0  ksoftirqd/2
1791503594      0        34    0.00    1.00    0.00    0.00    1.00     3      0.00      0.00       0       0   0.00      0.00      0.00      0.00       0  ksoftirqd/3
1791503594      0       343    0.00    0.00    0.00    1.00    0.00     2      0.00      0.00       0       0   0.00      0.00      0.00      0.00       0  jbd2/sda1-8
1791503594      0       418    0.00    0.00    0.00    0.00    0.00     3      0.00      0.00   63656   15208   0.19      0.00      0.00      0.00       0  systemd-journal
1791503594    104       666    0.00    0.00    0.00    0.00    0.00     2      0.00      0.00  222072    4484   0.06      0.00      0.00      0.00       0  rsyslogd
1791503594      0       728    0.00    0.00    0.00    0.00    0.00     0      0.00      0.00   56244    2480   0.03      0.00      0.00      0.00       0  nginx
1791503594     33       729    9.00    9.00    0.00   31.00   18.00     3     89.00      0.00   59260   12828   0.16      0.00    936.00    732.00       0  nginx
1791503594     33       730    5.00    8.00    0.00   16.00   13.00     3     97.00      0.00   58332   12036   0.15      0.00    744.00    644.00       0  nginx
1791503594     33       731    7.00    9.00    0.00   24.00   16.00     3    109.00      0.00   58868   12564   0.15      0.00    752.00    704.00       0  nginx
1791503594     33       732   10.00   16.00    0.00   41.00   26.00     3    110.00      0.00   60512   14128   0.17      0.00   1680.00   1428.00       0  nginx
1791503594    112       738   66.00   23.00    0.00    0.00   89.00     2   1141.00      0.00 2858344  517840   6.38      0.00  12888.00      0.00       0  mysqld
1791503594   1100       878   58.00   35.00    0.00   23.00   93.00     2   3096.00      0.00 2050188   23432   0.29      0.00      0.00      0.00       0  isupipe

# Time        UID       PID    %usr %system  %guest   %wait    %CPU   CPU  minflt/s  majflt/s     VSZ     RSS   %MEM   kB_rd/s   kB_wr/s kB_ccwr/s iodelay  Command
1791503595      0        13    0.00    0.00    0.00    0.00    0.00     0      0.00      0.00       0       0   0.00      0.00      0.00      0.00       0  ksoftirqd/0
1791503595      0        22    0.00    0.00    0.00    0.00    0.00     1      0.00      0.00       0       0   0.00      0.00      0.00      0.00       0  ksoftirqd/1
1791503595      0        28    0.00    0.00    0.00    0.00    0.00     2      0.00      0.00       0       0   0.00      0.00      0.00      0.00       0  ksoftirqd/2
1791503595      0        34    0.00    1.00    0.00    0.00    1.00     3      0.00      0.00       0       0   0.00      0.00      0.00      0.00       0  ksoftirqd/3
1791503595      0       343    0.00    1.00    0.00    0.00    1.00     2      0.00      0.00       0       0   0.00      0.00      4.00      0.00       0  jbd2/sda1-8
1791503595      0       418    0.00    0.00    0.00    0.00    0.00     3      1.00      1.00   63656   15208   0.19      0.00      4.00      0.00       0  systemd-journal
1791503595    104       666    0.00    0.00    0.00    0.00    0.00     2      0.00      0.00  222072    4484   0.06      0.00      8.00      0.00       0  rsyslogd
1791503595      0       728    0.00    0.00    0.00    0.00    0.00     0      0.00      0.00   56244    2480   0.03      0.00      0.00      0.00       0  nginx
1791503595     33       729   10.00    7.00    0.00   36.00   17.00     3     56.00      0.00   59392   13092   0.16      0.00    836.00    676.00       0  nginx
1791503595     33       730    5.00   10.00    0.00   23.00   15.00     0     55.00      0.00   58604   12036   0.15      0.00    296.00    164.00       0  nginx
1791503595     33       731    6.00   11.00    0.00   17.00   17.00     3    133.00      0.00   59424   13092   0.16      0.00   1068.00    912.00       0  nginx
1791503595     33       732    8.00   14.00    0.00   39.00   22.00     0     58.00      0.00   60644   14392   0.18      0.00   2104.00   1808.00       0  nginx
1791503595    112       738   67.00   23.00    0.00    0.00   90.00     0    779.00      0.00 2858344  520744   6.41      0.00   7068.00      0.00       0  mysqld
1791503595   1100       878   58.00   32.00    0.00   24.00   90.00     1   2446.00      0.00 2050188   24388   0.30      0.00      0.00      0.00       0  isupipe

# Time        UID       PID    %usr %system  %guest   %wait    %CPU   CPU  minflt/s  majflt/s     VSZ     RSS   %MEM   kB_rd/s   kB_wr/s kB_ccwr/s iodelay  Command
1791503596      0        13    1.00    0.00    0.00    0.00    1.00     0      0.00      0.00       0       0   0.00      0.00      0.00      0.00       0  ksoftirqd/0
1791503596      0        22    1.00    0.00    0.00    0.00    1.00     1      0.00      0.00       0       0   0.00      0.00      0.00      0.00       0  ksoftirqd/1
1791503596      0        28    0.00    0.00    0.00    0.00    0.00     2      0.00      0.00       0       0   0.00      0.00      0.00      0.00       0  ksoftirqd/2
1791503596      0        34    0.00    1.00    0.00    0.00    1.00     3      0.00      0.00       0       0   0.00      0.00      0.00      0.00       0  ksoftirqd/3
1791503596      0       343    0.00    0.00    0.00    0.00    0.00     2      0.00      0.00       0       0   0.00      0.00      0.00      0.00       0  jbd2/sda1-8
1791503596      0       418    0.00    0.00    0.00    0.00    0.00     3      1.00      3.00   63656   15208   0.19      0.00     12.00      0.00       0  systemd-journal
1791503596    104       666    0.00    0.00    0.00    0.00    0.00     2      0.00      0.00  222072    4484   0.06      0.00      0.00      0.00       0  rsyslogd
1791503596      0       728    0.00    0.00    0.00    0.00    0.00     0      0.00      0.00   56244    2480   0.03      0.00      0.00      0.00       0  nginx
1791503596     33       729    7.00   12.00    0.00   31.00   19.00     3     17.00      0.00   59536   13092   0.16      0.00    868.00    680.00       0  nginx
1791503596     33       730    6.00   11.00    0.00   17.00   17.00     3     57.00      0.00   58748   12300   0.15      0.00    660.00    524.00       0  nginx
1791503596     33       731    5.00   12.00    0.00   20.00   17.00     2      7.00      0.00   59424   13092   0.16      0.00    820.00    692.00       0  nginx
1791503596     33       732   10.00   15.00    0.00   36.00   25.00     2    159.00      0.00   61312   14920   0.18      0.00   1556.00   1376.00       0  nginx
1791503596    112       738   66.00   19.00    0.00    1.00   85.00     1    714.00      0.00 2858344  523584   6.45     16.00  12344.00      0.00       0  mysqld
1791503596   1100       878   55.00   38.00    0.00   24.00   93.00     1   2290.00      0.00 2050444   25016   0.31      0.00      0.00      0.00       0  isupipe

# Time        UID       PID    %usr %system  %guest   %wait    %CPU   CPU  minflt/s  majflt/s     VSZ     RSS   %MEM   kB_rd/s   kB_wr/s kB_ccwr/s iodelay  Command
1791503597      0        13    0.00    0.00    0.00    0.00    0.00     0      0.00      0.00       0       0   0.00      0.00      0.00      0.00       0  ksoftirqd/0
1791503597      0        22    0.00    0.00    0.00    0.00    0.00     1      0.00      0.00       0       0   0.00      0.00      0.00      0.00       0  ksoftirqd/1
1791503597      0        28    0.00    1.00    0.00    0.00    1.00     2      0.00      0.00       0       0   0.00      0.00      0.00      0.00       0  ksoftirqd/2
1791503597      0        34    0.00    1.00    0.00    0.00    1.00     3      0.00      0.00       0       0   0.00      0.00      0.00      0.00       0  ksoftirqd/3
1791503597      0       343    0.00    1.00    0.00    0.00    1.00     0      0.00      0.00       0       0   0.00      0.00      0.00      0.00       0  jbd2/sda1-8
1791503597      0       418    0.00    0.00    0.00    0.00    0.00     3      0.00      2.00   63656   15208   0.19    128.00      4.00      0.00       0  systemd-journal
1791503597    104       666    0.00    0.00    0.00    0.00    0.00     2      0.00      0.00  222072    4484   0.06      0.00      0.00      0.00       0  rsyslogd
1791503597      0       728    0.00    0.00    0.00    0.00    0.00     0      0.00      0.00   56244    2480   0.03      0.00      0.00      0.00       0  nginx
1791503597     33       729    9.00   11.00    0.00   28.00   20.00     3     11.00      0.00   59536   13092   0.16      0.00    620.00    424.00       0  nginx
1791503597     33       730    5.00    6.00    0.00   13.00   11.00     3      6.00      0.00   58748   12300   0.15      0.00    500.00    380.00       0  nginx
1791503597     33       731    5.00   12.00    0.00   18.00   17.00     3     67.00      0.00   59712   13356   0.16      0.00    940.00    816.00       0  nginx
1791503597     33       732   16.00   13.00    0.00   34.00   29.00     3     90.00      0.00   61712   15448   0.19      0.00   1732.00   1364.00       0  nginx
1791503597    112       738   69.00   22.00    0.00    0.00   91.00     2    618.00      0.00 2858344  526472   6.48      0.00  11892.00      0.00       0  mysqld
1791503597   1100       878   55.00   35.00    0.00   26.00   90.00     1   2287.00      0.00 2050444   28212   0.35      0.00      0.00      0.00       0  isupipe

# Time        UID       PID    %usr %system  %guest   %wait    %CPU   CPU  minflt/s  majflt/s     VSZ     RSS   %MEM   kB_rd/s   kB_wr/s kB_ccwr/s iodelay  Command
1791503598      0        13    0.00    0.00    0.00    0.00    0.00     0      0.00      0.00       0       0   0.00      0.00      0.00      0.00       0  ksoftirqd/0
1791503598      0        22    0.00    0.00    0.00    0.00    0.00     1      0.00      0.00       0       0   0.00      0.00      0.00      0.00       0  ksoftirqd/1
1791503598      0        28    0.00    0.00    0.00    0.00    0.00     2      0.00      0.00       0       0   0.00      0.00      0.00      0.00       0  ksoftirqd/2
1791503598      0        34    0.00    1.00    0.00    0.00    1.00     3      0.00      0.00       0       0   0.00      0.00      0.00      0.00       0  ksoftirqd/3
1791503598      0       343    0.00    1.00    0.00    0.00    1.00     1      0.00      0.00       0       0   0.00      0.00      0.00      0.00       0  jbd2/sda1-8
1791503598      0       418    0.00    0.00    0.00    0.00    0.00     3      0.00      0.00   63656   15208   0.19      0.00      0.00      0.00       0  systemd-journal
1791503598    104       666    0.00    0.00    0.00    0.00    0.00     2      0.00      0.00  222072    4484   0.06      0.00      0.00      0.00       0  rsyslogd
1791503598      0       728    0.00    0.00    0.00    0.00    0.00     0      0.00      0.00   56244    2480   0.03      0.00      0.00      0.00       0  nginx
1791503598     33       729    6.00   11.00    0.00   27.00   17.00     2     99.00      0.00   59944   13620   0.17      0.00   1100.00    924.00       0  nginx
1791503598     33       730    6.00   10.00    0.00   19.00   16.00     3     75.00      0.00   59164   12564   0.15      0.00    596.00    476.00       0  nginx
1791503598     33       731    5.00   12.00    0.00   25.00   17.00     3     31.00      0.00   59844   13356   0.16      0.00    736.00    604.00       0  nginx
1791503598     33       732    7.00   16.00    0.00   42.00   23.00     3     10.00      0.00   61712   15448   0.19      0.00   1580.00   1356.00       0  nginx
1791503598    112       738   66.00   21.00    0.00    1.00   87.00     1    602.00      0.00 2858344  528276   6.51      0.00   8936.00      0.00       0  mysqld
1791503598   1100       878   49.00   37.00    0.00   14.00   86.00     2   1352.00      0.00 2050444   28436   0.35      0.00      0.00      0.00       0  isupipe

# Time        UID       PID    %usr %system  %guest   %wait    %CPU   CPU  minflt/s  majflt/s     VSZ     RSS   %MEM   kB_rd/s   kB_wr/s kB_ccwr/s iodelay  Command
1791503599      0        13    0.00    0.00    0.00    0.00    0.00     0      0.00      0.00       0       0   0.00      0.00      0.00      0.00       0  ksoftirqd/0
1791503599      0        22    0.00    0.00    0.00    0.00    0.00     1      0.00      0.00       0       0   0.00      0.00      0.00      0.00       0  ksoftirqd/1
1791503599      0        28    0.00    0.00    0.00    0.00    0.00     2      0.00      0.00       0       0   0.00      0.00      0.00      0.00       0  ksoftirqd/2
1791503599      0        34    0.00    1.00    0.00    0.00    1.00     3      0.00      0.00       0       0   0.00      0.00      0.00      0.00       0  ksoftirqd/3
1791503599      0       343    0.00    1.00    0.00    1.00    1.00     1      0.00      0.00       0       0   0.00      0.00      0.00      0.00       0  jbd2/sda1-8
1791503599      0       418    0.00    0.00    0.00    0.00    0.00     3      0.00      0.00   63656   15208   0.19      0.00      0.00      0.00       0  systemd-journal
1791503599    104       666    0.00    0.00    0.00    0.00    0.00     2      0.00      0.00  222072    4484   0.06      0.00      0.00      0.00       0  rsyslogd
1791503599      0       728    0.00    0.00    0.00    0.00    0.00     0      0.00      0.00   56244    2480   0.03      0.00      0.00      0.00       0  nginx
1791503599     33       729    6.00   11.00    0.00   34.00   17.00     3     45.00      0.00   60084   13884   0.17      0.00    940.00    808.00       0  nginx
1791503599     33       730    7.00    7.00    0.00   17.00   14.00     3     32.00      0.00   59164   12828   0.16      0.00    596.00    480.00       0  nginx
1791503599     33       731    5.00   11.00    0.00   30.00   16.00     3     12.00      0.00   59844   13620   0.17      0.00   1008.00    856.00       0  nginx
1791503599     33       732    8.00   15.00    0.00   38.00   23.00     2     15.00      0.00   61848   15448   0.19      0.00    992.00    816.00       0  nginx
1791503599    112       738   67.00   25.00    0.00    1.00   92.00     3   9578.00      0.00 2858344  567068   6.98      0.00  14720.00      0.00       0  mysqld
1791503599   1100       878   52.00   38.00    0.00   28.00   90.00     1   2167.00      0.00 2050444   27396   0.34      0.00      0.00      0.00       0  isupipe

# Time        UID       PID    %usr %system  %guest   %wait    %CPU   CPU  minflt/s  majflt/s     VSZ     RSS   %MEM   kB_rd/s   kB_wr/s kB_ccwr/s iodelay  Command
1791503600      0        13    0.00    0.00    0.00    0.00    0.00     0      0.00      0.00       0       0   0.00      0.00      0.00      0.00       0  ksoftirqd/0
1791503600      0        22    0.00    0.00    0.00    0.00    0.00     1      0.00      0.00       0       0   0.00      0.00      0.00      0.00       0  ksoftirqd/1
1791503600      0        28    0.00    0.00    0.00    0.00    0.00     2      0.00      0.00       0       0   0.00      0.00      0.00      0.00       0  ksoftirqd/2
1791503600      0        34    0.00    1.00    0.00    0.00    1.00     3      0.00      0.00       0       0   0.00      0.00      0.00      0.00       0  ksoftirqd/3
1791503600      0       343    0.00    0.00    0.00    0.00    0.00     0      0.00      0.00       0       0   0.00      0.00      0.00      0.00       0  jbd2/sda1-8
1791503600      0       418    0.00    0.00    0.00    0.00    0.00     0      1.00     34.00   63656   15444   0.19      0.00    136.00      0.00       0  systemd-journal
1791503600    104       666    0.00    0.00    0.00    0.00    0.00     2      0.00      0.00  222072    4484   0.06      0.00      0.00      0.00       0  rsyslogd
1791503600      0       728    0.00    0.00    0.00    0.00    0.00     0      0.00      0.00   56244    2480   0.03      0.00      0.00      0.00       0  nginx
1791503600     33       729    6.00   15.00    0.00   30.00   21.00     3     42.00      0.00   60220   13884   0.17      0.00   1000.00    844.00       0  nginx
1791503600     33       730    3.00    6.00    0.00    8.00    9.00     3     51.00      0.00   59436   13092   0.16      0.00    848.00    772.00       0  nginx
1791503600     33       731    5.00   10.00    0.00   23.00   15.00     0      0.00      0.00   59844   13620   0.17      0.00    604.00    452.00       0  nginx
1791503600     33       732   11.00   17.00    0.00   33.00   28.00     3     85.00      0.00   62116   15712   0.19      0.00    952.00    716.00       0  nginx
1791503600    112       738   67.00   22.00    0.00    1.00   89.00     0    617.00      0.00 2858344  569356   7.01      0.00  16804.00      0.00       0  mysqld
1791503600   1100       878   63.00   29.00    0.00   30.00   92.00     3   1056.00      0.00 2050444   29032   0.36      0.00      0.00      0.00       0  isupipe

# Time        UID       PID    %usr %system  %guest   %wait    %CPU   CPU  minflt/s  majflt/s     VSZ     RSS   %MEM   kB_rd/s   kB_wr/s kB_ccwr/s iodelay  Command
1791503601      0        13    0.00    0.00    0.00    0.00    0.00     0      0.00      0.00       0       0   0.00      0.00      0.00      0.00       0  ksoftirqd/0
1791503601      0        22    1.00    0.00    0.00    0.00    1.00     1      0.00      0.00       0       0   0.00      0.00      0.00      0.00       0  ksoftirqd/1
1791503601      0        28    0.00    0.00    0.00    0.00    0.00     2      0.00      0.00       0       0   0.00      0.00      0.00      0.00       0  ksoftirqd/2
1791503601      0        34    0.00    1.00    0.00    0.00    1.00     3      0.00      0.00       0       0   0.00      0.00      0.00      0.00       0  ksoftirqd/3
1791503601      0       343    0.00    1.00    0.00    0.00    1.00     2      0.00      0.00       0       0   0.00      0.00     24.00      0.00       0  jbd2/sda1-8
1791503601      0       418    0.00    0.00    0.00    0.00    0.00     0      1.00      4.00   63656   15444   0.19    212.00      8.00      0.00       0  systemd-journal
1791503601    104       666    0.00    0.00    0.00    0.00    0.00     2      0.00      0.00  222072    4484   0.06      0.00      4.00      0.00       0  rsyslogd
1791503601      0       728    0.00    0.00    0.00    0.00    0.00     0      0.00      0.00   56244    2480   0.03      0.00      0.00      0.00       0  nginx
1791503601     33       729    8.00   10.00    0.00   34.00   18.00     3     31.00      0.00   60356   14148   0.17      0.00   1144.00    948.00       0  nginx
1791503601     33       730    6.00    6.00    0.00   12.00   12.00     3      4.00      0.00   59436   13092   0.16      0.00    248.00    192.00       0  nginx
1791503601     33       731    8.00   10.00    0.00   18.00   18.00     3      7.00      0.00   59984   13620   0.17      0.00   1276.00   1128.00       0  nginx
1791503601     33       732   10.00   16.00    0.00   43.00   26.00     3     15.00      0.00   62248   15976   0.20      0.00   1256.00   1000.00       0  nginx
1791503601    112       738   68.00   24.00    0.00    1.00   92.00     2    761.00      0.00 2858344  571976   7.05      0.00  16408.00      0.00       0  mysqld
1791503601   1100       878   56.00   36.00    0.00   20.00   92.00     0   2338.00      0.00 2050444   28824   0.36      0.00      0.00      0.00       0  isupipe

# Time        UID       PID    %usr %system  %guest   %wait    %CPU   CPU  minflt/s  majflt/s     VSZ     RSS   %MEM   kB_rd/s   kB_wr/s kB_ccwr/s iodelay  Command
1791503602      0        13    1.00    0.00    0.00    0.00    1.00     0      0.00      0.00       0       0   0.00      0.00      0.00      0.00       0  ksoftirqd/0
1791503602      0        22    0.00    0.00    0.00    0.00    0.00     1      0.00      0.00       0       0   0.00      0.00      0.00      0.00       0  ksoftirqd/1
1791503602      0        28    0.00    0.00    0.00    0.00    0.00     2      0.00      0.00       0       0   0.00      0.00      0.00      0.00       0  ksoftirqd/2
1791503602      0        34    0.00    1.00    0.00    0.00    1.00     3      0.00      0.00       0       0   0.00      0.00      0.00      0.00       0  ksoftirqd/3
1791503602      0       343    0.00    2.00    0.00    1.00    2.00     2      0.00      0.00       0       0   0.00      0.00     24.00      0.00       0  jbd2/sda1-8
1791503602      0       418    0.00    0.00    0.00    0.00    0.00     0      0.00      0.00   63656   15444   0.19      0.00      0.00      0.00       0  systemd-journal
1791503602    104       666    0.00    0.00    0.00    0.00    0.00     2      0.00      0.00  222072    4484   0.06      0.00      0.00      0.00       0  rsyslogd
1791503602      0       728    0.00    0.00    0.00    0.00    0.00     0      0.00      0.00   56244    2480   0.03      0.00      0.00      0.00       0  nginx
1791503602     33       729    7.00   12.00    0.00   29.00   19.00     3     39.00      0.00   60500   14148   0.17      0.00    548.00    372.00       0  nginx
1791503602     33       730    5.00   12.00    0.00   27.00   17.00     3     31.00      0.00   59572   13092   0.16    144.00    616.00    516.00       0  nginx
1791503602     33       731    7.00   10.00    0.00   25.00   17.00     3     27.00      0.00   59984   13620   0.17      0.00    852.00    732.00       0  nginx
1791503602     33       732    7.00   16.00    0.00   35.00   23.00     3     29.00      0.00   62248   15976   0.20      0.00   2048.00   1796.00       0  nginx
1791503602    112       738   64.00   27.00    0.00    0.00   91.00     0    687.00      0.00 2858344  574864   7.08      0.00  22676.00      0.00       0  mysqld
1791503602   1100       878   56.00   34.00    0.00   30.00   90.00     1   2307.00      0.00 2050444   28588   0.35      0.00      0.00      0.00       0  isupipe

# Time        UID       PID    %usr %system  %guest   %wait    %CPU   CPU  minflt/s  majflt/s     VSZ     RSS   %MEM   kB_rd/s   kB_wr/s kB_ccwr/s iodelay  Command
1791503603      0        13    0.00    0.00    0.00    0.00    0.00     0      0.00      0.00       0       0   0.00      0.00      0.00      0.00       0  ksoftirqd/0
1791503603      0        22    0.00    0.00    0.00    0.00    0.00     1      0.00      0.00       0       0   0.00      0.00      0.00      0.00       0  ksoftirqd/1
1791503603      0        28    0.00    0.00    0.00    0.00    0.00     2      0.00      0.00       0       0   0.00      0.00      0.00      0.00       0  ksoftirqd/2
1791503603      0        34    0.00    1.00    0.00    0.00    1.00     3      0.00      0.00       0       0   0.00      0.00      0.00      0.00       0  ksoftirqd/3
1791503603      0       343    0.00    1.00    0.00    0.00    1.00     1      0.00      0.00       0       0   0.00      0.00      0.00      0.00       0  jbd2/sda1-8
1791503603      0       418    0.00    0.00    0.00    0.00    0.00     0      1.00      2.00   63656   15444   0.19      0.00      8.00      0.00       0  systemd-journal
1791503603    104       666    0.00    0.00    0.00    0.00    0.00     2      0.00      0.00  222072    4484   0.06      0.00      0.00      0.00       0  rsyslogd
1791503603      0       728    0.00    0.00    0.00    0.00    0.00     0      0.00      0.00   56244    2480   0.03      0.00      0.00      0.00       0  nginx
1791503603     33       729    6.00   12.00    0.00   36.00   18.00     1     20.00      0.00   60632   14412   0.18      0.00    900.00    760.00       0  nginx
1791503603     33       730    6.00    9.00    0.00   20.00   15.00     3      4.00      0.00   59572   13092   0.16      0.00    760.00    612.00       0  nginx
1791503603     33       731    7.00   10.00    0.00   25.00   17.00     0     47.00      0.00   60252   13884   0.17      0.00   1196.00   1040.00       0  nginx
1791503603     33       732    9.00   15.00    0.00   44.00   24.00     0     76.00      0.00   62664   16240   0.20      0.00   1572.00   1368.00       0  nginx
1791503603    112       738   60.00   27.00    0.00    0.00   87.00     2    770.00      0.00 2858344  577764   7.12      0.00  18592.00      0.00       0  mysqld
1791503603   1100       878   55.00   32.00    0.00   20.00   87.00     0   2374.00      0.00 2050444   29060   0.36      0.00      0.00      0.00       0  isupipe

# Time        UID       PID    %usr %system  %guest   %wait    %CPU   CPU  minflt/s  majflt/s     VSZ     RSS   %MEM   kB_rd/s   kB_wr/s kB_ccwr/s iodelay  Command
1791503604      0        13    0.00    0.00    0.00    0.00    0.00     0      0.00      0.00       0       0   0.00      0.00      0.00      0.00       0  ksoftirqd/0
1791503604      0        22    0.00    0.00    0.00    0.00    0.00     1      0.00      0.00       0       0   0.00      0.00      0.00      0.00       0  ksoftirqd/1
1791503604      0        28    0.00    1.00    0.00    0.00    1.00     2      0.00      0.00       0       0   0.00      0.00      0.00      0.00       0  ksoftirqd/2
1791503604      0        34    0.00    1.00    0.00    0.00    1.00     3      0.00      0.00       0       0   0.00      0.00      0.00      0.00       0  ksoftirqd/3
1791503604      0       343    0.00    1.00    0.00    0.00    1.00     0      0.00      0.00       0       0   0.00      0.00      0.00      0.00       0  jbd2/sda1-8
1791503604      0       418    0.00    0.00    0.00    0.00    0.00     0      0.00      7.00   63656   15444   0.19      0.00     28.00      0.00       0  systemd-journal
1791503604    104       666    0.00    0.00    0.00    0.00    0.00     2      0.00      0.00  222072    4484   0.06      0.00      0.00      0.00       0  rsyslogd
1791503604      0       728    0.00    0.00    0.00    0.00    0.00     0      0.00      0.00   56244    2480   0.03      0.00      0.00      0.00       0  nginx
1791503604     33       729    8.00    9.00    0.00   32.00   17.00     3      3.00      0.00   60632   14412   0.18      0.00    932.00    776.00       0  nginx
1791503604     33       730    9.00    7.00    0.00   19.00   16.00     3     21.00      0.00   59704   13356   0.16      0.00    780.00    684.00       0  nginx
1791503604     33       731    7.00   10.00    0.00   30.00   17.00     3     13.00      0.00   60252   13884   0.17      0.00    748.00    600.00       0  nginx
1791503604     33       732   11.00   14.00    0.00   35.00   25.00     3     77.00      0.00   62936   16504   0.20      0.00   1436.00   1184.00       0  nginx
1791503604    112       738   70.00   21.00    0.00    1.00   91.00     1    686.00      0.00 2858344  580400   7.15      0.00  14264.00      0.00       0  mysqld
1791503604   1100       878   60.00   26.00    0.00   28.00   86.00     0    958.00      0.00 2050444   28924   0.36      0.00      0.00      0.00       0  isupipe

# Time        UID       PID    %usr %system  %guest   %wait    %CPU   CPU  minflt/s  majflt/s     VSZ     RSS   %MEM   kB_rd/s   kB_wr/s kB_ccwr/s iodelay  Command
1791503605      0        13    0.00    0.00    0.00    0.00    0.00     0      0.00      0.00       0       0   0.00      0.00      0.00      0.00       0  ksoftirqd/0
1791503605      0        22    0.00    0.00    0.00    0.00    0.00     1      0.00      0.00       0       0   0.00      0.00      0.00      0.00       0  ksoftirqd/1
1791503605      0        28    0.00    0.00    0.00    0.00    0.00     2      0.00      0.00       0       0   0.00      0.00      0.00      0.00       0  ksoftirqd/2
1791503605      0        34    0.00    1.00    0.00    0.00    1.00     3      0.00      0.00       0       0   0.00      0.00      0.00      0.00       0  ksoftirqd/3
1791503605      0       343    0.00    1.00    0.00    0.00    1.00     2      0.00      0.00       0       0   0.00      0.00    108.00      0.00       0  jbd2/sda1-8
1791503605      0       418    0.00    0.00    0.00    0.00    0.00     2      0.00     20.00   63656   15640   0.19     16.00     76.00      0.00       0  systemd-journal
1791503605    104       666    0.00    0.00    0.00    0.00    0.00     2      0.00      0.00  222072    4484   0.06      0.00      0.00      0.00       0  rsyslogd
1791503605      0       728    0.00    0.00    0.00    0.00    0.00     0      0.00      0.00   56244    2480   0.03      0.00      0.00      0.00       0  nginx
1791503605     33       729    7.00   11.00    0.00   32.00   18.00     3     97.00      0.00   61048   14676   0.18      0.00   1292.00   1164.00       0  nginx
1791503605     33       730    5.00   10.00    0.00   29.00   15.00     3      0.00      0.00   59704   13356   0.16      0.00    716.00    588.00       0  nginx
1791503605     33       731    8.00    9.00    0.00   29.00   17.00     3     27.00      0.00   60392   13884   0.17      0.00    568.00    404.00       0  nginx
1791503605     33       732    8.00   15.00    0.00   41.00   23.00     3     42.00      0.00   63076   16768   0.21      0.00   1772.00   1524.00       0  nginx
1791503605    112       738   61.00   28.00    0.00    1.00   89.00     3    895.00      0.00 2858344  582980   7.18      0.00  14872.00      0.00       0  mysqld
1791503605   1100       878   57.00   34.00    0.00   35.00   91.00     0   1290.00      0.00 2050444   28336   0.35      0.00      0.00      0.00       0  isupipe

# Time        UID       PID    %usr %system  %guest   %wait    %CPU   CPU  minflt/s  majflt/s     VSZ     RSS   %MEM   kB_rd/s   kB_wr/s kB_ccwr/s iodelay  Command
1791503606      0        13    0.00    0.00    0.00    0.00    0.00     0      0.00      0.00       0       0   0.00      0.00      0.00      0.00       0  ksoftirqd/0
1791503606      0        22    0.00    0.00    0.00    0.00    0.00     1      0.00      0.00       0       0   0.00      0.00      0.00      0.00       0  ksoftirqd/1
1791503606      0        28    0.00    0.00    0.00    0.00    0.00     2      0.00      0.00       0       0   0.00      0.00      0.00      0.00       0  ksoftirqd/2
1791503606      0        34    0.00    1.00    0.00    0.00    1.00     3      0.00      0.00       0       0   0.00      0.00      0.00      0.00       0  ksoftirqd/3
1791503606      0       343    0.00    1.00    0.00    1.00    1.00     2      0.00      0.00       0       0   0.00      0.00      8.00      0.00       0  jbd2/sda1-8
1791503606      0       418    0.00    0.00    0.00    0.00    0.00     2      0.00      0.00   63656   15640   0.19      0.00      0.00      0.00       0  systemd-journal
1791503606    104       666    0.00    0.00    0.00    0.00    0.00     2      0.00      0.00  222072    4484   0.06      0.00      0.00      0.00       0  rsyslogd
1791503606      0       728    0.00    0.00    0.00    0.00    0.00     0      0.00      0.00   56244    2480   0.03      0.00      0.00      0.00       0  nginx
1791503606     33       729    7.00   13.00    0.00   32.00   20.00     0     26.00      0.00   61188   14676   0.18      0.00    600.00    480.00       0  nginx
1791503606     33       730    5.00    9.00    0.00   12.00   14.00     3     26.00      0.00   59844   13356   0.16      0.00    632.00    420.00       0  nginx
1791503606     33       731    7.00    9.00    0.00   24.00   16.00     3     59.00      0.00   60656   14148   0.17      0.00   1048.00    912.00       0  nginx
1791503606     33       732   10.00   16.00    0.00   35.00   26.00     2     31.00      0.00   63216   17032   0.21      0.00   1804.00   1556.00       0  nginx
1791503606    112       738   65.00   22.00    0.00    1.00   87.00     1    657.00      0.00 2858344  585708   7.21      0.00  10756.00      0.00       0  mysqld
1791503606   1100       878   51.00   38.00    0.00   30.00   89.00     0   2110.00      0.00 2050444   30948   0.38      0.00      0.00      0.00       0  isupipe

# Time        UID       PID    %usr %system  %guest   %wait    %CPU   CPU  minflt/s  majflt/s     VSZ     RSS   %MEM   kB_rd/s   kB_wr/s kB_ccwr/s iodelay  Command
1791503607      0        13    0.00    0.00    0.00    0.00    0.00     0      0.00      0.00       0       0   0.00      0.00      0.00      0.00       0  ksoftirqd/0
1791503607      0        22    1.00    0.00    0.00    0.00    1.00     1      0.00      0.00       0       0   0.00      0.00      0.00      0.00       0  ksoftirqd/1
1791503607      0        28    0.00    0.00    0.00    0.00    0.00     2      0.00      0.00       0       0   0.00      0.00      0.00      0.00       0  ksoftirqd/2
1791503607      0        34    0.00    2.00    0.00    1.00    2.00     3      0.00      0.00       0       0   0.00      0.00      0.00      0.00       0  ksoftirqd/3
1791503607      0       343    0.00    1.00    0.00    0.00    1.00     2      0.00      0.00       0       0   0.00      0.00      0.00      0.00       0  jbd2/sda1-8
1791503607      0       418    0.00    0.00    0.00    0.00    0.00     2      0.00      2.00   63656   15640   0.19      0.00      8.00      0.00       0  systemd-journal
1791503607    104       666    0.00    0.00    0.00    0.00    0.00     2      0.00      0.00  222072    4484   0.06      0.00      4.00      0.00       0  rsyslogd
1791503607      0       728    0.00    0.00    0.00    0.00    0.00     0      0.00      0.00   56244    2480   0.03      0.00      0.00      0.00       0  nginx
1791503607     33       729    8.00   10.00    0.00   26.00   18.00     3      0.00      0.00   61188   14676   0.18      0.00    792.00    612.00       0  nginx
1791503607     33       730    5.00    7.00    0.00    9.00   12.00     3     14.00      0.00   59844   13356   0.16      0.00    244.00    272.00       0  nginx
1791503607     33       731    7.00   10.00    0.00   20.00   17.00     2      0.00      0.00   60656   14148   0.17      0.00    944.00    804.00       0  nginx
1791503607     33       732   14.00   13.00    0.00   35.00   27.00     1      0.00      0.00   63216   17032   0.21      0.00   1772.00   1280.00       0  nginx
1791503607    112       738   65.00   24.00    0.00    1.00   89.00     0    573.00      0.00 2858344  587788   7.24      0.00  10532.00      0.00       0  mysqld
1791503607   1100       878   59.00   32.00    0.00   37.00   91.00     3   1565.00      0.00 2050444   30220   0.37      0.00      0.00      0.00       0  isupipe

# Time        UID       PID    %usr %system  %guest   %wait    %CPU   CPU  minflt/s  majflt/s     VSZ     RSS   %MEM   kB_rd/s   kB_wr/s kB_ccwr/s iodelay  Command
1791503608      0        13    1.00    0.00    0.00    0.00    1.00     0      0.00      0.00       0       0   0.00      0.00      0.00      0.00       0  ksoftirqd/0
1791503608      0        22    0.00    0.00    0.00    0.00    0.00     1      0.00      0.00       0       0   0.00      0.00      0.00      0.00       0  ksoftirqd/1
1791503608      0        28    0.00    0.00    0.00    0.00    0.00     2      0.00      0.00       0       0   0.00      0.00      0.00      0.00       0  ksoftirqd/2
1791503608      0        34    0.00    1.00    0.00    0.00    1.00     3      0.00      0.00       0       0   0.00      0.00      0.00      0.00       0  ksoftirqd/3
1791503608      0       343    0.00    1.00    0.00    0.00    1.00     2      0.00      0.00       0       0   0.00      0.00      4.00      0.00       0  jbd2/sda1-8
1791503608      0       418    0.00    0.00    0.00    0.00    0.00     2      0.00      1.00   63656   15640   0.19      0.00      4.00      0.00       0  systemd-journal
1791503608    104       666    0.00    0.00    0.00    0.00    0.00     2      0.00      0.00  222072    4484   0.06      0.00      0.00      0.00       0  rsyslogd
1791503608      0       728    0.00    0.00    0.00    0.00    0.00     0      0.00      0.00   56244    2480   0.03      0.00      0.00      0.00       0  nginx
1791503608     33       729    7.00   13.00    0.00   33.00   20.00     3      0.00      0.00   61188   14676   0.18      0.00    784.00    620.00       0  nginx
1791503608     33       730    4.00    7.00    0.00   13.00   11.00     3     11.00      0.00   59844   13356   0.16      0.00    520.00    424.00       0  nginx
1791503608     33       731    6.00   10.00    0.00   19.00   16.00     3      6.00      0.00   60656   14148   0.17      0.00    728.00    592.00       0  nginx
1791503608     33       732    7.00   19.00    0.00   35.00   26.00     3     82.00      0.00   63484   17296   0.21     16.00   1780.00   1536.00       0  nginx
1791503608    112       738   71.00   21.00    0.00    0.00   92.00     3    769.00      0.00 2858344  590416   7.27      0.00  15032.00      0.00       0  mysqld
1791503608   1100       878   57.00   34.00    0.00   18.00   91.00     0   1321.00      0.00 2050444   30168   0.37      0.00      0.00      0.00       0  isupipe

# Time        UID       PID    %usr %system  %guest   %wait    %CPU   CPU  minflt/s  majflt/s     VSZ     RSS   %MEM   kB_rd/s   kB_wr/s kB_ccwr/s iodelay  Command
1791503609      0        13    0.00    0.00    0.00    0.00    0.00     0      0.00      0.00       0       0   0.00      0.00      0.00      0.00       0  ksoftirqd/0
1791503609      0        22    0.00    0.00    0.00    0.00    0.00     1      0.00      0.00       0       0   0.00      0.00      0.00      0.00       0  ksoftirqd/1
1791503609      0        28    0.00    0.00    0.00    0.00    0.00     2      0.00      0.00       0       0   0.00      0.00      0.00      0.00       0  ksoftirqd/2
1791503609      0        34    0.00    1.00    0.00    0.00    1.00     3      0.00      0.00       0       0   0.00      0.00      0.00      0.00       0  ksoftirqd/3
1791503609      0       343    0.00    1.00    0.00    1.00    1.00     0      0.00      0.00       0       0   0.00      0.00     16.00      0.00       0  jbd2/sda1-8
1791503609      0       418    0.00    0.00    0.00    0.00    0.00     2      0.00      0.00   63656   15640   0.19      0.00      0.00      0.00       0  systemd-journal
1791503609    104       666    0.00    0.00    0.00    0.00    0.00     2      0.00      0.00  222072    4484   0.06      0.00      0.00      0.00       0  rsyslogd
1791503609      0       728    0.00    0.00    0.00    0.00    0.00     0      0.00      0.00   56244    2480   0.03      0.00      0.00      0.00       0  nginx
1791503609     33       729   10.00    9.00    0.00   33.00   19.00     3      1.00      0.00   61188   14676   0.18      0.00   1284.00   1072.00       0  nginx
1791503609     33       730    6.00   10.00    0.00   17.00   16.00     0     29.00      0.00   59976   13620   0.17      0.00    892.00    808.00       0  nginx
1791503609     33       731    5.00   12.00    0.00   26.00   17.00     0     34.00      0.00   60788   14412   0.18      0.00    784.00    660.00       0  nginx
1791503609     33       732   10.00   16.00    0.00   40.00   26.00     3     32.00      0.00   63616   17296   0.21      0.00   1576.00   1328.00       0  nginx
1791503609    112       738   64.00   25.00    0.00    1.00   89.00     2    592.00      0.00 2858344  593392   7.31      0.00  15840.00      0.00       0  mysqld
1791503609   1100       878   53.00   37.00    0.00   37.00   90.00     2   1038.00      0.00 2050444   29420   0.36      0.00      0.00      0.00       0  isupipe

# Time        UID       PID    %usr %system  %guest   %wait    %CPU   CPU  minflt/s  majflt/s     VSZ     RSS   %MEM   kB_rd/s   kB_wr/s kB_ccwr/s iodelay  Command
1791503610      0        13    0.00    0.00    0.00    0.00    0.00     0      0.00      0.00       0       0   0.00      0.00      0.00      0.00       0  ksoftirqd/0
1791503610      0        22    0.00    0.00    0.00    0.00    0.00     1      0.00      0.00       0       0   0.00      0.00      0.00      0.00       0  ksoftirqd/1
1791503610      0        28    0.00    1.00    0.00    0.00    1.00     2      0.00      0.00       0       0   0.00      0.00      0.00      0.00       0  ksoftirqd/2
1791503610      0        34    0.00    1.00    0.00    0.00    1.00     3      0.00      0.00       0       0   0.00      0.00      0.00      0.00       0  ksoftirqd/3
1791503610      0       343    0.00    1.00    0.00    0.00    1.00     2      0.00      0.00       0       0   0.00      0.00      4.00      0.00       0  jbd2/sda1-8
1791503610      0       418    0.00    0.00    0.00    0.00    0.00     1      0.00      1.00   63656   15640   0.19      0.00      4.00      0.00       0  systemd-journal
1791503610    104       666    0.00    0.00    0.00    0.00    0.00     2      0.00      0.00  222072    4484   0.06      0.00      0.00      0.00       0  rsyslogd
1791503610      0       728    0.00    0.00    0.00    0.00    0.00     0      0.00      0.00   56244    2480   0.03      0.00      0.00      0.00       0  nginx
1791503610     33       729    8.00   10.00    0.00   36.00   18.00     3     36.00      0.00   61324   14940   0.18      0.00    716.00    576.00       0  nginx
1791503610     33       730    7.00    8.00    0.00   17.00   15.00     3     11.00      0.00   59976   13620   0.17      0.00    428.00    320.00       0  nginx
1791503610     33       731    6.00   11.00    0.00   23.00   17.00     3     19.00      0.00   60924   14412   0.18      4.00    848.00    704.00       0  nginx
1791503610     33       732   11.00   13.00    0.00   41.00   24.00     3     33.00      0.00   63760   17560   0.22      0.00   1960.00   1636.00       0  nginx
1791503610    112       738   66.00   27.00    0.00    0.00   93.00     2    700.00      0.00 2858344  596352   7.35      0.00  12284.00      0.00       0  mysqld
1791503610   1100       878   58.00   35.00    0.00   30.00   93.00     0   1447.00      0.00 2050444   30804   0.38      0.00      0.00      0.00       0  isupipe

# Time        UID       PID    %usr %system  %guest   %wait    %CPU   CPU  minflt/s  majflt/s     VSZ     RSS   %MEM   kB_rd/s   kB_wr/s kB_ccwr/s iodelay  Command
1791503611      0        13    0.00    0.00    0.00    0.00    0.00     0      0.00      0.00       0       0   0.00      0.00      0.00      0.00       0  ksoftirqd/0
1791503611      0        22    0.00    0.00    0.00    0.00    0.00     1      0.00      0.00       0       0   0.00      0.00      0.00      0.00       0  ksoftirqd/1
1791503611      0        28    0.00    0.00    0.00    0.00    0.00     2      0.00      0.00       0       0   0.00      0.00      0.00      0.00       0  ksoftirqd/2
1791503611      0        34    0.00    1.00    0.00    0.00    1.00     3      0.00      0.00       0       0   0.00      0.00      0.00      0.00       0  ksoftirqd/3
1791503611      0       343    0.00    1.00    0.00    0.00    1.00     1      0.00      0.00       0       0   0.00      0.00     16.00      0.00       0  jbd2/sda1-8
1791503611      0       418    0.00    1.00    0.00    0.00    1.00     1      4.00     23.00   63656   15932   0.20    512.00     72.00      0.00       0  systemd-journal
1791503611    104       666    0.00    0.00    0.00    0.00    0.00     2      0.00      0.00  222072    4484   0.06      0.00      8.00      0.00       0  rsyslogd
1791503611      0       728    0.00    0.00    0.00    0.00    0.00     0      0.00      0.00   56244    2480   0.03      0.00      0.00      0.00       0  nginx
1791503611     33       729    8.00    9.00    0.00   35.00   17.00     3     29.00      0.00   61460   14940   0.18      0.00    616.00    440.00       0  nginx
1791503611     33       730    7.00    8.00    0.00   17.00   15.00     3     18.00      0.00   60108   13620   0.17      0.00    616.00    492.00       0  nginx
1791503611     33       731    7.00    8.00    0.00   28.00   15.00     3      1.00      0.00   60924   14412   0.18      0.00    748.00    496.00       0  nginx
1791503611     33       732   11.00   13.00    0.00   39.00   24.00     3    107.00      0.00   64180   17824   0.22      0.00   1744.00   1584.00       0  nginx
1791503611    112       738   65.00   27.00    0.00    1.00   92.00     2    650.00      0.00 2858344  598984   7.38      0.00  15032.00      0.00       0  mysqld
1791503611   1100       878   54.00   35.00    0.00   24.00   89.00     2   1174.00      0.00 2050444   31196   0.38      0.00      0.00      0.00       0  isupipe

# Time        UID       PID    %usr %system  %guest   %wait    %CPU   CPU  minflt/s  majflt/s     VSZ     RSS   %MEM   kB_rd/s   kB_wr/s kB_ccwr/s iodelay  Command
1791503612      0        13    0.00    0.00    0.00    0.00    0.00     0      0.00      0.00       0       0   0.00      0.00      0.00      0.00       0  ksoftirqd/0
1791503612      0        22    0.00    0.00    0.00    0.00    0.00     1      0.00      0.00       0       0   0.00      0.00      0.00      0.00       0  ksoftirqd/1
1791503612      0        28    0.00    0.00    0.00    0.00    0.00     2      0.00      0.00       0       0   0.00      0.00      0.00      0.00       0  ksoftirqd/2
1791503612      0        34    0.00    1.00    0.00    0.00    1.00     3      0.00      0.00       0       0   0.00      0.00      0.00      0.00       0  ksoftirqd/3
1791503612      0       343    0.00    1.00    0.00    0.00    1.00     2      0.00      0.00       0       0   0.00      0.00      0.00      0.00       0  jbd2/sda1-8
1791503612      0       418    0.00    0.00    0.00    0.00    0.00     2      8.00     53.00   63656   17044   0.21    876.00    176.00      0.00       0  systemd-journal
1791503612    104       666    0.00    0.00    0.00    0.00    0.00     2      0.00      0.00  222072    4484   0.06      0.00      8.00      0.00       0  rsyslogd
1791503612      0       728    0.00    0.00    0.00    0.00    0.00     0      0.00      0.00   56244    2480   0.03      0.00      0.00      0.00       0  nginx
1791503612     33       729    8.00   11.00    0.00   38.00   19.00     0     25.00      0.00   61460   15204   0.19      0.00   1220.00    972.00       0  nginx
1791503612     33       730    6.00    9.00    0.00   18.00   15.00     3     10.00      0.00   60108   13620   0.17      0.00    824.00    716.00       0  nginx
1791503612     33       731    6.00   11.00    0.00   22.00   17.00     0     33.00      0.00   61056   14676   0.18      0.00    624.00    584.00       0  nginx
1791503612     33       732    7.00   19.00    0.00   42.00   26.00     3     21.00      0.00   64312   18088   0.22      0.00   1436.00   1192.00       0  nginx
1791503612    112       738   63.00   26.00    0.00    0.00   89.00     2    621.00      0.00 2858344  601092   7.40      0.00  11348.00      0.00       0  mysqld
1791503612   1100       878   58.00   31.00    0.00   20.00   89.00     2    667.00      0.00 2050444   30588   0.38      0.00      0.00      0.00       0  isupipe

# Time        UID       PID    %usr %system  %guest   %wait    %CPU   CPU  minflt/s  majflt/s     VSZ     RSS   %MEM   kB_rd/s   kB_wr/s kB_ccwr/s iodelay  Command
1791503613      0        13    1.00    0.00    0.00    0.00    1.00     0      0.00      0.00       0       0   0.00      0.00      0.00      0.00       0  ksoftirqd/0
1791503613      0        22    0.00    0.00    0.00    0.00    0.00     1      0.00      0.00       0       0   0.00      0.00      0.00      0.00       0  ksoftirqd/1
1791503613      0        28    0.00    0.00    0.00    0.00    0.00     2      0.00      0.00       0       0   0.00      0.00      0.00      0.00       0  ksoftirqd/2
1791503613      0        34    0.00    1.00    0.00    0.00    1.00     3      0.00      0.00       0       0   0.00      0.00      0.00      0.00       0  ksoftirqd/3
1791503613      0       343    0.00    1.00    0.00    1.00    1.00     3      0.00      0.00       0       0   0.00      0.00      8.00      0.00       0  jbd2/sda1-8
1791503613      0       418    0.00    1.00    0.00    0.00    1.00     2      5.00     39.00   63656   17456   0.22    736.00    128.00      0.00       0  systemd-journal
1791503613    104       666    0.00    0.00    0.00    0.00    0.00     2      1.00      0.00  222072    4484   0.06      0.00     16.00      0.00       0  rsyslogd
1791503613      0       728    0.00    0.00    0.00    0.00    0.00     0      0.00      0.00   56244    2480   0.03      0.00      0.00      0.00       0  nginx
1791503613     33       729    6.00   12.00    0.00   39.00   18.00     1     58.00      0.00   61728   15468   0.19      0.00    972.00    896.00       0  nginx
1791503613     33       730    4.00   12.00    0.00   17.00   16.00     3     94.00      0.00   60524   14148   0.17      0.00    764.00    668.00       0  nginx
1791503613     33       731    7.00    9.00    0.00   30.00   16.00     3     33.00      0.00   61056   14676   0.18      0.00    652.00    544.00       0  nginx
1791503613     33       732   16.00    9.00    0.00   40.00   25.00     3     25.00      0.00   64444   18088   0.22      0.00   1468.00   1244.00       0  nginx
1791503613    112       738   74.00   17.00    0.00    1.00   91.00     2    415.00      0.00 2858344  602848   7.43      0.00  19160.00      0.00       0  mysqld
1791503613   1100       878   55.00   36.00    0.00   33.00   91.00     3   1177.00      0.00 2050444   31632   0.39      0.00      0.00      0.00       0  isupipe

# Time        UID       PID    %usr %system  %guest   %wait    %CPU   CPU  minflt/s  majflt/s     VSZ     RSS   %MEM   kB_rd/s   kB_wr/s kB_ccwr/s iodelay  Command
1791503614      0        13    0.00    0.00    0.00    0.00    0.00     0      0.00      0.00       0       0   0.00      0.00      0.00      0.00       0  ksoftirqd/0
1791503614      0        22    1.00    0.00    0.00    0.00    1.00     1      0.00      0.00       0       0   0.00      0.00      0.00      0.00       0  ksoftirqd/1
1791503614      0        28    0.00    0.00    0.00    0.00    0.00     2      0.00      0.00       0       0   0.00      0.00      0.00      0.00       0  ksoftirqd/2
1791503614      0        34    0.00    1.00    0.00    0.00    1.00     3      0.00      0.00       0       0   0.00      0.00      0.00      0.00       0  ksoftirqd/3
1791503614      0       343    0.00    1.00    0.00    0.00    1.00     1      0.00      0.00       0       0   0.00      0.00      0.00      0.00       0  jbd2/sda1-8
1791503614      0       418    0.00    0.00    0.00    0.00    0.00     2      6.00     41.00   63656   18092   0.22    568.00    144.00      0.00       0  systemd-journal
1791503614    104       666    0.00    0.00    0.00    0.00    0.00     2      0.00      0.00  222072    4484   0.06      0.00     12.00      0.00       0  rsyslogd
1791503614      0       728    0.00    0.00    0.00    0.00    0.00     0      0.00      0.00   56244    2480   0.03      0.00      0.00      0.00       0  nginx
1791503614     33       729    9.00   11.00    0.00   33.00   20.00     3     20.00      0.00   61860   15468   0.19      0.00   1164.00    980.00       0  nginx
1791503614     33       730    6.00   10.00    0.00   19.00   16.00     3      2.00      0.00   60524   14148   0.17      0.00    656.00    516.00       0  nginx
1791503614     33       731    6.00   12.00    0.00   21.00   18.00     3      2.00      0.00   61188   14676   0.18      0.00    648.00    512.00       0  nginx
1791503614     33       732   13.00   14.00    0.00   36.00   27.00     3     56.00      0.00   64576   18352   0.23      0.00   1736.00   1372.00       0  nginx
1791503614    112       738   56.00   29.00    0.00    1.00   85.00     0    483.00      0.00 2858344  605224   7.45      0.00  11952.00      0.00       0  mysqld
1791503614   1100       878   61.00   30.00    0.00   23.00   91.00     1    970.00      0.00 2050444   32248   0.40      0.00      0.00      0.00       0  isupipe

# Time        UID       PID    %usr %system  %guest   %wait    %CPU   CPU  minflt/s  majflt/s     VSZ     RSS   %MEM   kB_rd/s   kB_wr/s kB_ccwr/s iodelay  Command
1791503615      0        13    0.00    0.00    0.00    0.00    0.00     0      0.00      0.00       0       0   0.00      0.00      0.00      0.00       0  ksoftirqd/0
1791503615      0        22    0.00    0.00    0.00    0.00    0.00     1      0.00      0.00       0       0   0.00      0.00      0.00      0.00       0  ksoftirqd/1
1791503615      0        28    0.00    0.00    0.00    1.00    0.00     2      0.00      0.00       0       0   0.00      0.00      0.00      0.00       0  ksoftirqd/2
1791503615      0        34    0.00    1.00    0.00    0.00    1.00     3      0.00      0.00       0       0   0.00      0.00      0.00      0.00       0  ksoftirqd/3
1791503615      0       343    0.00    1.00    0.00    0.00    1.00     0      0.00      0.00       0       0   0.00      0.00      8.00      0.00       0  jbd2/sda1-8
1791503615      0       418    0.00    2.00    0.00    1.00    2.00     2     12.00    125.00   63656   19816   0.24   1356.00    444.00      0.00       0  systemd-journal
1791503615    104       666    0.00    1.00    0.00    0.00    1.00     2      0.00      0.00  222072    4484   0.06      0.00     28.00      0.00       0  rsyslogd
1791503615      0       728    0.00    0.00    0.00    0.00    0.00     0      0.00      0.00   56244    2480   0.03      0.00      0.00      0.00       0  nginx
1791503615     33       729    6.00   13.00    0.00   26.00   19.00     0     58.00      0.00   61996   15732   0.19      0.00   1392.00   1140.00       0  nginx
1791503615     33       730    5.00    9.00    0.00   19.00   14.00     3      0.00      0.00   60524   14148   0.17      0.00    844.00    736.00       0  nginx
1791503615     33       731    6.00   11.00    0.00   26.00   17.00     0      4.00      0.00   61188   14676   0.18      0.00    792.00    660.00       0  nginx
1791503615     33       732   11.00   17.00    0.00   38.00   28.00     3     37.00      0.00   64840   18616   0.23      0.00   1324.00   1176.00       0  nginx
1791503615    112       738   58.00   22.00    0.00    1.00   80.00     0     20.00      0.00 2858344  605488   7.46      0.00  21768.00      0.00       0  mysqld
1791503615   1100       878   56.00   39.00    0.00    0.00   95.00     0   1140.00      0.00 2050444   32800   0.40      0.00      0.00      0.00       0  isupipe

# Time        UID       PID    %usr %system  %guest   %wait    %CPU   CPU  minflt/s  majflt/s     VSZ     RSS   %MEM   kB_rd/s   kB_wr/s kB_ccwr/s iodelay  Command
1791503616      0        13    0.00    0.00    0.00    0.00    0.00     0      0.00      0.00       0       0   0.00      0.00      0.00      0.00       0  ksoftirqd/0
1791503616      0        22    0.00    0.00    0.00    0.00    0.00     1      0.00      0.00       0       0   0.00      0.00      0.00      0.00       0  ksoftirqd/1
1791503616      0        28    0.00    0.00    0.00    0.00    0.00     2      0.00      0.00       0       0   0.00      0.00      0.00      0.00       0  ksoftirqd/2
1791503616      0        34    0.00    1.00    0.00    0.00    1.00     3      0.00      0.00       0       0   0.00      0.00      0.00      0.00       0  ksoftirqd/3
1791503616      0       343    0.00    1.00    0.00    1.00    1.00     2      0.00      0.00       0       0   0.00      0.00      0.00      0.00       0  jbd2/sda1-8
1791503616      0       418    0.00    1.00    0.00    0.00    1.00     1     11.00    119.00   63656   20620   0.25    524.00    448.00      0.00       0  systemd-journal
1791503616    104       666    0.00    0.00    0.00    0.00    0.00     2      0.00      0.00  222072    4484   0.06      0.00     32.00      0.00       0  rsyslogd
1791503616      0       728    0.00    0.00    0.00    0.00    0.00     0      0.00      0.00   56244    2480   0.03      0.00      0.00      0.00       0  nginx
1791503616     33       729    9.00    7.00    0.00   30.00   16.00     3     60.00      0.00   62264   15996   0.20      0.00   1212.00   1084.00       0  nginx
1791503616     33       730    6.00   10.00    0.00   24.00   16.00     0      0.00      0.00   60524   14148   0.17      0.00    964.00    860.00       0  nginx
1791503616     33       731    6.00   10.00    0.00   24.00   16.00     3     28.00      0.00   61320   14940   0.18      0.00    764.00    620.00       0  nginx
1791503616     33       732   14.00   14.00    0.00   42.00   28.00     3     32.00      0.00   64840   18616   0.23      0.00   1612.00   1356.00       0  nginx
1791503616    112       738   59.00   22.00    0.00    0.00   81.00     2      8.00      0.00 2858344  605488   7.46      0.00  16784.00      0.00       0  mysqld
1791503616   1100       878   56.00   33.00    0.00   15.00   89.00     2   1050.00      0.00 2050444   32352   0.40      0.00      0.00      0.00       0  isupipe

# Time        UID       PID    %usr %system  %guest   %wait    %CPU   CPU  minflt/s  majflt/s     VSZ     RSS   %MEM   kB_rd/s   kB_wr/s kB_ccwr/s iodelay  Command
1791503617      0        13    0.00    0.00    0.00    0.00    0.00     0      0.00      0.00       0       0   0.00      0.00      0.00      0.00       0  ksoftirqd/0
1791503617      0        22    0.00    0.00    0.00    0.00    0.00     1      0.00      0.00       0       0   0.00      0.00      0.00      0.00       0  ksoftirqd/1
1791503617      0        28    0.00    1.00    0.00    0.00    1.00     2      0.00      0.00       0       0   0.00      0.00      0.00      0.00       0  ksoftirqd/2
1791503617      0        34    0.00    1.00    0.00    0.00    1.00     3      0.00      0.00       0       0   0.00      0.00      0.00      0.00       0  ksoftirqd/3
1791503617      0       343    0.00    1.00    0.00    0.00    1.00     0      0.00      0.00       0       0   0.00      0.00     12.00      0.00       0  jbd2/sda1-8
1791503617      0       418    1.00    1.00    0.00    1.00    2.00     3      4.00     81.00   63656   21244   0.26    472.00    296.00      0.00       0  systemd-journal
1791503617    104       666    0.00    1.00    0.00    0.00    1.00     2      0.00      0.00  222072    4484   0.06      0.00     28.00      0.00       0  rsyslogd
1791503617      0       728    0.00    0.00    0.00    0.00    0.00     0      0.00      0.00   56244    2480   0.03      0.00      0.00      0.00       0  nginx
1791503617     33       729   11.00    8.00    0.00   31.00   19.00     3     47.00      0.00   62532   16260   0.20      0.00    684.00    628.00       0  nginx
1791503617     33       730    3.00    9.00    0.00   13.00   12.00     3      0.00      0.00   60524   14148   0.17      4.00    760.00    644.00       0  nginx
1791503617     33       731    8.00    9.00    0.00   26.00   17.00     3     17.00      0.00   61320   14940   0.18      0.00    768.00    652.00       0  nginx
1791503617     33       732   14.00   14.00    0.00   33.00   28.00     3     43.00      0.00   65104   18880   0.23      0.00   1420.00   1168.00       0  nginx
1791503617    112       738   54.00   30.00    0.00    2.00   84.00     2     16.00      0.00 2858344  605488   7.46      0.00  11028.00      0.00       0  mysqld
1791503617   1100       878   55.00   37.00    0.00   17.00   92.00     2    874.00      0.00 2124236   32688   0.40      0.00      0.00      0.00       0  isupipe

# Time        UID       PID    %usr %system  %guest   %wait    %CPU   CPU  minflt/s  majflt/s     VSZ     RSS   %MEM   kB_rd/s   kB_wr/s kB_ccwr/s iodelay  Command
1791503618      0        13    1.00    0.00    0.00    0.00    1.00     0      0.00      0.00       0       0   0.00      0.00      0.00      0.00       0  ksoftirqd/0
1791503618      0        22    0.00    0.00    0.00    0.00    0.00     1      0.00      0.00       0       0   0.00      0.00      0.00      0.00       0  ksoftirqd/1
1791503618      0        28    0.00    0.00    0.00    0.00    0.00     2      0.00      0.00       0       0   0.00      0.00      0.00      0.00       0  ksoftirqd/2
1791503618      0        34    0.00    1.00    0.00    0.00    1.00     3      0.00      0.00       0       0   0.00      0.00      0.00      0.00       0  ksoftirqd/3
1791503618      0       343    0.00    2.00    0.00    0.00    2.00     2      0.00      0.00       0       0   0.00      0.00      0.00      0.00       0  jbd2/sda1-8
1791503618      0       418    1.00    1.00    0.00    1.00    2.00     2      8.00     65.00   63656   21816   0.27    516.00    236.00      0.00       0  systemd-journal
1791503618    104       666    1.00    1.00    0.00    0.00    2.00     2      0.00      0.00  222072    4484   0.06      0.00     40.00      0.00       0  rsyslogd
1791503618      0       728    0.00    0.00    0.00    0.00    0.00     0      0.00      0.00   56244    2480   0.03      0.00      0.00      0.00       0  nginx
1791503618     33       729    7.00   11.00    0.00   27.00   18.00     3     52.00      0.00   62668   16260   0.20      0.00    924.00    764.00       0  nginx
1791503618     33       730    5.00    7.00    0.00   19.00   12.00     2      0.00      0.00   60524   14148   0.17      0.00    544.00    436.00       0  nginx
1791503618     33       731    6.00    8.00    0.00   20.00   14.00     3     53.00      0.00   61596   15204   0.19      0.00   1088.00    952.00       0  nginx
1791503618     33       732   14.00   14.00    0.00   35.00   28.00     3     50.00      0.00   65236   18880   0.23      0.00   1560.00   1304.00       0  nginx
1791503618    112       738   53.00   29.00    0.00    1.00   82.00     0    180.00      0.00 2858344  606012   7.46      0.00  16632.00      0.00       0  mysqld
1791503618   1100       878   51.00   39.00    0.00   20.00   90.00     3    640.00      0.00 2124236   31556   0.39      0.00      0.00      0.00       0  isupipe

# Time        UID       PID    %usr %system  %guest   %wait    %CPU   CPU  minflt/s  majflt/s     VSZ     RSS   %MEM   kB_rd/s   kB_wr/s kB_ccwr/s iodelay  Command
1791503619      0        13    0.00    0.00    0.00    0.00    0.00     0      0.00      0.00       0       0   0.00      0.00      0.00      0.00       0  ksoftirqd/0
1791503619      0        22    1.00    0.00    0.00    0.00    1.00     1      0.00      0.00       0       0   0.00      0.00      0.00      0.00       0  ksoftirqd/1
1791503619      0        28    0.00    0.00    0.00    0.00    0.00     2      0.00      0.00       0       0   0.00      0.00      0.00      0.00       0  ksoftirqd/2
1791503619      0        34    0.00    1.00    0.00    1.00    1.00     3      0.00      0.00       0       0   0.00      0.00      0.00      0.00       0  ksoftirqd/3
1791503619      0       343    0.00    1.00    0.00    1.00    1.00     2      0.00      0.00       0       0   0.00      0.00      0.00      0.00       0  jbd2/sda1-8
1791503619      0       418    2.00    0.00    0.00    0.00    2.00     0      7.00     56.00   63656   22644   0.28    312.00    204.00      0.00       0  systemd-journal
1791503619    104       666    0.00    0.00    0.00    0.00    0.00     2      1.00      0.00  222072    4484   0.06      0.00     32.00      0.00       0  rsyslogd
1791503619      0       728    0.00    0.00    0.00    0.00    0.00     0      0.00      0.00   56244    2480   0.03      0.00      0.00      0.00       0  nginx
1791503619     33       729    8.00   11.00    0.00   30.00   19.00     1     49.00      0.00   62812   16524   0.20      0.00   1268.00   1116.00       0  nginx
1791503619     33       730    6.00   10.00    0.00   22.00   16.00     3      1.00      0.00   60524   14148   0.17      0.00    600.00    396.00       0  nginx
1791503619     33       731    8.00    7.00    0.00   22.00   15.00     3     43.00      0.00   61736   15204   0.19      0.00    552.00    448.00       0  nginx
1791503619     33       732   12.00   13.00    0.00   29.00   25.00     2    110.00      0.00   65784   19408   0.24      0.00   2256.00   2000.00       0  nginx
1791503619    112       738   61.00   25.00    0.00    0.00   86.00     0     56.00      0.00 2858344  606272   7.47      0.00  12904.00      0.00       0  mysqld
1791503619   1100       878   52.00   40.00    0.00   33.00   92.00     2   1471.00      0.00 2124236   32768   0.40      0.00      0.00      0.00       0  isupipe

# Time        UID       PID    %usr %system  %guest   %wait    %CPU   CPU  minflt/s  majflt/s     VSZ     RSS   %MEM   kB_rd/s   kB_wr/s kB_ccwr/s iodelay  Command
1791503620      0        13    0.00    0.00    0.00    0.00    0.00     0      0.00      0.00       0       0   0.00      0.00      0.00      0.00       0  ksoftirqd/0
1791503620      0        22    0.00    0.00    0.00    0.00    0.00     1      0.00      0.00       0       0   0.00      0.00      0.00      0.00       0  ksoftirqd/1
1791503620      0        28    0.00    0.00    0.00    1.00    0.00     2      0.00      0.00       0       0   0.00      0.00      0.00      0.00       0  ksoftirqd/2
1791503620      0        34    0.00    1.00    0.00    0.00    1.00     3      0.00      0.00       0       0   0.00      0.00      0.00      0.00       0  ksoftirqd/3
1791503620      0       343    0.00    1.00    0.00    0.00    1.00     0      0.00      0.00       0       0   0.00      0.00     12.00      0.00       0  jbd2/sda1-8
1791503620      0       418    0.00    1.00    0.00    1.00    1.00     2     11.00     93.00   63656   23492   0.29    292.00    356.00      0.00       0  systemd-journal
1791503620    104       666    0.00    0.00    0.00    0.00    0.00     2      0.00      0.00  222072    4484   0.06      0.00     28.00      0.00       0  rsyslogd
1791503620      0       728    0.00    0.00    0.00    0.00    0.00     0      0.00      0.00   56244    2480   0.03      0.00      0.00      0.00       0  nginx
1791503620     33       729   10.00    9.00    0.00   38.00   19.00     1      5.00      0.00   62952   16524   0.20      0.00    764.00    560.00       0  nginx
1791503620     33       730    7.00    8.00    0.00   16.00   15.00     3     11.00      0.00   60524   14148   0.17      0.00    912.00    880.00       0  nginx
1791503620     33       731    7.00   11.00    0.00   34.00   18.00     3     31.00      0.00   61880   15468   0.19      0.00    644.00    496.00       0  nginx
1791503620     33       732   12.00   13.00    0.00   38.00   25.00     3     51.00      0.00   65916   19672   0.24      0.00   2016.00   1804.00       0  nginx
1791503620    112       738   54.00   27.00    0.00    0.00   81.00     1     48.00      0.00 2858344  606464   7.47      0.00  15764.00      0.00       0  mysqld
1791503620   1100       878   57.00   34.00    0.00    1.00   91.00     2   1001.00      0.00 2124236   33140   0.41      0.00      0.00      0.00       0  isupipe

# Time        UID       PID    %usr %system  %guest   %wait    %CPU   CPU  minflt/s  majflt/s     VSZ     RSS   %MEM   kB_rd/s   kB_wr/s kB_ccwr/s iodelay  Command
1791503621      0        13    0.00    0.00    0.00    0.00    0.00     0      0.00      0.00       0       0   0.00      0.00      0.00      0.00       0  ksoftirqd/0
1791503621      0        22    0.00    0.00    0.00    0.00    0.00     1      0.00      0.00       0       0   0.00      0.00      0.00      0.00       0  ksoftirqd/1
1791503621      0        28    0.00    0.00    0.00    0.00    0.00     2      0.00      0.00       0       0   0.00      0.00      0.00      0.00       0  ksoftirqd/2
1791503621      0        34    0.00    1.00    0.00    0.00    1.00     3      0.00      0.00       0       0   0.00      0.00      0.00      0.00       0  ksoftirqd/3
1791503621      0       343    0.00    1.00    0.00    0.00    1.00     0      0.00      0.00       0       0   0.00      0.00      0.00      0.00       0  jbd2/sda1-8
1791503621      0       418    1.00    0.00    0.00    1.00    1.00     3      8.00    106.00   63656   24136   0.30    200.00    416.00      0.00       0  systemd-journal
1791503621    104       666    1.00    1.00    0.00    0.00    2.00     2      0.00      0.00  222072    4484   0.06      0.00     28.00      0.00       0  rsyslogd
1791503621      0       728    0.00    0.00    0.00    0.00    0.00     0      0.00      0.00   56244    2480   0.03      0.00      0.00      0.00       0  nginx
1791503621     33       729    8.00   11.00    0.00   34.00   19.00     3      0.00      0.00   62952   16524   0.20      0.00    972.00    812.00       0  nginx
1791503621     33       730    7.00    6.00    0.00   19.00   13.00     3     37.00      0.00   60660   14412   0.18      0.00    872.00    764.00       0  nginx
1791503621     33       731    7.00   11.00    0.00   31.00   18.00     3      9.00      0.00   61880   15468   0.19      0.00    896.00    744.00       0  nginx
1791503621     33       732   12.00   13.00    0.00   37.00   25.00     3     57.00      0.00   66188   19936   0.25      0.00   1924.00   1612.00       0  nginx
1791503621    112       738   54.00   30.00    0.00    1.00   84.00     0      8.00      0.00 2858344  606464   7.47      0.00  11880.00      0.00       0  mysqld
1791503621   1100       878   59.00   33.00    0.00    0.00   92.00     2   3619.00      0.00 2124492   36572   0.45      0.00      0.00      0.00       0  isupipe

# Time        UID       PID    %usr %system  %guest   %wait    %CPU   CPU  minflt/s  majflt/s     VSZ     RSS   %MEM   kB_rd/s   kB_wr/s kB_ccwr/s iodelay  Command
1791503622      0        13    0.00    0.00    0.00    0.00    0.00     0      0.00      0.00       0       0   0.00      0.00      0.00      0.00       0  ksoftirqd/0
1791503622      0        22    0.00    0.00    0.00    0.00    0.00     1      0.00      0.00       0       0   0.00      0.00      0.00      0.00       0  ksoftirqd/1
1791503622      0        28    0.00    1.00    0.00    0.00    1.00     2      0.00      0.00       0       0   0.00      0.00      0.00      0.00       0  ksoftirqd/2
1791503622      0        34    0.00    1.00    0.00    0.00    1.00     3      0.00      0.00       0       0   0.00      0.00      0.00      0.00       0  ksoftirqd/3
1791503622      0       343    0.00    1.00    0.00    1.00    1.00     3      0.00      0.00       0       0   0.00      0.00      0.00      0.00       0  jbd2/sda1-8
1791503622      0       418    1.00    1.00    0.00    0.00    2.00     2     10.00     95.00   63656   25028   0.31    360.00    356.00      0.00       0  systemd-journal
1791503622    104       666    0.00    0.00    0.00    0.00    0.00     2      0.00      0.00  222072    4484   0.06      0.00     32.00      0.00       0  rsyslogd
1791503622      0       728    0.00    0.00    0.00    0.00    0.00     0      0.00      0.00   56244    2480   0.03      0.00      0.00      0.00       0  nginx
1791503622     33       729    7.00   12.00    0.00   36.00   19.00     3      0.00      0.00   62952   16524   0.20      0.00    860.00    672.00       0  nginx
1791503622     33       730    6.00   11.00    0.00   21.00   17.00     3     89.00      0.00   61060   14676   0.18      0.00   1132.00   1052.00       0  nginx
1791503622     33       731    5.00   11.00    0.00   25.00   16.00     1      1.00      0.00   61880   15468   0.19      0.00    672.00    508.00       0  nginx
1791503622     33       732   14.00   11.00    0.00   41.00   25.00     3      7.00      0.00   66188   19936   0.25      0.00   1232.00    996.00       0  nginx
1791503622    112       738   48.00   33.00    0.00    0.00   81.00     2      4.00      0.00 2858344  606464   7.47      0.00  15504.00      0.00       0  mysqld
1791503622   1100       878   55.00   34.00    0.00    0.00   89.00     2   1100.00      0.00 2124492   36360   0.45      0.00      0.00      0.00       0  isupipe

# Time        UID       PID    %usr %system  %guest   %wait    %CPU   CPU  minflt/s  majflt/s     VSZ     RSS   %MEM   kB_rd/s   kB_wr/s kB_ccwr/s iodelay  Command
1791503623      0        13    0.00    0.00    0.00    0.00    0.00     0      0.00      0.00       0       0   0.00      0.00      0.00      0.00       0  ksoftirqd/0
1791503623      0        22    0.00    0.00    0.00    0.00    0.00     1      0.00      0.00       0       0   0.00      0.00      0.00      0.00       0  ksoftirqd/1
1791503623      0        28    0.00    0.00    0.00    0.00    0.00     2      0.00      0.00       0       0   0.00      0.00      0.00      0.00       0  ksoftirqd/2
1791503623      0        34    0.00    1.00    0.00    0.00    1.00     3      0.00      0.00       0       0   0.00      0.00      0.00      0.00       0  ksoftirqd/3
1791503623      0       343    0.00    1.00    0.00    0.00    1.00     1      0.00      0.00       0       0   0.00      0.00      4.00      0.00       0  jbd2/sda1-8
1791503623      0       418    1.00    1.00    0.00    1.00    2.00     3      8.00     64.00   63656   25712   0.32     68.00    248.00      0.00       0  systemd-journal
1791503623    104       666    0.00    0.00    0.00    0.00    0.00     2      0.00      0.00  222072    4484   0.06      0.00     28.00      0.00       0  rsyslogd
1791503623      0       728    0.00    0.00    0.00    0.00    0.00     0      0.00      0.00   56244    2480   0.03      0.00      0.00      0.00       0  nginx
1791503623     33       729   10.00   13.00    0.00   35.00   23.00     3      2.00      0.00   62952   16524   0.20      0.00   1172.00   1012.00       0  nginx
1791503623     33       730    5.00   10.00    0.00   12.00   15.00     3     15.00      0.00   61196   14676   0.18      0.00    520.00    400.00       0  nginx
1791503623     33       731    8.00   10.00    0.00   25.00   18.00     3      0.00      0.00   61880   15468   0.19      0.00   1048.00    828.00       0  nginx
1791503623     33       732   17.00   12.00    0.00   37.00   29.00     3     48.00      0.00   66320   20200   0.25      0.00   2004.00   1748.00       0  nginx
1791503623    112       738   52.00   27.00    0.00    1.00   79.00     2     28.00      0.00 2858344  606724   7.47      0.00  17500.00      0.00       0  mysqld
1791503623   1100       878   65.00   28.00    0.00    0.00   93.00     2    693.00      0.00 2124492   36664   0.45      0.00      0.00      0.00       0  isupipe

# Time        UID       PID    %usr %system  %guest   %wait    %CPU   CPU  minflt/s  majflt/s     VSZ     RSS   %MEM   kB_rd/s   kB_wr/s kB_ccwr/s iodelay  Command
1791503624      0        13    1.00    0.00    0.00    0.00    1.00     0      0.00      0.00       0       0   0.00      0.00      0.00      0.00       0  ksoftirqd/0
1791503624      0        22    1.00    0.00    0.00    0.00    1.00     1      0.00      0.00       0       0   0.00      0.00      0.00      0.00       0  ksoftirqd/1
1791503624      0        28    0.00    0.00    0.00    0.00    0.00     2      0.00      0.00       0       0   0.00      0.00      0.00      0.00       0  ksoftirqd/2
1791503624      0        34    0.00    1.00    0.00    0.00    1.00     3      0.00      0.00       0       0   0.00      0.00      0.00      0.00       0  ksoftirqd/3
1791503624      0       343    0.00    0.00    0.00    0.00    0.00     1      0.00      0.00       0       0   0.00      0.00      0.00      0.00       0  jbd2/sda1-8
1791503624      0       418    1.00    0.00    0.00    0.00    1.00     0      3.00     60.00   63656   25988   0.32     24.00    236.00      0.00       0  systemd-journal
1791503624    104       666    1.00    0.00    0.00    0.00    1.00     2      0.00      0.00  222072    4484   0.06      0.00     28.00      0.00       0  rsyslogd
1791503624      0       728    0.00    0.00    0.00    0.00    0.00     0      0.00      0.00   56244    2480   0.03      0.00      0.00      0.00       0  nginx
1791503624     33       729    7.00   11.00    0.00   30.00   18.00     3      3.00      0.00   62952   16524   0.20      0.00   1392.00   1160.00       0  nginx
1791503624     33       730    8.00    5.00    0.00   15.00   13.00     3     55.00      0.00   61336   14940   0.18      0.00    676.00    596.00       0  nginx
1791503624     33       731    7.00   11.00    0.00   28.00   18.00     3      1.00      0.00   61880   15468   0.19      0.00    612.00    552.00       0  nginx
1791503624     33       732    9.00   16.00    0.00   38.00   25.00     0      2.00      0.00   66320   20200   0.25      0.00   1872.00   1616.00       0  nginx
1791503624    112       738   63.00   20.00    0.00    0.00   83.00     2      4.00      0.00 2858344  606724   7.47      0.00  12320.00      0.00       0  mysqld
1791503624   1100       878   55.00   40.00    0.00    0.00   95.00     2    752.00      0.00 2124748   36064   0.44      0.00      0.00      0.00       0  isupipe

# Time        UID       PID    %usr %system  %guest   %wait    %CPU   CPU  minflt/s  majflt/s     VSZ     RSS   %MEM   kB_rd/s   kB_wr/s kB_ccwr/s iodelay  Command
1791503625      0        13    0.00    0.00    0.00    0.00    0.00     0      0.00      0.00       0       0   0.00      0.00      0.00      0.00       0  ksoftirqd/0
1791503625      0        22    0.00    0.00    0.00    0.00    0.00     1      0.00      0.00       0       0   0.00      0.00      0.00      0.00       0  ksoftirqd/1
1791503625      0        28    0.00    0.00    0.00    0.00    0.00     2      0.00      0.00       0       0   0.00      0.00      0.00      0.00       0  ksoftirqd/2
1791503625      0        34    0.00    1.00    0.00    0.00    1.00     3      0.00      0.00       0       0   0.00      0.00      0.00      0.00       0  ksoftirqd/3
1791503625      0       343    0.00    1.00    0.00    0.00    1.00     1      0.00      0.00       0       0   0.00      0.00      0.00      0.00       0  jbd2/sda1-8
1791503625      0       418    1.00    0.00    0.00    0.00    1.00     2      6.00     49.00   63656   26284   0.32      0.00    196.00      0.00       0  systemd-journal
1791503625    104       666    0.00    0.00    0.00    0.00    0.00     2      1.00      0.00  222072    4484   0.06      0.00     32.00      0.00       0  rsyslogd
1791503625      0       728    0.00    0.00    0.00    0.00    0.00     0      0.00      0.00   56244    2480   0.03      0.00      0.00      0.00       0  nginx
1791503625     33       729    9.00   12.00    0.00   42.00   21.00     3     29.00      0.00   63096   16788   0.21      0.00   1216.00   1136.00       0  nginx
1791503625     33       730    6.00    8.00    0.00   20.00   14.00     3     11.00      0.00   61472   14940   0.18      0.00   1364.00   1264.00       0  nginx
1791503625     33       731    9.00    8.00    0.00   28.00   17.00     3     65.00      0.00   62156   15732   0.19      0.00    980.00    820.00       0  nginx
1791503625     33       732   13.00   13.00    0.00   42.00   26.00     3      1.00      0.00   66452   20200   0.25      0.00   1228.00   1012.00       0  nginx
1791503625    112       738   56.00   24.00    0.00    1.00   80.00     3     39.00      0.00 2858344  606724   7.47      0.00  16776.00      0.00       0  mysqld
1791503625   1100       878   61.00   31.00    0.00    0.00   92.00     2   1271.00      0.00 2124748   36904   0.45      0.00      0.00      0.00       0  isupipe

# Time        UID       PID    %usr %system  %guest   %wait    %CPU   CPU  minflt/s  majflt/s     VSZ     RSS   %MEM   kB_rd/s   kB_wr/s kB_ccwr/s iodelay  Command
1791503626      0        13    0.00    0.00    0.00    0.00    0.00     0      0.00      0.00       0       0   0.00      0.00      0.00      0.00       0  ksoftirqd/0
1791503626      0        22    0.00    0.00    0.00    0.00    0.00     1      0.00      0.00       0       0   0.00      0.00      0.00      0.00       0  ksoftirqd/1
1791503626      0        28    0.00    0.00    0.00    0.00    0.00     2      0.00      0.00       0       0   0.00      0.00      0.00      0.00       0  ksoftirqd/2
1791503626      0        34    0.00    2.00    0.00    0.00    2.00     3      0.00      0.00       0       0   0.00      0.00      0.00      0.00       0  ksoftirqd/3
1791503626      0       343    0.00    1.00    0.00    1.00    1.00     1      0.00      0.00       0       0   0.00      0.00      4.00      0.00       0  jbd2/sda1-8
1791503626      0       418    1.00    1.00    0.00    1.00    2.00     2      5.00     51.00   63656   26580   0.33     12.00    200.00      0.00       0  systemd-journal
1791503626    104       666    0.00    1.00    0.00    0.00    1.00     2      0.00      0.00  222072    4484   0.06      0.00     28.00      0.00       0  rsyslogd
1791503626      0       728    0.00    0.00    0.00    0.00    0.00     0      0.00      0.00   56244    2480   0.03      0.00      0.00      0.00       0  nginx
1791503626     33       729   11.00   10.00    0.00   32.00   21.00     0     45.00      0.00   63236   16788   0.21      0.00   1780.00   1588.00       0  nginx
1791503626     33       730    8.00   10.00    0.00   25.00   18.00     1     14.00      0.00   61472   14940   0.18      0.00    472.00    336.00       0  nginx
1791503626     33       731    9.00    8.00    0.00   24.00   17.00     3      5.00      0.00   62156   15732   0.19      0.00    628.00    504.00       0  nginx
1791503626     33       732   15.00   12.00    0.00   37.00   27.00     1      0.00      0.00   66452   20200   0.25      0.00   2180.00   1972.00       0  nginx
1791503626    112       738   54.00   26.00    0.00    1.00   80.00     0     10.00      0.00 2858344  606724   7.47      0.00  13120.00      0.00       0  mysqld
1791503626   1100       878   50.00   43.00    0.00    0.00   93.00     2   1220.00      0.00 2124748   36164   0.45      0.00      0.00      0.00       0  isupipe

# Time        UID       PID    %usr %system  %guest   %wait    %CPU   CPU  minflt/s  majflt/s     VSZ     RSS   %MEM   kB_rd/s   kB_wr/s kB_ccwr/s iodelay  Command
1791503627      0        13    0.00    0.00    0.00    0.00    0.00     0      0.00      0.00       0       0   0.00      0.00      0.00      0.00       0  ksoftirqd/0
1791503627      0        22    0.00    0.00    0.00    1.00    0.00     1      0.00      0.00       0       0   0.00      0.00      0.00      0.00       0  ksoftirqd/1
1791503627      0        28    0.00    0.00    0.00    0.00    0.00     2      0.00      0.00       0       0   0.00      0.00      0.00      0.00       0  ksoftirqd/2
1791503627      0        34    0.00    1.00    0.00    0.00    1.00     3      0.00      0.00       0       0   0.00      0.00      0.00      0.00       0  ksoftirqd/3
1791503627      0       343    0.00    1.00    0.00    0.00    1.00     2      0.00      0.00       0       0   0.00      0.00      0.00      0.00       0  jbd2/sda1-8
1791503627      0       418    0.00    1.00    0.00    0.00    1.00     3      3.00     53.00   63656   26840   0.33      0.00    208.00      0.00       0  systemd-journal
1791503627    104       666    1.00    1.00    0.00    0.00    2.00     2      0.00      0.00  222072    4484   0.06      0.00     32.00      0.00       0  rsyslogd
1791503627      0       728    0.00    0.00    0.00    0.00    0.00     0      0.00      0.00   56244    2480   0.03      0.00      0.00      0.00       0  nginx
1791503627     33       729   10.00    9.00    0.00   34.00   19.00     3      2.00      0.00   63236   16788   0.21      0.00   1092.00    924.00       0  nginx
1791503627     33       730    7.00    8.00    0.00   19.00   15.00     3      9.00      0.00   61472   15204   0.19      0.00    668.00    560.00       0  nginx
1791503627     33       731    7.00   10.00    0.00   29.00   17.00     3     13.00      0.00   62156   15732   0.19      0.00    848.00    668.00       0  nginx
1791503627     33       732   11.00   18.00    0.00   40.00   29.00     3     57.00      0.00   66592   20200   0.25      0.00   1324.00   1068.00       0  nginx
1791503627    112       738   60.00   23.00    0.00    1.00   83.00     0     23.00      0.00 2858344  606724   7.47      0.00  11852.00      0.00       0  mysqld
1791503627   1100       878   58.00   31.00    0.00    0.00   89.00     2   1014.00      0.00 2124748   36832   0.45      0.00      0.00      0.00       0  isupipe

# Time        UID       PID    %usr %system  %guest   %wait    %CPU   CPU  minflt/s  majflt/s     VSZ     RSS   %MEM   kB_rd/s   kB_wr/s kB_ccwr/s iodelay  Command
1791503628      0        13    0.00    0.00    0.00    0.00    0.00     0      0.00      0.00       0       0   0.00      0.00      0.00      0.00       0  ksoftirqd/0
1791503628      0        22    0.00    0.00    0.00    0.00    0.00     1      0.00      0.00       0       0   0.00      0.00      0.00      0.00       0  ksoftirqd/1
1791503628      0        28    0.00    1.00    0.00    0.00    1.00     2      0.00      0.00       0       0   0.00      0.00      0.00      0.00       0  ksoftirqd/2
1791503628      0        34    0.00    1.00    0.00    0.00    1.00     3      0.00      0.00       0       0   0.00      0.00      0.00      0.00       0  ksoftirqd/3
1791503628      0       343    0.00    1.00    0.00    0.00    1.00     1      0.00      0.00       0       0   0.00      0.00      4.00      0.00       0  jbd2/sda1-8
1791503628      0       418    1.00    1.00    0.00    1.00    2.00     2      2.00     41.00   63656   27172   0.33      0.00    160.00      0.00       0  systemd-journal
1791503628    104       666    0.00    0.00    0.00    0.00    0.00     2      0.00      0.00  222072    4484   0.06      0.00     32.00      0.00       0  rsyslogd
1791503628      0       728    0.00    0.00    0.00    0.00    0.00     0      0.00      0.00   56244    2480   0.03      0.00      0.00      0.00       0  nginx
1791503628     33       729    7.00   13.00    0.00   35.00   20.00     3     28.00      0.00   63372   17052   0.21      0.00   1548.00   1400.00       0  nginx
1791503628     33       730    6.00    8.00    0.00   27.00   14.00     3     45.00      0.00   61604   15204   0.19      0.00    660.00    544.00       0  nginx
1791503628     33       731    4.00   11.00    0.00   25.00   15.00     3     20.00      0.00   62288   15996   0.20      0.00    956.00    900.00       0  nginx
1791503628     33       732   16.00   10.00    0.00   39.00   26.00     3      8.00      0.00   66592   20464   0.25      0.00   1540.00   1308.00       0  nginx
1791503628    112       738   56.00   25.00    0.00    0.00   81.00     2     47.00      0.00 2858344  606860   7.47      0.00  17644.00      0.00       0  mysqld
1791503628   1100       878   58.00   32.00    0.00    0.00   90.00     2   1521.00      0.00 2124748   36260   0.45      0.00      0.00      0.00       0  isupipe

# Time        UID       PID    %usr %system  %guest   %wait    %CPU   CPU  minflt/s  majflt/s     VSZ     RSS   %MEM   kB_rd/s   kB_wr/s kB_ccwr/s iodelay  Command
1791503629      0        13    1.00    0.00    0.00    0.00    1.00     0      0.00      0.00       0       0   0.00      0.00      0.00      0.00       0  ksoftirqd/0
1791503629      0        22    1.00    0.00    0.00    0.00    1.00     1      0.00      0.00       0       0   0.00      0.00      0.00      0.00       0  ksoftirqd/1
1791503629      0        28    0.00    0.00    0.00    0.00    0.00     2      0.00      0.00       0       0   0.00      0.00      0.00      0.00       0  ksoftirqd/2
1791503629      0        34    0.00    1.00    0.00    1.00    1.00     3      0.00      0.00       0       0   0.00      0.00      0.00      0.00       0  ksoftirqd/3
1791503629      0       343    0.00    1.00    0.00    1.00    1.00     3      0.00      0.00       0       0   0.00      0.00      0.00      0.00       0  jbd2/sda1-8
1791503629      0       418    1.00    0.00    0.00    0.00    1.00     2      3.00     40.00   63656   27348   0.34     92.00    152.00      0.00       0  systemd-journal
1791503629    104       666    0.00    0.00    0.00    0.00    0.00     2      0.00      0.00  222072    4484   0.06      0.00     28.00      0.00       0  rsyslogd
1791503629      0       728    0.00    0.00    0.00    0.00    0.00     0      0.00      0.00   56244    2480   0.03      0.00      0.00      0.00       0  nginx
1791503629     33       729    7.00   13.00    0.00   27.00   20.00     3     68.00      0.00   63648   17316   0.21      0.00    964.00    796.00       0  nginx
1791503629     33       730    7.00    9.00    0.00   20.00   16.00     3      0.00      0.00   61604   15204   0.19      0.00    704.00    520.00       0  nginx
1791503629     33       731    6.00   10.00    0.00   20.00   16.00     3     51.00      0.00   62560   15996   0.20      0.00    936.00    808.00       0  nginx
1791503629     33       732   12.00   15.00    0.00   37.00   27.00     3     41.00      0.00   66864   20464   0.25      0.00   1772.00   1528.00       0  nginx
1791503629    112       738   54.00   26.00    0.00    1.00   80.00     1      3.00      0.00 2858344  606860   7.47      0.00  16164.00      0.00       0  mysqld
1791503629   1100       878   61.00   32.00    0.00    0.00   93.00     2   1132.00      0.00 2124748   34112   0.42      0.00      0.00      0.00       0  isupipe

# Time        UID       PID    %usr %system  %guest   %wait    %CPU   CPU  minflt/s  majflt/s     VSZ     RSS   %MEM   kB_rd/s   kB_wr/s kB_ccwr/s iodelay  Command
1791503630      0        13    0.00    0.00    0.00    0.00    0.00     0      0.00      0.00       0       0   0.00      0.00      0.00      0.00       0  ksoftirqd/0
1791503630      0        22    0.00    0.00    0.00    0.00    0.00     1      0.00      0.00       0       0   0.00      0.00      0.00      0.00       0  ksoftirqd/1
1791503630      0        28    0.00    0.00    0.00    0.00    0.00     2      0.00      0.00       0       0   0.00      0.00      0.00      0.00       0  ksoftirqd/2
1791503630      0        34    0.00    1.00    0.00    0.00    1.00     3      0.00      0.00       0       0   0.00      0.00      0.00      0.00       0  ksoftirqd/3
1791503630      0       343    0.00    1.00    0.00    0.00    1.00     0      0.00      0.00       0       0   0.00      0.00      0.00      0.00       0  jbd2/sda1-8
1791503630      0       418    2.00    0.00    0.00    1.00    2.00     3      6.00     87.00   63656   27840   0.34    104.00    336.00      0.00       0  systemd-journal
1791503630    104       666    1.00    1.00    0.00    0.00    2.00     2      1.00      0.00  222072    4484   0.06      0.00     32.00      0.00       0  rsyslogd
1791503630      0       728    0.00    0.00    0.00    0.00    0.00     0      0.00      0.00   56244    2480   0.03      0.00      0.00      0.00       0  nginx
1791503630     33       729    8.00    9.00    0.00   30.00   17.00     3     29.00      0.00   63788   17316   0.21      0.00   1144.00    980.00       0  nginx
1791503630     33       730    6.00   10.00    0.00   23.00   16.00     3      0.00      0.00   61604   15204   0.19      0.00    408.00    336.00       0  nginx
1791503630     33       731    8.00    7.00    0.00   18.00   15.00     3     35.00      0.00   62560   16260   0.20      0.00    872.00    776.00       0  nginx
1791503630     33       732   11.00   16.00    0.00   39.00   27.00     3     27.00      0.00   66864   20728   0.26      0.00   1552.00   1308.00       0  nginx
1791503630    112       738   53.00   27.00    0.00    1.00   80.00     2      2.00      0.00 2858344  606860   7.47      0.00  15768.00      0.00       0  mysqld
1791503630   1100       878   58.00   33.00    0.00    5.00   91.00     2   1349.00      0.00 2124748   34540   0.43      0.00      0.00      0.00       0  isupipe

# Time        UID       PID    %usr %system  %guest   %wait    %CPU   CPU  minflt/s  majflt/s     VSZ     RSS   %MEM   kB_rd/s   kB_wr/s kB_ccwr/s iodelay  Command
1791503631      0        13    0.00    0.00    0.00    0.00    0.00     0      0.00      0.00       0       0   0.00      0.00      0.00      0.00       0  ksoftirqd/0
1791503631      0        22    0.00    0.00    0.00    0.00    0.00     1      0.00      0.00       0       0   0.00      0.00      0.00      0.00       0  ksoftirqd/1
1791503631      0        28    0.00    0.00    0.00    0.00    0.00     2      0.00      0.00       0       0   0.00      0.00      0.00      0.00       0  ksoftirqd/2
1791503631      0        34    0.00    1.00    0.00    0.00    1.00     3      0.00      0.00       0       0   0.00      0.00      0.00      0.00       0  ksoftirqd/3
1791503631      0       343    0.00    0.00    0.00    0.00    0.00     0      0.00      0.00       0       0   0.00      0.00      0.00      0.00       0  jbd2/sda1-8
1791503631      0       418    0.00    2.00    0.00    0.00    2.00     1      4.00    113.00   63656   28040   0.35      0.00    452.00      0.00       0  systemd-journal
1791503631    104       666    0.00    0.00    0.00    0.00    0.00     2      0.00      0.00  222072    4484   0.06      0.00     28.00      0.00       0  rsyslogd
1791503631      0       728    0.00    0.00    0.00    0.00    0.00     0      0.00      0.00   56244    2480   0.03      0.00      0.00      0.00       0  nginx
1791503631     33       729    9.00   11.00    0.00   33.00   20.00     3     74.00      0.00   64064   17580   0.22      0.00   1376.00   1224.00       0  nginx
1791503631     33       730    6.00    9.00    0.00   19.00   15.00     3      0.00      0.00   61604   15204   0.19      0.00    428.00    208.00       0  nginx
1791503631     33       731    8.00   10.00    0.00   26.00   18.00     3     35.00      0.00   62832   16524   0.20      0.00    644.00    532.00       0  nginx
1791503631     33       732   14.00   13.00    0.00   39.00   27.00     3      0.00      0.00   66864   20728   0.26      0.00   1884.00   1628.00       0  nginx
1791503631    112       738   61.00   24.00    0.00    0.00   85.00     3     23.00      0.00 2858344  607032   7.48      0.00  13888.00      0.00       0  mysqld
1791503631   1100       878   60.00   32.00    0.00   24.00   92.00     2   1264.00      0.00 2124748   34892   0.43      0.00      0.00      0.00       0  isupipe

# Time        UID       PID    %usr %system  %guest   %wait    %CPU   CPU  minflt/s  majflt/s     VSZ     RSS   %MEM   kB_rd/s   kB_wr/s kB_ccwr/s iodelay  Command
1791503632      0        13    0.00    0.00    0.00    0.00    0.00     0      0.00      0.00       0       0   0.00      0.00      0.00      0.00       0  ksoftirqd/0
1791503632      0        22    0.00    0.00    0.00    0.00    0.00     1      0.00      0.00       0       0   0.00      0.00      0.00      0.00       0  ksoftirqd/1
1791503632      0        28    0.00    0.00    0.00    0.00    0.00     2      0.00      0.00       0       0   0.00      0.00      0.00      0.00       0  ksoftirqd/2
1791503632      0        34    0.00    2.00    0.00    0.00    2.00     3      0.00      0.00       0       0   0.00      0.00      0.00      0.00       0  ksoftirqd/3
1791503632      0       343    0.00    2.00    0.00    1.00    2.00     1      0.00      0.00       0       0   0.00      0.00      8.00      0.00       0  jbd2/sda1-8
1791503632      0       418    0.00    1.00    0.00    1.00    1.00     2      0.00     91.00   63656   28252   0.35     88.00    356.00      0.00       0  systemd-journal
1791503632    104       666    1.00    1.00    0.00    0.00    2.00     2      0.00      0.00  222072    4484   0.06      0.00     32.00      0.00       0  rsyslogd
1791503632      0       728    0.00    0.00    0.00    0.00    0.00     0      0.00      0.00   56244    2480   0.03      0.00      0.00      0.00       0  nginx
1791503632     33       729    9.00   11.00    0.00   39.00   20.00     3     39.00      0.00   64200   17844   0.22      0.00    856.00    700.00       0  nginx
1791503632     33       730    6.00    9.00    0.00   19.00   15.00     3      0.00      0.00   61604   15204   0.19      4.00    744.00    716.00       0  nginx
1791503632     33       731    6.00   12.00    0.00   25.00   18.00     2     16.00      0.00   62832   16524   0.20      0.00    756.00    612.00       0  nginx
1791503632     33       732    9.00   15.00    0.00   42.00   24.00     2     14.00      0.00   66996   20728   0.26      0.00   1724.00   1472.00       0  nginx
1791503632    112       738   50.00   29.00    0.00    1.00   79.00     3     10.00      0.00 2858344  607040   7.48      0.00  15908.00      0.00       0  mysqld
1791503632   1100       878   51.00   39.00    0.00   25.00   90.00     2    829.00      0.00 2124748   34472   0.42      0.00      0.00      0.00       0  isupipe

# Time        UID       PID    %usr %system  %guest   %wait    %CPU   CPU  minflt/s  majflt/s     VSZ     RSS   %MEM   kB_rd/s   kB_wr/s kB_ccwr/s iodelay  Command
1791503633      0        13    0.00    0.00    0.00    0.00    0.00     0      0.00      0.00       0       0   0.00      0.00      0.00      0.00       0  ksoftirqd/0
1791503633      0        22    0.00    0.00    0.00    0.00    0.00     1      0.00      0.00       0       0   0.00      0.00      0.00      0.00       0  ksoftirqd/1
1791503633      0        28    0.00    1.00    0.00    0.00    1.00     2      0.00      0.00       0       0   0.00      0.00      0.00      0.00       0  ksoftirqd/2
1791503633      0        34    0.00    1.00    0.00    0.00    1.00     3      0.00      0.00       0       0   0.00      0.00      0.00      0.00       0  ksoftirqd/3
1791503633      0       343    0.00    1.00    0.00    0.00    1.00     0      0.00      0.00       0       0   0.00      0.00      0.00      0.00       0  jbd2/sda1-8
1791503633      0       418    2.00    0.00    0.00    0.00    2.00     2      3.00     76.00   63656   28556   0.35      0.00    300.00      0.00       0  systemd-journal
1791503633    104       666    0.00    0.00    0.00    0.00    0.00     2      0.00      0.00  222072    4484   0.06      0.00     36.00      0.00       0  rsyslogd
1791503633      0       728    0.00    0.00    0.00    0.00    0.00     0      0.00      0.00   56244    2480   0.03      0.00      0.00      0.00       0  nginx
1791503633     33       729   10.00   10.00    0.00   39.00   20.00     3     41.00      0.00   64332   18108   0.22      0.00   1144.00    964.00       0  nginx
1791503633     33       730    6.00    9.00    0.00   18.00   15.00     3      0.00      0.00   61604   15204   0.19      0.00    892.00    772.00       0  nginx
1791503633     33       731    9.00   10.00    0.00   35.00   19.00     3     46.00      0.00   62980   16524   0.20      0.00    884.00    748.00       0  nginx
1791503633     33       732   10.00   13.00    0.00   39.00   23.00     0     35.00      0.00   67128   20728   0.26      0.00   1072.00    860.00       0  nginx
1791503633    112       738   60.00   21.00    0.00    0.00   81.00     0      6.00      0.00 2858344  607040   7.48      0.00  13464.00      0.00       0  mysqld
1791503633   1100       878   53.00   36.00    0.00   17.00   89.00     0    838.00      0.00 2124748   35196   0.43      0.00      0.00      0.00       0  isupipe

# Time        UID       PID    %usr %system  %guest   %wait    %CPU   CPU  minflt/s  majflt/s     VSZ     RSS   %MEM   kB_rd/s   kB_wr/s kB_ccwr/s iodelay  Command
1791503634      0        13    1.00    0.00    0.00    0.00    1.00     0      0.00      0.00       0       0   0.00      0.00      0.00      0.00       0  ksoftirqd/0
1791503634      0        22    0.00    0.00    0.00    0.00    0.00     1      0.00      0.00       0       0   0.00      0.00      0.00      0.00       0  ksoftirqd/1
1791503634      0        28    0.00    0.00    0.00    0.00    0.00     2      0.00      0.00       0       0   0.00      0.00      0.00      0.00       0  ksoftirqd/2
1791503634      0        34    0.00    1.00    0.00    0.00    1.00     3      0.00      0.00       0       0   0.00      0.00      0.00      0.00       0  ksoftirqd/3
1791503634      0       343    0.00    1.00    0.00    0.00    1.00     0      0.00      0.00       0       0   0.00      0.00      0.00      0.00       0  jbd2/sda1-8
1791503634      0       418    0.00    1.00    0.00    2.00    1.00     3      3.00     53.00   63656   28640   0.35      0.00    208.00      0.00       0  systemd-journal
1791503634    104       666    0.00    1.00    0.00    0.00    1.00     2      0.00      0.00  222072    4484   0.06      0.00     28.00      0.00       0  rsyslogd
1791503634      0       728    0.00    0.00    0.00    0.00    0.00     0      0.00      0.00   56244    2480   0.03      0.00      0.00      0.00       0  nginx
1791503634     33       729    7.00   13.00    0.00   32.00   20.00     0     11.00      0.00   64332   18108   0.22      0.00   1220.00   1064.00       0  nginx
1791503634     33       730    8.00    9.00    0.00   24.00   17.00     3     20.00      0.00   61736   15468   0.19      0.00    276.00    172.00       0  nginx
1791503634     33       731    7.00    9.00    0.00   24.00   16.00     3     22.00      0.00   63112   16788   0.21      0.00   1116.00    932.00       0  nginx
1791503634     33       732   17.00   13.00    0.00   34.00   30.00     2     48.00      0.00   67260   20992   0.26      0.00   1712.00   1488.00       0  nginx
1791503634    112       738   53.00   24.00    0.00    1.00   77.00     3     44.00      0.00 2858344  607296   7.48      0.00  17596.00      0.00       0  mysqld
1791503634   1100       878   56.00   35.00    0.00   31.00   91.00     1   1575.00      0.00 2124748   35588   0.44      0.00      0.00      0.00       0  isupipe

# Time        UID       PID    %usr %system  %guest   %wait    %CPU   CPU  minflt/s  majflt/s     VSZ     RSS   %MEM   kB_rd/s   kB_wr/s kB_ccwr/s iodelay  Command
1791503635      0        13    0.00    0.00    0.00    0.00    0.00     0      0.00      0.00       0       0   0.00      0.00      0.00      0.00       0  ksoftirqd/0
1791503635      0        22    1.00    0.00    0.00    0.00    1.00     1      0.00      0.00       0       0   0.00      0.00      0.00      0.00       0  ksoftirqd/1
1791503635      0        28    0.00    0.00    0.00    1.00    0.00     2      0.00      0.00       0       0   0.00      0.00      0.00      0.00       0  ksoftirqd/2
1791503635      0        34    0.00    1.00    0.00    0.00    1.00     3      0.00      0.00       0       0   0.00      0.00      0.00      0.00       0  ksoftirqd/3
1791503635      0       343    0.00    1.00    0.00    1.00    1.00     2      0.00      0.00       0       0   0.00      0.00      4.00      0.00       0  jbd2/sda1-8
1791503635      0       418    1.00    1.00    0.00    0.00    2.00     2      2.00     54.00   63656   28988   0.36     20.00    208.00      0.00       0  systemd-journal
1791503635    104       666    0.00    0.00    0.00    0.00    0.00     2      0.00      0.00  222072    4484   0.06      0.00     28.00      0.00       0  rsyslogd
1791503635      0       728    0.00    0.00    0.00    0.00    0.00     0      0.00      0.00   56244    2480   0.03      0.00      0.00      0.00       0  nginx
1791503635     33       729    8.00   12.00    0.00   37.00   20.00     3     40.00      0.00   64464   18108   0.22      0.00   1384.00   1220.00       0  nginx
1791503635     33       730    5.00   11.00    0.00   18.00   16.00     3      9.00      0.00   61736   15468   0.19      0.00    876.00    756.00       0  nginx
1791503635     33       731    8.00    8.00    0.00   24.00   16.00     3      0.00      0.00   63112   16788   0.21      0.00   1060.00    956.00       0  nginx
1791503635     33       732   11.00   18.00    0.00   38.00   29.00     3     24.00      0.00   67396   20992   0.26      0.00   1360.00   1100.00       0  nginx
1791503635    112       738   61.00   22.00    0.00    1.00   83.00     3      0.00      0.00 2858344  607296   7.48      0.00  13612.00      0.00       0  mysqld
1791503635   1100       878   51.00   37.00    0.00   24.00   88.00     1    484.00      0.00 2124748   35024   0.43      0.00      0.00      0.00       0  isupipe

# Time        UID       PID    %usr %system  %guest   %wait    %CPU   CPU  minflt/s  majflt/s     VSZ     RSS   %MEM   kB_rd/s   kB_wr/s kB_ccwr/s iodelay  Command
1791503636      0        13    0.00    0.00    0.00    0.00    0.00     0      0.00      0.00       0       0   0.00      0.00      0.00      0.00       0  ksoftirqd/0
1791503636      0        22    0.00    0.00    0.00    0.00    0.00     1      0.00      0.00       0       0   0.00      0.00      0.00      0.00       0  ksoftirqd/1
1791503636      0        28    0.00    0.00    0.00    0.00    0.00     2      0.00      0.00       0       0   0.00      0.00      0.00      0.00       0  ksoftirqd/2
1791503636      0        34    0.00    1.00    0.00    0.00    1.00     3      0.00      0.00       0       0   0.00      0.00      0.00      0.00       0  ksoftirqd/3
1791503636      0       343    0.00    1.00    0.00    0.00    1.00     2      0.00      0.00       0       0   0.00      0.00     68.00      0.00       0  jbd2/sda1-8
1791503636      0       418    1.00    0.00    0.00    0.00    1.00     1      0.00     47.00   63656   29028   0.36      0.00    188.00      0.00       0  systemd-journal
1791503636    104       666    1.00    0.00    0.00    0.00    1.00     2      1.00      0.00  222072    4484   0.06      0.00     28.00      0.00       0  rsyslogd
1791503636      0       728    0.00    0.00    0.00    0.00    0.00     0      0.00      0.00   56244    2480   0.03      0.00      0.00      0.00       0  nginx
1791503636     33       729    9.00    9.00    0.00   37.00   18.00     3      7.00      0.00   64596   18108   0.22      0.00   1480.00   1324.00       0  nginx
1791503636     33       730    6.00   11.00    0.00   28.00   17.00     3      3.00      0.00   61868   15468   0.19      0.00   1008.00    876.00       0  nginx
1791503636     33       731    8.00   10.00    0.00   31.00   18.00     1      0.00      0.00   63112   16788   0.21      0.00    744.00    620.00       0  nginx
1791503636     33       732   11.00   12.00    0.00   42.00   23.00     3     68.00      0.00   67664   21256   0.26      0.00   1748.00   1492.00       0  nginx
1791503636    112       738   52.00   28.00    0.00    1.00   80.00     2      2.00      0.00 2858344  607296   7.48      0.00  17796.00      0.00       0  mysqld
1791503636   1100       878   57.00   32.00    0.00   10.00   89.00     0    630.00      0.00 2124748   35432   0.44      0.00      0.00      0.00       0  isupipe

# Time        UID       PID    %usr %system  %guest   %wait    %CPU   CPU  minflt/s  majflt/s     VSZ     RSS   %MEM   kB_rd/s   kB_wr/s kB_ccwr/s iodelay  Command
1791503637      0        13    0.00    0.00    0.00    0.00    0.00     0      0.00      0.00       0       0   0.00      0.00      0.00      0.00       0  ksoftirqd/0
1791503637      0        22    0.00    0.00    0.00    0.00    0.00     1      0.00      0.00       0       0   0.00      0.00      0.00      0.00       0  ksoftirqd/1
1791503637      0        28    0.00    0.00    0.00    0.00    0.00     2      0.00      0.00       0       0   0.00      0.00      0.00      0.00       0  ksoftirqd/2
1791503637      0        34    0.00    1.00    0.00    0.00    1.00     3      0.00      0.00       0       0   0.00      0.00      0.00      0.00       0  ksoftirqd/3
1791503637      0       343    0.00    1.00    0.00    1.00    1.00     0      0.00      0.00       0       0   0.00      0.00     16.00      0.00       0  jbd2/sda1-8
1791503637      0       418    1.00    1.00    0.00    0.00    2.00     1      2.00     44.00   63656   29168   0.36      0.00    176.00      0.00       0  systemd-journal
1791503637    104       666    0.00    1.00    0.00    0.00    1.00     2      0.00      0.00  222072    4484   0.06      0.00     28.00      0.00       0  rsyslogd
1791503637      0       728    0.00    0.00    0.00    0.00    0.00     0      0.00      0.00   56244    2480   0.03      0.00      0.00      0.00       0  nginx
1791503637     33       729    8.00   11.00    0.00   38.00   19.00     3      0.00      0.00   64596   18108   0.22      0.00    964.00    828.00       0  nginx
1791503637     33       730    7.00    8.00    0.00   28.00   15.00     3      7.00      0.00   61868   15468   0.19      0.00    656.00    524.00       0  nginx
1791503637     33       731    8.00    8.00    0.00   28.00   16.00     3      0.00      0.00   63112   16788   0.21      0.00    776.00    628.00       0  nginx
1791503637     33       732   10.00   16.00    0.00   41.00   26.00     0     27.00      0.00   67804   21520   0.27      0.00   1644.00   1444.00       0  nginx
1791503637    112       738   60.00   25.00    0.00    2.00   85.00     2      0.00      0.00 2858344  607296   7.48      0.00  12652.00      0.00       0  mysqld
1791503637   1100       878   56.00   35.00    0.00    0.00   91.00     0    961.00      0.00 2124748   36212   0.45      0.00      0.00      0.00       0  isupipe

# Time        UID       PID    %usr %system  %guest   %wait    %CPU   CPU  minflt/s  majflt/s     VSZ     RSS   %MEM   kB_rd/s   kB_wr/s kB_ccwr/s iodelay  Command
1791503638      0        13    0.00    0.00    0.00    1.00    0.00     0      0.00      0.00       0       0   0.00      0.00      0.00      0.00       0  ksoftirqd/0
1791503638      0        22    0.00    0.00    0.00    0.00    0.00     1      0.00      0.00       0       0   0.00      0.00      0.00      0.00       0  ksoftirqd/1
1791503638      0        28    0.00    1.00    0.00    0.00    1.00     2      0.00      0.00       0       0   0.00      0.00      0.00      0.00       0  ksoftirqd/2
1791503638      0        34    0.00    1.00    0.00    0.00    1.00     3      0.00      0.00       0       0   0.00      0.00      0.00      0.00       0  ksoftirqd/3
1791503638      0       343    0.00    1.00    0.00    0.00    1.00     0      0.00      0.00       0       0   0.00      0.00     12.00      0.00       0  jbd2/sda1-8
1791503638      0       418    0.00    1.00    0.00    1.00    1.00     2      3.00     46.00   63656   29352   0.36     24.00    180.00      0.00       0  systemd-journal
1791503638    104       666    0.00    0.00    0.00    0.00    0.00     2      0.00      0.00  222072    4484   0.06      0.00     28.00      0.00       0  rsyslogd
1791503638      0       728    0.00    0.00    0.00    0.00    0.00     0      0.00      0.00   56244    2480   0.03      0.00      0.00      0.00       0  nginx
1791503638     33       729   10.00   10.00    0.00   34.00   20.00     3      0.00      0.00   64596   18108   0.22      0.00   1332.00   1168.00       0  nginx
1791503638     33       730    5.00   13.00    0.00   27.00   18.00     3      0.00      0.00   61868   15468   0.19      0.00    680.00    552.00       0  nginx
1791503638     33       731    8.00   10.00    0.00   29.00   18.00     3     42.00      0.00   63244   16788   0.21      0.00    852.00    732.00       0  nginx
1791503638     33       732   13.00   12.00    0.00   33.00   25.00     3     65.00      0.00   68084   21784   0.27      0.00   1840.00   1644.00       0  nginx
1791503638    112       738   55.00   27.00    0.00    0.00   82.00     0     62.00      0.00 2858344  607456   7.48      0.00  17208.00      0.00       0  mysqld
1791503638   1100       878   54.00   33.00    0.00    7.00   87.00     1   1375.00      0.00 2124748   35380   0.44      0.00      0.00      0.00       0  isupipe

# Time        UID       PID    %usr %system  %guest   %wait    %CPU   CPU  minflt/s  majflt/s     VSZ     RSS   %MEM   kB_rd/s   kB_wr/s kB_ccwr/s iodelay  Command
1791503639      0        13    1.00    0.00    0.00    0.00    1.00     0      0.00      0.00       0       0   0.00      0.00      0.00      0.00       0  ksoftirqd/0
1791503639      0        22    0.00    0.00    0.00    0.00    0.00     1      0.00      0.00       0       0   0.00      0.00      0.00      0.00       0  ksoftirqd/1
1791503639      0        28    0.00    0.00    0.00    0.00    0.00     2      0.00      0.00       0       0   0.00      0.00      0.00      0.00       0  ksoftirqd/2
1791503639      0        34    0.00    1.00    0.00    0.00    1.00     3      0.00      0.00       0       0   0.00      0.00      0.00      0.00       0  ksoftirqd/3
1791503639      0       343    0.00    1.00    0.00    0.00    1.00     2      0.00      0.00       0       0   0.00      0.00      0.00      0.00       0  jbd2/sda1-8
1791503639      0       418    1.00    0.00    0.00    0.00    1.00     1      0.00     39.00   63656   29420   0.36      0.00    156.00      0.00       0  systemd-journal
1791503639    104       666    0.00    1.00    0.00    0.00    1.00     2      0.00      0.00  222072    4484   0.06      0.00     28.00      0.00       0  rsyslogd
1791503639      0       728    0.00    0.00    0.00    0.00    0.00     0      0.00      0.00   56244    2480   0.03      0.00      0.00      0.00       0  nginx
1791503639     33       729    9.00   10.00    0.00   33.00   19.00     3      1.00      0.00   64596   18108   0.22      0.00   1048.00    888.00       0  nginx
1791503639     33       730    7.00    8.00    0.00   24.00   15.00     3      0.00      0.00   61868   15468   0.19      0.00    564.00    428.00       0  nginx
1791503639     33       731    6.00    9.00    0.00   26.00   15.00     1      4.00      0.00   63244   16788   0.21      0.00   1264.00   1108.00       0  nginx
1791503639     33       732   14.00   13.00    0.00   38.00   27.00     1     76.00      0.00   68352   22048   0.27      0.00   1440.00   1224.00       0  nginx
1791503639    112       738   50.00   30.00    0.00    0.00   80.00     2    130.00      0.00 2858720  607860   7.49      0.00  16672.00      0.00       0  mysqld
1791503639   1100       878   55.00   32.00    0.00   13.00   87.00     0    736.00      0.00 2124748   35588   0.44      0.00      0.00      0.00       0  isupipe

# Time        UID       PID    %usr %system  %guest   %wait    %CPU   CPU  minflt/s  majflt/s     VSZ     RSS   %MEM   kB_rd/s   kB_wr/s kB_ccwr/s iodelay  Command
1791503640      0        13    0.00    0.00    0.00    0.00    0.00     0      0.00      0.00       0       0   0.00      0.00      0.00      0.00       0  ksoftirqd/0
1791503640      0        22    0.00    0.00    0.00    0.00    0.00     1      0.00      0.00       0       0   0.00      0.00      0.00      0.00       0  ksoftirqd/1
1791503640      0        28    0.00    0.00    0.00    0.00    0.00     2      0.00      0.00       0       0   0.00      0.00      0.00      0.00       0  ksoftirqd/2
1791503640      0        34    0.00    1.00    0.00    0.00    1.00     3      0.00      0.00       0       0   0.00      0.00      0.00      0.00       0  ksoftirqd/3
1791503640      0       343    0.00    1.00    0.00    1.00    1.00     0      0.00      0.00       0       0   0.00      0.00      4.00      0.00       0  jbd2/sda1-8
1791503640      0       418    1.00    1.00    0.00    0.00    2.00     0      5.00     34.00   63656   29512   0.36      0.00    136.00      0.00       0  systemd-journal
1791503640    104       666    0.00    0.00    0.00    0.00    0.00     2      0.00      0.00  222072    4484   0.06      0.00     24.00      0.00       0  rsyslogd
1791503640      0       728    0.00    0.00    0.00    0.00    0.00     0      0.00      0.00   56244    2480   0.03      0.00      0.00      0.00       0  nginx
1791503640     33       729    8.00   11.00    0.00   30.00   19.00     0      7.00      0.00   64596   18372   0.23      0.00    772.00    624.00       0  nginx
1791503640     33       730    5.00    9.00    0.00   16.00   14.00     1      0.00      0.00   61868   15468   0.19      0.00    796.00    684.00       0  nginx
1791503640     33       731    8.00   11.00    0.00   27.00   19.00     3      0.00      0.00   63244   16788   0.21      0.00    692.00    556.00       0  nginx
1791503640     33       732   12.00   13.00    0.00   33.00   25.00     2      8.00      0.00   68352   22048   0.27      0.00   1748.00   1528.00       0  nginx
1791503640    112       738   51.00   27.00    0.00    1.00   78.00     2      6.00      0.00 2858720  607860   7.49      0.00  12460.00      0.00       0  mysqld
1791503640   1100       878   53.00   33.00    0.00   25.00   86.00     2    439.00      0.00 2124748   35608   0.44      0.00      0.00      0.00       0  isupipe

# Time        UID       PID    %usr %system  %guest   %wait    %CPU   CPU  minflt/s  majflt/s     VSZ     RSS   %MEM   kB_rd/s   kB_wr/s kB_ccwr/s iodelay  Command
1791503641      0        13    0.00    0.00    0.00    0.00    0.00     0      0.00      0.00       0       0   0.00      0.00      0.00      0.00       0  ksoftirqd/0
1791503641      0        22    1.00    0.00    0.00    0.00    1.00     1      0.00      0.00       0       0   0.00      0.00      0.00      0.00       0  ksoftirqd/1
1791503641      0        28    0.00    0.00    0.00    0.00    0.00     2      0.00      0.00       0       0   0.00      0.00      0.00      0.00       0  ksoftirqd/2
1791503641      0        34    0.00    2.00    0.00    0.00    2.00     3      0.00      0.00       0       0   0.00      0.00      0.00      0.00       0  ksoftirqd/3
1791503641      0       343    0.00    1.00    0.00    0.00    1.00     1      0.00      0.00       0       0   0.00      0.00      0.00      0.00       0  jbd2/sda1-8
1791503641      0       418    1.00    0.00    0.00    1.00    1.00     0      0.00     44.00   63656   29752   0.37      0.00    176.00      0.00       0  systemd-journal
1791503641    104       666    0.00    1.00    0.00    0.00    1.00     2      0.00      0.00  222072    4484   0.06      0.00     28.00      0.00       0  rsyslogd
1791503641      0       728    0.00    0.00    0.00    0.00    0.00     0      0.00      0.00   56244    2480   0.03      0.00      0.00      0.00       0  nginx
1791503641     33       729    9.00   11.00    0.00   39.00   20.00     3     37.00      0.00   64736   18372   0.23      0.00   1008.00    848.00       0  nginx
1791503641     33       730    7.00    8.00    0.00   19.00   15.00     3     33.00      0.00   62008   15468   0.19      0.00    616.00    524.00       0  nginx
1791503641     33       731    9.00    8.00    0.00   33.00   17.00     0     39.00      0.00   63376   17052   0.21      0.00    660.00    512.00       0  nginx
1791503641     33       732   14.00   13.00    0.00   40.00   27.00     3     11.00      0.00   68352   22048   0.27      0.00   1648.00   1436.00       0  nginx
1791503641    112       738   55.00   22.00    0.00    0.00   77.00     0      0.00      0.00 2858720  607860   7.49      0.00  16140.00      0.00       0  mysqld
1791503641   1100       878   49.00   39.00    0.00    6.00   88.00     2    889.00      0.00 2124748   35996   0.44      0.00      0.00      0.00       0  isupipe

# Time        UID       PID    %usr %system  %guest   %wait    %CPU   CPU  minflt/s  majflt/s     VSZ     RSS   %MEM   kB_rd/s   kB_wr/s kB_ccwr/s iodelay  Command
1791503642      0        13    0.00    0.00    0.00    0.00    0.00     0      0.00      0.00       0       0   0.00      0.00      0.00      0.00       0  ksoftirqd/0
1791503642      0        22    0.00    0.00    0.00    0.00    0.00     1      0.00      0.00       0       0   0.00      0.00      0.00      0.00       0  ksoftirqd/1
1791503642      0        28    0.00    0.00    0.00    0.00    0.00     2      0.00      0.00       0       0   0.00      0.00      0.00      0.00       0  ksoftirqd/2
1791503642      0        34    0.00    1.00    0.00    1.00    1.00     3      0.00      0.00       0       0   0.00      0.00      0.00      0.00       0  ksoftirqd/3
1791503642      0       343    0.00    1.00    0.00    0.00    1.00     2      0.00      0.00       0       0   0.00      0.00      0.00      0.00       0  jbd2/sda1-8
1791503642      0       418    0.00    1.00    0.00    0.00    1.00     2      0.00     33.00   63656   29804   0.37      0.00    132.00      0.00       0  systemd-journal
1791503642    104       666    0.00    1.00    0.00    0.00    1.00     2      1.00      0.00  222072    4484   0.06      0.00     24.00      0.00       0  rsyslogd
1791503642      0       728    0.00    0.00    0.00    0.00    0.00     0      0.00      0.00   56244    2480   0.03      0.00      0.00      0.00       0  nginx
1791503642     33       729    6.00   14.00    0.00   33.00   20.00     2     15.00      0.00   64736   18372   0.23      0.00   1188.00    940.00       0  nginx
1791503642     33       730    7.00    9.00    0.00   18.00   16.00     3     55.00      0.00   62144   15732   0.19      0.00    712.00    624.00       0  nginx
1791503642     33       731   10.00    8.00    0.00   28.00   18.00     3      0.00      0.00   63376   17052   0.21      0.00    780.00    620.00       0  nginx
1791503642     33       732   12.00   12.00    0.00   38.00   24.00     3      1.00      0.00   68484   22048   0.27      0.00   1364.00   1144.00       0  nginx
1791503642    112       738   53.00   25.00    0.00    1.00   78.00     1      2.00      0.00 2858720  607860   7.49      0.00  16148.00      0.00       0  mysqld
1791503642   1100       878   49.00   38.00    0.00   29.00   87.00     0    918.00      0.00 2124748   36348   0.45      0.00      0.00      0.00       0  isupipe

# Time        UID       PID    %usr %system  %guest   %wait    %CPU   CPU  minflt/s  majflt/s     VSZ     RSS   %MEM   kB_rd/s   kB_wr/s kB_ccwr/s iodelay  Command
1791503643      0        13    0.00    0.00    0.00    0.00    0.00     0      0.00      0.00       0       0   0.00      0.00      0.00      0.00       0  ksoftirqd/0
1791503643      0        22    0.00    0.00    0.00    0.00    0.00     1      0.00      0.00       0       0   0.00      0.00      0.00      0.00       0  ksoftirqd/1
1791503643      0        28    0.00    0.00    0.00    0.00    0.00     2      0.00      0.00       0       0   0.00      0.00      0.00      0.00       0  ksoftirqd/2
1791503643      0        34    0.00    1.00    0.00    0.00    1.00     3      0.00      0.00       0       0   0.00      0.00      0.00      0.00       0  ksoftirqd/3
1791503643      0       343    0.00    1.00    0.00    0.00    1.00     0      0.00      0.00       0       0   0.00      0.00      8.00      0.00       0  jbd2/sda1-8
1791503643      0       418    0.00    1.00    0.00    0.00    1.00     3      1.00     30.00   63656   29864   0.37      0.00    116.00      0.00       0  systemd-journal
1791503643    104       666    1.00    1.00    0.00    0.00    2.00     2      0.00      0.00  222072    4484   0.06      0.00     28.00      0.00       0  rsyslogd
1791503643      0       728    0.00    0.00    0.00    0.00    0.00     0      0.00      0.00   56244    2480   0.03      0.00      0.00      0.00       0  nginx
1791503643     33       729   12.00   10.00    0.00   43.00   22.00     3     17.00      0.00   64868   18636   0.23      0.00   1124.00   1056.00       0  nginx
1791503643     33       730    8.00   11.00    0.00   27.00   19.00     3     58.00      0.00   62420   15996   0.20      0.00    712.00    524.00       0  nginx
1791503643     33       731    7.00   10.00    0.00   36.00   17.00     3      0.00      0.00   63376   17052   0.21      0.00    748.00    624.00       0  nginx
1791503643     33       732   14.00   15.00    0.00   44.00   29.00     2      5.00      0.00   68484   22048   0.27      0.00   1552.00   1332.00       0  nginx
1791503643    112       738   53.00   25.00    0.00    0.00   78.00     1      0.00      0.00 2858720  607860   7.49      0.00  12032.00      0.00       0  mysqld
1791503643   1100       878   58.00   29.00    0.00   23.00   87.00     1    557.00      0.00 2124748   36392   0.45      0.00      0.00      0.00       0  isupipe

# Time        UID       PID    %usr %system  %guest   %wait    %CPU   CPU  minflt/s  majflt/s     VSZ     RSS   %MEM   kB_rd/s   kB_wr/s kB_ccwr/s iodelay  Command
1791503644      0        13    1.00    0.00    0.00    0.00    1.00     0      0.00      0.00       0       0   0.00      0.00      0.00      0.00       0  ksoftirqd/0
1791503644      0        22    0.00    0.00    0.00    0.00    0.00     1      0.00      0.00       0       0   0.00      0.00      0.00      0.00       0  ksoftirqd/1
1791503644      0        28    0.00    1.00    0.00    0.00    1.00     2      0.00      0.00       0       0   0.00      0.00      0.00      0.00       0  ksoftirqd/2
1791503644      0        34    0.00    0.00    0.00    0.00    0.00     3      0.00      0.00       0       0   0.00      0.00      0.00      0.00       0  ksoftirqd/3
1791503644      0       343    0.00    1.00    0.00    1.00    1.00     2      0.00      0.00       0       0   0.00      0.00     24.00      0.00       0  jbd2/sda1-8
1791503644      0       418    1.00    0.00    0.00    1.00    1.00     1      0.00     24.00   63656   29988   0.37      0.00     96.00      0.00       0  systemd-journal
1791503644    104       666    0.00    0.00    0.00    0.00    0.00     2      0.00      0.00  222072    4484   0.06      0.00     12.00      0.00       0  rsyslogd
1791503644      0       728    0.00    0.00    0.00    0.00    0.00     0      0.00      0.00   56244    2480   0.03      0.00      0.00      0.00       0  nginx
1791503644     33       729   15.00    9.00    0.00   40.00   24.00     3      1.00      0.00   64868   18636   0.23      0.00    856.00    700.00       0  nginx
1791503644     33       730   11.00    9.00    0.00   37.00   20.00     3     24.00      0.00   62564   15996   0.20      0.00    856.00    808.00       0  nginx
1791503644     33       731   12.00    8.00    0.00   34.00   20.00     3      2.00      0.00   63516   17052   0.21      0.00    716.00    584.00       0  nginx
1791503644     33       732   15.00   11.00    0.00   45.00   26.00     0      0.00      0.00   68484   22048   0.27      0.00   1424.00   1232.00       0  nginx
1791503644    112       738   51.00   24.00    0.00    0.00   75.00     2      0.00      0.00 2858720  607860   7.49      0.00  15736.00      0.00       0  mysqld
1791503644   1100       878   49.00   33.00    0.00   19.00   82.00     2    411.00      0.00 2124748   36492   0.45      0.00      0.00      0.00       0  isupipe

# Time        UID       PID    %usr %system  %guest   %wait    %CPU   CPU  minflt/s  majflt/s     VSZ     RSS   %MEM   kB_rd/s   kB_wr/s kB_ccwr/s iodelay  Command
1791503645      0        13    0.00    0.00    0.00    0.00    0.00     0      0.00      0.00       0       0   0.00      0.00      0.00      0.00       0  ksoftirqd/0
1791503645      0        22    0.00    0.00    0.00    0.00    0.00     1      0.00      0.00       0       0   0.00      0.00      0.00      0.00       0  ksoftirqd/1
1791503645      0        28    0.00    0.00    0.00    0.00    0.00     2      0.00      0.00       0       0   0.00      0.00      0.00      0.00       0  ksoftirqd/2
1791503645      0        34    0.00    2.00    0.00    0.00    2.00     3      0.00      0.00       0       0   0.00      0.00      0.00      0.00       0  ksoftirqd/3
1791503645      0       343    0.00    1.00    0.00    0.00    1.00     2      0.00      0.00       0       0   0.00      0.00      0.00      0.00       0  jbd2/sda1-8
1791503645      0       418    1.00    0.00    0.00    0.00    1.00     2      1.00     29.00   63656   30056   0.37      0.00    108.00      0.00       0  systemd-journal
1791503645    104       666    0.00    0.00    0.00    0.00    0.00     2      0.00      0.00  222072    4484   0.06      0.00     20.00      0.00       0  rsyslogd
1791503645      0       728    0.00    0.00    0.00    0.00    0.00     0      0.00      0.00   56244    2480   0.03      0.00      0.00      0.00       0  nginx
1791503645     33       729   12.00   11.00    0.00   40.00   23.00     3      2.00      0.00   64868   18636   0.23      0.00   1180.00   1048.00       0  nginx
1791503645     33       730    9.00   10.00    0.00   25.00   19.00     3      7.00      0.00   62564   16260   0.20      0.00    552.00    428.00       0  nginx
1791503645     33       731   15.00    5.00    0.00   33.00   20.00     0      0.00      0.00   63516   17052   0.21      0.00    644.00    548.00       0  nginx
1791503645     33       732   18.00   10.00    0.00   45.00   28.00     3      0.00      0.00   68484   22048   0.27      0.00   1272.00   1092.00       0  nginx
1791503645    112       738   54.00   21.00    0.00    1.00   75.00     3      2.00      0.00 2858720  607860   7.49      0.00  11452.00      0.00       0  mysqld
1791503645   1100       878   53.00   32.00    0.00    0.00   85.00     2    641.00      0.00 2124748   35948   0.44      0.00      0.00      0.00       0  isupipe

# Time        UID       PID    %usr %system  %guest   %wait    %CPU   CPU  minflt/s  majflt/s     VSZ     RSS   %MEM   kB_rd/s   kB_wr/s kB_ccwr/s iodelay  Command
1791503646      0        13    0.00    0.00    0.00    0.00    0.00     0      0.00      0.00       0       0   0.00      0.00      0.00      0.00       0  ksoftirqd/0
1791503646      0        22    1.00    0.00    0.00    0.00    1.00     1      0.00      0.00       0       0   0.00      0.00      0.00      0.00       0  ksoftirqd/1
1791503646      0        28    0.00    0.00    0.00    0.00    0.00     2      0.00      0.00       0       0   0.00      0.00      0.00      0.00       0  ksoftirqd/2
1791503646      0        34    0.00    1.00    0.00    0.00    1.00     3      0.00      0.00       0       0   0.00      0.00      0.00      0.00       0  ksoftirqd/3
1791503646      0       343    0.00    1.00    0.00    0.00    1.00     0      0.00      0.00       0       0   0.00      0.00      4.00      0.00       0  jbd2/sda1-8
1791503646      0       418    0.00    1.00    0.00    0.00    1.00     0      0.00     77.00   63656   30112   0.37      0.00    308.00      0.00       0  systemd-journal
1791503646    104       666    0.00    0.00    0.00    0.00    0.00     2      0.00      0.00  222072    4484   0.06      0.00     16.00      0.00       0  rsyslogd
1791503646      0       728    0.00    0.00    0.00    0.00    0.00     0      0.00      0.00   56244    2480   0.03      0.00      0.00      0.00       0  nginx
1791503646     33       729   12.00   10.00    0.00   37.00   22.00     2      0.00      0.00   64868   18636   0.23      0.00    996.00    844.00       0  nginx
1791503646     33       730    9.00    8.00    0.00   29.00   17.00     0      0.00      0.00   62564   16260   0.20      0.00   1096.00    992.00       0  nginx
1791503646     33       731    9.00   10.00    0.00   34.00   19.00     3      0.00      0.00   63516   17052   0.21      0.00    528.00    416.00       0  nginx
1791503646     33       732   15.00   14.00    0.00   41.00   29.00     3      0.00      0.00   68484   22048   0.27      0.00   1336.00   1048.00       0  nginx
1791503646    112       738   49.00   27.00    0.00    1.00   76.00     3     10.00      0.00 2858720  607860   7.49      0.00  15744.00      0.00       0  mysqld
1791503646   1100       878   49.00   35.00    0.00    1.00   84.00     1    692.00      0.00 2124748   35880   0.44      0.00      0.00      0.00       0  isupipe

# Time        UID       PID    %usr %system  %guest   %wait    %CPU   CPU  minflt/s  majflt/s     VSZ     RSS   %MEM   kB_rd/s   kB_wr/s kB_ccwr/s iodelay  Command
1791503647      0        13    0.00    0.00    0.00    0.00    0.00     0      0.00      0.00       0       0   0.00      0.00      0.00      0.00       0  ksoftirqd/0
1791503647      0        22    0.00    0.00    0.00    0.00    0.00     1      0.00      0.00       0       0   0.00      0.00      0.00      0.00       0  ksoftirqd/1
1791503647      0        28    0.00    0.00    0.00    0.00    0.00     2      0.00      0.00       0       0   0.00      0.00      0.00      0.00       0  ksoftirqd/2
1791503647      0        34    0.00    1.00    0.00    0.00    1.00     3      0.00      0.00       0       0   0.00      0.00      0.00      0.00       0  ksoftirqd/3
1791503647      0       343    0.00    1.00    0.00    0.00    1.00     0      0.00      0.00       0       0   0.00      0.00      0.00      0.00       0  jbd2/sda1-8
1791503647      0       418    1.00    0.00    0.00    1.00    1.00     1      1.00     69.00   63656   30160   0.37      4.00    272.00      0.00       0  systemd-journal
1791503647    104       666    0.00    0.00    0.00    0.00    0.00     2      0.00      0.00  222072    4484   0.06      0.00     12.00      0.00       0  rsyslogd
1791503647      0       728    0.00    0.00    0.00    0.00    0.00     0      0.00      0.00   56244    2480   0.03      0.00      0.00      0.00       0  nginx
1791503647     33       729   12.00    9.00    0.00   36.00   21.00     3      0.00      0.00   64868   18636   0.23      0.00   1216.00    964.00       0  nginx
1791503647     33       730   10.00    9.00    0.00   26.00   19.00     3      0.00      0.00   62564   16260   0.20      0.00   1044.00    944.00       0  nginx
1791503647     33       731   11.00    8.00    0.00   36.00   19.00     3      0.00      0.00   63516   17052   0.21      0.00    436.00    308.00       0  nginx
1791503647     33       732   13.00   13.00    0.00   41.00   26.00     0      0.00      0.00   68484   22048   0.27      0.00    924.00    808.00       0  nginx
1791503647    112       738   59.00   21.00    0.00    0.00   80.00     0      6.00      0.00 2858720  607860   7.49      0.00  11172.00      0.00       0  mysqld
1791503647   1100       878   50.00   36.00    0.00   26.00   86.00     0    646.00      0.00 2124748   36608   0.45      0.00      0.00      0.00       0  isupipe

# Time        UID       PID    %usr %system  %guest   %wait    %CPU   CPU  minflt/s  majflt/s     VSZ     RSS   %MEM   kB_rd/s   kB_wr/s kB_ccwr/s iodelay  Command
1791503648      0        13    0.00    0.00    0.00    0.00    0.00     0      0.00      0.00       0       0   0.00      0.00      0.00      0.00       0  ksoftirqd/0
1791503648      0        22    0.00    0.00    0.00    0.00    0.00     1      0.00      0.00       0       0   0.00      0.00      0.00      0.00       0  ksoftirqd/1
1791503648      0        28    0.00    0.00    0.00    0.00    0.00     2      0.00      0.00       0       0   0.00      0.00      0.00      0.00       0  ksoftirqd/2
1791503648      0        34    0.00    1.00    0.00    0.00    1.00     3      0.00      0.00       0       0   0.00      0.00      0.00      0.00       0  ksoftirqd/3
1791503648      0       343    0.00    1.00    0.00    1.00    1.00     2      0.00      0.00       0       0   0.00      0.00      4.00      0.00       0  jbd2/sda1-8
1791503648      0       418    1.00    0.00    0.00    0.00    1.00     2      0.00     51.00   63656   30216   0.37      0.00    204.00      0.00       0  systemd-journal
1791503648    104       666    1.00    0.00    0.00    0.00    1.00     2      0.00      0.00  222072    4484   0.06      0.00     16.00      0.00       0  rsyslogd
1791503648      0       728    0.00    0.00    0.00    0.00    0.00     0      0.00      0.00   56244    2480   0.03      0.00      0.00      0.00       0  nginx
1791503648     33       729   11.00   12.00    0.00   42.00   23.00     3      0.00      0.00   64868   18636   0.23      0.00    812.00    712.00       0  nginx
1791503648     33       730    9.00   10.00    0.00   36.00   19.00     3      0.00      0.00   62564   16260   0.20      0.00    440.00    336.00       0  nginx
1791503648     33       731    9.00   10.00    0.00   38.00   19.00     3      0.00      0.00   63516   17052   0.21      0.00   1128.00   1012.00       0  nginx
1791503648     33       732   16.00   12.00    0.00   40.00   28.00     3      0.00      0.00   68484   22048   0.27      0.00   1516.00   1312.00       0  nginx
1791503648    112       738   49.00   25.00    0.00    0.00   74.00     2      4.00      0.00 2858720  607860   7.49      0.00  15776.00      0.00       0  mysqld
1791503648   1100       878   47.00   39.00    0.00   14.00   86.00     1   1402.00      0.00 2124748   37052   0.46      0.00      0.00      0.00       0  isupipe

# Time        UID       PID    %usr %system  %guest   %wait    %CPU   CPU  minflt/s  majflt/s     VSZ     RSS   %MEM   kB_rd/s   kB_wr/s kB_ccwr/s iodelay  Command
1791503649      0        13    1.00    0.00    0.00    0.00    1.00     0      0.00      0.00       0       0   0.00      0.00      0.00      0.00       0  ksoftirqd/0
1791503649      0        22    0.00    0.00    0.00    0.00    0.00     1      0.00      0.00       0       0   0.00      0.00      0.00      0.00       0  ksoftirqd/1
1791503649      0        28    0.00    0.00    0.00    0.00    0.00     2      0.00      0.00       0       0   0.00      0.00      0.00      0.00       0  ksoftirqd/2
1791503649      0        34    0.00    1.00    0.00    0.00    1.00     3      0.00      0.00       0       0   0.00      0.00      0.00      0.00       0  ksoftirqd/3
1791503649      0       343    0.00    1.00    0.00    0.00    1.00     1      0.00      0.00       0       0   0.00      0.00      0.00      0.00       0  jbd2/sda1-8
1791503649      0       418    1.00    0.00    0.00    0.00    1.00     2      0.00     45.00   63656   30264   0.37     28.00    176.00      0.00       0  systemd-journal
1791503649    104       666    0.00    0.00    0.00    0.00    0.00     2      0.00      0.00  222072    4484   0.06      0.00     20.00      0.00       0  rsyslogd
1791503649      0       728    0.00    0.00    0.00    0.00    0.00     0      0.00      0.00   56244    2480   0.03      0.00      0.00      0.00       0  nginx
1791503649     33       729   12.00   11.00    0.00   35.00   23.00     3      0.00      0.00   64868   18636   0.23      0.00    912.00    852.00       0  nginx
1791503649     33       730    9.00    9.00    0.00   33.00   18.00     0      0.00      0.00   62564   16260   0.20      0.00    716.00    588.00       0  nginx
1791503649     33       731   14.00    7.00    0.00   29.00   21.00     2      0.00      0.00   63516   17052   0.21      0.00   1056.00    924.00       0  nginx
1791503649     33       732   18.00   12.00    0.00   36.00   30.00     3      0.00      0.00   68484   22048   0.27      0.00   1128.00    924.00       0  nginx
1791503649    112       738   47.00   26.00    0.00    1.00   73.00     2      0.00      0.00 2858720  607860   7.49      0.00  11524.00      0.00       0  mysqld
1791503649   1100       878   53.00   35.00    0.00   25.00   88.00     0   1192.00      0.00 2124748   37716   0.46      0.00      0.00      0.00       0  isupipe

# Time        UID       PID    %usr %system  %guest   %wait    %CPU   CPU  minflt/s  majflt/s     VSZ     RSS   %MEM   kB_rd/s   kB_wr/s kB_ccwr/s iodelay  Command
1791503650      0        13    0.00    0.00    0.00    0.00    0.00     0      0.00      0.00       0       0   0.00      0.00      0.00      0.00       0  ksoftirqd/0
1791503650      0        22    0.00    0.00    0.00    0.00    0.00     1      0.00      0.00       0       0   0.00      0.00      0.00      0.00       0  ksoftirqd/1
1791503650      0        28    0.00    0.00    0.00    0.00    0.00     2      0.00      0.00       0       0   0.00      0.00      0.00      0.00       0  ksoftirqd/2
1791503650      0        34    0.00    0.99    0.00    0.00    0.99     3      0.00      0.00       0       0   0.00      0.00      0.00      0.00       0  ksoftirqd/3
1791503650      0       343    0.00    0.00    0.00    0.00    0.00     3      0.00      0.00       0       0   0.00      0.00      7.92      0.00       0  jbd2/sda1-8
1791503650      0       418    0.00    0.00    0.00    0.00    0.00     2      0.00      0.00   63656   30264   0.37      0.00      0.00      0.00       0  systemd-journal
1791503650    104       666    0.00    0.00    0.00    0.00    0.00     2      0.00      0.00  222072    4484   0.06      0.00      0.00      0.00       0  rsyslogd
1791503650      0       728    0.00    0.00    0.00    0.00    0.00     0      0.00      0.00   56244    2480   0.03      0.00      0.00      0.00       0  nginx
1791503650     33       729    0.99    0.99    0.00    0.00    1.98     0      0.00      0.00   64868   18636   0.23      0.00    126.73      0.00       0  nginx
1791503650     33       730    0.00    0.99    0.00    0.00    0.99     2      0.00      0.00   62564   16260   0.20      0.00     55.45      0.00       0  nginx
1791503650     33       731    0.99    0.99    0.00    0.99    1.98     2      0.00      0.00   63516   17052   0.21      0.00     75.25      0.00       0  nginx
1791503650     33       732    0.99    0.99    0.00    0.00    1.98     1      0.00      0.00   68484   22048   0.27      0.00    134.65      0.00       0  nginx
1791503650    112       738    0.00    1.98    0.00    0.00    1.98     2      0.00      0.00 2858720  607860   7.49      0.00   7920.79      0.00       0  mysqld
1791503650   1100       878    0.00    0.00    0.00    0.00    0.00     0      0.00      0.00 2124748   37716   0.46      0.00      0.00      0.00       0  isupipe

# Time        UID       PID    %usr %system  %guest   %wait    %CPU   CPU  minflt/s  majflt/s     VSZ     RSS   %MEM   kB_rd/s   kB_wr/s kB_ccwr/s iodelay  Command
1791503651      0        13    0.00    0.00    0.00    0.00    0.00     0      0.00      0.00       0       0   0.00      0.00      0.00      0.00       0  ksoftirqd/0
1791503651      0        22    0.00    0.00    0.00    0.00    0.00     1      0.00      0.00       0       0   0.00      0.00      0.00      0.00       0  ksoftirqd/1
1791503651      0        28    0.00    0.00    0.00    0.00    0.00     2      0.00      0.00       0       0   0.00      0.00      0.00      0.00       0  ksoftirqd/2
1791503651      0        34    0.00    0.00    0.00    0.00    0.00     3      0.00      0.00       0       0   0.00      0.00      0.00      0.00       0  ksoftirqd/3
1791503651      0       343    0.00    0.99    0.00    0.00    0.99     0      0.00      0.00       0       0   0.00      0.00      0.00      0.00       0  jbd2/sda1-8
1791503651      0       418    0.00    0.00    0.00    0.00    0.00     0      0.00    116.83   63656   30312   0.37      0.00    467.33      0.00       0  systemd-journal
1791503651    104       666    0.00    0.00    0.00    0.00    0.00     2      0.00      0.00  222072    4484   0.06      0.00      7.92      0.00       0  rsyslogd
1791503651      0       728    0.00    0.00    0.00    0.00    0.00     0      0.00      0.00   56244    2480   0.03      0.00      0.00      0.00       0  nginx
1791503651     33       729    0.99    0.00    0.00    0.00    0.99     0      0.00      0.00   64868   18636   0.23      0.00      0.00      0.00       0  nginx
1791503651     33       730    0.00    0.00    0.00    0.00    0.00     2      0.00      0.00   62564   16260   0.20      0.00      0.00      0.00       0  nginx
1791503651     33       731    0.00    0.00    0.00    0.00    0.00     2      0.00      0.00   63516   17052   0.21      0.00      0.00      0.00       0  nginx
1791503651     33       732    0.99    0.00    0.00    0.00    0.99     1      0.00      0.00   68484   22048   0.27      0.00      0.00      0.00       0  nginx
1791503651    112       738    0.00    1.98    0.00    0.00    1.98     2      0.00      0.00 2858720  607860   7.49      0.00   7140.59      0.00       0  mysqld
1791503651   1100       878    0.00    0.00    0.00    0.00    0.00     0      0.00      0.00 2124748   37716   0.46      0.00      0.00      0.00       0  isupipe
