Linux 5.15.0-198-generic (isucon13-app) 	10/08/26 	_aarch64_	(4 CPU)

# Time        UID       PID    %usr %system  %guest   %wait    %CPU   CPU  minflt/s  majflt/s     VSZ     RSS   %MEM   kB_rd/s   kB_wr/s kB_ccwr/s iodelay  Command
1791478250    112     14307    9.00   12.00    0.00    0.00   21.00     2     18.00      0.00 2888260 1098432  13.53      0.00  14560.00      0.00       0  mysqld
1791478250      0     17311    0.00    0.00    0.00    0.00    0.00     2      0.00      0.00   56816   12876   0.16      0.00      0.00      0.00       0  nginx
1791478250    113    185612    0.00    0.00    0.00    0.00    0.00     1      0.00      0.00  682592   60772   0.75      0.00      0.00      0.00       0  pdns_server
1791478250     33    203690    0.00    0.00    0.00    0.00    0.00     0      0.00      0.00   57184    7360   0.09      0.00      0.00      0.00       0  nginx
1791478250     33    203691    0.00    0.00    0.00    0.00    0.00     3      0.00      0.00   57184    7360   0.09      0.00      0.00      0.00       0  nginx
1791478250     33    203692    0.00    0.00    0.00    0.00    0.00     1      0.00      0.00   57184    7360   0.09      0.00      0.00      0.00       0  nginx
1791478250     33    203693    0.00    0.00    0.00    0.00    0.00     2    248.00      0.00   57184   10712   0.13      0.00      0.00      0.00       0  nginx
1791478250   1100    203919    0.00    0.00    0.00    0.00    0.00     0     13.00      0.00 1602996    7000   0.09      0.00      0.00      0.00       0  isupipe

# Time        UID       PID    %usr %system  %guest   %wait    %CPU   CPU  minflt/s  majflt/s     VSZ     RSS   %MEM   kB_rd/s   kB_wr/s kB_ccwr/s iodelay  Command
1791478251    112     14307    7.00    9.00    0.00    0.00   16.00     2      0.00      0.00 2888260 1098432  13.53      0.00   8096.00      0.00       0  mysqld
1791478251      0     17311    0.00    0.00    0.00    0.00    0.00     2      0.00      0.00   56816   12876   0.16      0.00      0.00      0.00       0  nginx
1791478251    113    185612    0.00    0.00    0.00    0.00    0.00     1      0.00      0.00  682592   60772   0.75      0.00      0.00      0.00       0  pdns_server
1791478251     33    203690    0.00    0.00    0.00    0.00    0.00     0      0.00      0.00   57184    7360   0.09      0.00      0.00      0.00       0  nginx
1791478251     33    203691    0.00    0.00    0.00    0.00    0.00     3      0.00      0.00   57184    7360   0.09      0.00      0.00      0.00       0  nginx
1791478251     33    203692    0.00    0.00    0.00    0.00    0.00     1      0.00      0.00   57184    7360   0.09      0.00      0.00      0.00       0  nginx
1791478251     33    203693    0.00    0.00    0.00    0.00    0.00     2      0.00      0.00   57184   10712   0.13      0.00      0.00      0.00       0  nginx
1791478251   1100    203919    0.00    0.00    0.00    0.00    0.00     0      0.00      0.00 1602996    7000   0.09      0.00      0.00      0.00       0  isupipe

# Time        UID       PID    %usr %system  %guest   %wait    %CPU   CPU  minflt/s  majflt/s     VSZ     RSS   %MEM   kB_rd/s   kB_wr/s kB_ccwr/s iodelay  Command
1791478252    112     14307    7.00    9.00    0.00    0.00   16.00     2      1.00      0.00 2888260 1098432  13.53      0.00   7912.00      0.00       0  mysqld
1791478252      0     17311    0.00    0.00    0.00    0.00    0.00     2      0.00      0.00   56816   12876   0.16      0.00      0.00      0.00       0  nginx
1791478252    113    185612    0.00    0.00    0.00    0.00    0.00     1      0.00      0.00  682592   60772   0.75      0.00      0.00      0.00       0  pdns_server
1791478252     33    203690    0.00    0.00    0.00    0.00    0.00     0      0.00      0.00   57184    7360   0.09      0.00      0.00      0.00       0  nginx
1791478252     33    203691    0.00    0.00    0.00    0.00    0.00     3      0.00      0.00   57184    7360   0.09      0.00      0.00      0.00       0  nginx
1791478252     33    203692    0.00    0.00    0.00    0.00    0.00     1      0.00      0.00   57184    7360   0.09      0.00      0.00      0.00       0  nginx
1791478252     33    203693    0.00    0.00    0.00    0.00    0.00     2      0.00      0.00   57184   10712   0.13      0.00      0.00      0.00       0  nginx
1791478252   1100    203919    0.00    0.00    0.00    0.00    0.00     0      0.00      0.00 1602996    7000   0.09      0.00      0.00      0.00       0  isupipe

# Time        UID       PID    %usr %system  %guest   %wait    %CPU   CPU  minflt/s  majflt/s     VSZ     RSS   %MEM   kB_rd/s   kB_wr/s kB_ccwr/s iodelay  Command
1791478253    112     14307   12.00   10.00    0.00    0.00   22.00     1   5379.00      0.00 2888260 1098572  13.53      0.00  25724.00   1948.00       0  mysqld
1791478253      0     17311    0.00    0.00    0.00    0.00    0.00     2      0.00      0.00   56816   12876   0.16      0.00      0.00      0.00       0  nginx
1791478253    113    185612    0.00    0.00    0.00    0.00    0.00     1      0.00      0.00  682592   60772   0.75      0.00      0.00      0.00       0  pdns_server
1791478253     33    203690    0.00    0.00    0.00    0.00    0.00     0      0.00      0.00   57184    7360   0.09      0.00      0.00      0.00       0  nginx
1791478253     33    203691    0.00    0.00    0.00    0.00    0.00     3      0.00      0.00   57184    7360   0.09      0.00      0.00      0.00       0  nginx
1791478253     33    203692    0.00    0.00    0.00    0.00    0.00     1      0.00      0.00   57184    7360   0.09      0.00      0.00      0.00       0  nginx
1791478253     33    203693    0.00    0.00    0.00    0.00    0.00     2      0.00      0.00   57184   10712   0.13      0.00      0.00      0.00       0  nginx
1791478253   1100    203919    0.00    0.00    0.00    0.00    0.00     0      0.00      0.00 1602996    7000   0.09      0.00      0.00      0.00       0  isupipe

# Time        UID       PID    %usr %system  %guest   %wait    %CPU   CPU  minflt/s  majflt/s     VSZ     RSS   %MEM   kB_rd/s   kB_wr/s kB_ccwr/s iodelay  Command
1791478254    112     14307   36.00   14.00    0.00    0.00   50.00     1   4909.00      0.00 2889288 1116444  13.75      0.00  36512.00   1544.00       0  mysqld
1791478254      0     17311    0.00    0.00    0.00    0.00    0.00     2      0.00      0.00   56816   12876   0.16      0.00      0.00      0.00       0  nginx
1791478254    113    185612    0.00    1.00    0.00    0.00    1.00     1      0.00      0.00  682592   60772   0.75      0.00      0.00      0.00       0  pdns_server
1791478254     33    203690    0.00    0.00    0.00    0.00    0.00     0      0.00      0.00   57184    7360   0.09      0.00      0.00      0.00       0  nginx
1791478254     33    203691    0.00    0.00    0.00    0.00    0.00     3      0.00      0.00   57184    7360   0.09      0.00      0.00      0.00       0  nginx
1791478254     33    203692    0.00    0.00    0.00    0.00    0.00     1      0.00      0.00   57184    7360   0.09      0.00      0.00      0.00       0  nginx
1791478254     33    203693    0.00    0.00    0.00    0.00    0.00     0     39.00      0.00   57184   10712   0.13      0.00      8.00      0.00       0  nginx
1791478254   1100    203919    4.00    4.00    0.00    0.00    8.00     2   1683.00      0.00 1679604   13268   0.16      0.00     52.00     52.00       0  isupipe

# Time        UID       PID    %usr %system  %guest   %wait    %CPU   CPU  minflt/s  majflt/s     VSZ     RSS   %MEM   kB_rd/s   kB_wr/s kB_ccwr/s iodelay  Command
1791478255    112     14307    3.00    1.00    0.00    0.00    4.00     2      0.00      0.00 2889288 1116444  13.75      0.00   3072.00     68.00       0  mysqld
1791478255      0     17311    0.00    0.00    0.00    0.00    0.00     2      0.00      0.00   56816   12876   0.16      0.00      0.00      0.00       0  nginx
1791478255    113    185612    0.00    0.00    0.00    0.00    0.00     1      0.00      0.00  682592   60772   0.75      0.00      0.00      0.00       0  pdns_server
1791478255     33    203690    0.00    0.00    0.00    0.00    0.00     0      0.00      0.00   57184    7360   0.09      0.00      0.00      0.00       0  nginx
1791478255     33    203691    0.00    0.00    0.00    0.00    0.00     3      0.00      0.00   57184    7360   0.09      0.00      0.00      0.00       0  nginx
1791478255     33    203692    0.00    0.00    0.00    0.00    0.00     1      0.00      0.00   57184    7360   0.09      0.00      0.00      0.00       0  nginx
1791478255     33    203693    0.00    0.00    0.00    0.00    0.00     0      9.00      0.00   57184   10712   0.13      0.00     96.00     92.00       0  nginx
1791478255   1100    203919    1.00    2.00    0.00    0.00    3.00     2    209.00      0.00 1679604   13452   0.17      0.00      0.00      0.00       0  isupipe

# Time        UID       PID    %usr %system  %guest   %wait    %CPU   CPU  minflt/s  majflt/s     VSZ     RSS   %MEM   kB_rd/s   kB_wr/s kB_ccwr/s iodelay  Command
1791478256    112     14307    0.96    0.96    0.00    0.00    1.92     2      0.00      0.00 2889288 1116444  13.75      0.00   2338.46      0.00       0  mysqld
1791478256      0     17311    0.00    0.00    0.00    0.00    0.00     2      0.00      0.00   56816   12876   0.16      0.00      0.00      0.00       0  nginx
1791478256    113    185612    0.00    0.00    0.00    0.00    0.00     1      0.00      0.00  682592   60772   0.75      0.00      0.00      0.00       0  pdns_server
1791478256     33    203690    0.00    0.00    0.00    0.00    0.00     0      0.00      0.00   57184    7360   0.09      0.00      0.00      0.00       0  nginx
1791478256     33    203691    0.00    0.00    0.00    0.00    0.00     3      0.00      0.00   57184    7360   0.09      0.00      0.00      0.00       0  nginx
1791478256     33    203692    0.00    0.00    0.00    0.00    0.00     1      0.00      0.00   57184    7360   0.09      0.00      0.00      0.00       0  nginx
1791478256     33    203693    0.00    0.00    0.00    0.00    0.00     0      0.00      0.00   57184   10712   0.13      0.00      0.00      0.00       0  nginx
1791478256   1100    203919    0.00    0.00    0.00    0.00    0.00     2      0.00      0.00 1679604   13452   0.17      0.00      0.00      0.00       0  isupipe

# Time        UID       PID    %usr %system  %guest   %wait    %CPU   CPU  minflt/s  majflt/s     VSZ     RSS   %MEM   kB_rd/s   kB_wr/s kB_ccwr/s iodelay  Command
1791478257    112     14307    3.74    1.87    0.00    0.00    5.61     2      0.00      0.00 2889288 1116444  13.75      0.00   6542.06     56.07       0  mysqld
1791478257      0     17311    0.00    0.00    0.00    0.00    0.00     2      0.00      0.00   56816   12876   0.16      0.00      0.00      0.00       0  nginx
1791478257    113    185612    0.00    0.93    0.00    0.00    0.93     1      0.00      0.00  682592   60772   0.75      0.00      0.00      0.00       0  pdns_server
1791478257     33    203690    0.00    0.00    0.00    0.00    0.00     0      0.00      0.00   57184    7360   0.09      0.00      0.00      0.00       0  nginx
1791478257     33    203691    0.00    0.00    0.00    0.00    0.00     3      0.00      0.00   57184    7360   0.09      0.00      0.00      0.00       0  nginx
1791478257     33    203692    0.00    0.00    0.00    0.00    0.00     1      0.00      0.00   57184    7360   0.09      0.00      0.00      0.00       0  nginx
1791478257     33    203693    1.87    0.93    0.00    0.00    2.80     3     21.50      0.00   57184   10892   0.13      0.00     89.72     74.77       0  nginx
1791478257   1100    203919    0.93    3.74    0.00    0.00    4.67     3     59.81      0.00 1679604   13368   0.16      0.00      0.00      0.00       0  isupipe

# Time        UID       PID    %usr %system  %guest   %wait    %CPU   CPU  minflt/s  majflt/s     VSZ     RSS   %MEM   kB_rd/s   kB_wr/s kB_ccwr/s iodelay  Command
1791478258    112     14307    0.00    0.99    0.00    0.00    0.99     2      0.00      0.00 2889288 1116444  13.75      0.00   1592.08      0.00       0  mysqld
1791478258      0     17311    0.00    0.00    0.00    0.00    0.00     2      0.00      0.00   56816   12876   0.16      0.00      0.00      0.00       0  nginx
1791478258    113    185612    0.00    0.00    0.00    0.00    0.00     1      0.00      0.00  682592   60772   0.75      0.00      0.00      0.00       0  pdns_server
1791478258     33    203690    0.00    0.00    0.00    0.00    0.00     0      0.00      0.00   57184    7360   0.09      0.00      0.00      0.00       0  nginx
1791478258     33    203691    0.00    0.00    0.00    0.00    0.00     3      0.00      0.00   57184    7360   0.09      0.00      0.00      0.00       0  nginx
1791478258     33    203692    0.00    0.00    0.00    0.00    0.00     1      0.00      0.00   57184    7360   0.09      0.00      0.00      0.00       0  nginx
1791478258     33    203693    0.00    0.00    0.00    0.00    0.00     3      0.00      0.00   57184   10892   0.13      0.00      0.00      0.00       0  nginx
1791478258   1100    203919    0.00    0.00    0.00    0.00    0.00     3      0.00      0.00 1679604   13368   0.16      0.00      0.00      0.00       0  isupipe

# Time        UID       PID    %usr %system  %guest   %wait    %CPU   CPU  minflt/s  majflt/s     VSZ     RSS   %MEM   kB_rd/s   kB_wr/s kB_ccwr/s iodelay  Command
1791478259    112     14307   31.00   14.00    0.00    1.00   45.00     3      7.00      0.00 2889288 1116444  13.75      0.00  15488.00   1004.00       0  mysqld
1791478259      0     17311    0.00    0.00    0.00    0.00    0.00     2      0.00      0.00   56816   12876   0.16      0.00      0.00      0.00       0  nginx
1791478259    113    185612    5.00    8.00    0.00    0.00   13.00     1      0.00      0.00  682592   60772   0.75      0.00      0.00      0.00       0  pdns_server
1791478259     33    203690    0.00    0.00    0.00    0.00    0.00     0      0.00      0.00   57184    7360   0.09      0.00      0.00      0.00       0  nginx
1791478259     33    203691    0.00    0.00    0.00    0.00    0.00     3    265.00      0.00   57184   10712   0.13      0.00     88.00     88.00       0  nginx
1791478259     33    203692    0.00    0.00    0.00    0.00    0.00     2    254.00      0.00   57184   10648   0.13      0.00      0.00      0.00       0  nginx
1791478259     33    203693    5.00    3.00    0.00    2.00    8.00     2    127.00      0.00   57580   11456   0.14      0.00   1104.00    956.00       0  nginx
1791478259   1100    203919   13.00   10.00    0.00    2.00   23.00     2    649.00      0.00 1827188   14752   0.18      0.00      0.00      0.00       0  isupipe

# Time        UID       PID    %usr %system  %guest   %wait    %CPU   CPU  minflt/s  majflt/s     VSZ     RSS   %MEM   kB_rd/s   kB_wr/s kB_ccwr/s iodelay  Command
1791478260    112     14307   64.00   36.00    0.00    0.00  100.00     3    264.00      0.00 2896484 1117064  13.76      0.00  10536.00   1868.00       0  mysqld
1791478260      0     17311    0.00    0.00    0.00    0.00    0.00     2      0.00      0.00   56816   12876   0.16      0.00      0.00      0.00       0  nginx
1791478260    113    185612    9.00   14.00    0.00    0.00   23.00     1      0.00      0.00  682592   60772   0.75      0.00      0.00      0.00       0  pdns_server
1791478260     33    203690    0.00    1.00    0.00    1.00    1.00     0    256.00      0.00   57184   10648   0.13      0.00    112.00    112.00       0  nginx
1791478260     33    203691    6.00    9.00    0.00   14.00   15.00     0    109.00      0.00   57328   10972   0.14      0.00    440.00    332.00       0  nginx
1791478260     33    203692    1.00    4.00    0.00    4.00    5.00     0     58.00      0.00   57184   10876   0.13      0.00    396.00    380.00       0  nginx
1791478260     33    203693    7.00   16.00    0.00   24.00   23.00     3    152.00      0.00   58256   11984   0.15      0.00   1472.00   1332.00       0  nginx
1791478260   1100    203919   41.00   33.00    0.00   22.00   74.00     3   3482.00      0.00 1974772   16076   0.20      0.00      0.00      0.00       0  isupipe

# Time        UID       PID    %usr %system  %guest   %wait    %CPU   CPU  minflt/s  majflt/s     VSZ     RSS   %MEM   kB_rd/s   kB_wr/s kB_ccwr/s iodelay  Command
1791478261    112     14307   63.00   41.00    0.00    0.00  104.00     3      9.00      0.00 2898540 1117064  13.76      0.00  10612.00   1536.00       0  mysqld
1791478261      0     17311    0.00    0.00    0.00    0.00    0.00     2      0.00      0.00   56816   12876   0.16      0.00      0.00      0.00       0  nginx
1791478261    113    185612   10.00   13.00    0.00    0.00   23.00     1      0.00      0.00  682592   60772   0.75      0.00      0.00      0.00       0  pdns_server
1791478261     33    203690    2.00    4.00    0.00    6.00    6.00     2     17.00      0.00   57184   10648   0.13      0.00    264.00    232.00       0  nginx
1791478261     33    203691    5.00    8.00    0.00   16.00   13.00     2     84.00      0.00   57596   11488   0.14      0.00    256.00    172.00       0  nginx
1791478261     33    203692    4.00    4.00    0.00   10.00    8.00     2     44.00      0.00   57184   10876   0.13      0.00    264.00    216.00       0  nginx
1791478261     33    203693    9.00   12.00    0.00   24.00   21.00     2    106.00      0.00   58660   12248   0.15      0.00   1380.00   1300.00       0  nginx
1791478261   1100    203919   41.00   30.00    0.00   40.00   71.00     1   2496.00      0.00 1975028   16620   0.20      0.00      0.00      0.00       0  isupipe

# Time        UID       PID    %usr %system  %guest   %wait    %CPU   CPU  minflt/s  majflt/s     VSZ     RSS   %MEM   kB_rd/s   kB_wr/s kB_ccwr/s iodelay  Command
1791478262    112     14307   65.00   36.00    0.00    1.00  101.00     3     83.00      0.00 2898540 1117264  13.76      0.00  10116.00   1400.00       0  mysqld
1791478262      0     17311    0.00    0.00    0.00    0.00    0.00     2      0.00      0.00   56816   12876   0.16      0.00      0.00      0.00       0  nginx
1791478262    113    185612   12.00   15.00    0.00    0.00   27.00     1      0.00      0.00  682592   60772   0.75      0.00      0.00      0.00       0  pdns_server
1791478262     33    203690    2.00    2.00    0.00    7.00    4.00     1     38.00      0.00   57184   10648   0.13      0.00    236.00    212.00       0  nginx
1791478262     33    203691    6.00    8.00    0.00   24.00   14.00     2     48.00      0.00   57864   11488   0.14      0.00    356.00    284.00       0  nginx
1791478262     33    203692    2.00    7.00    0.00   10.00    9.00     2     48.00      0.00   57460   11184   0.14      0.00    308.00    252.00       0  nginx
1791478262     33    203693    6.00   13.00    0.00   32.00   19.00     2     86.00      0.00   58944   12776   0.16      0.00   1160.00    996.00       0  nginx
1791478262   1100    203919   32.00   31.00    0.00   15.00   63.00     3   1210.00      0.00 1975028   16944   0.21      0.00      0.00      0.00       0  isupipe

# Time        UID       PID    %usr %system  %guest   %wait    %CPU   CPU  minflt/s  majflt/s     VSZ     RSS   %MEM   kB_rd/s   kB_wr/s kB_ccwr/s iodelay  Command
1791478263    112     14307   69.00   37.00    0.00    1.00  106.00     0     77.00      0.00 2898540 1117496  13.76      0.00  14232.00   1928.00       0  mysqld
1791478263      0     17311    0.00    0.00    0.00    0.00    0.00     2      0.00      0.00   56816   12876   0.16      0.00      0.00      0.00       0  nginx
1791478263    113    185612   13.00   14.00    0.00    0.00   27.00     1      0.00      0.00  682592   60772   0.75      0.00      0.00      0.00       0  pdns_server
1791478263     33    203690    2.00    4.00    0.00    7.00    6.00     2     55.00      0.00   57324   10968   0.14      0.00    336.00    304.00       0  nginx
1791478263     33    203691    3.00    7.00    0.00   16.00   10.00     2     69.00      0.00   58136   11752   0.14      0.00    700.00    640.00       0  nginx
1791478263     33    203692    3.00    8.00    0.00   12.00   11.00     2     23.00      0.00   57460   11184   0.14      0.00    384.00    336.00       0  nginx
1791478263     33    203693   10.00   13.00    0.00   29.00   23.00     3    127.00      0.00   59480   13304   0.16      0.00   1120.00    908.00       0  nginx
1791478263   1100    203919   39.00   30.00    0.00   34.00   69.00     1   2740.00      0.00 1975028   17512   0.22      0.00      0.00      0.00       0  isupipe

# Time        UID       PID    %usr %system  %guest   %wait    %CPU   CPU  minflt/s  majflt/s     VSZ     RSS   %MEM   kB_rd/s   kB_wr/s kB_ccwr/s iodelay  Command
1791478264    112     14307   73.00   36.00    0.00    1.00  109.00     3     52.00      0.00 2898540 1117496  13.76      0.00  11944.00   1496.00       0  mysqld
1791478264      0     17311    0.00    0.00    0.00    0.00    0.00     2      0.00      0.00   56816   12876   0.16      0.00      0.00      0.00       0  nginx
1791478264    113    185612   15.00   14.00    0.00    0.00   29.00     1      2.00      0.00  682592   60772   0.75      0.00      0.00      0.00       0  pdns_server
1791478264     33    203690    0.00    5.00    0.00    8.00    5.00     2      7.00      0.00   57324   10968   0.14      0.00    120.00     88.00       0  nginx
1791478264     33    203691    7.00    8.00    0.00   20.00   15.00     2     72.00      0.00   58400   12280   0.15      0.00    584.00    428.00       0  nginx
1791478264     33    203692    3.00    4.00    0.00   10.00    7.00     2     59.00      0.00   57732   11428   0.14      0.00    352.00    320.00       0  nginx
1791478264     33    203693    8.00   16.00    0.00   33.00   24.00     2     98.00      0.00   59892   13568   0.17      0.00   1064.00    876.00       0  nginx
1791478264   1100    203919   35.00   30.00    0.00   26.00   65.00     1   1518.00      0.00 1975028   19272   0.24      0.00      0.00      0.00       0  isupipe

# Time        UID       PID    %usr %system  %guest   %wait    %CPU   CPU  minflt/s  majflt/s     VSZ     RSS   %MEM   kB_rd/s   kB_wr/s kB_ccwr/s iodelay  Command
1791478265    112     14307   70.00   41.00    0.00    0.00  111.00     3    146.00      0.00 2898540 1117768  13.77      0.00  11016.00   1616.00       0  mysqld
1791478265      0     17311    0.00    0.00    0.00    0.00    0.00     2      0.00      0.00   56816   12876   0.16      0.00      0.00      0.00       0  nginx
1791478265    113    185612   15.00   14.00    0.00    0.00   29.00     1      1.00      0.00  682592   60772   0.75      0.00      0.00      0.00       0  pdns_server
1791478265     33    203690    2.00    3.00    0.00    4.00    5.00     2     12.00      0.00   57324   11192   0.14      0.00    176.00    144.00       0  nginx
1791478265     33    203691    7.00    5.00    0.00   18.00   12.00     2     38.00      0.00   58544   12280   0.15      0.00    652.00    680.00       0  nginx
1791478265     33    203692    5.00    5.00    0.00    9.00   10.00     2     43.00      0.00   57864   11672   0.14      0.00    364.00    316.00       0  nginx
1791478265     33    203693    7.00   16.00    0.00   27.00   23.00     2      0.00      0.00   59892   13568   0.17      0.00    912.00    724.00       0  nginx
1791478265   1100    203919   37.00   36.00    0.00   34.00   73.00     0   1621.00      0.00 2049076   18816   0.23      0.00      0.00      0.00       0  isupipe

# Time        UID       PID    %usr %system  %guest   %wait    %CPU   CPU  minflt/s  majflt/s     VSZ     RSS   %MEM   kB_rd/s   kB_wr/s kB_ccwr/s iodelay  Command
1791478266    112     14307   70.00   38.00    0.00    0.00  108.00     0      0.00      0.00 2898540 1117768  13.77      0.00  18184.00   1648.00       0  mysqld
1791478266      0     17311    0.00    0.00    0.00    0.00    0.00     2      0.00      0.00   56816   12876   0.16      0.00      0.00      0.00       0  nginx
1791478266    113    185612   17.00   13.00    0.00    0.00   30.00     1      1.00      0.00  682592   60772   0.75      0.00      0.00      0.00       0  pdns_server
1791478266     33    203690    2.00    3.00    0.00    9.00    5.00     2     21.00      0.00   57456   11192   0.14      0.00    312.00    280.00       0  nginx
1791478266     33    203691    4.00    9.00    0.00   17.00   13.00     2     17.00      0.00   58680   12280   0.15      0.00    664.00    604.00       0  nginx
1791478266     33    203692    1.00    9.00    0.00   14.00   10.00     2     27.00      0.00   58008   11672   0.14      0.00    648.00    488.00       0  nginx
1791478266     33    203693    9.00   10.00    0.00   33.00   19.00     2      0.00      0.00   59892   13568   0.17      0.00    580.00    432.00       0  nginx
1791478266   1100    203919   42.00   25.00    0.00   14.00   67.00     1   1841.00      0.00 2049076   19592   0.24      0.00      0.00      0.00       0  isupipe

# Time        UID       PID    %usr %system  %guest   %wait    %CPU   CPU  minflt/s  majflt/s     VSZ     RSS   %MEM   kB_rd/s   kB_wr/s kB_ccwr/s iodelay  Command
1791478267    112     14307   76.00   34.00    0.00    1.00  110.00     3     66.00      0.00 2898540 1117960  13.77      0.00  10700.00   1500.00       0  mysqld
1791478267      0     17311    0.00    0.00    0.00    0.00    0.00     2      0.00      0.00   56816   12876   0.16      0.00      0.00      0.00       0  nginx
1791478267    113    185612   16.00   17.00    0.00    0.00   33.00     1      0.00      0.00  682592   60772   0.75      0.00      0.00      0.00       0  pdns_server
1791478267     33    203690    4.00    2.00    0.00    6.00    6.00     3      5.00      0.00   57456   11192   0.14      0.00    476.00    324.00       0  nginx
1791478267     33    203691    4.00   10.00    0.00   22.00   14.00     2     40.00      0.00   58816   12540   0.15      0.00    472.00    392.00       0  nginx
1791478267     33    203692    2.00    6.00    0.00    8.00    8.00     3     35.00      0.00   58140   11936   0.15      0.00    556.00    600.00       0  nginx
1791478267     33    203693    9.00   12.00    0.00   31.00   21.00     0      3.00      0.00   59892   13568   0.17      0.00    544.00    372.00       0  nginx
1791478267   1100    203919   37.00   29.00    0.00   30.00   66.00     0   2381.00      0.00 2049076   19628   0.24      0.00      0.00      0.00       0  isupipe

# Time        UID       PID    %usr %system  %guest   %wait    %CPU   CPU  minflt/s  majflt/s     VSZ     RSS   %MEM   kB_rd/s   kB_wr/s kB_ccwr/s iodelay  Command
1791478268    112     14307   67.00   45.00    0.00    1.00  112.00     3      2.00      0.00 2898540 1117960  13.77      0.00  10552.00   1128.00       0  mysqld
1791478268      0     17311    0.00    0.00    0.00    0.00    0.00     2      0.00      0.00   56816   12876   0.16      0.00      0.00      0.00       0  nginx
1791478268    113    185612   14.00   20.00    0.00    0.00   34.00     1      2.00      0.00  682592   60772   0.75      0.00      0.00      0.00       0  pdns_server
1791478268     33    203690    1.00    4.00    0.00    9.00    5.00     3     23.00      0.00   57600   11192   0.14      0.00     24.00    132.00       0  nginx
1791478268     33    203691    5.00    7.00    0.00   25.00   12.00     0     11.00      0.00   58816   12540   0.15      0.00    540.00    472.00       0  nginx
1791478268     33    203692    2.00    8.00    0.00   16.00   10.00     2      9.00      0.00   58140   11936   0.15      0.00    216.00    160.00       0  nginx
1791478268     33    203693    8.00   12.00    0.00   38.00   20.00     0     14.00      0.00   59892   13568   0.17      0.00    928.00    764.00       0  nginx
1791478268   1100    203919   38.00   28.00    0.00   16.00   66.00     1   1337.00      0.00 2049332   19372   0.24      0.00      0.00      0.00       0  isupipe

# Time        UID       PID    %usr %system  %guest   %wait    %CPU   CPU  minflt/s  majflt/s     VSZ     RSS   %MEM   kB_rd/s   kB_wr/s kB_ccwr/s iodelay  Command
1791478269    112     14307   74.00   49.00    0.00    1.00  123.00     3      0.00      0.00 2898540 1117960  13.77      0.00  11264.00   1432.00       0  mysqld
1791478269      0     17311    0.00    0.00    0.00    0.00    0.00     2      0.00      0.00   56816   12876   0.16      0.00      0.00      0.00       0  nginx
1791478269    113    185612   22.00   21.00    0.00    0.00   43.00     1      0.00      0.00  682592   60772   0.75      0.00      0.00      0.00       0  pdns_server
1791478269     33    203690    3.00    6.00    0.00   10.00    9.00     2     36.00      0.00   57600   11448   0.14      0.00    448.00    384.00       0  nginx
1791478269     33    203691    3.00   10.00    0.00   22.00   13.00     2      6.00      0.00   58816   12540   0.15      0.00    292.00    192.00       0  nginx
1791478269     33    203692    5.00    5.00    0.00   14.00   10.00     3     33.00      0.00   58284   11936   0.15      0.00    488.00    436.00       0  nginx
1791478269     33    203693    7.00   10.00    0.00   29.00   17.00     3      0.00      0.00   59892   13568   0.17      0.00    816.00    696.00       0  nginx
1791478269   1100    203919   31.00   36.00    0.00   24.00   67.00     0   1964.00      0.00 2049332   19224   0.24      0.00      0.00      0.00       0  isupipe

# Time        UID       PID    %usr %system  %guest   %wait    %CPU   CPU  minflt/s  majflt/s     VSZ     RSS   %MEM   kB_rd/s   kB_wr/s kB_ccwr/s iodelay  Command
1791478270    112     14307   84.00   41.00    0.00    0.00  125.00     3     44.00      0.00 2898540 1117960  13.77      0.00  15428.00   1440.00       0  mysqld
1791478270      0     17311    0.00    0.00    0.00    0.00    0.00     2      0.00      0.00   56816   12876   0.16      0.00      0.00      0.00       0  nginx
1791478270    113    185612   22.00   17.00    0.00    0.00   39.00     1      2.00      0.00  682592   60772   0.75      0.00      0.00      0.00       0  pdns_server
1791478270     33    203690    1.00    3.00    0.00    4.00    4.00     2      0.00      0.00   57600   11448   0.14      0.00    116.00     92.00       0  nginx
1791478270     33    203691    5.00    7.00    0.00   16.00   12.00     2      6.00      0.00   58816   12540   0.15      0.00    548.00    336.00       0  nginx
1791478270     33    203692    2.00    5.00    0.00   11.00    7.00     2      0.00      0.00   58284   11936   0.15      0.00    516.00    496.00       0  nginx
1791478270     33    203693    8.00   15.00    0.00   28.00   23.00     1     46.00      0.00   60036   13812   0.17      0.00    788.00    624.00       0  nginx
1791478270   1100    203919   36.00   31.00    0.00   28.00   67.00     1   1675.00      0.00 2049332   19192   0.24      0.00      0.00      0.00       0  isupipe

# Time        UID       PID    %usr %system  %guest   %wait    %CPU   CPU  minflt/s  majflt/s     VSZ     RSS   %MEM   kB_rd/s   kB_wr/s kB_ccwr/s iodelay  Command
1791478271    112     14307   89.00   44.00    0.00    1.00  133.00     3     28.00      0.00 2898540 1117960  13.77      0.00  11124.00   1572.00       0  mysqld
1791478271      0     17311    0.00    0.00    0.00    0.00    0.00     2      0.00      0.00   56816   12876   0.16      0.00      0.00      0.00       0  nginx
1791478271    113    185612   21.00   28.00    0.00    0.00   49.00     1      0.00      0.00  682592   60772   0.75      0.00      0.00      0.00       0  pdns_server
1791478271     33    203690    4.00    2.00    0.00    7.00    6.00     2      9.00      0.00   57732   11448   0.14      0.00    404.00    384.00       0  nginx
1791478271     33    203691    5.00    7.00    0.00   25.00   12.00     2      7.00      0.00   58948   12540   0.15      0.00    320.00    332.00       0  nginx
1791478271     33    203692    2.00    8.00    0.00   13.00   10.00     2      1.00      0.00   58284   11936   0.15      0.00    136.00    100.00       0  nginx
1791478271     33    203693    5.00   13.00    0.00   28.00   18.00     1      0.00      0.00   60036   13812   0.17      0.00   1024.00    924.00       0  nginx
1791478271   1100    203919   33.00   29.00    0.00   24.00   62.00     2   1247.00      0.00 2049332   19808   0.24      0.00      0.00      0.00       0  isupipe

# Time        UID       PID    %usr %system  %guest   %wait    %CPU   CPU  minflt/s  majflt/s     VSZ     RSS   %MEM   kB_rd/s   kB_wr/s kB_ccwr/s iodelay  Command
1791478272    112     14307   89.00   35.00    0.00    1.00  124.00     3      0.00      0.00 2898540 1117960  13.77      0.00   9580.00    908.00       0  mysqld
1791478272      0     17311    0.00    0.00    0.00    0.00    0.00     2      0.00      0.00   56816   12876   0.16      0.00      0.00      0.00       0  nginx
1791478272    113    185612   28.00   19.00    0.00    0.00   47.00     1      1.00      0.00  682592   60772   0.75      0.00      0.00      0.00       0  pdns_server
1791478272     33    203690    2.00    6.00    0.00   13.00    8.00     2     38.00      0.00   57868   11712   0.14      0.00    124.00     76.00       0  nginx
1791478272     33    203691    4.00    5.00    0.00   18.00    9.00     2     11.00      0.00   58948   12804   0.16      0.00    632.00    552.00       0  nginx
1791478272     33    203692    4.00    4.00    0.00   15.00    8.00     2      0.00      0.00   58284   11936   0.15      0.00    124.00    108.00       0  nginx
1791478272     33    203693    8.00   13.00    0.00   34.00   21.00     0     24.00      0.00   60172   13812   0.17      0.00    600.00    392.00       0  nginx
1791478272   1100    203919   36.00   26.00    0.00   17.00   62.00     0   1118.00      0.00 2049332   19732   0.24      0.00      0.00      0.00       0  isupipe

# Time        UID       PID    %usr %system  %guest   %wait    %CPU   CPU  minflt/s  majflt/s     VSZ     RSS   %MEM   kB_rd/s   kB_wr/s kB_ccwr/s iodelay  Command
1791478273    112     14307   90.00   42.00    0.00    1.00  132.00     3      3.00      0.00 2898540 1117960  13.77      0.00  10548.00   1168.00       0  mysqld
1791478273      0     17311    0.00    0.00    0.00    0.00    0.00     2      0.00      0.00   56816   12876   0.16      0.00      0.00      0.00       0  nginx
1791478273    113    185612   23.00   29.00    0.00    0.00   52.00     1      1.00      0.00  682592   60772   0.75      0.00      0.00      0.00       0  pdns_server
1791478273     33    203690    2.00    5.00    0.00   11.00    7.00     2      0.00      0.00   57868   11712   0.14      0.00     60.00      0.00       0  nginx
1791478273     33    203691    3.00    8.00    0.00   22.00   11.00     2      0.00      0.00   58948   12804   0.16      0.00    396.00    360.00       0  nginx
1791478273     33    203692    3.00    6.00    0.00   14.00    9.00     2      1.00      0.00   58284   11936   0.15      0.00    448.00    408.00       0  nginx
1791478273     33    203693    4.00   16.00    0.00   39.00   20.00     2     21.00      0.00   60304   14076   0.17      0.00    720.00    648.00       0  nginx
1791478273   1100    203919   38.00   23.00    0.00   13.00   61.00     2   1508.00      0.00 2049332   19904   0.25      0.00      0.00      0.00       0  isupipe

# Time        UID       PID    %usr %system  %guest   %wait    %CPU   CPU  minflt/s  majflt/s     VSZ     RSS   %MEM   kB_rd/s   kB_wr/s kB_ccwr/s iodelay  Command
1791478274    112     14307   89.00   44.00    0.00    1.00  133.00     3      2.00      0.00 2898540 1117960  13.77      0.00   9828.00    744.00       0  mysqld
1791478274      0     17311    0.00    0.00    0.00    0.00    0.00     2      0.00      0.00   56816   12876   0.16      0.00      0.00      0.00       0  nginx
1791478274    113    185612   25.00   26.00    0.00    0.00   51.00     1      0.00      0.00  682592   60772   0.75      0.00      0.00      0.00       0  pdns_server
1791478274     33    203690    1.00    3.00    0.00    4.00    4.00     2      0.00      0.00   57868   11712   0.14      0.00      8.00      0.00       0  nginx
1791478274     33    203691    3.00    8.00    0.00   15.00   11.00     1      0.00      0.00   58948   12804   0.16      0.00    284.00    196.00       0  nginx
1791478274     33    203692    3.00    6.00    0.00   11.00    9.00     2      4.00      0.00   58284   11936   0.15      0.00    152.00     80.00       0  nginx
1791478274     33    203693   11.00    7.00    0.00   20.00   18.00     1      3.00      0.00   60304   14076   0.17      0.00    788.00    696.00       0  nginx
1791478274   1100    203919   38.00   23.00    0.00   30.00   61.00     3    757.00      0.00 2049332   20040   0.25      0.00      0.00      0.00       0  isupipe

# Time        UID       PID    %usr %system  %guest   %wait    %CPU   CPU  minflt/s  majflt/s     VSZ     RSS   %MEM   kB_rd/s   kB_wr/s kB_ccwr/s iodelay  Command
1791478275    112     14307   74.00   41.00    0.00    0.00  115.00     3      0.00      0.00 2898540 1117960  13.77      0.00  10440.00   1080.00       0  mysqld
1791478275      0     17311    0.00    0.00    0.00    0.00    0.00     2      0.00      0.00   56816   12876   0.16      0.00      0.00      0.00       0  nginx
1791478275    113    185612   21.00   16.00    0.00    0.00   37.00     1      1.00      0.00  682592   60772   0.75      0.00      0.00      0.00       0  pdns_server
1791478275     33    203690    4.00    4.00    0.00    8.00    8.00     2      0.00      0.00   57868   11712   0.14      0.00    320.00    276.00       0  nginx
1791478275     33    203691    5.00    8.00    0.00   26.00   13.00     2      0.00      0.00   58948   12804   0.16      0.00    220.00    136.00       0  nginx
1791478275     33    203692    4.00    7.00    0.00   18.00   11.00     2      4.00      0.00   58284   12200   0.15      0.00    356.00    276.00       0  nginx
1791478275     33    203693    5.00   15.00    0.00   39.00   20.00     2     41.00      0.00   60440   14076   0.17      0.00    764.00    652.00       0  nginx
1791478275   1100    203919   36.00   28.00    0.00   19.00   64.00     2   1139.00      0.00 2049332   20388   0.25      0.00      0.00      0.00       0  isupipe

# Time        UID       PID    %usr %system  %guest   %wait    %CPU   CPU  minflt/s  majflt/s     VSZ     RSS   %MEM   kB_rd/s   kB_wr/s kB_ccwr/s iodelay  Command
1791478276    112     14307   93.00   40.00    0.00    0.00  133.00     3     32.00      0.00 2898540 1117960  13.77      0.00  16144.00   1172.00       0  mysqld
1791478276      0     17311    0.00    0.00    0.00    0.00    0.00     2      0.00      0.00   56816   12876   0.16      0.00      0.00      0.00       0  nginx
1791478276    113    185612   23.00   27.00    0.00    0.00   50.00     1      0.00      0.00  682592   60772   0.75      0.00      0.00      0.00       0  pdns_server
1791478276     33    203690    3.00    5.00    0.00    9.00    8.00     2      0.00      0.00   57868   11712   0.14      0.00     28.00      0.00       0  nginx
1791478276     33    203691    5.00    7.00    0.00   26.00   12.00     2      0.00      0.00   58948   12804   0.16      0.00    680.00    608.00       0  nginx
1791478276     33    203692    4.00    7.00    0.00   17.00   11.00     0     29.00      0.00   58416   12200   0.15      0.00    276.00    184.00       0  nginx
1791478276     33    203693    6.00   12.00    0.00   36.00   18.00     2     28.00      0.00   60572   14340   0.18      0.00    784.00    656.00       0  nginx
1791478276   1100    203919   37.00   26.00    0.00   23.00   63.00     2   1381.00      0.00 2123124   20756   0.26      0.00      0.00      0.00       0  isupipe

# Time        UID       PID    %usr %system  %guest   %wait    %CPU   CPU  minflt/s  majflt/s     VSZ     RSS   %MEM   kB_rd/s   kB_wr/s kB_ccwr/s iodelay  Command
1791478277    112     14307   99.00   29.00    0.00    1.00  128.00     0     37.00      0.00 2898540 1118160  13.77      0.00   9952.00   1168.00       0  mysqld
1791478277      0     17311    0.00    0.00    0.00    0.00    0.00     2      0.00      0.00   56816   12876   0.16      0.00      0.00      0.00       0  nginx
1791478277    113    185612   23.00   24.00    0.00    0.00   47.00     1      0.00      0.00  682592   60772   0.75      0.00      0.00      0.00       0  pdns_server
1791478277     33    203690    1.00    1.00    0.00    3.00    2.00     2      0.00      0.00   57868   11712   0.14      0.00    168.00    152.00       0  nginx
1791478277     33    203691    2.00   10.00    0.00   15.00   12.00     2      1.00      0.00   58948   12804   0.16      0.00    412.00    344.00       0  nginx
1791478277     33    203692    3.00    7.00    0.00   12.00   10.00     1      0.00      0.00   58416   12200   0.15      0.00    224.00    176.00       0  nginx
1791478277     33    203693    7.00   14.00    0.00   28.00   21.00     2      1.00      0.00   60572   14340   0.18      0.00    864.00    720.00       0  nginx
1791478277   1100    203919   32.00   31.00    0.00   19.00   63.00     1   1222.00      0.00 2123124   20512   0.25      0.00      0.00      0.00       0  isupipe

# Time        UID       PID    %usr %system  %guest   %wait    %CPU   CPU  minflt/s  majflt/s     VSZ     RSS   %MEM   kB_rd/s   kB_wr/s kB_ccwr/s iodelay  Command
1791478278    112     14307   99.00   34.00    0.00    1.00  133.00     0     28.00      0.00 2898540 1118160  13.77      0.00  13720.00   1576.00       0  mysqld
1791478278      0     17311    0.00    0.00    0.00    0.00    0.00     2      0.00      0.00   56816   12876   0.16      0.00      0.00      0.00       0  nginx
1791478278    113    185612   28.00   24.00    0.00    0.00   52.00     1      1.00      0.00  682592   60772   0.75      0.00      0.00      0.00       0  pdns_server
1791478278     33    203690    2.00    3.00    0.00    3.00    5.00     3      0.00      0.00   57868   11712   0.14      0.00    112.00     96.00       0  nginx
1791478278     33    203691    4.00   10.00    0.00   20.00   14.00     2     17.00      0.00   59080   12804   0.16      0.00    720.00    532.00       0  nginx
1791478278     33    203692    2.00    5.00    0.00    9.00    7.00     2      6.00      0.00   58416   12200   0.15      0.00    532.00    480.00       0  nginx
1791478278     33    203693    8.00   12.00    0.00   28.00   20.00     2     36.00      0.00   60708   14340   0.18      0.00    720.00    584.00       0  nginx
1791478278   1100    203919   37.00   25.00    0.00   27.00   62.00     1   1445.00      0.00 2123124   20644   0.25      0.00      0.00      0.00       0  isupipe

# Time        UID       PID    %usr %system  %guest   %wait    %CPU   CPU  minflt/s  majflt/s     VSZ     RSS   %MEM   kB_rd/s   kB_wr/s kB_ccwr/s iodelay  Command
1791478279    112     14307  101.00   37.00    0.00    0.00  138.00     0      5.00      0.00 2898540 1118160  13.77      0.00  11776.00   1308.00       0  mysqld
1791478279      0     17311    0.00    0.00    0.00    0.00    0.00     2      0.00      0.00   56816   12876   0.16      0.00      0.00      0.00       0  nginx
1791478279    113    185612   31.00   28.00    0.00    0.00   59.00     1      0.00      0.00  682592   60772   0.75      0.00      0.00      0.00       0  pdns_server
1791478279     33    203690    0.00    4.00    0.00    8.00    4.00     2      0.00      0.00   57868   11712   0.14      0.00    212.00    192.00       0  nginx
1791478279     33    203691    6.00    6.00    0.00   21.00   12.00     2     33.00      0.00   59216   12804   0.16      0.00    484.00    488.00       0  nginx
1791478279     33    203692    2.00    7.00    0.00   11.00    9.00     1      0.00      0.00   58416   12200   0.15      0.00    304.00    256.00       0  nginx
1791478279     33    203693   10.00   10.00    0.00   31.00   20.00     2     52.00      0.00   60988   14604   0.18      0.00    904.00    676.00       0  nginx
1791478279   1100    203919   41.00   18.00    0.00   25.00   59.00     2   1170.00      0.00 2123124   20800   0.26      0.00      0.00      0.00       0  isupipe

# Time        UID       PID    %usr %system  %guest   %wait    %CPU   CPU  minflt/s  majflt/s     VSZ     RSS   %MEM   kB_rd/s   kB_wr/s kB_ccwr/s iodelay  Command
1791478280    112     14307   97.00   38.00    0.00    1.00  135.00     0      0.00      0.00 2898540 1118160  13.77      0.00  10740.00   1324.00       0  mysqld
1791478280      0     17311    0.00    0.00    0.00    0.00    0.00     2      0.00      0.00   56816   12876   0.16      0.00      0.00      0.00       0  nginx
1791478280    113    185612   27.00   29.00    0.00    0.00   56.00     1      1.00      0.00  682592   60772   0.75      0.00      0.00      0.00       0  pdns_server
1791478280     33    203690    2.00    1.00    0.00    4.00    3.00     1      0.00      0.00   57868   11712   0.14      0.00    304.00    280.00       0  nginx
1791478280     33    203691    4.00    7.00    0.00   15.00   11.00     2     13.00      0.00   59216   13068   0.16      0.00    584.00    424.00       0  nginx
1791478280     33    203692    1.00    7.00    0.00   11.00    8.00     0      1.00      0.00   58416   12200   0.15      0.00    144.00     72.00       0  nginx
1791478280     33    203693    8.00   14.00    0.00   23.00   22.00     2     58.00      0.00   61120   14868   0.18      0.00    796.00    784.00       0  nginx
1791478280   1100    203919   37.00   23.00    0.00   24.00   60.00     2   1356.00      0.00 2123124   19644   0.24      0.00      0.00      0.00       0  isupipe

# Time        UID       PID    %usr %system  %guest   %wait    %CPU   CPU  minflt/s  majflt/s     VSZ     RSS   %MEM   kB_rd/s   kB_wr/s kB_ccwr/s iodelay  Command
1791478281    112     14307   85.00   43.00    0.00    0.00  128.00     0      6.00      0.00 2898540 1118160  13.77      0.00  17524.00   1392.00       0  mysqld
1791478281      0     17311    0.00    0.00    0.00    0.00    0.00     2      0.00      0.00   56816   12876   0.16      0.00      0.00      0.00       0  nginx
1791478281    113    185612   26.00   23.00    0.00    0.00   49.00     1      1.00      0.00  682592   60772   0.75      0.00      0.00      0.00       0  pdns_server
1791478281     33    203690    1.00    5.00    0.00   14.00    6.00     2      0.00      0.00   57868   11712   0.14      0.00    240.00    192.00       0  nginx
1791478281     33    203691    4.00    8.00    0.00   26.00   12.00     2     24.00      0.00   59348   13068   0.16      0.00    480.00    512.00       0  nginx
1791478281     33    203692    6.00    3.00    0.00   18.00    9.00     2      0.00      0.00   58416   12200   0.15      0.00    228.00    184.00       0  nginx
1791478281     33    203693    7.00   10.00    0.00   43.00   17.00     1     26.00      0.00   61260   15132   0.19      0.00    808.00    684.00       0  nginx
1791478281   1100    203919   35.00   25.00    0.00   37.00   60.00     2   1096.00      0.00 2123380   20864   0.26      0.00      0.00      0.00       0  isupipe

# Time        UID       PID    %usr %system  %guest   %wait    %CPU   CPU  minflt/s  majflt/s     VSZ     RSS   %MEM   kB_rd/s   kB_wr/s kB_ccwr/s iodelay  Command
1791478282    112     14307   92.00   36.00    0.00    1.00  128.00     0     20.00      0.00 2898540 1118160  13.77      0.00  19336.00   1536.00       0  mysqld
1791478282      0     17311    0.00    0.00    0.00    0.00    0.00     2      0.00      0.00   56816   12876   0.16      0.00      0.00      0.00       0  nginx
1791478282    113    185612   28.00   19.00    0.00    0.00   47.00     1      1.00      0.00  682592   60772   0.75      0.00      0.00      0.00       0  pdns_server
1791478282     33    203690    5.00    2.00    0.00   12.00    7.00     2      0.00      0.00   57868   11712   0.14      0.00    360.00    316.00       0  nginx
1791478282     33    203691    5.00    6.00    0.00   28.00   11.00     2     15.00      0.00   59348   13068   0.16      0.00    956.00    892.00       0  nginx
1791478282     33    203692    3.00    6.00    0.00   19.00    9.00     2     22.00      0.00   58556   12200   0.15      0.00    188.00    168.00       0  nginx
1791478282     33    203693    6.00   11.00    0.00   40.00   17.00     3     24.00      0.00   61396   15132   0.19      0.00    544.00    404.00       0  nginx
1791478282   1100    203919   32.00   25.00    0.00   20.00   57.00     3   2166.00      0.00 2123380   19760   0.24      0.00      0.00      0.00       0  isupipe

# Time        UID       PID    %usr %system  %guest   %wait    %CPU   CPU  minflt/s  majflt/s     VSZ     RSS   %MEM   kB_rd/s   kB_wr/s kB_ccwr/s iodelay  Command
1791478283    112     14307   85.15   37.62    0.00    0.00  122.77     0      5.94      0.00 2898540 1118160  13.77      0.00  12677.23   1069.31       0  mysqld
1791478283      0     17311    0.00    0.00    0.00    0.00    0.00     2      0.00      0.00   56816   12876   0.16      0.00      0.00      0.00       0  nginx
1791478283    113    185612   22.77   21.78    0.00    0.00   44.55     1      0.99      0.00  682592   60772   0.75      0.00      0.00      0.00       0  pdns_server
1791478283     33    203690    1.98    7.92    0.00   16.83    9.90     2     21.78      0.00   58004   11712   0.14      0.00    392.08    356.44       0  nginx
1791478283     33    203691    4.95    8.91    0.00   30.69   13.86     2     10.89      0.00   59348   13068   0.16      0.00    372.28    289.11       0  nginx
1791478283     33    203692    4.95    6.93    0.00   18.81   11.88     1     31.68      0.00   58696   12464   0.15      0.00    237.62    170.30       0  nginx
1791478283     33    203693    6.93    9.90    0.00   36.63   16.83     1      0.00      0.00   61396   15132   0.19      0.00    716.83    518.81       0  nginx
1791478283   1100    203919   39.60   26.73    0.00    0.00   66.34     3   1211.88      0.00 2123380   20820   0.26      0.00      0.00      0.00       0  isupipe

# Time        UID       PID    %usr %system  %guest   %wait    %CPU   CPU  minflt/s  majflt/s     VSZ     RSS   %MEM   kB_rd/s   kB_wr/s kB_ccwr/s iodelay  Command
1791478284    112     14307   87.00   41.00    0.00    1.00  128.00     1     29.00      0.00 2898540 1118160  13.77      0.00  16004.00   1196.00       0  mysqld
1791478284      0     17311    0.00    0.00    0.00    0.00    0.00     2      0.00      0.00   56816   12876   0.16      0.00      0.00      0.00       0  nginx
1791478284    113    185612   26.00   16.00    0.00    0.00   42.00     1      1.00      0.00  682592   60772   0.75      0.00      0.00      0.00       0  pdns_server
1791478284     33    203690    3.00    5.00    0.00    8.00    8.00     2     13.00      0.00   58004   11712   0.14      0.00    236.00    176.00       0  nginx
1791478284     33    203691    5.00    9.00    0.00   22.00   14.00     2     48.00      0.00   59612   13332   0.16      0.00    240.00    172.00       0  nginx
1791478284     33    203692    2.00    6.00    0.00   13.00    8.00     2      4.00      0.00   58696   12464   0.15      0.00    232.00     84.00       0  nginx
1791478284     33    203693    8.00   14.00    0.00   30.00   22.00     2      0.00      0.00   61396   15132   0.19      0.00   1128.00   1056.00       0  nginx
1791478284   1100    203919   33.00   28.00    0.00    0.00   61.00     3   1370.00      0.00 2123380   21020   0.26      0.00      0.00      0.00       0  isupipe

# Time        UID       PID    %usr %system  %guest   %wait    %CPU   CPU  minflt/s  majflt/s     VSZ     RSS   %MEM   kB_rd/s   kB_wr/s kB_ccwr/s iodelay  Command
1791478285    112     14307   84.00   40.00    0.00    1.00  124.00     1      0.00      0.00 2898540 1118160  13.77      0.00  12344.00   1472.00       0  mysqld
1791478285      0     17311    0.00    0.00    0.00    0.00    0.00     2      0.00      0.00   56816   12876   0.16      0.00      0.00      0.00       0  nginx
1791478285    113    185612   23.00   24.00    0.00    0.00   47.00     1      0.00      0.00  682592   60772   0.75      0.00      0.00      0.00       0  pdns_server
1791478285     33    203690    3.00    6.00    0.00   14.00    9.00     2     65.00      0.00   58280   11976   0.15      0.00    336.00    208.00       0  nginx
1791478285     33    203691    3.00    8.00    0.00   29.00   11.00     2      8.00      0.00   59612   13332   0.16      0.00    272.00    184.00       0  nginx
1791478285     33    203692    5.00    5.00    0.00   20.00   10.00     2      9.00      0.00   58696   12464   0.15      0.00    200.00    252.00       0  nginx
1791478285     33    203693    6.00    9.00    0.00   34.00   15.00     2      0.00      0.00   61396   15132   0.19      0.00   1068.00    988.00       0  nginx
1791478285   1100    203919   34.00   24.00    0.00    9.00   58.00     3   1134.00      0.00 2123380   20164   0.25      0.00      0.00      0.00       0  isupipe

# Time        UID       PID    %usr %system  %guest   %wait    %CPU   CPU  minflt/s  majflt/s     VSZ     RSS   %MEM   kB_rd/s   kB_wr/s kB_ccwr/s iodelay  Command
1791478286    112     14307   89.00   45.00    0.00    0.00  134.00     1     61.00      0.00 2898540 1118160  13.77      0.00  18060.00   1072.00       0  mysqld
1791478286      0     17311    0.00    0.00    0.00    0.00    0.00     2      0.00      0.00   56816   12876   0.16      0.00      0.00      0.00       0  nginx
1791478286    113    185612   27.00   23.00    0.00    0.00   50.00     1     14.00      0.00  682592   60772   0.75      0.00      0.00      0.00       0  pdns_server
1791478286     33    203690    2.00    7.00    0.00   16.00    9.00     2     59.00      0.00   58412   12228   0.15      0.00    240.00    292.00       0  nginx
1791478286     33    203691    6.00    7.00    0.00   24.00   13.00     2     29.00      0.00   59612   13528   0.17      0.00    548.00    492.00       0  nginx
1791478286     33    203692    4.00    5.00    0.00   22.00    9.00     0     22.00      0.00   58696   12464   0.15      0.00    256.00    192.00       0  nginx
1791478286     33    203693    4.00   11.00    0.00   38.00   15.00     2     22.00      0.00   61396   15132   0.19      0.00    548.00    432.00       0  nginx
1791478286   1100    203919   33.00   26.00    0.00   23.00   59.00     0    880.00      0.00 2123380   20584   0.25      0.00      0.00      0.00       0  isupipe

# Time        UID       PID    %usr %system  %guest   %wait    %CPU   CPU  minflt/s  majflt/s     VSZ     RSS   %MEM   kB_rd/s   kB_wr/s kB_ccwr/s iodelay  Command
1791478287    112     14307   89.00   35.00    0.00    0.00  124.00     1    127.00      0.00 2898540 1118160  13.77      0.00   9488.00    772.00       0  mysqld
1791478287      0     17311    0.00    0.00    0.00    0.00    0.00     2      0.00      0.00   56816   12876   0.16      0.00      0.00      0.00       0  nginx
1791478287    113    185612   21.00   22.00    0.00    0.00   43.00     1     32.00      0.00  682592   60772   0.75      0.00      0.00      0.00       0  pdns_server
1791478287     33    203690    4.00    6.00    0.00   15.00   10.00     2     86.00      0.00   58412   12348   0.15      0.00    352.00    312.00       0  nginx
1791478287     33    203691    3.00    5.00    0.00   26.00    8.00     2     80.00      0.00   59756   13592   0.17      0.00    240.00    192.00       0  nginx
1791478287     33    203692    4.00    5.00    0.00   20.00    9.00     2     62.00      0.00   58696   12620   0.16      0.00    128.00     80.00       0  nginx
1791478287     33    203693    6.00   11.00    0.00   37.00   17.00     3     95.00      0.00   61396   15312   0.19      0.00    568.00    440.00       0  nginx
1791478287   1100    203919   31.00   26.00    0.00    8.00   57.00     2    837.00      0.00 2123380   19792   0.24     12.00      0.00      0.00       0  isupipe

# Time        UID       PID    %usr %system  %guest   %wait    %CPU   CPU  minflt/s  majflt/s     VSZ     RSS   %MEM   kB_rd/s   kB_wr/s kB_ccwr/s iodelay  Command
1791478288    112     14307   84.00   37.00    0.00    1.00  121.00     0     50.00      0.00 2898540 1118152  13.77      0.00  10628.00   1092.00       0  mysqld
1791478288      0     17311    0.00    0.00    0.00    0.00    0.00     2      0.00      0.00   56816   12844   0.16      0.00      0.00      0.00       0  nginx
1791478288    113    185612   24.00   21.00    0.00    0.00   45.00     1     15.00      0.00  682592   60764   0.75      0.00      0.00      0.00       0  pdns_server
1791478288     33    203690    2.00    5.00    0.00    8.00    7.00     2     23.00      0.00   58412   12320   0.15      0.00     40.00      0.00       0  nginx
1791478288     33    203691    5.00    8.00    0.00   19.00   13.00     2     35.00      0.00   59756   13564   0.17      0.00    148.00     96.00       0  nginx
1791478288     33    203692    3.00    8.00    0.00   13.00   11.00     2     26.00      0.00   58696   12592   0.16      0.00    660.00    604.00       0  nginx
1791478288     33    203693    7.00   12.00    0.00   30.00   19.00     2     64.00      0.00   61532   15388   0.19      0.00    812.00    660.00       0  nginx
1791478288   1100    203919   33.00   29.00    0.00   21.00   62.00     0   1375.00      0.00 2123380   19440   0.24    128.00      0.00      0.00       0  isupipe

# Time        UID       PID    %usr %system  %guest   %wait    %CPU   CPU  minflt/s  majflt/s     VSZ     RSS   %MEM   kB_rd/s   kB_wr/s kB_ccwr/s iodelay  Command
1791478289    112     14307   88.00   37.00    0.00    0.00  125.00     0    140.00      0.00 2898540 1118144  13.77      0.00  10968.00   1124.00       0  mysqld
1791478289      0     17311    0.00    0.00    0.00    0.00    0.00     2      0.00      0.00   56816   12836   0.16      0.00      0.00      0.00       0  nginx
1791478289    113    185612   26.00   19.00    0.00    0.00   45.00     1     30.00      0.00  682592   60756   0.75      0.00      0.00      0.00       0  pdns_server
1791478289     33    203690    3.00    5.00    0.00   11.00    8.00     1     74.00      0.00   58548   12320   0.15      0.00    552.00    508.00       0  nginx
1791478289     33    203691    5.00   10.00    0.00   27.00   15.00     3     61.00      0.00   59756   13576   0.17      0.00    532.00    452.00       0  nginx
1791478289     33    203692    2.00    9.00    0.00   22.00   11.00     3     72.00      0.00   58832   12660   0.16      0.00    228.00    172.00       0  nginx
1791478289     33    203693    7.00   10.00    0.00   36.00   17.00     2     63.00      0.00   61532   15412   0.19      0.00    472.00    344.00       0  nginx
1791478289   1100    203919   36.00   26.00    0.00    3.00   62.00     3   1310.00      0.00 2123380   20000   0.25     12.00      0.00      0.00       0  isupipe

# Time        UID       PID    %usr %system  %guest   %wait    %CPU   CPU  minflt/s  majflt/s     VSZ     RSS   %MEM   kB_rd/s   kB_wr/s kB_ccwr/s iodelay  Command
1791478290    112     14307   79.00   42.00    0.00    1.00  121.00     1     62.00      0.00 2898540 1118060  13.77      0.00  10332.00    944.00       0  mysqld
1791478290      0     17311    0.00    0.00    0.00    0.00    0.00     2      0.00      0.00   56816   12752   0.16      0.00      0.00      0.00       0  nginx
1791478290    113    185612   24.00   21.00    0.00    0.00   45.00     1     16.00      0.00  682592   60800   0.75      0.00      0.00      0.00       0  pdns_server
1791478290     33    203690    2.00    5.00    0.00    7.00    7.00     2     33.00      0.00   58548   12296   0.15      0.00    108.00     80.00       0  nginx
1791478290     33    203691    2.00   10.00    0.00   20.00   12.00     2     31.00      0.00   59756   13572   0.17      0.00    580.00    484.00       0  nginx
1791478290     33    203692    5.00    5.00    0.00   11.00   10.00     2     29.00      0.00   58832   12636   0.16      0.00    124.00     76.00       0  nginx
1791478290     33    203693    7.00   11.00    0.00   32.00   18.00     2     34.00      0.00   61532   15388   0.19      0.00    708.00    600.00       0  nginx
1791478290   1100    203919   33.00   29.00    0.00   32.00   62.00     0    907.00      0.00 2123380   21188   0.26     76.00      0.00      0.00       0  isupipe

# Time        UID       PID    %usr %system  %guest   %wait    %CPU   CPU  minflt/s  majflt/s     VSZ     RSS   %MEM   kB_rd/s   kB_wr/s kB_ccwr/s iodelay  Command
1791478291    112     14307   87.00   46.00    0.00    0.00  133.00     1     81.00      1.00 2898540 1118104  13.77      4.00  18336.00    932.00       0  mysqld
1791478291      0     17311    0.00    0.00    0.00    0.00    0.00     2      0.00      0.00   56816   12712   0.16      0.00      0.00      0.00       0  nginx
1791478291    113    185612   26.00   26.00    0.00    0.00   52.00     1     23.00      0.00  682592   60816   0.75      0.00      0.00      0.00       0  pdns_server
1791478291     33    203690    1.00    8.00    0.00   19.00    9.00     2     38.00      2.00   58548   12324   0.15      0.00    316.00    268.00       0  nginx
1791478291     33    203691    6.00    7.00    0.00   24.00   13.00     2     61.00      1.00   59896   13632   0.17      0.00    232.00    156.00       0  nginx
1791478291     33    203692    4.00    4.00    0.00   20.00    8.00     3     46.00      2.00   58832   12656   0.16     20.00    312.00    164.00       0  nginx
1791478291     33    203693    6.00   10.00    0.00   34.00   16.00     2     44.00      1.00   61532   15388   0.19      8.00    652.00    552.00       0  nginx
1791478291   1100    203919   33.00   25.00    0.00   11.00   58.00     0   1051.00      0.00 2123380   20240   0.25    256.00      0.00      0.00       0  isupipe

# Time        UID       PID    %usr %system  %guest   %wait    %CPU   CPU  minflt/s  majflt/s     VSZ     RSS   %MEM   kB_rd/s   kB_wr/s kB_ccwr/s iodelay  Command
1791478292    112     14307   83.00   48.00    0.00    1.00  131.00     1     78.00      2.00 2898540 1118076  13.77      8.00  11048.00   1392.00       0  mysqld
1791478292      0     17311    0.00    0.00    0.00    0.00    0.00     2      0.00      0.00   56816   12688   0.16      0.00      0.00      0.00       0  nginx
1791478292    113    185612   24.00   26.00    0.00    0.00   50.00     1     27.00      0.00  682592   60744   0.75      0.00      0.00      0.00       0  pdns_server
1791478292     33    203690    3.00    4.00    0.00    6.00    7.00     2     54.00      0.00   58548   12388   0.15      0.00    224.00    192.00       0  nginx
1791478292     33    203691    3.00    8.00    0.00   19.00   11.00     2     52.00      0.00   59896   13716   0.17      8.00    408.00    312.00       0  nginx
1791478292     33    203692    4.00    7.00    0.00   11.00   11.00     2     41.00      0.00   58832   12744   0.16      0.00    280.00    224.00       0  nginx
1791478292     33    203693    8.00   10.00    0.00   22.00   18.00     1    126.00      0.00   61800   15640   0.19      0.00   1032.00    956.00       0  nginx
1791478292   1100    203919   33.00   32.00    0.00   25.00   65.00     1   1269.00      0.00 2123380   21532   0.27     92.00      0.00      0.00       0  isupipe

# Time        UID       PID    %usr %system  %guest   %wait    %CPU   CPU  minflt/s  majflt/s     VSZ     RSS   %MEM   kB_rd/s   kB_wr/s kB_ccwr/s iodelay  Command
1791478293    112     14307   86.00   37.00    0.00    0.00  123.00     0      1.00      0.00 2898540 1118076  13.77      0.00  10680.00   1120.00       0  mysqld
1791478293      0     17311    0.00    0.00    0.00    0.00    0.00     2      0.00      0.00   56816   12688   0.16      0.00      0.00      0.00       0  nginx
1791478293    113    185612   22.00   24.00    0.00    0.00   46.00     1      2.00      0.00  682592   60744   0.75      0.00      0.00      0.00       0  pdns_server
1791478293     33    203690    4.00    4.00    0.00   22.00    8.00     2      1.00      0.00   58548   12388   0.15      0.00    220.00    152.00       0  nginx
1791478293     33    203691    7.00    7.00    0.00   37.00   14.00     2      0.00      0.00   59896   13716   0.17      0.00    320.00    228.00       0  nginx
1791478293     33    203692    5.00    5.00    0.00   20.00   10.00     3     32.00      0.00   58968   12744   0.16      0.00    384.00    344.00       0  nginx
1791478293     33    203693    6.00   10.00    0.00   40.00   16.00     2      7.00      0.00   61800   15640   0.19      0.00    700.00    604.00       0  nginx
1791478293   1100    203919   33.00   27.00    0.00   23.00   60.00     3   1121.00      0.00 2123380   21212   0.26      0.00      0.00      0.00       0  isupipe

# Time        UID       PID    %usr %system  %guest   %wait    %CPU   CPU  minflt/s  majflt/s     VSZ     RSS   %MEM   kB_rd/s   kB_wr/s kB_ccwr/s iodelay  Command
1791478294    112     14307   84.00   39.00    0.00    1.00  123.00     0    141.00      0.00 2898540 1118432  13.78      0.00  10084.00   1040.00       0  mysqld
1791478294      0     17311    0.00    0.00    0.00    0.00    0.00     2      0.00      0.00   56816   12688   0.16      0.00      0.00      0.00       0  nginx
1791478294    113    185612   22.00   27.00    0.00    0.00   49.00     1     16.00      0.00  682592   60744   0.75      0.00      0.00      0.00       0  pdns_server
1791478294     33    203690    4.00    9.00    0.00   27.00   13.00     2     47.00      0.00   58548   12388   0.15      0.00    396.00    320.00       0  nginx
1791478294     33    203691    6.00    4.00    0.00   27.00   10.00     2     41.00      0.00   59896   13716   0.17      0.00    492.00    372.00       0  nginx
1791478294     33    203692    4.00    7.00    0.00   32.00   11.00     2     42.00      0.00   59100   12892   0.16      0.00    116.00     80.00       0  nginx
1791478294     33    203693    7.00    7.00    0.00   41.00   14.00     2     43.00      0.00   61936   15640   0.19      0.00    504.00    436.00       0  nginx
1791478294   1100    203919   30.00   23.00    0.00    3.00   53.00     3    556.00      0.00 2123380   21696   0.27      0.00      0.00      0.00       0  isupipe

# Time        UID       PID    %usr %system  %guest   %wait    %CPU   CPU  minflt/s  majflt/s     VSZ     RSS   %MEM   kB_rd/s   kB_wr/s kB_ccwr/s iodelay  Command
1791478295    112     14307   92.00   35.00    0.00    0.00  127.00     0     23.00      0.00 2898540 1118604  13.78      0.00  10364.00   1092.00       0  mysqld
1791478295      0     17311    0.00    0.00    0.00    0.00    0.00     2      0.00      0.00   56816   12688   0.16      0.00      0.00      0.00       0  nginx
1791478295    113    185612   24.00   32.00    0.00    0.00   56.00     1      2.00      0.00  682592   60744   0.75      0.00      0.00      0.00       0  pdns_server
1791478295     33    203690    7.00    4.00    0.00   42.00   11.00     2      1.00      0.00   58548   12388   0.15      0.00    324.00    260.00       0  nginx
1791478295     33    203691    7.00    7.00    0.00   39.00   14.00     2      1.00      0.00   59896   13716   0.17      0.00    480.00    504.00       0  nginx
1791478295     33    203692    5.00    7.00    0.00   37.00   12.00     2      1.00      0.00   59100   12892   0.16      0.00    452.00    380.00       0  nginx
1791478295     33    203693    8.00    6.00    0.00   51.00   14.00     0      0.00      0.00   61936   15640   0.19      0.00    300.00    228.00       0  nginx
1791478295   1100    203919   31.00   23.00    0.00   24.00   54.00     1    876.00      0.00 2123380   21092   0.26      0.00      0.00      0.00       0  isupipe

# Time        UID       PID    %usr %system  %guest   %wait    %CPU   CPU  minflt/s  majflt/s     VSZ     RSS   %MEM   kB_rd/s   kB_wr/s kB_ccwr/s iodelay  Command
1791478296    112     14307   85.00   38.00    0.00    1.00  123.00     0      0.00      0.00 2898540 1118604  13.78      0.00  15972.00   1576.00       0  mysqld
1791478296      0     17311    0.00    0.00    0.00    0.00    0.00     2      0.00      0.00   56816   12688   0.16      0.00      0.00      0.00       0  nginx
1791478296    113    185612   25.00   25.00    0.00    0.00   50.00     1      0.00      0.00  682592   60744   0.75      0.00      0.00      0.00       0  pdns_server
1791478296     33    203690    4.00    7.00    0.00   21.00   11.00     2      3.00      0.00   58548   12428   0.15      0.00    248.00    196.00       0  nginx
1791478296     33    203691    6.00    7.00    0.00   33.00   13.00     2      0.00      0.00   59896   13716   0.17      0.00    704.00    620.00       0  nginx
1791478296     33    203692    7.00    6.00    0.00   19.00   13.00     2     11.00      0.00   59100   12892   0.16      0.00    556.00    404.00       0  nginx
1791478296     33    203693    9.00   10.00    0.00   37.00   19.00     2      0.00      0.00   61936   15640   0.19      0.00    596.00    512.00       0  nginx
1791478296   1100    203919   42.00   22.00    0.00   29.00   64.00     3   1408.00      0.00 2123380   20240   0.25      0.00      0.00      0.00       0  isupipe

# Time        UID       PID    %usr %system  %guest   %wait    %CPU   CPU  minflt/s  majflt/s     VSZ     RSS   %MEM   kB_rd/s   kB_wr/s kB_ccwr/s iodelay  Command
1791478297    112     14307   82.00   37.00    0.00    0.00  119.00     0      3.00      0.00 2898540 1118604  13.78      0.00  10224.00   1004.00       0  mysqld
1791478297      0     17311    0.00    0.00    0.00    0.00    0.00     2      0.00      0.00   56816   12688   0.16      0.00      0.00      0.00       0  nginx
1791478297    113    185612   28.00   18.00    0.00    0.00   46.00     1      1.00      0.00  682592   60744   0.75      0.00      0.00      0.00       0  pdns_server
1791478297     33    203690    4.00    6.00    0.00   30.00   10.00     2      0.00      0.00   58548   12428   0.15      0.00    544.00    488.00       0  nginx
1791478297     33    203691    4.00    8.00    0.00   39.00   12.00     2      0.00      0.00   59896   13716   0.17      0.00    368.00    200.00       0  nginx
1791478297     33    203692    7.00    5.00    0.00   32.00   12.00     3      2.00      0.00   59100   12892   0.16      0.00    348.00    396.00       0  nginx
1791478297     33    203693    9.00    7.00    0.00   48.00   16.00     2      0.00      0.00   61936   15640   0.19      0.00    428.00    348.00       0  nginx
1791478297   1100    203919   29.00   29.00    0.00   18.00   58.00     0    620.00      0.00 2123380   20928   0.26      0.00      0.00      0.00       0  isupipe

# Time        UID       PID    %usr %system  %guest   %wait    %CPU   CPU  minflt/s  majflt/s     VSZ     RSS   %MEM   kB_rd/s   kB_wr/s kB_ccwr/s iodelay  Command
1791478298    112     14307   82.00   45.00    0.00    0.00  127.00     0     10.00      0.00 2898540 1118780  13.78      0.00  11444.00   1416.00       0  mysqld
1791478298      0     17311    0.00    0.00    0.00    0.00    0.00     2      0.00      0.00   56816   12688   0.16      0.00      0.00      0.00       0  nginx
1791478298    113    185612   28.00   26.00    0.00    0.00   54.00     1      1.00      0.00  682592   60744   0.75      0.00      0.00      0.00       0  pdns_server
1791478298     33    203690    4.00    5.00    0.00   15.00    9.00     1     12.00      0.00   58684   12428   0.15      0.00    308.00    272.00       0  nginx
1791478298     33    203691    7.00    6.00    0.00   30.00   13.00     2      0.00      0.00   59896   13716   0.17      0.00    588.00    660.00       0  nginx
1791478298     33    203692    4.00    6.00    0.00   26.00   10.00     2      0.00      0.00   59100   12892   0.16      0.00    200.00    156.00       0  nginx
1791478298     33    203693    6.00   12.00    0.00   44.00   18.00     2      0.00      0.00   61936   15640   0.19      0.00    500.00    348.00       0  nginx
1791478298   1100    203919   29.00   26.00    0.00   22.00   55.00     2    917.00      0.00 2123380   21076   0.26      0.00      0.00      0.00       0  isupipe

# Time        UID       PID    %usr %system  %guest   %wait    %CPU   CPU  minflt/s  majflt/s     VSZ     RSS   %MEM   kB_rd/s   kB_wr/s kB_ccwr/s iodelay  Command
1791478299    112     14307   79.00   47.00    0.00    1.00  126.00     1      1.00      0.00 2898540 1118780  13.78      0.00  15360.00   1340.00       0  mysqld
1791478299      0     17311    0.00    0.00    0.00    0.00    0.00     2      0.00      0.00   56816   12688   0.16      0.00      0.00      0.00       0  nginx
1791478299    113    185612   25.00   30.00    0.00    0.00   55.00     1      0.00      0.00  682592   60744   0.75      0.00      0.00      0.00       0  pdns_server
1791478299     33    203690    2.00    8.00    0.00   18.00   10.00     2      3.00      0.00   58684   12428   0.15      0.00     44.00      0.00       0  nginx
1791478299     33    203691    4.00    8.00    0.00   29.00   12.00     2      0.00      0.00   59896   13716   0.17      0.00    804.00    752.00       0  nginx
1791478299     33    203692    3.00    6.00    0.00   20.00    9.00     2      1.00      0.00   59100   12892   0.16      0.00    116.00     80.00       0  nginx
1791478299     33    203693    7.00   13.00    0.00   37.00   20.00     2      0.00      0.00   61936   15640   0.19      0.00    932.00    784.00       0  nginx
1791478299   1100    203919   32.00   26.00    0.00   29.00   58.00     2   1060.00      0.00 2123380   20296   0.25      0.00      0.00      0.00       0  isupipe

# Time        UID       PID    %usr %system  %guest   %wait    %CPU   CPU  minflt/s  majflt/s     VSZ     RSS   %MEM   kB_rd/s   kB_wr/s kB_ccwr/s iodelay  Command
1791478300    112     14307   82.00   41.00    0.00    0.00  123.00     1      2.00      0.00 2898540 1118780  13.78      0.00  11016.00   1212.00       0  mysqld
1791478300      0     17311    0.00    0.00    0.00    0.00    0.00     2      0.00      0.00   56816   12688   0.16      0.00      0.00      0.00       0  nginx
1791478300    113    185612   23.00   23.00    0.00    0.00   46.00     1      1.00      0.00  682592   60744   0.75      0.00      0.00      0.00       0  pdns_server
1791478300     33    203690    4.00    4.00    0.00   19.00    8.00     2      3.00      0.00   58684   12428   0.15      0.00     36.00      0.00       0  nginx
1791478300     33    203691    5.00    8.00    0.00   28.00   13.00     2      0.00      0.00   59896   13716   0.17      0.00    580.00    508.00       0  nginx
1791478300     33    203692    5.00    3.00    0.00   15.00    8.00     2      0.00      0.00   59100   12892   0.16      0.00    580.00    564.00       0  nginx
1791478300     33    203693    9.00   12.00    0.00   42.00   21.00     2      0.00      0.00   61936   15640   0.19      0.00    484.00    324.00       0  nginx
1791478300   1100    203919   34.00   24.00    0.00   19.00   58.00     3   1156.00      0.00 2123380   20852   0.26      0.00      0.00      0.00       0  isupipe

# Time        UID       PID    %usr %system  %guest   %wait    %CPU   CPU  minflt/s  majflt/s     VSZ     RSS   %MEM   kB_rd/s   kB_wr/s kB_ccwr/s iodelay  Command
1791478301    112     14307   90.00   40.00    0.00    0.00  130.00     1      0.00      0.00 2898540 1118780  13.78      0.00   9936.00    932.00       0  mysqld
1791478301      0     17311    0.00    0.00    0.00    0.00    0.00     2      0.00      0.00   56816   12688   0.16      0.00      0.00      0.00       0  nginx
1791478301    113    185612   27.00   26.00    0.00    0.00   53.00     1      1.00      0.00  682592   60744   0.75      0.00      0.00      0.00       0  pdns_server
1791478301     33    203690    4.00    6.00    0.00   35.00   10.00     2      1.00      0.00   58684   12428   0.15      0.00    140.00     72.00       0  nginx
1791478301     33    203691    6.00    6.00    0.00   40.00   12.00     2      0.00      0.00   59896   13716   0.17      0.00    444.00    396.00       0  nginx
1791478301     33    203692    5.00    6.00    0.00   29.00   11.00     1      0.00      0.00   59100   12892   0.16      0.00    348.00    320.00       0  nginx
1791478301     33    203693    8.00    9.00    0.00   48.00   17.00     1      0.00      0.00   61936   15640   0.19      0.00    552.00    432.00       0  nginx
1791478301   1100    203919   32.00   26.00    0.00   21.00   58.00     0   1242.00      0.00 2123380   21012   0.26      0.00      0.00      0.00       0  isupipe

# Time        UID       PID    %usr %system  %guest   %wait    %CPU   CPU  minflt/s  majflt/s     VSZ     RSS   %MEM   kB_rd/s   kB_wr/s kB_ccwr/s iodelay  Command
1791478302    112     14307   88.00   38.00    0.00    1.00  126.00     3     14.00      0.00 2898540 1118960  13.78      0.00   9684.00    896.00       0  mysqld
1791478302      0     17311    0.00    0.00    0.00    0.00    0.00     2      0.00      0.00   56816   12688   0.16      0.00      0.00      0.00       0  nginx
1791478302    113    185612   23.00   25.00    0.00    0.00   48.00     1      0.00      0.00  682592   60744   0.75      0.00      0.00      0.00       0  pdns_server
1791478302     33    203690    2.00    5.00    0.00    7.00    7.00     2      0.00      0.00   58684   12428   0.15      0.00    112.00     92.00       0  nginx
1791478302     33    203691    4.00   10.00    0.00   27.00   14.00     2      0.00      0.00   59896   13716   0.17      0.00    100.00      0.00       0  nginx
1791478302     33    203692    5.00    8.00    0.00   18.00   13.00     1      0.00      0.00   59100   12892   0.16      0.00    520.00    464.00       0  nginx
1791478302     33    203693   10.00   10.00    0.00   30.00   20.00     2      0.00      0.00   61936   15640   0.19      0.00    720.00    628.00       0  nginx
1791478302   1100    203919   33.00   25.00    0.00    0.00   58.00     1    739.00      0.00 2123380   21032   0.26      0.00      0.00      0.00       0  isupipe

# Time        UID       PID    %usr %system  %guest   %wait    %CPU   CPU  minflt/s  majflt/s     VSZ     RSS   %MEM   kB_rd/s   kB_wr/s kB_ccwr/s iodelay  Command
1791478303    112     14307   89.00   39.00    0.00    0.00  128.00     3      2.00      0.00 2898540 1118960  13.78      0.00  14252.00   1052.00       0  mysqld
1791478303      0     17311    0.00    0.00    0.00    0.00    0.00     2      0.00      0.00   56816   12688   0.16      0.00      0.00      0.00       0  nginx
1791478303    113    185612   30.00   24.00    0.00    0.00   54.00     1      1.00      0.00  682592   60744   0.75      0.00      0.00      0.00       0  pdns_server
1791478303     33    203690    3.00    7.00    0.00   27.00   10.00     2      0.00      0.00   58684   12428   0.15      0.00    312.00    252.00       0  nginx
1791478303     33    203691    1.00   10.00    0.00   39.00   11.00     3      0.00      0.00   59896   13716   0.17      0.00    628.00    592.00       0  nginx
1791478303     33    203692    5.00    6.00    0.00   34.00   11.00     2      0.00      0.00   59100   12892   0.16      0.00    132.00     80.00       0  nginx
1791478303     33    203693    7.00    8.00    0.00   47.00   15.00     1      0.00      0.00   61936   15640   0.19      0.00    460.00    356.00       0  nginx
1791478303   1100    203919   33.00   27.00    0.00    0.00   60.00     1   1233.00      0.00 2123380   20512   0.25      0.00      0.00      0.00       0  isupipe

# Time        UID       PID    %usr %system  %guest   %wait    %CPU   CPU  minflt/s  majflt/s     VSZ     RSS   %MEM   kB_rd/s   kB_wr/s kB_ccwr/s iodelay  Command
1791478304    112     14307   79.00   40.00    0.00    0.00  119.00     3     20.00      0.00 2898540 1119128  13.78      0.00  11136.00   1272.00       0  mysqld
1791478304      0     17311    0.00    0.00    0.00    0.00    0.00     2      0.00      0.00   56816   12688   0.16      0.00      0.00      0.00       0  nginx
1791478304    113    185612   22.00   23.00    0.00    0.00   45.00     1      0.00      0.00  682592   60744   0.75      0.00      0.00      0.00       0  pdns_server
1791478304     33    203690    5.00   10.00    0.00   23.00   15.00     2      0.00      0.00   58684   12428   0.15      0.00    212.00    164.00       0  nginx
1791478304     33    203691    7.00    8.00    0.00   32.00   15.00     1      0.00      0.00   59896   13716   0.17      0.00    324.00    152.00       0  nginx
1791478304     33    203692    4.00    8.00    0.00   26.00   12.00     0      0.00      0.00   59100   12892   0.16      0.00    656.00    588.00       0  nginx
1791478304     33    203693   10.00    8.00    0.00   38.00   18.00     0      0.00      0.00   61936   15640   0.19      0.00    780.00    668.00       0  nginx
1791478304   1100    203919   37.00   23.00    0.00   18.00   60.00     1   1268.00      0.00 2123380   22148   0.27      0.00      0.00      0.00       0  isupipe

# Time        UID       PID    %usr %system  %guest   %wait    %CPU   CPU  minflt/s  majflt/s     VSZ     RSS   %MEM   kB_rd/s   kB_wr/s kB_ccwr/s iodelay  Command
1791478305    112     14307   88.00   36.00    0.00    1.00  124.00     3      0.00      0.00 2898540 1119128  13.78      0.00  11404.00   1316.00       0  mysqld
1791478305      0     17311    0.00    0.00    0.00    0.00    0.00     2      0.00      0.00   56816   12688   0.16      0.00      0.00      0.00       0  nginx
1791478305    113    185612   25.00   27.00    0.00    0.00   52.00     1      2.00      0.00  682592   60744   0.75      0.00      0.00      0.00       0  pdns_server
1791478305     33    203690    1.00    9.00    0.00   27.00   10.00     2      0.00      0.00   58684   12428   0.15      0.00    244.00    192.00       0  nginx
1791478305     33    203691    5.00    6.00    0.00   30.00   11.00     2      0.00      0.00   59896   13716   0.17      0.00    288.00    348.00       0  nginx
1791478305     33    203692    3.00    7.00    0.00   31.00   10.00     2      0.00      0.00   59100   12892   0.16      0.00    440.00    396.00       0  nginx
1791478305     33    203693    6.00    9.00    0.00   47.00   15.00     2      0.00      0.00   61936   15640   0.19      0.00    724.00    616.00       0  nginx
1791478305   1100    203919   22.00   34.00    0.00   24.00   56.00     0    420.00      0.00 2123380   21880   0.27      0.00      0.00      0.00       0  isupipe

# Time        UID       PID    %usr %system  %guest   %wait    %CPU   CPU  minflt/s  majflt/s     VSZ     RSS   %MEM   kB_rd/s   kB_wr/s kB_ccwr/s iodelay  Command
1791478306    112     14307   71.00   49.00    0.00    1.00  120.00     3      1.00      0.00 2898540 1119128  13.78      0.00  15936.00   1356.00       0  mysqld
1791478306      0     17311    0.00    0.00    0.00    0.00    0.00     2      0.00      0.00   56816   12688   0.16      0.00      0.00      0.00       0  nginx
1791478306    113    185612   21.00   28.00    0.00    0.00   49.00     1      0.00      0.00  682592   60744   0.75      0.00      0.00      0.00       0  pdns_server
1791478306     33    203690    4.00    7.00    0.00   24.00   11.00     2      0.00      0.00   58684   12428   0.15      0.00    164.00     80.00       0  nginx
1791478306     33    203691    5.00    8.00    0.00   32.00   13.00     2      0.00      0.00   59896   13716   0.17      0.00    720.00    652.00       0  nginx
1791478306     33    203692    6.00    7.00    0.00   22.00   13.00     1      0.00      0.00   59100   12892   0.16      0.00    384.00    364.00       0  nginx
1791478306     33    203693    6.00   11.00    0.00   40.00   17.00     2      0.00      0.00   61936   15640   0.19      0.00    680.00    484.00       0  nginx
1791478306   1100    203919   34.00   23.00    0.00   14.00   57.00     3    974.00      0.00 2123380   21820   0.27      0.00      0.00      0.00       0  isupipe

# Time        UID       PID    %usr %system  %guest   %wait    %CPU   CPU  minflt/s  majflt/s     VSZ     RSS   %MEM   kB_rd/s   kB_wr/s kB_ccwr/s iodelay  Command
1791478307    112     14307   91.00   36.00    0.00    0.00  127.00     0     17.00      0.00 2898540 1119280  13.79      0.00  10576.00   1108.00       0  mysqld
1791478307      0     17311    0.00    0.00    0.00    0.00    0.00     2      0.00      0.00   56816   12688   0.16      0.00      0.00      0.00       0  nginx
1791478307    113    185612   28.00   22.00    0.00    0.00   50.00     1      0.00      0.00  682592   60744   0.75      0.00      0.00      0.00       0  pdns_server
1791478307     33    203690    4.00    5.00    0.00   14.00    9.00     2      4.00      0.00   58684   12428   0.15      0.00    492.00    468.00       0  nginx
1791478307     33    203691    5.00    6.00    0.00   26.00   11.00     2      0.00      0.00   59896   13716   0.17      0.00    416.00    376.00       0  nginx
1791478307     33    203692    6.00    7.00    0.00   31.00   13.00     3      0.00      0.00   59100   12892   0.16      0.00    196.00    116.00       0  nginx
1791478307     33    203693    7.00   11.00    0.00   35.00   18.00     1      0.00      0.00   61936   15640   0.19      0.00    648.00    416.00       0  nginx
1791478307   1100    203919   31.00   24.00    0.00   35.00   55.00     3   1611.00      0.00 2123380   22036   0.27      0.00      0.00      0.00       0  isupipe

# Time        UID       PID    %usr %system  %guest   %wait    %CPU   CPU  minflt/s  majflt/s     VSZ     RSS   %MEM   kB_rd/s   kB_wr/s kB_ccwr/s iodelay  Command
1791478308    112     14307   81.00   43.00    0.00    1.00  124.00     1      0.00      0.00 2898540 1119280  13.79      0.00  11668.00   1392.00       0  mysqld
1791478308      0     17311    0.00    0.00    0.00    0.00    0.00     2      0.00      0.00   56816   12688   0.16      0.00      0.00      0.00       0  nginx
1791478308    113    185612   25.00   24.00    0.00    0.00   49.00     1      1.00      0.00  682592   60744   0.75      0.00      0.00      0.00       0  pdns_server
1791478308     33    203690    5.00    4.00    0.00   19.00    9.00     2      0.00      0.00   58684   12428   0.15      0.00     44.00      0.00       0  nginx
1791478308     33    203691    6.00    7.00    0.00   39.00   13.00     2      0.00      0.00   59896   13716   0.17      0.00    772.00    744.00       0  nginx
1791478308     33    203692    5.00    5.00    0.00   23.00   10.00     2      0.00      0.00   59100   12892   0.16      0.00    296.00    252.00       0  nginx
1791478308     33    203693    6.00   12.00    0.00   56.00   18.00     2      0.00      0.00   61936   15640   0.19      0.00    592.00    680.00       0  nginx
1791478308   1100    203919   30.00   29.00    0.00   14.00   59.00     1    688.00      0.00 2123380   21192   0.26      0.00      0.00      0.00       0  isupipe

# Time        UID       PID    %usr %system  %guest   %wait    %CPU   CPU  minflt/s  majflt/s     VSZ     RSS   %MEM   kB_rd/s   kB_wr/s kB_ccwr/s iodelay  Command
1791478309    112     14307   81.00   37.00    0.00    0.00  118.00     1      2.00      0.00 2898540 1119280  13.79      0.00  11204.00   1176.00       0  mysqld
1791478309      0     17311    0.00    0.00    0.00    0.00    0.00     2      0.00      0.00   56816   12688   0.16      0.00      0.00      0.00       0  nginx
1791478309    113    185612   25.00   20.00    0.00    0.00   45.00     1      0.00      0.00  682592   60744   0.75      0.00      0.00      0.00       0  pdns_server
1791478309     33    203690    5.00    6.00    0.00   24.00   11.00     2      0.00      0.00   58684   12428   0.15      0.00    124.00     72.00       0  nginx
1791478309     33    203691    4.00    9.00    0.00   38.00   13.00     2      0.00      0.00   59896   13716   0.17      0.00    452.00    392.00       0  nginx
1791478309     33    203692    6.00    6.00    0.00   27.00   12.00     2      0.00      0.00   59100   12892   0.16      0.00    364.00    332.00       0  nginx
1791478309     33    203693    6.00   10.00    0.00   50.00   16.00     2      0.00      0.00   61936   15640   0.19      0.00    728.00    596.00       0  nginx
1791478309   1100    203919   29.00   32.00    0.00   28.00   61.00     2    618.00      0.00 2123380   21736   0.27      0.00      0.00      0.00       0  isupipe

# Time        UID       PID    %usr %system  %guest   %wait    %CPU   CPU  minflt/s  majflt/s     VSZ     RSS   %MEM   kB_rd/s   kB_wr/s kB_ccwr/s iodelay  Command
1791478310    112     14307   80.00   41.00    0.00    0.00  121.00     1      2.00      0.00 2898540 1119280  13.79      0.00  10800.00   1088.00       0  mysqld
1791478310      0     17311    0.00    0.00    0.00    0.00    0.00     2      0.00      0.00   56816   12688   0.16      0.00      0.00      0.00       0  nginx
1791478310    113    185612   25.00   23.00    0.00    0.00   48.00     1      2.00      0.00  682592   60744   0.75      0.00      0.00      0.00       0  pdns_server
1791478310     33    203690    5.00    7.00    0.00   37.00   12.00     1      2.00      0.00   58684   12428   0.15      0.00    268.00    224.00       0  nginx
1791478310     33    203691    6.00    7.00    0.00   42.00   13.00     2      0.00      0.00   59896   13716   0.17      0.00    436.00    360.00       0  nginx
1791478310     33    203692    6.00    6.00    0.00   40.00   12.00     2      0.00      0.00   59100   12892   0.16      0.00    480.00    416.00       0  nginx
1791478310     33    203693    5.00   10.00    0.00   53.00   15.00     2      0.00      0.00   61936   15640   0.19      0.00    536.00    452.00       0  nginx
1791478310   1100    203919   40.00   22.00    0.00   40.00   62.00     2    745.00      0.00 2123380   22072   0.27      0.00      0.00      0.00       0  isupipe

# Time        UID       PID    %usr %system  %guest   %wait    %CPU   CPU  minflt/s  majflt/s     VSZ     RSS   %MEM   kB_rd/s   kB_wr/s kB_ccwr/s iodelay  Command
1791478311    112     14307   84.00   46.00    0.00    1.00  130.00     1      7.00      0.00 2898540 1119280  13.79      0.00  10652.00    880.00       0  mysqld
1791478311      0     17311    0.00    0.00    0.00    0.00    0.00     2      0.00      0.00   56816   12688   0.16      0.00      0.00      0.00       0  nginx
1791478311    113    185612   27.00   23.00    0.00    0.00   50.00     1      0.00      0.00  682592   60744   0.75      0.00      0.00      0.00       0  pdns_server
1791478311     33    203690    4.00    6.00    0.00   25.00   10.00     2      4.00      0.00   58684   12428   0.15      0.00    364.00    296.00       0  nginx
1791478311     33    203691    6.00    5.00    0.00   26.00   11.00     2      0.00      0.00   59896   13716   0.17      0.00    228.00    208.00       0  nginx
1791478311     33    203692    5.00    4.00    0.00   21.00    9.00     2      0.00      0.00   59100   12892   0.16      0.00    420.00    368.00       0  nginx
1791478311     33    203693    7.00   13.00    0.00   42.00   20.00     2      0.00      0.00   61936   15640   0.19      0.00    384.00    284.00       0  nginx
1791478311   1100    203919   31.00   27.00    0.00   34.00   58.00     3   1074.00      0.00 2123380   21624   0.27      0.00      0.00      0.00       0  isupipe

# Time        UID       PID    %usr %system  %guest   %wait    %CPU   CPU  minflt/s  majflt/s     VSZ     RSS   %MEM   kB_rd/s   kB_wr/s kB_ccwr/s iodelay  Command
1791478312    112     14307   80.00   43.00    0.00    0.00  123.00     3      0.00      0.00 2898540 1119280  13.79      0.00  15212.00   1372.00       0  mysqld
1791478312      0     17311    0.00    0.00    0.00    0.00    0.00     2      0.00      0.00   56816   12688   0.16      0.00      0.00      0.00       0  nginx
1791478312    113    185612   20.00   27.00    0.00    0.00   47.00     1      0.00      0.00  682592   60744   0.75      0.00      0.00      0.00       0  pdns_server
1791478312     33    203690    4.00    5.00    0.00   15.00    9.00     3      3.00      0.00   58684   12428   0.15      0.00    148.00    100.00       0  nginx
1791478312     33    203691    7.00    7.00    0.00   26.00   14.00     3      0.00      0.00   59896   13716   0.17      0.00    864.00    820.00       0  nginx
1791478312     33    203692    3.00    6.00    0.00   15.00    9.00     2      0.00      0.00   59100   12892   0.16      0.00    196.00    144.00       0  nginx
1791478312     33    203693    6.00   14.00    0.00   37.00   20.00     0      0.00      0.00   61936   15640   0.19      0.00    520.00    412.00       0  nginx
1791478312   1100    203919   25.00   31.00    0.00   14.00   56.00     3    741.00      0.00 2123380   21168   0.26      0.00      0.00      0.00       0  isupipe

# Time        UID       PID    %usr %system  %guest   %wait    %CPU   CPU  minflt/s  majflt/s     VSZ     RSS   %MEM   kB_rd/s   kB_wr/s kB_ccwr/s iodelay  Command
1791478313    112     14307   82.00   41.00    0.00    1.00  123.00     0      9.00      0.00 2898540 1119280  13.79      4.00  11516.00   1316.00       0  mysqld
1791478313      0     17311    0.00    0.00    0.00    0.00    0.00     2      0.00      0.00   56816   12688   0.16      0.00      0.00      0.00       0  nginx
1791478313    113    185612   24.00   21.00    0.00    0.00   45.00     1      0.00      0.00  682592   60744   0.75      0.00      0.00      0.00       0  pdns_server
1791478313     33    203690    1.00    5.00    0.00    9.00    6.00     3      0.00      0.00   58684   12428   0.15      0.00    380.00    364.00       0  nginx
1791478313     33    203691    3.00    8.00    0.00   25.00   11.00     2      0.00      0.00   59896   13716   0.17      0.00    236.00    164.00       0  nginx
1791478313     33    203692    5.00    7.00    0.00   21.00   12.00     2      0.00      0.00   59100   12892   0.16      0.00    236.00    188.00       0  nginx
1791478313     33    203693    8.00    9.00    0.00   37.00   17.00     3      0.00      0.00   61936   15640   0.19      0.00   1016.00    912.00       0  nginx
1791478313   1100    203919   31.00   25.00    0.00    5.00   56.00     0    676.00      0.00 2123380   22536   0.28      0.00      0.00      0.00       0  isupipe

# Time        UID       PID    %usr %system  %guest   %wait    %CPU   CPU  minflt/s  majflt/s     VSZ     RSS   %MEM   kB_rd/s   kB_wr/s kB_ccwr/s iodelay  Command
1791478314    112     14307   85.00   36.00    0.00    0.00  121.00     0      8.00      0.00 2898540 1119480  13.79      0.00  15508.00   1208.00       0  mysqld
1791478314      0     17311    0.00    0.00    0.00    0.00    0.00     2      0.00      0.00   56816   12688   0.16      0.00      0.00      0.00       0  nginx
1791478314    113    185612   23.00   24.00    0.00    0.00   47.00     1      2.00      0.00  682592   60744   0.75      0.00      0.00      0.00       0  pdns_server
1791478314     33    203690    6.00    4.00    0.00   28.00   10.00     2      1.00      0.00   58684   12428   0.15      0.00    208.00    184.00       0  nginx
1791478314     33    203691    4.00   10.00    0.00   43.00   14.00     2      0.00      0.00   59896   13716   0.17      0.00    480.00    432.00       0  nginx
1791478314     33    203692    5.00    6.00    0.00   37.00   11.00     3      0.00      0.00   59100   12892   0.16      0.00    456.00    404.00       0  nginx
1791478314     33    203693    6.00   10.00    0.00   54.00   16.00     2      0.00      0.00   61936   15640   0.19      0.00    584.00    468.00       0  nginx
1791478314   1100    203919   26.00   27.00    0.00    0.00   53.00     0    895.00      0.00 2123380   21960   0.27      0.00      0.00      0.00       0  isupipe

# Time        UID       PID    %usr %system  %guest   %wait    %CPU   CPU  minflt/s  majflt/s     VSZ     RSS   %MEM   kB_rd/s   kB_wr/s kB_ccwr/s iodelay  Command
1791478315    112     14307   83.00   41.00    0.00    0.00  124.00     0      4.00      0.00 2898540 1119480  13.79      0.00  10336.00    944.00       0  mysqld
1791478315      0     17311    0.00    0.00    0.00    0.00    0.00     2      0.00      0.00   56816   12688   0.16      0.00      0.00      0.00       0  nginx
1791478315    113    185612   26.00   24.00    0.00    0.00   50.00     1      0.00      0.00  682592   60744   0.75      0.00      0.00      0.00       0  pdns_server
1791478315     33    203690    4.00    5.00    0.00   35.00    9.00     2      0.00      0.00   58684   12428   0.15      0.00    104.00     76.00       0  nginx
1791478315     33    203691    5.00    5.00    0.00   42.00   10.00     2      0.00      0.00   59896   13716   0.17      0.00    372.00    304.00       0  nginx
1791478315     33    203692    4.00    6.00    0.00   35.00   10.00     2      0.00      0.00   59100   12892   0.16      0.00    508.00    436.00       0  nginx
1791478315     33    203693    9.00    6.00    0.00   45.00   15.00     2      0.00      0.00   61936   15640   0.19      0.00    396.00    356.00       0  nginx
1791478315   1100    203919   26.00   25.00    0.00    0.00   51.00     0    349.00      0.00 2123380   22092   0.27      0.00      0.00      0.00       0  isupipe

# Time        UID       PID    %usr %system  %guest   %wait    %CPU   CPU  minflt/s  majflt/s     VSZ     RSS   %MEM   kB_rd/s   kB_wr/s kB_ccwr/s iodelay  Command
1791478316    112     14307   89.00   38.00    0.00    0.00  127.00     0      6.00      0.00 2898540 1119480  13.79      4.00  11324.00   1344.00       0  mysqld
1791478316      0     17311    0.00    0.00    0.00    0.00    0.00     2      0.00      0.00   56816   12688   0.16      0.00      0.00      0.00       0  nginx
1791478316    113    185612   25.00   22.00    0.00    0.00   47.00     1      1.00      0.00  682592   60744   0.75      0.00      0.00      0.00       0  pdns_server
1791478316     33    203690    6.00    4.00    0.00   20.00   10.00     2      0.00      0.00   58684   12428   0.15      0.00    136.00     96.00       0  nginx
1791478316     33    203691    6.00    5.00    0.00   28.00   11.00     2      0.00      0.00   59896   13716   0.17      0.00    648.00    596.00       0  nginx
1791478316     33    203692    4.00    6.00    0.00   26.00   10.00     2      0.00      0.00   59100   12892   0.16      0.00    224.00    176.00       0  nginx
1791478316     33    203693    6.00   10.00    0.00   40.00   16.00     2      0.00      0.00   61936   15640   0.19      0.00    752.00    656.00       0  nginx
1791478316   1100    203919   31.00   26.00    0.00   10.00   57.00     2   1159.00      0.00 2123380   22904   0.28      0.00      0.00      0.00       0  isupipe

# Time        UID       PID    %usr %system  %guest   %wait    %CPU   CPU  minflt/s  majflt/s     VSZ     RSS   %MEM   kB_rd/s   kB_wr/s kB_ccwr/s iodelay  Command
1791478317    112     14307   65.00   45.00    0.00    1.00  110.00     0      8.00      0.00 2898540 1119688  13.79      0.00  11260.00   1216.00       0  mysqld
1791478317      0     17311    0.00    0.00    0.00    0.00    0.00     2      0.00      0.00   56816   12688   0.16      0.00      0.00      0.00       0  nginx
1791478317    113    185612   22.00   19.00    0.00    0.00   41.00     1      1.00      0.00  682592   60744   0.75      0.00      0.00      0.00       0  pdns_server
1791478317     33    203690    5.00    6.00    0.00   29.00   11.00     2      0.00      0.00   58684   12428   0.15      0.00    140.00     60.00       0  nginx
1791478317     33    203691    3.00   10.00    0.00   35.00   13.00     2      0.00      0.00   59896   13716   0.17      0.00    444.00    380.00       0  nginx
1791478317     33    203692    3.00    9.00    0.00   30.00   12.00     2      0.00      0.00   59100   12892   0.16      0.00    560.00    516.00       0  nginx
1791478317     33    203693    7.00    7.00    0.00   39.00   14.00     3      0.00      0.00   61936   15640   0.19      0.00    636.00    568.00       0  nginx
1791478317   1100    203919   33.00   26.00    0.00    8.00   59.00     1    590.00      0.00 2123380   22080   0.27      0.00      0.00      0.00       0  isupipe

# Time        UID       PID    %usr %system  %guest   %wait    %CPU   CPU  minflt/s  majflt/s     VSZ     RSS   %MEM   kB_rd/s   kB_wr/s kB_ccwr/s iodelay  Command
1791478318    112     14307   85.00   36.00    0.00    0.00  121.00     0      8.00      0.00 2898540 1119688  13.79      4.00  14804.00   1032.00       0  mysqld
1791478318      0     17311    0.00    0.00    0.00    0.00    0.00     2      0.00      0.00   56816   12688   0.16      0.00      0.00      0.00       0  nginx
1791478318    113    185612   23.00   25.00    0.00    0.00   48.00     1      0.00      0.00  682592   60744   0.75      0.00      0.00      0.00       0  pdns_server
1791478318     33    203690    4.00    6.00    0.00   26.00   10.00     2      0.00      0.00   58684   12428   0.15      0.00    360.00    332.00       0  nginx
1791478318     33    203691    4.00    9.00    0.00   37.00   13.00     0      0.00      0.00   59896   13716   0.17      0.00    512.00    400.00       0  nginx
1791478318     33    203692    4.00    6.00    0.00   28.00   10.00     2      0.00      0.00   59100   12892   0.16      0.00    296.00    228.00       0  nginx
1791478318     33    203693    9.00    8.00    0.00   40.00   17.00     2      0.00      0.00   61936   15640   0.19      0.00    468.00    412.00       0  nginx
1791478318   1100    203919   30.00   24.00    0.00   16.00   54.00     2   1136.00      0.00 2123380   22524   0.28      0.00      0.00      0.00       0  isupipe

# Time        UID       PID    %usr %system  %guest   %wait    %CPU   CPU  minflt/s  majflt/s     VSZ     RSS   %MEM   kB_rd/s   kB_wr/s kB_ccwr/s iodelay  Command
1791478319    112     14307   56.00   22.00    0.00    1.00   78.00     0      1.00      0.00 2893400 1118048  13.77      0.00   8628.00    724.00       0  mysqld
1791478319      0     17311    0.00    0.00    0.00    0.00    0.00     2      0.00      0.00   56816   12688   0.16      0.00      0.00      0.00       0  nginx
1791478319    113    185612   15.00   17.00    0.00    0.00   32.00     1      1.00      0.00  682592   60744   0.75      0.00      0.00      0.00       0  pdns_server
1791478319     33    203690    1.00    4.00    0.00   14.00    5.00     3      0.00      0.00   58684   12428   0.15      0.00     48.00      0.00       0  nginx
1791478319     33    203691    5.00    3.00    0.00   17.00    8.00     0      0.00      0.00   59896   13716   0.17      0.00    380.00    344.00       0  nginx
1791478319     33    203692    2.00    5.00    0.00   11.00    7.00     3      0.00      0.00   59100   12892   0.16      0.00    128.00    108.00       0  nginx
1791478319     33    203693    7.00    4.00    0.00   24.00   11.00     1      0.00      0.00   61936   15640   0.19      0.00    564.00    504.00       0  nginx
1791478319   1100    203919   19.00   17.00    0.00    0.00   36.00     2    489.00      0.00 2123380   22592   0.28      0.00      0.00      0.00       0  isupipe

# Time        UID       PID    %usr %system  %guest   %wait    %CPU   CPU  minflt/s  majflt/s     VSZ     RSS   %MEM   kB_rd/s   kB_wr/s kB_ccwr/s iodelay  Command
1791478320    112     14307    0.99    0.99    0.00    0.00    1.98     0      0.00      0.00 2893400 1118048  13.77      0.00   4372.28      0.00       0  mysqld
1791478320      0     17311    0.00    0.00    0.00    0.00    0.00     2      0.00      0.00   56816   12688   0.16      0.00      0.00      0.00       0  nginx
1791478320    113    185612    0.00    0.00    0.00    0.00    0.00     1      0.00      0.00  682592   60744   0.75      0.00      0.00      0.00       0  pdns_server
1791478320     33    203690    0.99    0.00    0.00    0.00    0.99     0      0.00      0.00   58684   12428   0.15      0.00      0.00      0.00       0  nginx
1791478320     33    203691    0.00    0.00    0.00    0.00    0.00     1      0.00      0.00   59896   13716   0.17      0.00      0.00      0.00       0  nginx
1791478320     33    203692    0.00    0.00    0.00    0.00    0.00     2      0.00      0.00   59100   12892   0.16      0.00      0.00      0.00       0  nginx
1791478320     33    203693    0.00    0.00    0.00    0.00    0.00     3      0.00      0.00   61936   15640   0.19      0.00      0.00      0.00       0  nginx
1791478320   1100    203919    0.00    0.00    0.00    0.00    0.00     2      0.00      0.00 2123380   22592   0.28      0.00      0.00      0.00       0  isupipe
