Linux 5.15.0-198-generic (isucon13-app) 	10/08/26 	_aarch64_	(4 CPU)

# Time        UID       PID    %usr %system  %guest   %wait    %CPU   CPU  minflt/s  majflt/s     VSZ     RSS   %MEM   kB_rd/s   kB_wr/s kB_ccwr/s iodelay  Command
1791494508      0        13    0.00    0.00    0.00    0.00    0.00     0      0.00      0.00       0       0   0.00      0.00      0.00      0.00       0  ksoftirqd/0
1791494508      0        22    0.00    0.00    0.00    0.00    0.00     1      0.00      0.00       0       0   0.00      0.00      0.00      0.00       0  ksoftirqd/1
1791494508      0        28    0.00    0.00    0.00    0.00    0.00     2      0.00      0.00       0       0   0.00      0.00      0.00      0.00       0  ksoftirqd/2
1791494508      0        34    0.00    0.00    0.00    0.00    0.00     3      0.00      0.00       0       0   0.00      0.00      0.00      0.00       0  ksoftirqd/3
1791494508      0       342    0.00    2.00    0.00    1.00    2.00     1      0.00      0.00       0       0   0.00      0.00    440.00      0.00       0  jbd2/sda1-8
1791494508      0       415    0.00    0.00    0.00    0.00    0.00     2      0.00      4.00  190792  127252   1.57      0.00     16.00      0.00       0  systemd-journal
1791494508    104       739    0.00    0.00    0.00    0.00    0.00     0      0.00      0.00  222072    5200   0.06      0.00      0.00      0.00       0  rsyslogd
1791494508      0     17311    0.00    0.00    0.00    0.00    0.00     0      0.00      0.00   57076   12824   0.16      0.00      0.00      0.00       0  nginx
1791494508    112    244183   25.00   19.00    0.00    0.00   44.00     3  14017.00      0.00 2850808  816472  10.06      0.00  38000.00      0.00       0  mysqld
1791494508     33    537871    0.00    0.00    0.00    0.00    0.00     0      0.00      0.00   63216   16840   0.21      0.00      0.00      0.00       0  nginx
1791494508     33    537872    0.00    0.00    0.00    0.00    0.00     3      0.00      0.00   68236   21876   0.27      0.00      0.00      0.00       0  nginx
1791494508     33    537873    0.00    0.00    0.00    0.00    0.00     0      0.00      0.00   62368   16060   0.20      0.00      0.00      0.00       0  nginx
1791494508     33    537874    0.00    0.00    0.00    0.00    0.00     2      0.00      0.00   65068   18688   0.23      0.00      0.00      0.00       0  nginx
1791494508   1100    561153    1.00    0.00    0.00    0.00    1.00     3     39.00      0.00 1679876   12216   0.15      0.00      0.00      0.00       0  isupipe

# Time        UID       PID    %usr %system  %guest   %wait    %CPU   CPU  minflt/s  majflt/s     VSZ     RSS   %MEM   kB_rd/s   kB_wr/s kB_ccwr/s iodelay  Command
1791494509      0        13    0.00    0.00    0.00    0.00    0.00     0      0.00      0.00       0       0   0.00      0.00      0.00      0.00       0  ksoftirqd/0
1791494509      0        22    0.00    0.00    0.00    0.00    0.00     1      0.00      0.00       0       0   0.00      0.00      0.00      0.00       0  ksoftirqd/1
1791494509      0        28    0.00    0.00    0.00    0.00    0.00     2      0.00      0.00       0       0   0.00      0.00      0.00      0.00       0  ksoftirqd/2
1791494509      0        34    0.00    0.00    0.00    0.00    0.00     3      0.00      0.00       0       0   0.00      0.00      0.00      0.00       0  ksoftirqd/3
1791494509      0       342    0.00    0.98    0.00    0.00    0.98     3      0.00      0.00       0       0   0.00      0.00      3.92      0.00       0  jbd2/sda1-8
1791494509      0       415    0.00    0.00    0.00    0.00    0.00     2      0.00      0.00  190792  127252   1.57      0.00      0.00      0.00       0  systemd-journal
1791494509    104       739    0.00    0.00    0.00    0.00    0.00     0      0.00      0.00  222072    5200   0.06      0.00      0.00      0.00       0  rsyslogd
1791494509      0     17311    0.00    0.00    0.00    0.00    0.00     0      0.00      0.00   57076   12824   0.16      0.00      0.00      0.00       0  nginx
1791494509    112    244183   19.61    8.82    0.00    0.00   28.43     3    917.65      0.00 2851836  818000  10.08      0.00  19145.10      0.00       0  mysqld
1791494509     33    537871    0.00    0.00    0.00    0.00    0.00     0      0.00      0.00   63216   16840   0.21      0.00      0.00      0.00       0  nginx
1791494509     33    537872    0.98    0.00    0.00    0.00    0.98     3      0.00      0.00   68236   21876   0.27      0.00     82.35     82.35       0  nginx
1791494509     33    537873    0.00    0.00    0.00    0.00    0.00     0      0.00      0.00   62368   16060   0.20      0.00      0.00      0.00       0  nginx
1791494509     33    537874    0.00    0.00    0.00    0.00    0.00     2      0.00      0.00   65068   18688   0.23      0.00      0.00      0.00       0  nginx
1791494509   1100    561153    5.88    6.86    0.00    0.00   12.75     1   1577.45      0.00 1680452   14916   0.18      0.00     50.98     50.98       0  isupipe

# Time        UID       PID    %usr %system  %guest   %wait    %CPU   CPU  minflt/s  majflt/s     VSZ     RSS   %MEM   kB_rd/s   kB_wr/s kB_ccwr/s iodelay  Command
1791494510      0        13    0.00    0.00    0.00    0.00    0.00     0      0.00      0.00       0       0   0.00      0.00      0.00      0.00       0  ksoftirqd/0
1791494510      0        22    0.00    0.00    0.00    0.00    0.00     1      0.00      0.00       0       0   0.00      0.00      0.00      0.00       0  ksoftirqd/1
1791494510      0        28    0.00    0.00    0.00    0.00    0.00     2      0.00      0.00       0       0   0.00      0.00      0.00      0.00       0  ksoftirqd/2
1791494510      0        34    0.00    0.00    0.00    0.00    0.00     3      0.00      0.00       0       0   0.00      0.00      0.00      0.00       0  ksoftirqd/3
1791494510      0       342    0.00    0.00    0.00    0.00    0.00     3      0.00      0.00       0       0   0.00      0.00      0.00      0.00       0  jbd2/sda1-8
1791494510      0       415    0.00    0.00    0.00    0.00    0.00     2      0.00      0.00  190792  127252   1.57      0.00      0.00      0.00       0  systemd-journal
1791494510    104       739    0.00    0.00    0.00    0.00    0.00     0      0.00      0.00  222072    5200   0.06      0.00      0.00      0.00       0  rsyslogd
1791494510      0     17311    0.00    0.00    0.00    0.00    0.00     0      0.00      0.00   57076   12824   0.16      0.00      0.00      0.00       0  nginx
1791494510    112    244183    1.00    0.00    0.00    0.00    1.00     3      0.00      0.00 2851836  818000  10.08      0.00      0.00      0.00       0  mysqld
1791494510     33    537871    0.00    0.00    0.00    0.00    0.00     0      0.00      0.00   63216   16840   0.21      0.00      0.00      0.00       0  nginx
1791494510     33    537872    0.00    0.00    0.00    0.00    0.00     3      0.00      0.00   68236   21876   0.27      0.00     12.00      0.00       0  nginx
1791494510     33    537873    0.00    0.00    0.00    0.00    0.00     0      0.00      0.00   62368   16060   0.20      0.00      0.00      0.00       0  nginx
1791494510     33    537874    0.00    0.00    0.00    0.00    0.00     2      0.00      0.00   65068   18688   0.23      0.00      0.00      0.00       0  nginx
1791494510   1100    561153    0.00    0.00    0.00    0.00    0.00     1      0.00      0.00 1680452   14916   0.18      0.00      0.00      0.00       0  isupipe

# Time        UID       PID    %usr %system  %guest   %wait    %CPU   CPU  minflt/s  majflt/s     VSZ     RSS   %MEM   kB_rd/s   kB_wr/s kB_ccwr/s iodelay  Command
1791494511      0        13    0.00    0.00    0.00    0.00    0.00     0      0.00      0.00       0       0   0.00      0.00      0.00      0.00       0  ksoftirqd/0
1791494511      0        22    0.00    0.00    0.00    0.00    0.00     1      0.00      0.00       0       0   0.00      0.00      0.00      0.00       0  ksoftirqd/1
1791494511      0        28    0.00    0.00    0.00    0.00    0.00     2      0.00      0.00       0       0   0.00      0.00      0.00      0.00       0  ksoftirqd/2
1791494511      0        34    0.00    1.00    0.00    0.00    1.00     3      0.00      0.00       0       0   0.00      0.00      0.00      0.00       0  ksoftirqd/3
1791494511      0       342    0.00    0.00    0.00    0.00    0.00     3      0.00      0.00       0       0   0.00      0.00     12.00      0.00       0  jbd2/sda1-8
1791494511      0       415    0.00    0.00    0.00    0.00    0.00     2      0.00      0.00  190792  127252   1.57      0.00      0.00      0.00       0  systemd-journal
1791494511    104       739    0.00    0.00    0.00    0.00    0.00     0      0.00      0.00  222072    5200   0.06      0.00      0.00      0.00       0  rsyslogd
1791494511      0     17311    0.00    0.00    0.00    0.00    0.00     0      0.00      0.00   57076   12824   0.16      0.00      0.00      0.00       0  nginx
1791494511    112    244183    2.00    3.00    0.00    0.00    5.00     3      1.00      0.00 2851836  818224  10.08      0.00   6532.00      0.00       0  mysqld
1791494511     33    537871    0.00    0.00    0.00    0.00    0.00     0      0.00      0.00   63216   16840   0.21      0.00      0.00      0.00       0  nginx
1791494511     33    537872    1.00    1.00    0.00    0.00    2.00     1      0.00      0.00   68236   21876   0.27      0.00     64.00     64.00       0  nginx
1791494511     33    537873    0.00    0.00    0.00    0.00    0.00     0      0.00      0.00   62368   16060   0.20      0.00      0.00      0.00       0  nginx
1791494511     33    537874    0.00    0.00    0.00    0.00    0.00     2      0.00      0.00   65068   18688   0.23      0.00      0.00      0.00       0  nginx
1791494511   1100    561153    2.00    4.00    0.00    0.00    6.00     1     81.00      0.00 1680452   14504   0.18      0.00      0.00      0.00       0  isupipe

# Time        UID       PID    %usr %system  %guest   %wait    %CPU   CPU  minflt/s  majflt/s     VSZ     RSS   %MEM   kB_rd/s   kB_wr/s kB_ccwr/s iodelay  Command
1791494512      0        13    0.00    0.00    0.00    0.00    0.00     0      0.00      0.00       0       0   0.00      0.00      0.00      0.00       0  ksoftirqd/0
1791494512      0        22    0.00    0.00    0.00    0.00    0.00     1      0.00      0.00       0       0   0.00      0.00      0.00      0.00       0  ksoftirqd/1
1791494512      0        28    0.00    0.00    0.00    0.00    0.00     2      0.00      0.00       0       0   0.00      0.00      0.00      0.00       0  ksoftirqd/2
1791494512      0        34    0.00    0.00    0.00    0.00    0.00     3      0.00      0.00       0       0   0.00      0.00      0.00      0.00       0  ksoftirqd/3
1791494512      0       342    0.00    0.00    0.00    0.00    0.00     0      0.00      0.00       0       0   0.00      0.00      0.00      0.00       0  jbd2/sda1-8
1791494512      0       415    0.00    0.00    0.00    0.00    0.00     2      0.00      0.00  190792  127252   1.57      0.00      0.00      0.00       0  systemd-journal
1791494512    104       739    0.00    0.00    0.00    0.00    0.00     0      0.00      0.00  222072    5200   0.06      0.00      0.00      0.00       0  rsyslogd
1791494512      0     17311    0.00    0.00    0.00    0.00    0.00     0      0.00      0.00   57076   12824   0.16      0.00      0.00      0.00       0  nginx
1791494512    112    244183    0.91    0.00    0.00    0.00    0.91     3      0.00      0.00 2851836  818224  10.08      0.00   2240.00      0.00       0  mysqld
1791494512     33    537871    0.00    0.00    0.00    0.00    0.00     0      0.00      0.00   63216   16840   0.21      0.00      0.00      0.00       0  nginx
1791494512     33    537872    0.00    0.00    0.00    0.00    0.00     0      0.00      0.00   68236   21876   0.27      0.00     10.91      0.00       0  nginx
1791494512     33    537873    0.00    0.00    0.00    0.00    0.00     0      0.00      0.00   62368   16060   0.20      0.00      0.00      0.00       0  nginx
1791494512     33    537874    0.00    0.00    0.00    0.00    0.00     2      0.00      0.00   65068   18688   0.23      0.00      0.00      0.00       0  nginx
1791494512   1100    561153    0.00    0.00    0.00    0.00    0.00     1      0.00      0.00 1680452   14504   0.18      0.00      0.00      0.00       0  isupipe

# Time        UID       PID    %usr %system  %guest   %wait    %CPU   CPU  minflt/s  majflt/s     VSZ     RSS   %MEM   kB_rd/s   kB_wr/s kB_ccwr/s iodelay  Command
1791494513      0        13    0.00    0.00    0.00    0.00    0.00     0      0.00      0.00       0       0   0.00      0.00      0.00      0.00       0  ksoftirqd/0
1791494513      0        22    0.00    0.00    0.00    0.00    0.00     1      0.00      0.00       0       0   0.00      0.00      0.00      0.00       0  ksoftirqd/1
1791494513      0        28    0.00    0.00    0.00    0.00    0.00     2      0.00      0.00       0       0   0.00      0.00      0.00      0.00       0  ksoftirqd/2
1791494513      0        34    0.00    0.00    0.00    0.00    0.00     3      0.00      0.00       0       0   0.00      0.00      0.00      0.00       0  ksoftirqd/3
1791494513      0       342    0.00    0.00    0.00    0.00    0.00     1      0.00      0.00       0       0   0.00      0.00     32.00      0.00       0  jbd2/sda1-8
1791494513      0       415    0.00    0.00    0.00    0.00    0.00     2      0.00     35.00  190792  127264   1.57      0.00    140.00      0.00       0  systemd-journal
1791494513    104       739    0.00    0.00    0.00    0.00    0.00     0      0.00      0.00  222072    5200   0.06      0.00      0.00      0.00       0  rsyslogd
1791494513      0     17311    0.00    0.00    0.00    0.00    0.00     0      0.00      0.00   57076   12824   0.16      0.00      0.00      0.00       0  nginx
1791494513    112    244183    3.00    3.00    0.00    0.00    6.00     1      0.00      0.00 2851836  818224  10.08      0.00   2204.00      0.00       0  mysqld
1791494513     33    537871    0.00    0.00    0.00    0.00    0.00     0      0.00      0.00   63216   16840   0.21      0.00      0.00      0.00       0  nginx
1791494513     33    537872    2.00    1.00    0.00    0.00    3.00     2      0.00      0.00   68236   21876   0.27      0.00      0.00      0.00       0  nginx
1791494513     33    537873    0.00    0.00    0.00    0.00    0.00     0      0.00      0.00   62368   16060   0.20      0.00      0.00      0.00       0  nginx
1791494513     33    537874    0.00    0.00    0.00    0.00    0.00     2      0.00      0.00   65068   18688   0.23      0.00      0.00      0.00       0  nginx
1791494513   1100    561153    3.00    2.00    0.00    0.00    5.00     0     98.00      0.00 1680452   14912   0.18      0.00      0.00      0.00       0  isupipe

# Time        UID       PID    %usr %system  %guest   %wait    %CPU   CPU  minflt/s  majflt/s     VSZ     RSS   %MEM   kB_rd/s   kB_wr/s kB_ccwr/s iodelay  Command
1791494514      0        13    0.00    0.00    0.00    0.00    0.00     0      0.00      0.00       0       0   0.00      0.00      0.00      0.00       0  ksoftirqd/0
1791494514      0        22    0.00    0.00    0.00    0.00    0.00     1      0.00      0.00       0       0   0.00      0.00      0.00      0.00       0  ksoftirqd/1
1791494514      0        28    0.00    0.00    0.00    0.00    0.00     2      0.00      0.00       0       0   0.00      0.00      0.00      0.00       0  ksoftirqd/2
1791494514      0        34    0.00    0.00    0.00    1.00    0.00     3      0.00      0.00       0       0   0.00      0.00      0.00      0.00       0  ksoftirqd/3
1791494514      0       342    0.00    1.00    0.00    0.00    1.00     2      0.00      0.00       0       0   0.00      0.00    164.00      0.00       0  jbd2/sda1-8
1791494514      0       415    1.00    0.00    0.00    1.00    1.00     3      1.00    193.00  190792  127360   1.57      0.00    772.00      0.00       0  systemd-journal
1791494514    104       739    0.00    0.00    0.00    0.00    0.00     0      0.00      0.00  222072    5200   0.06      0.00      4.00      0.00       0  rsyslogd
1791494514      0     17311    0.00    0.00    0.00    0.00    0.00     0      0.00      0.00   57076   12824   0.16      0.00      0.00      0.00       0  nginx
1791494514    112    244183   64.00   21.00    0.00    0.00   85.00     2   1070.00      0.00 2856512  821452  10.12      0.00  18108.00      0.00       0  mysqld
1791494514     33    537871    4.00    6.00    0.00   17.00   10.00     2      0.00      0.00   63216   16840   0.21      0.00    256.00    256.00       0  nginx
1791494514     33    537872    7.00   13.00    0.00   30.00   20.00     3      0.00      0.00   67248   21216   0.26      0.00   2240.00   2080.00       0  nginx
1791494514     33    537873    1.00    4.00    0.00   13.00    5.00     3      0.00      0.00   62368   16060   0.20      0.00    204.00    204.00       0  nginx
1791494514     33    537874    6.00    5.00    0.00   20.00   11.00     1      0.00      0.00   65068   18688   0.23      0.00    884.00    884.00       0  nginx
1791494514   1100    561153   47.00   25.00    0.00   22.00   72.00     1   4745.00      0.00 1975876   21012   0.26      0.00      0.00      0.00       0  isupipe

# Time        UID       PID    %usr %system  %guest   %wait    %CPU   CPU  minflt/s  majflt/s     VSZ     RSS   %MEM   kB_rd/s   kB_wr/s kB_ccwr/s iodelay  Command
1791494515      0        13    0.00    0.00    0.00    0.00    0.00     0      0.00      0.00       0       0   0.00      0.00      0.00      0.00       0  ksoftirqd/0
1791494515      0        22    0.00    1.00    0.00    0.00    1.00     1      0.00      0.00       0       0   0.00      0.00      0.00      0.00       0  ksoftirqd/1
1791494515      0        28    0.00    0.00    0.00    0.00    0.00     2      0.00      0.00       0       0   0.00      0.00      0.00      0.00       0  ksoftirqd/2
1791494515      0        34    0.00    1.00    0.00    0.00    1.00     3      0.00      0.00       0       0   0.00      0.00      0.00      0.00       0  ksoftirqd/3
1791494515      0       342    0.00    1.00    0.00    1.00    1.00     0      0.00      0.00       0       0   0.00      0.00      0.00      0.00       0  jbd2/sda1-8
1791494515      0       415    0.00    0.00    0.00    0.00    0.00     3      0.00      0.00  190792  127360   1.57      0.00      0.00      0.00       0  systemd-journal
1791494515    104       739    0.00    0.00    0.00    0.00    0.00     0      0.00      0.00  222072    5200   0.06      0.00      0.00      0.00       0  rsyslogd
1791494515      0     17311    0.00    0.00    0.00    0.00    0.00     0      0.00      0.00   57076   12824   0.16      0.00      0.00      0.00       0  nginx
1791494515    112    244183   93.00   23.00    0.00    1.00  116.00     1    528.00      0.00 2863068  822500  10.13      0.00  14312.00      0.00       0  mysqld
1791494515     33    537871    6.00    9.00    0.00   18.00   15.00     3      0.00      0.00   63216   16840   0.21      0.00    392.00    292.00       0  nginx
1791494515     33    537872    9.00   15.00    0.00   38.00   24.00     3      0.00      0.00   67248   21216   0.26      0.00   1812.00   1572.00       0  nginx
1791494515     33    537873    6.00    5.00    0.00   12.00   11.00     3      0.00      0.00   62368   16060   0.20      0.00    616.00    540.00       0  nginx
1791494515     33    537874    7.00   11.00    0.00   29.00   18.00     3      0.00      0.00   65068   18688   0.23      0.00   1228.00   1004.00       0  nginx
1791494515   1100    561153   60.00   28.00    0.00   25.00   88.00     0   3395.00      0.00 1976132   22636   0.28      0.00      0.00      0.00       0  isupipe

# Time        UID       PID    %usr %system  %guest   %wait    %CPU   CPU  minflt/s  majflt/s     VSZ     RSS   %MEM   kB_rd/s   kB_wr/s kB_ccwr/s iodelay  Command
1791494516      0        13    0.00    0.00    0.00    0.00    0.00     0      0.00      0.00       0       0   0.00      0.00      0.00      0.00       0  ksoftirqd/0
1791494516      0        22    0.00    0.00    0.00    0.00    0.00     1      0.00      0.00       0       0   0.00      0.00      0.00      0.00       0  ksoftirqd/1
1791494516      0        28    0.00    0.00    0.00    0.00    0.00     2      0.00      0.00       0       0   0.00      0.00      0.00      0.00       0  ksoftirqd/2
1791494516      0        34    0.00    1.00    0.00    0.00    1.00     3      0.00      0.00       0       0   0.00      0.00      0.00      0.00       0  ksoftirqd/3
1791494516      0       342    0.00    0.00    0.00    0.00    0.00     1      0.00      0.00       0       0   0.00      0.00      8.00      0.00       0  jbd2/sda1-8
1791494516      0       415    0.00    0.00    0.00    0.00    0.00     3      0.00      0.00  190792  127360   1.57      0.00      0.00      0.00       0  systemd-journal
1791494516    104       739    0.00    0.00    0.00    0.00    0.00     0      0.00      0.00  222072    5200   0.06      0.00      0.00      0.00       0  rsyslogd
1791494516      0     17311    0.00    0.00    0.00    0.00    0.00     0      0.00      0.00   57076   12824   0.16      0.00      0.00      0.00       0  nginx
1791494516    112    244183   91.00   28.00    0.00    1.00  119.00     2    639.00      0.00 2863068  823968  10.15      0.00  13896.00      0.00       0  mysqld
1791494516     33    537871    8.00    9.00    0.00   14.00   17.00     3      6.00      0.00   63216   16840   0.21      0.00    832.00    684.00       0  nginx
1791494516     33    537872    9.00   17.00    0.00   36.00   26.00     3      0.00      0.00   67248   21216   0.26      0.00   1496.00   1240.00       0  nginx
1791494516     33    537873    5.00    4.00    0.00    9.00    9.00     3      0.00      0.00   62368   16060   0.20      0.00    160.00     96.00       0  nginx
1791494516     33    537874    6.00   13.00    0.00   26.00   19.00     2      0.00      0.00   65068   18688   0.23      0.00   1396.00   1336.00       0  nginx
1791494516   1100    561153   53.00   35.00    0.00   28.00   88.00     3   2360.00      0.00 1976132   24056   0.30      0.00      0.00      0.00       0  isupipe

# Time        UID       PID    %usr %system  %guest   %wait    %CPU   CPU  minflt/s  majflt/s     VSZ     RSS   %MEM   kB_rd/s   kB_wr/s kB_ccwr/s iodelay  Command
1791494517      0        13    0.00    0.00    0.00    0.00    0.00     0      0.00      0.00       0       0   0.00      0.00      0.00      0.00       0  ksoftirqd/0
1791494517      0        22    0.00    0.00    0.00    0.00    0.00     1      0.00      0.00       0       0   0.00      0.00      0.00      0.00       0  ksoftirqd/1
1791494517      0        28    0.00    1.00    0.00    0.00    1.00     2      0.00      0.00       0       0   0.00      0.00      0.00      0.00       0  ksoftirqd/2
1791494517      0        34    0.00    0.00    0.00    0.00    0.00     3      0.00      0.00       0       0   0.00      0.00      0.00      0.00       0  ksoftirqd/3
1791494517      0       342    0.00    1.00    0.00    0.00    1.00     0      0.00      0.00       0       0   0.00      0.00      4.00      0.00       0  jbd2/sda1-8
1791494517      0       415    0.00    0.00    0.00    0.00    0.00     3      0.00      5.00  190792  127360   1.57      0.00     20.00      0.00       0  systemd-journal
1791494517    104       739    0.00    0.00    0.00    0.00    0.00     0      0.00      0.00  222072    5200   0.06      0.00      4.00      0.00       0  rsyslogd
1791494517      0     17311    0.00    0.00    0.00    0.00    0.00     0      0.00      0.00   57076   12824   0.16      0.00      0.00      0.00       0  nginx
1791494517    112    244183   88.00   24.00    0.00    0.00  112.00     3     50.00      0.00 2863068  824232  10.15      0.00  12348.00      0.00       0  mysqld
1791494517     33    537871    6.00   10.00    0.00   23.00   16.00     3      0.00      0.00   63216   16840   0.21      0.00    512.00    396.00       0  nginx
1791494517     33    537872    8.00   14.00    0.00   40.00   22.00     3      0.00      0.00   67248   21216   0.26      0.00   1556.00   1304.00       0  nginx
1791494517     33    537873    5.00    8.00    0.00   10.00   13.00     3      0.00      0.00   62368   16060   0.20      0.00    520.00    440.00       0  nginx
1791494517     33    537874    7.00   11.00    0.00   30.00   18.00     3      0.00      0.00   65068   18688   0.23      0.00   1364.00   1236.00       0  nginx
1791494517   1100    561153   59.00   29.00    0.00   17.00   88.00     0   2067.00      0.00 1976132   24204   0.30      0.00      0.00      0.00       0  isupipe

# Time        UID       PID    %usr %system  %guest   %wait    %CPU   CPU  minflt/s  majflt/s     VSZ     RSS   %MEM   kB_rd/s   kB_wr/s kB_ccwr/s iodelay  Command
1791494518      0        13    0.00    0.00    0.00    0.00    0.00     0      0.00      0.00       0       0   0.00      0.00      0.00      0.00       0  ksoftirqd/0
1791494518      0        22    0.00    0.00    0.00    0.00    0.00     1      0.00      0.00       0       0   0.00      0.00      0.00      0.00       0  ksoftirqd/1
1791494518      0        28    0.00    0.00    0.00    0.00    0.00     2      0.00      0.00       0       0   0.00      0.00      0.00      0.00       0  ksoftirqd/2
1791494518      0        34    0.00    1.00    0.00    0.00    1.00     3      0.00      0.00       0       0   0.00      0.00      0.00      0.00       0  ksoftirqd/3
1791494518      0       342    0.00    1.00    0.00    0.00    1.00     2      0.00      0.00       0       0   0.00      0.00      8.00      0.00       0  jbd2/sda1-8
1791494518      0       415    0.00    0.00    0.00    0.00    0.00     3      0.00      0.00  190792  127360   1.57      0.00      0.00      0.00       0  systemd-journal
1791494518    104       739    0.00    0.00    0.00    0.00    0.00     0      0.00      0.00  222072    5200   0.06      0.00      0.00      0.00       0  rsyslogd
1791494518      0     17311    0.00    0.00    0.00    0.00    0.00     0      0.00      0.00   57076   12824   0.16      0.00      0.00      0.00       0  nginx
1791494518    112    244183   91.00   24.00    0.00    1.00  115.00     1    106.00      0.00 2863068  824712  10.16      0.00  20084.00      0.00       0  mysqld
1791494518     33    537871    7.00    8.00    0.00   19.00   15.00     1      0.00      0.00   63216   16840   0.21      0.00    716.00    568.00       0  nginx
1791494518     33    537872   11.00   13.00    0.00   38.00   24.00     3      0.00      0.00   67248   21216   0.26      0.00   1052.00    836.00       0  nginx
1791494518     33    537873    7.00    6.00    0.00   12.00   13.00     1      4.00      0.00   62368   16060   0.20      0.00   1048.00    844.00       0  nginx
1791494518     33    537874    9.00   11.00    0.00   28.00   20.00     0      0.00      0.00   65068   18688   0.23      0.00   1324.00   1172.00       0  nginx
1791494518   1100    561153   59.00   27.00    0.00   24.00   86.00     2   1154.00      0.00 1976132   24124   0.30      0.00      0.00      0.00       0  isupipe

# Time        UID       PID    %usr %system  %guest   %wait    %CPU   CPU  minflt/s  majflt/s     VSZ     RSS   %MEM   kB_rd/s   kB_wr/s kB_ccwr/s iodelay  Command
1791494519      0        13    0.00    1.00    0.00    0.00    1.00     0      0.00      0.00       0       0   0.00      0.00      0.00      0.00       0  ksoftirqd/0
1791494519      0        22    0.00    0.00    0.00    0.00    0.00     1      0.00      0.00       0       0   0.00      0.00      0.00      0.00       0  ksoftirqd/1
1791494519      0        28    0.00    0.00    0.00    0.00    0.00     2      0.00      0.00       0       0   0.00      0.00      0.00      0.00       0  ksoftirqd/2
1791494519      0        34    0.00    1.00    0.00    0.00    1.00     3      0.00      0.00       0       0   0.00      0.00      0.00      0.00       0  ksoftirqd/3
1791494519      0       342    0.00    0.00    0.00    0.00    0.00     0      0.00      0.00       0       0   0.00      0.00     92.00      0.00       0  jbd2/sda1-8
1791494519      0       415    0.00    0.00    0.00    0.00    0.00     3      0.00      0.00  190792  127360   1.57      0.00      0.00      0.00       0  systemd-journal
1791494519    104       739    0.00    0.00    0.00    0.00    0.00     0      0.00      0.00  222072    5200   0.06      0.00      0.00      0.00       0  rsyslogd
1791494519      0     17311    0.00    0.00    0.00    0.00    0.00     0      0.00      0.00   57076   12824   0.16      0.00      0.00      0.00       0  nginx
1791494519    112    244183  107.00   22.00    0.00    1.00  129.00     1     60.00      0.00 2863068  824904  10.16      0.00  12392.00      0.00       0  mysqld
1791494519     33    537871    5.00   11.00    0.00   14.00   16.00     3      0.00      0.00   63216   16840   0.21      0.00    620.00    484.00       0  nginx
1791494519     33    537872    8.00   15.00    0.00   40.00   23.00     3      0.00      0.00   67248   21216   0.26      0.00   1912.00   1700.00       0  nginx
1791494519     33    537873    3.00    8.00    0.00    9.00   11.00     3      0.00      0.00   62368   16060   0.20      0.00    356.00    252.00       0  nginx
1791494519     33    537874    7.00   11.00    0.00   32.00   18.00     3      0.00      0.00   65068   18688   0.23      0.00    500.00    340.00       0  nginx
1791494519   1100    561153   51.00   32.00    0.00   28.00   83.00     2   2481.00      0.00 1976388   24320   0.30      0.00      0.00      0.00       0  isupipe

# Time        UID       PID    %usr %system  %guest   %wait    %CPU   CPU  minflt/s  majflt/s     VSZ     RSS   %MEM   kB_rd/s   kB_wr/s kB_ccwr/s iodelay  Command
1791494520      0        13    0.00    0.00    0.00    0.00    0.00     0      0.00      0.00       0       0   0.00      0.00      0.00      0.00       0  ksoftirqd/0
1791494520      0        22    0.00    0.00    0.00    0.00    0.00     1      0.00      0.00       0       0   0.00      0.00      0.00      0.00       0  ksoftirqd/1
1791494520      0        28    0.00    0.00    0.00    0.00    0.00     2      0.00      0.00       0       0   0.00      0.00      0.00      0.00       0  ksoftirqd/2
1791494520      0        34    0.00    1.00    0.00    0.00    1.00     3      0.00      0.00       0       0   0.00      0.00      0.00      0.00       0  ksoftirqd/3
1791494520      0       342    0.00    1.00    0.00    0.00    1.00     0      0.00      0.00       0       0   0.00      0.00      8.00      0.00       0  jbd2/sda1-8
1791494520      0       415    0.00    0.00    0.00    0.00    0.00     3      0.00      0.00  190792  127360   1.57      0.00      0.00      0.00       0  systemd-journal
1791494520    104       739    0.00    0.00    0.00    0.00    0.00     0      0.00      0.00  222072    5200   0.06      0.00      0.00      0.00       0  rsyslogd
1791494520      0     17311    0.00    0.00    0.00    0.00    0.00     0      0.00      0.00   57076   12824   0.16      0.00      0.00      0.00       0  nginx
1791494520    112    244183   84.00   31.00    0.00    0.00  115.00     0    105.00      0.00 2863212  825128  10.16      0.00  17688.00      0.00       0  mysqld
1791494520     33    537871    6.00   10.00    0.00   15.00   16.00     3      0.00      0.00   63216   16840   0.21      0.00    660.00    528.00       0  nginx
1791494520     33    537872    9.00   15.00    0.00   43.00   24.00     3      0.00      0.00   67248   21216   0.26      0.00   1528.00   1272.00       0  nginx
1791494520     33    537873    4.00    8.00    0.00   12.00   12.00     3      0.00      0.00   62368   16060   0.20      0.00    320.00    252.00       0  nginx
1791494520     33    537874    8.00   11.00    0.00   30.00   19.00     3      2.00      0.00   65068   18688   0.23      0.00   1468.00   1276.00       0  nginx
1791494520   1100    561153   53.00   34.00    0.00   32.00   87.00     1   2103.00      0.00 1976388   25100   0.31      0.00      0.00      0.00       0  isupipe

# Time        UID       PID    %usr %system  %guest   %wait    %CPU   CPU  minflt/s  majflt/s     VSZ     RSS   %MEM   kB_rd/s   kB_wr/s kB_ccwr/s iodelay  Command
1791494521      0        13    0.00    0.00    0.00    0.00    0.00     0      0.00      0.00       0       0   0.00      0.00      0.00      0.00       0  ksoftirqd/0
1791494521      0        22    0.00    0.00    0.00    0.00    0.00     1      0.00      0.00       0       0   0.00      0.00      0.00      0.00       0  ksoftirqd/1
1791494521      0        28    0.00    0.00    0.00    0.00    0.00     2      0.00      0.00       0       0   0.00      0.00      0.00      0.00       0  ksoftirqd/2
1791494521      0        34    0.00    1.00    0.00    0.00    1.00     3      0.00      0.00       0       0   0.00      0.00      0.00      0.00       0  ksoftirqd/3
1791494521      0       342    0.00    1.00    0.00    1.00    1.00     3      0.00      0.00       0       0   0.00      0.00     16.00      0.00       0  jbd2/sda1-8
1791494521      0       415    0.00    0.00    0.00    0.00    0.00     3      0.00      3.00  190792  127360   1.57      0.00     12.00      0.00       0  systemd-journal
1791494521    104       739    0.00    0.00    0.00    0.00    0.00     0      0.00      0.00  222072    5200   0.06      0.00      0.00      0.00       0  rsyslogd
1791494521      0     17311    0.00    0.00    0.00    0.00    0.00     0      0.00      0.00   57076   12824   0.16      0.00      0.00      0.00       0  nginx
1791494521    112    244183   81.00   32.00    0.00    1.00  113.00     0      9.00      0.00 2863212  825128  10.16      0.00  18092.00      0.00       0  mysqld
1791494521     33    537871    6.00   10.00    0.00   21.00   16.00     3      0.00      0.00   63216   16840   0.21      0.00    656.00    548.00       0  nginx
1791494521     33    537872   13.00   11.00    0.00   36.00   24.00     3      0.00      0.00   67248   21216   0.26      0.00   1316.00   1104.00       0  nginx
1791494521     33    537873    5.00    6.00    0.00    9.00   11.00     3      0.00      0.00   62368   16060   0.20      0.00    784.00    720.00       0  nginx
1791494521     33    537874    6.00   14.00    0.00   33.00   20.00     3      0.00      0.00   65068   18688   0.23      0.00   1052.00    896.00       0  nginx
1791494521   1100    561153   54.00   34.00    0.00   23.00   88.00     1   1696.00      0.00 1976388   26476   0.33      0.00      0.00      0.00       0  isupipe

# Time        UID       PID    %usr %system  %guest   %wait    %CPU   CPU  minflt/s  majflt/s     VSZ     RSS   %MEM   kB_rd/s   kB_wr/s kB_ccwr/s iodelay  Command
1791494522      0        13    0.00    0.00    0.00    0.00    0.00     0      0.00      0.00       0       0   0.00      0.00      0.00      0.00       0  ksoftirqd/0
1791494522      0        22    0.00    1.00    0.00    0.00    1.00     1      0.00      0.00       0       0   0.00      0.00      0.00      0.00       0  ksoftirqd/1
1791494522      0        28    0.00    0.00    0.00    0.00    0.00     2      0.00      0.00       0       0   0.00      0.00      0.00      0.00       0  ksoftirqd/2
1791494522      0        34    0.00    2.00    0.00    0.00    2.00     3      0.00      0.00       0       0   0.00      0.00      0.00      0.00       0  ksoftirqd/3
1791494522      0       342    0.00    1.00    0.00    0.00    1.00     0      0.00      0.00       0       0   0.00      0.00     28.00      0.00       0  jbd2/sda1-8
1791494522      0       415    0.00    0.00    0.00    0.00    0.00     3      0.00      0.00  190792  127360   1.57      0.00      0.00      0.00       0  systemd-journal
1791494522    104       739    0.00    0.00    0.00    0.00    0.00     0      0.00      0.00  222072    5200   0.06      0.00      0.00      0.00       0  rsyslogd
1791494522      0     17311    0.00    0.00    0.00    0.00    0.00     0      0.00      0.00   57076   12824   0.16      0.00      0.00      0.00       0  nginx
1791494522    112    244183   88.00   27.00    0.00    1.00  115.00     3      2.00      0.00 2863212  825128  10.16      0.00  13920.00      0.00       0  mysqld
1791494522     33    537871    6.00    9.00    0.00   10.00   15.00     3      0.00      0.00   63216   16840   0.21      0.00    968.00    836.00       0  nginx
1791494522     33    537872    8.00   17.00    0.00   41.00   25.00     3      0.00      0.00   67248   21216   0.26      0.00   1292.00   1068.00       0  nginx
1791494522     33    537873    3.00    5.00    0.00    6.00    8.00     3      0.00      0.00   62368   16060   0.20      0.00    252.00    180.00       0  nginx
1791494522     33    537874    9.00   11.00    0.00   24.00   20.00     3      0.00      0.00   65068   18688   0.23      0.00   1152.00    984.00       0  nginx
1791494522   1100    561153   54.00   29.00    0.00   26.00   83.00     1   1947.00      0.00 1976388   26448   0.33      0.00      0.00      0.00       0  isupipe

# Time        UID       PID    %usr %system  %guest   %wait    %CPU   CPU  minflt/s  majflt/s     VSZ     RSS   %MEM   kB_rd/s   kB_wr/s kB_ccwr/s iodelay  Command
1791494523      0        13    0.00    0.00    0.00    0.00    0.00     0      0.00      0.00       0       0   0.00      0.00      0.00      0.00       0  ksoftirqd/0
1791494523      0        22    0.00    0.00    0.00    0.00    0.00     1      0.00      0.00       0       0   0.00      0.00      0.00      0.00       0  ksoftirqd/1
1791494523      0        28    0.00    0.00    0.00    0.00    0.00     2      0.00      0.00       0       0   0.00      0.00      0.00      0.00       0  ksoftirqd/2
1791494523      0        34    0.00    0.00    0.00    0.00    0.00     3      0.00      0.00       0       0   0.00      0.00      0.00      0.00       0  ksoftirqd/3
1791494523      0       342    0.00    1.00    0.00    0.00    1.00     2      0.00      0.00       0       0   0.00      0.00     12.00      0.00       0  jbd2/sda1-8
1791494523      0       415    0.00    0.00    0.00    0.00    0.00     3      0.00     27.00  190792  127368   1.57      0.00    108.00      0.00       0  systemd-journal
1791494523    104       739    0.00    0.00    0.00    0.00    0.00     0      0.00      0.00  222072    5200   0.06      0.00      0.00      0.00       0  rsyslogd
1791494523      0     17311    0.00    0.00    0.00    0.00    0.00     0      0.00      0.00   57076   12824   0.16      0.00      0.00      0.00       0  nginx
1791494523    112    244183   85.00   28.00    0.00    1.00  113.00     2     43.00      0.00 2863212  825320  10.17      0.00  17572.00      0.00       0  mysqld
1791494523     33    537871    5.00   10.00    0.00   14.00   15.00     3      0.00      0.00   63216   16840   0.21      0.00    644.00    548.00       0  nginx
1791494523     33    537872   11.00   13.00    0.00   35.00   24.00     0      0.00      0.00   67248   21216   0.26      0.00   1332.00   1076.00       0  nginx
1791494523     33    537873    6.00    5.00    0.00   12.00   11.00     3      0.00      0.00   62368   16060   0.20      0.00    328.00    252.00       0  nginx
1791494523     33    537874    5.00   12.00    0.00   24.00   17.00     3      0.00      0.00   65068   18688   0.23      0.00    836.00    672.00       0  nginx
1791494523   1100    561153   56.00   27.00    0.00   32.00   83.00     0   2022.00      0.00 1976644   26116   0.32      0.00      0.00      0.00       0  isupipe

# Time        UID       PID    %usr %system  %guest   %wait    %CPU   CPU  minflt/s  majflt/s     VSZ     RSS   %MEM   kB_rd/s   kB_wr/s kB_ccwr/s iodelay  Command
1791494524      0        13    0.00    0.00    0.00    0.00    0.00     0      0.00      0.00       0       0   0.00      0.00      0.00      0.00       0  ksoftirqd/0
1791494524      0        22    0.00    0.00    0.00    0.00    0.00     1      0.00      0.00       0       0   0.00      0.00      0.00      0.00       0  ksoftirqd/1
1791494524      0        28    0.00    0.00    0.00    0.00    0.00     2      0.00      0.00       0       0   0.00      0.00      0.00      0.00       0  ksoftirqd/2
1791494524      0        34    0.00    1.00    0.00    0.00    1.00     3      0.00      0.00       0       0   0.00      0.00      0.00      0.00       0  ksoftirqd/3
1791494524      0       342    0.00    1.00    0.00    0.00    1.00     1      0.00      0.00       0       0   0.00      0.00    100.00      0.00       0  jbd2/sda1-8
1791494524      0       415    0.00    0.00    0.00    0.00    0.00     3      0.00      0.00  190792  127368   1.57      0.00      0.00      0.00       0  systemd-journal
1791494524    104       739    0.00    0.00    0.00    0.00    0.00     0      0.00      0.00  222072    5200   0.06      0.00      0.00      0.00       0  rsyslogd
1791494524      0     17311    0.00    0.00    0.00    0.00    0.00     0      0.00      0.00   57076   12824   0.16      0.00      0.00      0.00       0  nginx
1791494524    112    244183   93.00   21.00    0.00    1.00  114.00     3     35.00      0.00 2863212  825532  10.17      0.00  15616.00      0.00       0  mysqld
1791494524     33    537871    5.00   13.00    0.00   16.00   18.00     3      0.00      0.00   63216   16840   0.21      0.00    960.00    852.00       0  nginx
1791494524     33    537872   10.00   12.00    0.00   42.00   22.00     3      0.00      0.00   67248   21216   0.26      0.00   1188.00    980.00       0  nginx
1791494524     33    537873    4.00   10.00    0.00   13.00   14.00     3      0.00      0.00   62368   16060   0.20      0.00    520.00    444.00       0  nginx
1791494524     33    537874    9.00    8.00    0.00   28.00   17.00     3      0.00      0.00   65068   18688   0.23      0.00    992.00    860.00       0  nginx
1791494524   1100    561153   52.00   31.00    0.00   16.00   83.00     2   1710.00      0.00 1976900   26504   0.33      0.00      0.00      0.00       0  isupipe

# Time        UID       PID    %usr %system  %guest   %wait    %CPU   CPU  minflt/s  majflt/s     VSZ     RSS   %MEM   kB_rd/s   kB_wr/s kB_ccwr/s iodelay  Command
1791494525      0        13    0.00    0.00    0.00    0.00    0.00     0      0.00      0.00       0       0   0.00      0.00      0.00      0.00       0  ksoftirqd/0
1791494525      0        22    0.00    0.00    0.00    0.00    0.00     1      0.00      0.00       0       0   0.00      0.00      0.00      0.00       0  ksoftirqd/1
1791494525      0        28    0.00    1.00    0.00    0.00    1.00     2      0.00      0.00       0       0   0.00      0.00      0.00      0.00       0  ksoftirqd/2
1791494525      0        34    0.00    2.00    0.00    1.00    2.00     3      0.00      0.00       0       0   0.00      0.00      0.00      0.00       0  ksoftirqd/3
1791494525      0       342    0.00    1.00    0.00    1.00    1.00     0      0.00      0.00       0       0   0.00      0.00     12.00      0.00       0  jbd2/sda1-8
1791494525      0       415    0.00    0.00    0.00    0.00    0.00     3      0.00      2.00  190792  127368   1.57      0.00      8.00      0.00       0  systemd-journal
1791494525    104       739    0.00    0.00    0.00    0.00    0.00     0      0.00      0.00  222072    5200   0.06      0.00      0.00      0.00       0  rsyslogd
1791494525      0     17311    0.00    0.00    0.00    0.00    0.00     0      0.00      0.00   57076   12824   0.16      0.00      0.00      0.00       0  nginx
1791494525    112    244183   89.00   25.00    0.00    1.00  114.00     2     87.00      0.00 2863212  825532  10.17      0.00  26896.00      0.00       0  mysqld
1791494525     33    537871    5.00   10.00    0.00   24.00   15.00     3      0.00      0.00   63216   16840   0.21      0.00    320.00    112.00       0  nginx
1791494525     33    537872    9.00   11.00    0.00   34.00   20.00     3      0.00      0.00   67248   21216   0.26      0.00   1372.00   1184.00       0  nginx
1791494525     33    537873    4.00   12.00    0.00   17.00   16.00     3      0.00      0.00   62368   16060   0.20      0.00    644.00    524.00       0  nginx
1791494525     33    537874    5.00   11.00    0.00   30.00   16.00     3      0.00      0.00   65068   18688   0.23      0.00    928.00    784.00       0  nginx
1791494525   1100    561153   56.00   28.00    0.00   22.00   84.00     3   2368.00      0.00 1976900   27060   0.33      0.00      0.00      0.00       0  isupipe

# Time        UID       PID    %usr %system  %guest   %wait    %CPU   CPU  minflt/s  majflt/s     VSZ     RSS   %MEM   kB_rd/s   kB_wr/s kB_ccwr/s iodelay  Command
1791494526      0        13    0.00    0.00    0.00    0.00    0.00     0      0.00      0.00       0       0   0.00      0.00      0.00      0.00       0  ksoftirqd/0
1791494526      0        22    0.00    0.00    0.00    0.00    0.00     1      0.00      0.00       0       0   0.00      0.00      0.00      0.00       0  ksoftirqd/1
1791494526      0        28    0.00    0.00    0.00    0.00    0.00     2      0.00      0.00       0       0   0.00      0.00      0.00      0.00       0  ksoftirqd/2
1791494526      0        34    0.00    0.00    0.00    0.00    0.00     3      0.00      0.00       0       0   0.00      0.00      0.00      0.00       0  ksoftirqd/3
1791494526      0       342    0.00    1.00    0.00    0.00    1.00     1      0.00      0.00       0       0   0.00      0.00      4.00      0.00       0  jbd2/sda1-8
1791494526      0       415    0.00    0.00    0.00    0.00    0.00     3      0.00      0.00  190792  127368   1.57      0.00      0.00      0.00       0  systemd-journal
1791494526    104       739    0.00    0.00    0.00    0.00    0.00     0      0.00      0.00  222072    5200   0.06      0.00      0.00      0.00       0  rsyslogd
1791494526      0     17311    0.00    0.00    0.00    0.00    0.00     0      0.00      0.00   57076   12824   0.16      0.00      0.00      0.00       0  nginx
1791494526    112    244183   86.00   32.00    0.00    1.00  118.00     2     18.00      0.00 2863212  825712  10.17      0.00  15576.00      0.00       0  mysqld
1791494526     33    537871    6.00    8.00    0.00   21.00   14.00     3      0.00      0.00   63216   16840   0.21      0.00    452.00    392.00       0  nginx
1791494526     33    537872    8.00   13.00    0.00   35.00   21.00     1      0.00      0.00   67248   21216   0.26      0.00   1740.00   1440.00       0  nginx
1791494526     33    537873    7.00    6.00    0.00   12.00   13.00     3      0.00      0.00   62368   16060   0.20      0.00    660.00    536.00       0  nginx
1791494526     33    537874    8.00   10.00    0.00   28.00   18.00     3      0.00      0.00   65068   18688   0.23      0.00    828.00    688.00       0  nginx
1791494526   1100    561153   56.00   24.00    0.00   16.00   80.00     0   1205.00      0.00 1976900   26324   0.32      0.00      0.00      0.00       0  isupipe

# Time        UID       PID    %usr %system  %guest   %wait    %CPU   CPU  minflt/s  majflt/s     VSZ     RSS   %MEM   kB_rd/s   kB_wr/s kB_ccwr/s iodelay  Command
1791494527      0        13    0.00    0.00    0.00    0.00    0.00     0      0.00      0.00       0       0   0.00      0.00      0.00      0.00       0  ksoftirqd/0
1791494527      0        22    0.00    0.00    0.00    0.00    0.00     1      0.00      0.00       0       0   0.00      0.00      0.00      0.00       0  ksoftirqd/1
1791494527      0        28    0.00    0.00    0.00    0.00    0.00     2      0.00      0.00       0       0   0.00      0.00      0.00      0.00       0  ksoftirqd/2
1791494527      0        34    0.00    1.00    0.00    0.00    1.00     3      0.00      0.00       0       0   0.00      0.00      0.00      0.00       0  ksoftirqd/3
1791494527      0       342    0.00    1.00    0.00    0.00    1.00     1      0.00      0.00       0       0   0.00      0.00     20.00      0.00       0  jbd2/sda1-8
1791494527      0       415    0.00    0.00    0.00    0.00    0.00     3      0.00      2.00  190792  127368   1.57      0.00      8.00      0.00       0  systemd-journal
1791494527    104       739    0.00    0.00    0.00    0.00    0.00     0      0.00      0.00  222072    5200   0.06      0.00      0.00      0.00       0  rsyslogd
1791494527      0     17311    0.00    0.00    0.00    0.00    0.00     0      0.00      0.00   57076   12824   0.16      0.00      0.00      0.00       0  nginx
1791494527    112    244183   82.00   26.00    0.00    1.00  108.00     2      0.00      0.00 2863212  825712  10.17      0.00  18504.00      0.00       0  mysqld
1791494527     33    537871    8.00    8.00    0.00   21.00   16.00     3      0.00      0.00   63216   16840   0.21      0.00    692.00    588.00       0  nginx
1791494527     33    537872   10.00   12.00    0.00   36.00   22.00     3      0.00      0.00   67248   21216   0.26      0.00   1332.00   1268.00       0  nginx
1791494527     33    537873    4.00   10.00    0.00   18.00   14.00     3      0.00      0.00   62368   16060   0.20      0.00   1032.00    824.00       0  nginx
1791494527     33    537874    6.00   10.00    0.00   27.00   16.00     3      0.00      0.00   65068   18688   0.23      0.00    696.00    556.00       0  nginx
1791494527   1100    561153   49.00   34.00    0.00   29.00   83.00     2   1380.00      0.00 2050692   26512   0.33      0.00      0.00      0.00       0  isupipe

# Time        UID       PID    %usr %system  %guest   %wait    %CPU   CPU  minflt/s  majflt/s     VSZ     RSS   %MEM   kB_rd/s   kB_wr/s kB_ccwr/s iodelay  Command
1791494528      0        13    0.00    1.00    0.00    0.00    1.00     0      0.00      0.00       0       0   0.00      0.00      0.00      0.00       0  ksoftirqd/0
1791494528      0        22    0.00    0.00    0.00    0.00    0.00     1      0.00      0.00       0       0   0.00      0.00      0.00      0.00       0  ksoftirqd/1
1791494528      0        28    0.00    0.00    0.00    0.00    0.00     2      0.00      0.00       0       0   0.00      0.00      0.00      0.00       0  ksoftirqd/2
1791494528      0        34    0.00    1.00    0.00    0.00    1.00     3      0.00      0.00       0       0   0.00      0.00      0.00      0.00       0  ksoftirqd/3
1791494528      0       342    0.00    0.00    0.00    0.00    0.00     2      0.00      0.00       0       0   0.00      0.00      4.00      0.00       0  jbd2/sda1-8
1791494528      0       415    0.00    0.00    0.00    0.00    0.00     3      0.00      2.00  190792  127368   1.57      0.00      8.00      0.00       0  systemd-journal
1791494528    104       739    0.00    0.00    0.00    0.00    0.00     0      0.00      0.00  222072    5200   0.06      0.00      0.00      0.00       0  rsyslogd
1791494528      0     17311    0.00    0.00    0.00    0.00    0.00     0      0.00      0.00   57076   12824   0.16      0.00      0.00      0.00       0  nginx
1791494528    112    244183   83.00   27.00    0.00    1.00  110.00     0    269.00      0.00 2863212  826276  10.18      0.00  25408.00      0.00       0  mysqld
1791494528     33    537871    5.00    9.00    0.00   13.00   14.00     3      0.00      0.00   63216   16840   0.21      0.00    724.00    596.00       0  nginx
1791494528     33    537872    5.00   17.00    0.00   36.00   22.00     3      0.00      0.00   67248   21216   0.26      0.00   1660.00   1456.00       0  nginx
1791494528     33    537873    5.00    7.00    0.00   14.00   12.00     3      0.00      0.00   62368   16060   0.20      0.00    372.00    392.00       0  nginx
1791494528     33    537874    9.00   10.00    0.00   26.00   19.00     3      0.00      0.00   65068   18688   0.23      0.00    772.00    580.00       0  nginx
1791494528   1100    561153   52.00   32.00    0.00   31.00   84.00     2   2464.00      0.00 2050692   26260   0.32      0.00      0.00      0.00       0  isupipe

# Time        UID       PID    %usr %system  %guest   %wait    %CPU   CPU  minflt/s  majflt/s     VSZ     RSS   %MEM   kB_rd/s   kB_wr/s kB_ccwr/s iodelay  Command
1791494529      0        13    0.00    0.00    0.00    0.00    0.00     0      0.00      0.00       0       0   0.00      0.00      0.00      0.00       0  ksoftirqd/0
1791494529      0        22    0.00    0.00    0.00    0.00    0.00     1      0.00      0.00       0       0   0.00      0.00      0.00      0.00       0  ksoftirqd/1
1791494529      0        28    0.00    0.00    0.00    0.00    0.00     2      0.00      0.00       0       0   0.00      0.00      0.00      0.00       0  ksoftirqd/2
1791494529      0        34    0.00    1.00    0.00    0.00    1.00     3      0.00      0.00       0       0   0.00      0.00      0.00      0.00       0  ksoftirqd/3
1791494529      0       342    0.00    1.00    0.00    0.00    1.00     2      0.00      0.00       0       0   0.00      0.00     96.00      0.00       0  jbd2/sda1-8
1791494529      0       415    0.00    0.00    0.00    0.00    0.00     3      0.00      0.00  190792  127368   1.57      0.00      0.00      0.00       0  systemd-journal
1791494529    104       739    0.00    0.00    0.00    0.00    0.00     0      0.00      0.00  222072    5200   0.06      0.00      0.00      0.00       0  rsyslogd
1791494529      0     17311    0.00    0.00    0.00    0.00    0.00     0      0.00      0.00   57076   12824   0.16      0.00      0.00      0.00       0  nginx
1791494529    112    244183   80.00   32.00    0.00    0.00  112.00     1      6.00      0.00 2863212  826640  10.18      0.00  13972.00      0.00       0  mysqld
1791494529     33    537871    8.00    9.00    0.00   19.00   17.00     3      0.00      0.00   63216   16840   0.21      0.00    552.00    440.00       0  nginx
1791494529     33    537872   10.00   13.00    0.00   40.00   23.00     1      0.00      0.00   67248   21216   0.26      0.00   1412.00   1204.00       0  nginx
1791494529     33    537873    4.00    8.00    0.00   12.00   12.00     3      0.00      0.00   62368   16060   0.20      0.00    628.00    524.00       0  nginx
1791494529     33    537874    6.00   11.00    0.00   30.00   17.00     3      0.00      0.00   65068   18688   0.23      0.00    756.00    588.00       0  nginx
1791494529   1100    561153   51.00   36.00    0.00   32.00   87.00     0   1212.00      0.00 2050692   25884   0.32      0.00      0.00      0.00       0  isupipe

# Time        UID       PID    %usr %system  %guest   %wait    %CPU   CPU  minflt/s  majflt/s     VSZ     RSS   %MEM   kB_rd/s   kB_wr/s kB_ccwr/s iodelay  Command
1791494530      0        13    0.00    0.00    0.00    0.00    0.00     0      0.00      0.00       0       0   0.00      0.00      0.00      0.00       0  ksoftirqd/0
1791494530      0        22    0.00    1.00    0.00    0.00    1.00     1      0.00      0.00       0       0   0.00      0.00      0.00      0.00       0  ksoftirqd/1
1791494530      0        28    0.00    0.00    0.00    0.00    0.00     2      0.00      0.00       0       0   0.00      0.00      0.00      0.00       0  ksoftirqd/2
1791494530      0        34    0.00    1.00    0.00    0.00    1.00     3      0.00      0.00       0       0   0.00      0.00      0.00      0.00       0  ksoftirqd/3
1791494530      0       342    0.00    1.00    0.00    1.00    1.00     2      0.00      0.00       0       0   0.00      0.00     12.00      0.00       0  jbd2/sda1-8
1791494530      0       415    0.00    0.00    0.00    0.00    0.00     3      0.00      0.00  190792  127368   1.57      0.00      0.00      0.00       0  systemd-journal
1791494530    104       739    0.00    0.00    0.00    0.00    0.00     0      0.00      0.00  222072    5200   0.06      0.00      0.00      0.00       0  rsyslogd
1791494530      0     17311    0.00    0.00    0.00    0.00    0.00     0      0.00      0.00   57076   12824   0.16      0.00      0.00      0.00       0  nginx
1791494530    112    244183   92.00   20.00    0.00    1.00  112.00     2     10.00      0.00 2863212  826640  10.18      0.00  19284.00      0.00       0  mysqld
1791494530     33    537871    4.00   11.00    0.00   15.00   15.00     3      0.00      0.00   63216   16840   0.21      0.00   1052.00    920.00       0  nginx
1791494530     33    537872   12.00   13.00    0.00   41.00   25.00     3      0.00      0.00   67248   21216   0.26      0.00   1456.00   1244.00       0  nginx
1791494530     33    537873    4.00    8.00    0.00    9.00   12.00     0      0.00      0.00   62368   16060   0.20      0.00    544.00    452.00       0  nginx
1791494530     33    537874    6.00   13.00    0.00   27.00   19.00     3      0.00      0.00   65068   18688   0.23      0.00    828.00    684.00       0  nginx
1791494530   1100    561153   52.00   31.00    0.00   23.00   83.00     1   2175.00      0.00 2050692   26856   0.33      0.00      0.00      0.00       0  isupipe

# Time        UID       PID    %usr %system  %guest   %wait    %CPU   CPU  minflt/s  majflt/s     VSZ     RSS   %MEM   kB_rd/s   kB_wr/s kB_ccwr/s iodelay  Command
1791494531      0        13    0.00    0.00    0.00    1.00    0.00     0      0.00      0.00       0       0   0.00      0.00      0.00      0.00       0  ksoftirqd/0
1791494531      0        22    0.00    0.00    0.00    0.00    0.00     1      0.00      0.00       0       0   0.00      0.00      0.00      0.00       0  ksoftirqd/1
1791494531      0        28    0.00    0.00    0.00    0.00    0.00     2      0.00      0.00       0       0   0.00      0.00      0.00      0.00       0  ksoftirqd/2
1791494531      0        34    0.00    1.00    0.00    0.00    1.00     3      0.00      0.00       0       0   0.00      0.00      0.00      0.00       0  ksoftirqd/3
1791494531      0       342    0.00    1.00    0.00    0.00    1.00     2      0.00      0.00       0       0   0.00      0.00      4.00      0.00       0  jbd2/sda1-8
1791494531      0       415    0.00    0.00    0.00    0.00    0.00     3      0.00      0.00  190792  127368   1.57      0.00      0.00      0.00       0  systemd-journal
1791494531    104       739    0.00    0.00    0.00    0.00    0.00     0      0.00      0.00  222072    5200   0.06      0.00      0.00      0.00       0  rsyslogd
1791494531      0     17311    0.00    0.00    0.00    0.00    0.00     0      0.00      0.00   57076   12824   0.16      0.00      0.00      0.00       0  nginx
1791494531    112    244183   84.00   33.00    0.00    0.00  117.00     2     37.00      0.00 2863212  826640  10.18      0.00  15272.00      0.00       0  mysqld
1791494531     33    537871    6.00   11.00    0.00   28.00   17.00     3      0.00      0.00   63216   16840   0.21      0.00    968.00    872.00       0  nginx
1791494531     33    537872   12.00   13.00    0.00   37.00   25.00     3      0.00      0.00   67248   21216   0.26      0.00   1320.00   1080.00       0  nginx
1791494531     33    537873    5.00   10.00    0.00    9.00   15.00     3      0.00      0.00   62368   16060   0.20      0.00    728.00    636.00       0  nginx
1791494531     33    537874    8.00    8.00    0.00   31.00   16.00     3      0.00      0.00   65068   18688   0.23      0.00    848.00    684.00       0  nginx
1791494531   1100    561153   55.00   30.00    0.00   37.00   85.00     1   2419.00      0.00 2050692   25608   0.32      0.00      0.00      0.00       0  isupipe

# Time        UID       PID    %usr %system  %guest   %wait    %CPU   CPU  minflt/s  majflt/s     VSZ     RSS   %MEM   kB_rd/s   kB_wr/s kB_ccwr/s iodelay  Command
1791494532      0        13    0.00    0.00    0.00    0.00    0.00     0      0.00      0.00       0       0   0.00      0.00      0.00      0.00       0  ksoftirqd/0
1791494532      0        22    0.00    0.00    0.00    0.00    0.00     1      0.00      0.00       0       0   0.00      0.00      0.00      0.00       0  ksoftirqd/1
1791494532      0        28    0.00    1.00    0.00    0.00    1.00     2      0.00      0.00       0       0   0.00      0.00      0.00      0.00       0  ksoftirqd/2
1791494532      0        34    0.00    1.00    0.00    0.00    1.00     3      0.00      0.00       0       0   0.00      0.00      0.00      0.00       0  ksoftirqd/3
1791494532      0       342    0.00    1.00    0.00    0.00    1.00     3      0.00      0.00       0       0   0.00      0.00      0.00      0.00       0  jbd2/sda1-8
1791494532      0       415    0.00    0.00    0.00    0.00    0.00     3      0.00      0.00  190792  127368   1.57      0.00      0.00      0.00       0  systemd-journal
1791494532    104       739    0.00    0.00    0.00    0.00    0.00     0      0.00      0.00  222072    5200   0.06      0.00      0.00      0.00       0  rsyslogd
1791494532      0     17311    0.00    0.00    0.00    0.00    0.00     0      0.00      0.00   57076   12824   0.16      0.00      0.00      0.00       0  nginx
1791494532    112    244183   87.00   28.00    0.00    2.00  115.00     1      4.00      0.00 2863212  826640  10.18      0.00  19248.00      0.00       0  mysqld
1791494532     33    537871    5.00    9.00    0.00   16.00   14.00     0      0.00      0.00   63216   16840   0.21      0.00    708.00    580.00       0  nginx
1791494532     33    537872   10.00   10.00    0.00   37.00   20.00     3      0.00      0.00   67248   21216   0.26      0.00   1456.00   1268.00       0  nginx
1791494532     33    537873    5.00   10.00    0.00   17.00   15.00     0      0.00      0.00   62368   16060   0.20      0.00    224.00    116.00       0  nginx
1791494532     33    537874    7.00   10.00    0.00   25.00   17.00     3      0.00      0.00   65068   18688   0.23      0.00   1192.00   1076.00       0  nginx
1791494532   1100    561153   52.00   28.00    0.00   16.00   80.00     1   1511.00      0.00 2050692   27092   0.33      0.00      0.00      0.00       0  isupipe

# Time        UID       PID    %usr %system  %guest   %wait    %CPU   CPU  minflt/s  majflt/s     VSZ     RSS   %MEM   kB_rd/s   kB_wr/s kB_ccwr/s iodelay  Command
1791494533      0        13    0.00    0.00    0.00    0.00    0.00     0      0.00      0.00       0       0   0.00      0.00      0.00      0.00       0  ksoftirqd/0
1791494533      0        22    0.00    0.00    0.00    0.00    0.00     1      0.00      0.00       0       0   0.00      0.00      0.00      0.00       0  ksoftirqd/1
1791494533      0        28    0.00    0.00    0.00    0.00    0.00     2      0.00      0.00       0       0   0.00      0.00      0.00      0.00       0  ksoftirqd/2
1791494533      0        34    0.00    1.00    0.00    0.00    1.00     3      0.00      0.00       0       0   0.00      0.00      0.00      0.00       0  ksoftirqd/3
1791494533      0       342    0.00    1.00    0.00    1.00    1.00     2      0.00      0.00       0       0   0.00      0.00     24.00      0.00       0  jbd2/sda1-8
1791494533      0       415    0.00    0.00    0.00    0.00    0.00     3      0.00      0.00  190792  127368   1.57      0.00      0.00      0.00       0  systemd-journal
1791494533    104       739    0.00    0.00    0.00    0.00    0.00     0      0.00      0.00  222072    5200   0.06      0.00      0.00      0.00       0  rsyslogd
1791494533      0     17311    0.00    0.00    0.00    0.00    0.00     0      0.00      0.00   57076   12824   0.16      0.00      0.00      0.00       0  nginx
1791494533    112    244183   82.00   32.00    0.00    1.00  114.00     3      7.00      0.00 2863212  826824  10.18      0.00  14592.00      0.00       0  mysqld
1791494533     33    537871    5.00   12.00    0.00   21.00   17.00     3      0.00      0.00   63216   16840   0.21      0.00    612.00    504.00       0  nginx
1791494533     33    537872    8.00   15.00    0.00   40.00   23.00     3      0.00      0.00   67248   21216   0.26      0.00   1304.00   1104.00       0  nginx
1791494533     33    537873    7.00    8.00    0.00   11.00   15.00     3      0.00      0.00   62368   16060   0.20      0.00    580.00    460.00       0  nginx
1791494533     33    537874    7.00   13.00    0.00   26.00   20.00     2      0.00      0.00   65068   18688   0.23      0.00    720.00    592.00       0  nginx
1791494533   1100    561153   54.00   32.00    0.00   24.00   86.00     1   2068.00      0.00 2050692   26168   0.32      0.00      0.00      0.00       0  isupipe

# Time        UID       PID    %usr %system  %guest   %wait    %CPU   CPU  minflt/s  majflt/s     VSZ     RSS   %MEM   kB_rd/s   kB_wr/s kB_ccwr/s iodelay  Command
1791494534      0        13    0.00    1.00    0.00    0.00    1.00     0      0.00      0.00       0       0   0.00      0.00      0.00      0.00       0  ksoftirqd/0
1791494534      0        22    0.00    0.00    0.00    0.00    0.00     1      0.00      0.00       0       0   0.00      0.00      0.00      0.00       0  ksoftirqd/1
1791494534      0        28    0.00    0.00    0.00    0.00    0.00     2      0.00      0.00       0       0   0.00      0.00      0.00      0.00       0  ksoftirqd/2
1791494534      0        34    0.00    1.00    0.00    0.00    1.00     3      0.00      0.00       0       0   0.00      0.00      0.00      0.00       0  ksoftirqd/3
1791494534      0       342    0.00    1.00    0.00    0.00    1.00     2      0.00      0.00       0       0   0.00      0.00     96.00      0.00       0  jbd2/sda1-8
1791494534      0       415    0.00    0.00    0.00    0.00    0.00     3      0.00      2.00  190792  127368   1.57      0.00      8.00      0.00       0  systemd-journal
1791494534    104       739    0.00    0.00    0.00    0.00    0.00     0      0.00      0.00  222072    5200   0.06      0.00      0.00      0.00       0  rsyslogd
1791494534      0     17311    0.00    0.00    0.00    0.00    0.00     0      0.00      0.00   57076   12824   0.16      0.00      0.00      0.00       0  nginx
1791494534    112    244183   91.00   24.00    0.00    1.00  115.00     1     25.00      0.00 2863212  826824  10.18      0.00  19840.00      0.00       0  mysqld
1791494534     33    537871    6.00   12.00    0.00   27.00   18.00     3      1.00      0.00   63216   16840   0.21      0.00    692.00    532.00       0  nginx
1791494534     33    537872    9.00   13.00    0.00   40.00   22.00     3      0.00      0.00   67248   21216   0.26      0.00   1196.00    940.00       0  nginx
1791494534     33    537873    7.00    6.00    0.00   14.00   13.00     3      0.00      0.00   62368   16060   0.20      0.00    288.00    196.00       0  nginx
1791494534     33    537874    6.00   11.00    0.00   30.00   17.00     3      0.00      0.00   65068   18688   0.23      0.00   1876.00   1720.00       0  nginx
1791494534   1100    561153   55.00   24.00    0.00   27.00   79.00     0   1689.00      0.00 2050692   28044   0.35      0.00      0.00      0.00       0  isupipe

# Time        UID       PID    %usr %system  %guest   %wait    %CPU   CPU  minflt/s  majflt/s     VSZ     RSS   %MEM   kB_rd/s   kB_wr/s kB_ccwr/s iodelay  Command
1791494535      0        13    0.00    0.00    0.00    0.00    0.00     0      0.00      0.00       0       0   0.00      0.00      0.00      0.00       0  ksoftirqd/0
1791494535      0        22    0.00    0.00    0.00    0.00    0.00     1      0.00      0.00       0       0   0.00      0.00      0.00      0.00       0  ksoftirqd/1
1791494535      0        28    0.00    0.00    0.00    0.00    0.00     2      0.00      0.00       0       0   0.00      0.00      0.00      0.00       0  ksoftirqd/2
1791494535      0        34    0.00    1.00    0.00    1.00    1.00     3      0.00      0.00       0       0   0.00      0.00      0.00      0.00       0  ksoftirqd/3
1791494535      0       342    0.00    1.00    0.00    0.00    1.00     1      0.00      0.00       0       0   0.00      0.00     16.00      0.00       0  jbd2/sda1-8
1791494535      0       415    0.00    0.00    0.00    0.00    0.00     3      0.00      0.00  190792  127368   1.57      0.00      0.00      0.00       0  systemd-journal
1791494535    104       739    0.00    0.00    0.00    0.00    0.00     0      0.00      0.00  222072    5200   0.06      0.00      0.00      0.00       0  rsyslogd
1791494535      0     17311    0.00    0.00    0.00    0.00    0.00     0      0.00      0.00   57076   12824   0.16      0.00      0.00      0.00       0  nginx
1791494535    112    244183   85.00   31.00    0.00    0.00  116.00     2     21.00      0.00 2863212  826824  10.18      0.00  15524.00      0.00       0  mysqld
1791494535     33    537871    5.00   10.00    0.00   24.00   15.00     3      0.00      0.00   63216   16840   0.21      0.00    604.00    380.00       0  nginx
1791494535     33    537872    8.00   14.00    0.00   45.00   22.00     3      0.00      0.00   67248   21216   0.26      0.00   1308.00   1168.00       0  nginx
1791494535     33    537873    5.00   10.00    0.00   18.00   15.00     3      0.00      0.00   62368   16060   0.20      0.00    656.00    552.00       0  nginx
1791494535     33    537874   10.00    6.00    0.00   29.00   16.00     3      0.00      0.00   65068   18688   0.23      0.00   1324.00   1208.00       0  nginx
1791494535   1100    561153   54.00   31.00    0.00   14.00   85.00     1   2114.00      0.00 2050692   26892   0.33      0.00      0.00      0.00       0  isupipe

# Time        UID       PID    %usr %system  %guest   %wait    %CPU   CPU  minflt/s  majflt/s     VSZ     RSS   %MEM   kB_rd/s   kB_wr/s kB_ccwr/s iodelay  Command
1791494536      0        13    0.00    0.00    0.00    0.00    0.00     0      0.00      0.00       0       0   0.00      0.00      0.00      0.00       0  ksoftirqd/0
1791494536      0        22    0.00    1.00    0.00    1.00    1.00     1      0.00      0.00       0       0   0.00      0.00      0.00      0.00       0  ksoftirqd/1
1791494536      0        28    0.00    0.00    0.00    0.00    0.00     2      0.00      0.00       0       0   0.00      0.00      0.00      0.00       0  ksoftirqd/2
1791494536      0        34    0.00    1.00    0.00    0.00    1.00     3      0.00      0.00       0       0   0.00      0.00      0.00      0.00       0  ksoftirqd/3
1791494536      0       342    0.00    1.00    0.00    0.00    1.00     3      0.00      0.00       0       0   0.00      0.00     52.00      0.00       0  jbd2/sda1-8
1791494536      0       415    0.00    0.00    0.00    0.00    0.00     3      1.00      1.00  190792  127368   1.57      0.00      4.00      0.00       0  systemd-journal
1791494536    104       739    0.00    0.00    0.00    0.00    0.00     0      0.00      0.00  222072    5200   0.06      0.00      4.00      0.00       0  rsyslogd
1791494536      0     17311    0.00    0.00    0.00    0.00    0.00     0      0.00      0.00   57076   12824   0.16      0.00      0.00      0.00       0  nginx
1791494536    112    244183   87.00   26.00    0.00    1.00  113.00     2     37.00      0.00 2863212  826824  10.18      0.00  20968.00      0.00       0  mysqld
1791494536     33    537871    6.00   11.00    0.00   21.00   17.00     3      0.00      0.00   63216   16840   0.21      0.00    480.00    420.00       0  nginx
1791494536     33    537872    8.00   15.00    0.00   36.00   23.00     3      0.00      0.00   67248   21216   0.26      0.00   1548.00   1332.00       0  nginx
1791494536     33    537873    6.00    6.00    0.00   11.00   12.00     3      0.00      0.00   62368   16060   0.20      0.00    828.00    760.00       0  nginx
1791494536     33    537874    8.00   11.00    0.00   28.00   19.00     3      0.00      0.00   65068   18688   0.23      0.00    972.00    856.00       0  nginx
1791494536   1100    561153   52.00   34.00    0.00    0.00   86.00     1   1738.00      0.00 2050692   28136   0.35      0.00      0.00      0.00       0  isupipe

# Time        UID       PID    %usr %system  %guest   %wait    %CPU   CPU  minflt/s  majflt/s     VSZ     RSS   %MEM   kB_rd/s   kB_wr/s kB_ccwr/s iodelay  Command
1791494537      0        13    0.00    0.00    0.00    0.00    0.00     0      0.00      0.00       0       0   0.00      0.00      0.00      0.00       0  ksoftirqd/0
1791494537      0        22    0.00    0.00    0.00    0.00    0.00     1      0.00      0.00       0       0   0.00      0.00      0.00      0.00       0  ksoftirqd/1
1791494537      0        28    0.00    1.00    0.00    0.00    1.00     2      0.00      0.00       0       0   0.00      0.00      0.00      0.00       0  ksoftirqd/2
1791494537      0        34    0.00    1.00    0.00    0.00    1.00     3      0.00      0.00       0       0   0.00      0.00      0.00      0.00       0  ksoftirqd/3
1791494537      0       342    0.00    1.00    0.00    0.00    1.00     0      0.00      0.00       0       0   0.00      0.00      0.00      0.00       0  jbd2/sda1-8
1791494537      0       415    0.00    0.00    0.00    0.00    0.00     1      0.00     12.00  190792  127380   1.57      0.00     48.00      0.00       0  systemd-journal
1791494537    104       739    0.00    0.00    0.00    0.00    0.00     0      0.00      0.00  222072    5200   0.06      0.00      0.00      0.00       0  rsyslogd
1791494537      0     17311    0.00    0.00    0.00    0.00    0.00     0      0.00      0.00   57076   12824   0.16      0.00      0.00      0.00       0  nginx
1791494537    112    244183   85.00   27.00    0.00    2.00  112.00     1     13.00      0.00 2863212  826824  10.18      0.00  14316.00      0.00       0  mysqld
1791494537     33    537871    4.00   10.00    0.00   14.00   14.00     3      0.00      0.00   63216   16840   0.21      0.00    724.00    632.00       0  nginx
1791494537     33    537872    9.00   15.00    0.00   40.00   24.00     2      0.00      0.00   67248   21216   0.26      0.00   1172.00    972.00       0  nginx
1791494537     33    537873    5.00    7.00    0.00   15.00   12.00     3      0.00      0.00   62368   16060   0.20      0.00    560.00    464.00       0  nginx
1791494537     33    537874    4.00   14.00    0.00   30.00   18.00     3      0.00      0.00   65068   18688   0.23      0.00    696.00    556.00       0  nginx
1791494537   1100    561153   60.00   26.00    0.00   19.00   86.00     3   1247.00      0.00 2050692   26640   0.33      0.00      0.00      0.00       0  isupipe

# Time        UID       PID    %usr %system  %guest   %wait    %CPU   CPU  minflt/s  majflt/s     VSZ     RSS   %MEM   kB_rd/s   kB_wr/s kB_ccwr/s iodelay  Command
1791494538      0        13    0.00    0.00    0.00    0.00    0.00     0      0.00      0.00       0       0   0.00      0.00      0.00      0.00       0  ksoftirqd/0
1791494538      0        22    0.00    0.00    0.00    0.00    0.00     1      0.00      0.00       0       0   0.00      0.00      0.00      0.00       0  ksoftirqd/1
1791494538      0        28    0.00    0.00    0.00    0.00    0.00     2      0.00      0.00       0       0   0.00      0.00      0.00      0.00       0  ksoftirqd/2
1791494538      0        34    0.00    1.00    0.00    0.00    1.00     3      0.00      0.00       0       0   0.00      0.00      0.00      0.00       0  ksoftirqd/3
1791494538      0       342    0.00    1.00    0.00    1.00    1.00     2      0.00      0.00       0       0   0.00      0.00      4.00      0.00       0  jbd2/sda1-8
1791494538      0       415    0.00    1.00    0.00    0.00    1.00     2      0.00     54.00  190792  127396   1.57      0.00    216.00      0.00       0  systemd-journal
1791494538    104       739    1.00    1.00    0.00    0.00    2.00     0      0.00      0.00  222072    5200   0.06      0.00     12.00      0.00       0  rsyslogd
1791494538      0     17311    0.00    0.00    0.00    0.00    0.00     0      0.00      0.00   57076   12824   0.16      0.00      0.00      0.00       0  nginx
1791494538    112    244183   81.00   25.00    0.00    1.00  106.00     0     30.00      0.00 2863212  826824  10.18      0.00  20204.00      0.00       0  mysqld
1791494538     33    537871    8.00   10.00    0.00   22.00   18.00     3      0.00      0.00   63216   16840   0.21      0.00    600.00    424.00       0  nginx
1791494538     33    537872   11.00    9.00    0.00   39.00   20.00     3      0.00      0.00   67248   21216   0.26      0.00   1916.00   1740.00       0  nginx
1791494538     33    537873    5.00   11.00    0.00   18.00   16.00     3      0.00      0.00   62368   16060   0.20      0.00    272.00    168.00       0  nginx
1791494538     33    537874    8.00   11.00    0.00   35.00   19.00     3      0.00      0.00   65068   18688   0.23      0.00   1304.00   1132.00       0  nginx
1791494538   1100    561153   59.00   27.00    0.00   26.00   86.00     0   1969.00      0.00 2050692   28872   0.36      0.00      0.00      0.00       0  isupipe

# Time        UID       PID    %usr %system  %guest   %wait    %CPU   CPU  minflt/s  majflt/s     VSZ     RSS   %MEM   kB_rd/s   kB_wr/s kB_ccwr/s iodelay  Command
1791494539      0        13    0.00    0.00    0.00    0.00    0.00     0      0.00      0.00       0       0   0.00      0.00      0.00      0.00       0  ksoftirqd/0
1791494539      0        22    0.00    0.00    0.00    0.00    0.00     1      0.00      0.00       0       0   0.00      0.00      0.00      0.00       0  ksoftirqd/1
1791494539      0        28    0.00    0.00    0.00    0.00    0.00     2      0.00      0.00       0       0   0.00      0.00      0.00      0.00       0  ksoftirqd/2
1791494539      0        34    0.00    1.00    0.00    0.00    1.00     3      0.00      0.00       0       0   0.00      0.00      0.00      0.00       0  ksoftirqd/3
1791494539      0       342    0.00    1.00    0.00    0.00    1.00     2      0.00      0.00       0       0   0.00      0.00      4.00      0.00       0  jbd2/sda1-8
1791494539      0       415    1.00    0.00    0.00    0.00    1.00     3      1.00     69.00  190792  127420   1.57      0.00    276.00      0.00       0  systemd-journal
1791494539    104       739    0.00    0.00    0.00    0.00    0.00     0      0.00      0.00  222072    5200   0.06      0.00     12.00      0.00       0  rsyslogd
1791494539      0     17311    0.00    0.00    0.00    0.00    0.00     0      0.00      0.00   57076   12824   0.16      0.00      0.00      0.00       0  nginx
1791494539    112    244183   81.00   31.00    0.00    1.00  112.00     2     16.00      0.00 2863212  826824  10.18      0.00  17540.00      0.00       0  mysqld
1791494539     33    537871    8.00    6.00    0.00   17.00   14.00     3      1.00      0.00   63216   16840   0.21      0.00    680.00    628.00       0  nginx
1791494539     33    537872   13.00   14.00    0.00   37.00   27.00     0      0.00      0.00   67248   21216   0.26      0.00   1080.00    888.00       0  nginx
1791494539     33    537873    3.00   10.00    0.00   11.00   13.00     3      0.00      0.00   62368   16060   0.20      0.00    608.00    508.00       0  nginx
1791494539     33    537874    9.00   10.00    0.00   26.00   19.00     3      2.00      0.00   65068   18688   0.23      0.00   1560.00   1420.00       0  nginx
1791494539   1100    561153   58.00   32.00    0.00   28.00   90.00     2   2257.00      0.00 2050692   27732   0.34      0.00      0.00      0.00       0  isupipe

# Time        UID       PID    %usr %system  %guest   %wait    %CPU   CPU  minflt/s  majflt/s     VSZ     RSS   %MEM   kB_rd/s   kB_wr/s kB_ccwr/s iodelay  Command
1791494540      0        13    0.00    0.00    0.00    0.00    0.00     0      0.00      0.00       0       0   0.00      0.00      0.00      0.00       0  ksoftirqd/0
1791494540      0        22    0.00    0.00    0.00    0.00    0.00     1      0.00      0.00       0       0   0.00      0.00      0.00      0.00       0  ksoftirqd/1
1791494540      0        28    0.00    0.00    0.00    0.00    0.00     2      0.00      0.00       0       0   0.00      0.00      0.00      0.00       0  ksoftirqd/2
1791494540      0        34    0.00    1.00    0.00    0.00    1.00     3      0.00      0.00       0       0   0.00      0.00      0.00      0.00       0  ksoftirqd/3
1791494540      0       342    0.00    1.00    0.00    0.00    1.00     0      0.00      0.00       0       0   0.00      0.00      4.00      0.00       0  jbd2/sda1-8
1791494540      0       415    0.00    1.00    0.00    1.00    1.00     3      0.00     44.00  190792  127452   1.57      0.00    176.00      0.00       0  systemd-journal
1791494540    104       739    0.00    0.00    0.00    0.00    0.00     0      0.00      0.00  222072    5200   0.06      0.00      8.00      0.00       0  rsyslogd
1791494540      0     17311    0.00    0.00    0.00    0.00    0.00     0      0.00      0.00   57076   12824   0.16      0.00      0.00      0.00       0  nginx
1791494540    112    244183   71.00   31.00    0.00    0.00  102.00     3     41.00      0.00 2863212  826908  10.19      0.00  21372.00      0.00       0  mysqld
1791494540     33    537871    9.00    9.00    0.00   18.00   18.00     3      0.00      0.00   63216   16840   0.21      0.00    928.00    820.00       0  nginx
1791494540     33    537872   10.00   13.00    0.00   37.00   23.00     3      0.00      0.00   67248   21216   0.26      0.00   1732.00   1496.00       0  nginx
1791494540     33    537873    5.00    7.00    0.00   15.00   12.00     3      0.00      0.00   62368   16060   0.20      0.00    192.00    108.00       0  nginx
1791494540     33    537874    9.00    8.00    0.00   32.00   17.00     3      0.00      0.00   65068   18688   0.23      0.00    964.00    824.00       0  nginx
1791494540   1100    561153   61.00   26.00    0.00   14.00   87.00     2   1586.00      0.00 2050692   28564   0.35      0.00      0.00      0.00       0  isupipe

# Time        UID       PID    %usr %system  %guest   %wait    %CPU   CPU  minflt/s  majflt/s     VSZ     RSS   %MEM   kB_rd/s   kB_wr/s kB_ccwr/s iodelay  Command
1791494541      0        13    0.00    0.00    0.00    0.00    0.00     0      0.00      0.00       0       0   0.00      0.00      0.00      0.00       0  ksoftirqd/0
1791494541      0        22    0.00    0.00    0.00    0.00    0.00     1      0.00      0.00       0       0   0.00      0.00      0.00      0.00       0  ksoftirqd/1
1791494541      0        28    0.00    0.00    0.00    0.00    0.00     2      0.00      0.00       0       0   0.00      0.00      0.00      0.00       0  ksoftirqd/2
1791494541      0        34    0.00    1.00    0.00    0.00    1.00     3      0.00      0.00       0       0   0.00      0.00      0.00      0.00       0  ksoftirqd/3
1791494541      0       342    0.00    2.00    0.00    1.00    2.00     2      0.00      0.00       0       0   0.00      0.00      4.00      0.00       0  jbd2/sda1-8
1791494541      0       415    0.00    0.00    0.00    1.00    0.00     0      2.00     54.00  190792  127472   1.57      0.00    216.00      0.00       0  systemd-journal
1791494541    104       739    0.00    0.00    0.00    0.00    0.00     0      0.00      0.00  222072    5200   0.06      0.00     12.00      0.00       0  rsyslogd
1791494541      0     17311    0.00    0.00    0.00    0.00    0.00     0      0.00      0.00   57076   12824   0.16      0.00      0.00      0.00       0  nginx
1791494541    112    244183   71.00   30.00    0.00    0.00  101.00     1      6.00      0.00 2863212  826908  10.19      0.00  16996.00      0.00       0  mysqld
1791494541     33    537871    5.00    9.00    0.00   18.00   14.00     3      0.00      0.00   63216   16840   0.21      0.00    680.00    556.00       0  nginx
1791494541     33    537872   11.00   13.00    0.00   34.00   24.00     3      0.00      0.00   67248   21216   0.26      0.00   2056.00   1864.00       0  nginx
1791494541     33    537873    5.00    9.00    0.00   11.00   14.00     0      0.00      0.00   62368   16060   0.20      0.00    372.00    268.00       0  nginx
1791494541     33    537874    9.00   11.00    0.00   31.00   20.00     1      0.00      0.00   65068   18688   0.23      0.00    660.00    500.00       0  nginx
1791494541   1100    561153   56.00   30.00    0.00   24.00   86.00     1   2541.00      0.00 2050692   27372   0.34      0.00      0.00      0.00       0  isupipe

# Time        UID       PID    %usr %system  %guest   %wait    %CPU   CPU  minflt/s  majflt/s     VSZ     RSS   %MEM   kB_rd/s   kB_wr/s kB_ccwr/s iodelay  Command
1791494542      0        13    0.00    1.00    0.00    1.00    1.00     0      0.00      0.00       0       0   0.00      0.00      0.00      0.00       0  ksoftirqd/0
1791494542      0        22    0.00    1.00    0.00    0.00    1.00     1      0.00      0.00       0       0   0.00      0.00      0.00      0.00       0  ksoftirqd/1
1791494542      0        28    0.00    0.00    0.00    1.00    0.00     2      0.00      0.00       0       0   0.00      0.00      0.00      0.00       0  ksoftirqd/2
1791494542      0        34    0.00    1.00    0.00    0.00    1.00     3      0.00      0.00       0       0   0.00      0.00      0.00      0.00       0  ksoftirqd/3
1791494542      0       342    0.00    1.00    0.00    0.00    1.00     3      0.00      0.00       0       0   0.00      0.00     76.00      0.00       0  jbd2/sda1-8
1791494542      0       415    1.00    2.00    0.00    0.00    3.00     0      1.00    595.00  119976   52656   0.65      4.00   2368.00      0.00       0  systemd-journal
1791494542    104       739    0.00    0.00    0.00    0.00    0.00     0      0.00      0.00  222072    5200   0.06      0.00     28.00      0.00       0  rsyslogd
1791494542      0     17311    0.00    0.00    0.00    0.00    0.00     0      0.00      0.00   57076   12824   0.16      0.00      0.00      0.00       0  nginx
1791494542    112    244183   64.00   32.00    0.00    1.00   96.00     1     13.00      0.00 2863212  827288  10.19      0.00  20188.00      0.00       0  mysqld
1791494542     33    537871    7.00   10.00    0.00   17.00   17.00     3      0.00      0.00   63216   16840   0.21      0.00    848.00    664.00       0  nginx
1791494542     33    537872    9.00   14.00    0.00   36.00   23.00     3      0.00      0.00   67248   21216   0.26      0.00   1492.00   1296.00       0  nginx
1791494542     33    537873    5.00    7.00    0.00   13.00   12.00     3      0.00      0.00   62368   16060   0.20      0.00    636.00    556.00       0  nginx
1791494542     33    537874    4.00   13.00    0.00   31.00   17.00     3      0.00      0.00   65068   18688   0.23      0.00    672.00    496.00       0  nginx
1791494542   1100    561153   57.00   27.00    0.00   25.00   84.00     2   2064.00      0.00 2050692   28360   0.35      0.00      0.00      0.00       0  isupipe

# Time        UID       PID    %usr %system  %guest   %wait    %CPU   CPU  minflt/s  majflt/s     VSZ     RSS   %MEM   kB_rd/s   kB_wr/s kB_ccwr/s iodelay  Command
1791494543      0        13    0.00    0.00    0.00    0.00    0.00     0      0.00      0.00       0       0   0.00      0.00      0.00      0.00       0  ksoftirqd/0
1791494543      0        22    0.00    0.00    0.00    0.00    0.00     1      0.00      0.00       0       0   0.00      0.00      0.00      0.00       0  ksoftirqd/1
1791494543      0        28    0.00    0.99    0.00    0.00    0.99     2      0.00      0.00       0       0   0.00      0.00      0.00      0.00       0  ksoftirqd/2
1791494543      0        34    0.00    1.98    0.00    0.00    1.98     3      0.00      0.00       0       0   0.00      0.00      0.00      0.00       0  ksoftirqd/3
1791494543      0       342    0.00    0.99    0.00    0.00    0.99     0      0.00      0.00       0       0   0.00      0.00      0.00      0.00       0  jbd2/sda1-8
1791494543      0       415    0.00    0.99    0.00    0.99    0.99     0      0.00     24.75  119976   52788   0.65      0.00     99.01      0.00       0  systemd-journal
1791494543    104       739    0.99    0.00    0.00    0.00    0.99     0      0.00      0.00  222072    5200   0.06      0.00     27.72      0.00       0  rsyslogd
1791494543      0     17311    0.00    0.00    0.00    0.00    0.00     0      0.00      0.00   57076   12824   0.16      0.00      0.00      0.00       0  nginx
1791494543    112    244183   65.35   31.68    0.00    0.00   97.03     1     16.83      0.00 2863212  827288  10.19      0.00  20807.92      0.00       0  mysqld
1791494543     33    537871    6.93    8.91    0.00   20.79   15.84     3      0.00      0.00   63216   16840   0.21      0.00    895.05    867.33       0  nginx
1791494543     33    537872    7.92   16.83    0.00   34.65   24.75     3      0.00      0.00   67248   21216   0.26      0.00   1944.55   1493.07       0  nginx
1791494543     33    537873    2.97    9.90    0.00    6.93   12.87     3      0.00      0.00   62368   16060   0.20      0.00    332.67    257.43       0  nginx
1791494543     33    537874    4.95   11.88    0.00   27.72   16.83     2      0.00      0.00   65068   18688   0.23      0.00    930.69    815.84       0  nginx
1791494543   1100    561153   56.44   35.64    0.00   20.79   92.08     1   1879.21      0.00 2050692   29628   0.36      0.00      0.00      0.00       0  isupipe

# Time        UID       PID    %usr %system  %guest   %wait    %CPU   CPU  minflt/s  majflt/s     VSZ     RSS   %MEM   kB_rd/s   kB_wr/s kB_ccwr/s iodelay  Command
1791494544      0        13    0.00    0.00    0.00    0.00    0.00     0      0.00      0.00       0       0   0.00      0.00      0.00      0.00       0  ksoftirqd/0
1791494544      0        22    0.00    0.00    0.00    0.00    0.00     1      0.00      0.00       0       0   0.00      0.00      0.00      0.00       0  ksoftirqd/1
1791494544      0        28    0.00    0.00    0.00    0.00    0.00     2      0.00      0.00       0       0   0.00      0.00      0.00      0.00       0  ksoftirqd/2
1791494544      0        34    0.00    1.00    0.00    0.00    1.00     3      0.00      0.00       0       0   0.00      0.00      0.00      0.00       0  ksoftirqd/3
1791494544      0       342    0.00    1.00    0.00    1.00    1.00     3      0.00      0.00       0       0   0.00      0.00     96.00      0.00       0  jbd2/sda1-8
1791494544      0       415    1.00    0.00    0.00    0.00    1.00     1      0.00     17.00  119976   52788   0.65      0.00     68.00      0.00       0  systemd-journal
1791494544    104       739    0.00    1.00    0.00    0.00    1.00     0      0.00      0.00  222072    5200   0.06      0.00     28.00      0.00       0  rsyslogd
1791494544      0     17311    0.00    0.00    0.00    0.00    0.00     0      0.00      0.00   57076   12824   0.16      0.00      0.00      0.00       0  nginx
1791494544    112    244183   60.00   38.00    0.00    0.00   98.00     2      3.00      0.00 2863212  827288  10.19      0.00  16380.00      0.00       0  mysqld
1791494544     33    537871    8.00    9.00    0.00   20.00   17.00     3      0.00      0.00   63216   16840   0.21      0.00    988.00    856.00       0  nginx
1791494544     33    537872   13.00   10.00    0.00   43.00   23.00     0      0.00      0.00   67248   21216   0.26      0.00    924.00    920.00       0  nginx
1791494544     33    537873    4.00   11.00    0.00   12.00   15.00     3      0.00      0.00   62368   16060   0.20      0.00    724.00    644.00       0  nginx
1791494544     33    537874    7.00   10.00    0.00   25.00   17.00     3      0.00      0.00   65068   18688   0.23      0.00    964.00    824.00       0  nginx
1791494544   1100    561153   52.00   35.00    0.00   15.00   87.00     1   2260.00      0.00 2050692   27996   0.34      0.00      0.00      0.00       0  isupipe

# Time        UID       PID    %usr %system  %guest   %wait    %CPU   CPU  minflt/s  majflt/s     VSZ     RSS   %MEM   kB_rd/s   kB_wr/s kB_ccwr/s iodelay  Command
1791494545      0        13    0.00    0.00    0.00    0.00    0.00     0      0.00      0.00       0       0   0.00      0.00      0.00      0.00       0  ksoftirqd/0
1791494545      0        22    0.00    0.00    0.00    0.00    0.00     1      0.00      0.00       0       0   0.00      0.00      0.00      0.00       0  ksoftirqd/1
1791494545      0        28    0.00    0.00    0.00    0.00    0.00     2      0.00      0.00       0       0   0.00      0.00      0.00      0.00       0  ksoftirqd/2
1791494545      0        34    0.00    1.00    0.00    0.00    1.00     3      0.00      0.00       0       0   0.00      0.00      0.00      0.00       0  ksoftirqd/3
1791494545      0       342    0.00    2.00    0.00    0.00    2.00     1      0.00      0.00       0       0   0.00      0.00     36.00      0.00       0  jbd2/sda1-8
1791494545      0       415    0.00    1.00    0.00    0.00    1.00     0      0.00     17.00  119976   52920   0.65      0.00     68.00      0.00       0  systemd-journal
1791494545    104       739    0.00    0.00    0.00    0.00    0.00     0      0.00      0.00  222072    5200   0.06      0.00     28.00      0.00       0  rsyslogd
1791494545      0     17311    0.00    0.00    0.00    0.00    0.00     0      0.00      0.00   57076   12824   0.16      0.00      0.00      0.00       0  nginx
1791494545    112    244183   68.00   29.00    0.00    2.00   97.00     2     20.00      0.00 2863212  827288  10.19      0.00  20860.00      0.00       0  mysqld
1791494545     33    537871    5.00   13.00    0.00   29.00   18.00     0      0.00      0.00   63216   16840   0.21      0.00    872.00    756.00       0  nginx
1791494545     33    537872   11.00   12.00    0.00   39.00   23.00     0      0.00      0.00   67248   21216   0.26      0.00   1368.00   1160.00       0  nginx
1791494545     33    537873    4.00   11.00    0.00   16.00   15.00     3      0.00      0.00   62368   16060   0.20      0.00    700.00    588.00       0  nginx
1791494545     33    537874    8.00   12.00    0.00   34.00   20.00     3      0.00      0.00   65068   18688   0.23      0.00   1152.00   1032.00       0  nginx
1791494545   1100    561153   50.00   39.00    0.00   27.00   89.00     2   2771.00      0.00 2050692   29460   0.36      0.00      0.00      0.00       0  isupipe

# Time        UID       PID    %usr %system  %guest   %wait    %CPU   CPU  minflt/s  majflt/s     VSZ     RSS   %MEM   kB_rd/s   kB_wr/s kB_ccwr/s iodelay  Command
1791494546      0        13    0.00    0.00    0.00    0.00    0.00     0      0.00      0.00       0       0   0.00      0.00      0.00      0.00       0  ksoftirqd/0
1791494546      0        22    0.00    0.00    0.00    0.00    0.00     1      0.00      0.00       0       0   0.00      0.00      0.00      0.00       0  ksoftirqd/1
1791494546      0        28    0.00    0.00    0.00    0.00    0.00     2      0.00      0.00       0       0   0.00      0.00      0.00      0.00       0  ksoftirqd/2
1791494546      0        34    0.00    1.00    0.00    0.00    1.00     3      0.00      0.00       0       0   0.00      0.00      0.00      0.00       0  ksoftirqd/3
1791494546      0       342    0.00    1.00    0.00    1.00    1.00     1      0.00      0.00       0       0   0.00      0.00     24.00      0.00       0  jbd2/sda1-8
1791494546      0       415    0.00    1.00    0.00    1.00    1.00     2      0.00     41.00  119976   53052   0.65      0.00    164.00      0.00       0  systemd-journal
1791494546    104       739    0.00    1.00    0.00    0.00    1.00     0      0.00      0.00  222072    5200   0.06      0.00     32.00      0.00       0  rsyslogd
1791494546      0     17311    0.00    0.00    0.00    0.00    0.00     0      0.00      0.00   57076   12824   0.16      0.00      0.00      0.00       0  nginx
1791494546    112    244183   66.00   30.00    0.00    0.00   96.00     2     93.00      0.00 2863212  827416  10.19      0.00  24460.00      0.00       0  mysqld
1791494546     33    537871    5.00    8.00    0.00   18.00   13.00     3      0.00      0.00   63216   16840   0.21      0.00   1064.00    852.00       0  nginx
1791494546     33    537872   11.00   15.00    0.00   40.00   26.00     3      0.00      0.00   67248   21216   0.26      0.00   1104.00    872.00       0  nginx
1791494546     33    537873    6.00    4.00    0.00    9.00   10.00     3      0.00      0.00   62368   16060   0.20      0.00    768.00    684.00       0  nginx
1791494546     33    537874    7.00   11.00    0.00   29.00   18.00     3      0.00      0.00   65068   18688   0.23      0.00   1092.00    948.00       0  nginx
1791494546   1100    561153   61.00   28.00    0.00   17.00   89.00     1   1929.00      0.00 2050692   28736   0.35      0.00      0.00      0.00       0  isupipe

# Time        UID       PID    %usr %system  %guest   %wait    %CPU   CPU  minflt/s  majflt/s     VSZ     RSS   %MEM   kB_rd/s   kB_wr/s kB_ccwr/s iodelay  Command
1791494547      0        13    0.00    1.00    0.00    0.00    1.00     0      0.00      0.00       0       0   0.00      0.00      0.00      0.00       0  ksoftirqd/0
1791494547      0        22    0.00    0.00    0.00    0.00    0.00     1      0.00      0.00       0       0   0.00      0.00      0.00      0.00       0  ksoftirqd/1
1791494547      0        28    0.00    0.00    0.00    0.00    0.00     2      0.00      0.00       0       0   0.00      0.00      0.00      0.00       0  ksoftirqd/2
1791494547      0        34    0.00    1.00    0.00    0.00    1.00     3      0.00      0.00       0       0   0.00      0.00      0.00      0.00       0  ksoftirqd/3
1791494547      0       342    0.00    1.00    0.00    0.00    1.00     0      0.00      0.00       0       0   0.00      0.00      8.00      0.00       0  jbd2/sda1-8
1791494547      0       415    1.00    1.00    0.00    0.00    2.00     0      0.00     19.00  119976   53184   0.66      0.00     76.00      0.00       0  systemd-journal
1791494547    104       739    0.00    1.00    0.00    0.00    1.00     0      0.00      0.00  222072    5200   0.06      0.00     28.00      0.00       0  rsyslogd
1791494547      0     17311    0.00    0.00    0.00    0.00    0.00     0      0.00      0.00   57076   12824   0.16      0.00      0.00      0.00       0  nginx
1791494547    112    244183   72.00   26.00    0.00    1.00   98.00     2      1.00      0.00 2863212  827416  10.19      0.00  19848.00      0.00       0  mysqld
1791494547     33    537871    7.00   10.00    0.00   21.00   17.00     3      0.00      0.00   63216   16840   0.21      0.00    508.00    480.00       0  nginx
1791494547     33    537872   12.00   15.00    0.00   32.00   27.00     3      0.00      0.00   67248   21216   0.26      0.00   1548.00   1336.00       0  nginx
1791494547     33    537873    7.00    6.00    0.00   11.00   13.00     3      0.00      0.00   62368   16060   0.20      0.00    468.00    296.00       0  nginx
1791494547     33    537874    8.00    6.00    0.00   24.00   14.00     3      2.00      0.00   65068   18688   0.23      0.00   1160.00   1020.00       0  nginx
1791494547   1100    561153   54.00   33.00    0.00   15.00   87.00     1   1401.00      0.00 2050692   28396   0.35      0.00      0.00      0.00       0  isupipe

# Time        UID       PID    %usr %system  %guest   %wait    %CPU   CPU  minflt/s  majflt/s     VSZ     RSS   %MEM   kB_rd/s   kB_wr/s kB_ccwr/s iodelay  Command
1791494548      0        13    0.00    0.00    0.00    0.00    0.00     0      0.00      0.00       0       0   0.00      0.00      0.00      0.00       0  ksoftirqd/0
1791494548      0        22    0.00    1.00    0.00    0.00    1.00     1      0.00      0.00       0       0   0.00      0.00      0.00      0.00       0  ksoftirqd/1
1791494548      0        28    0.00    0.00    0.00    0.00    0.00     2      0.00      0.00       0       0   0.00      0.00      0.00      0.00       0  ksoftirqd/2
1791494548      0        34    0.00    1.00    0.00    0.00    1.00     3      0.00      0.00       0       0   0.00      0.00      0.00      0.00       0  ksoftirqd/3
1791494548      0       342    0.00    1.00    0.00    0.00    1.00     2      0.00      0.00       0       0   0.00      0.00      4.00      0.00       0  jbd2/sda1-8
1791494548      0       415    1.00    1.00    0.00    0.00    2.00     0      0.00     18.00  119976   53184   0.66      0.00     72.00      0.00       0  systemd-journal
1791494548    104       739    0.00    0.00    0.00    0.00    0.00     0      0.00      0.00  222072    5200   0.06      0.00     28.00      0.00       0  rsyslogd
1791494548      0     17311    0.00    0.00    0.00    0.00    0.00     0      0.00      0.00   57076   12824   0.16      0.00      0.00      0.00       0  nginx
1791494548    112    244183   61.00   36.00    0.00    0.00   97.00     2     93.00      0.00 2863212  827740  10.20      0.00  17888.00      0.00       0  mysqld
1791494548     33    537871    6.00   10.00    0.00   25.00   16.00     3      0.00      0.00   63216   16840   0.21      0.00    660.00    524.00       0  nginx
1791494548     33    537872   13.00   13.00    0.00   38.00   26.00     3      0.00      0.00   67248   21216   0.26      0.00   1444.00   1108.00       0  nginx
1791494548     33    537873    5.00    8.00    0.00   14.00   13.00     3      0.00      0.00   62368   16060   0.20      0.00    728.00    764.00       0  nginx
1791494548     33    537874    8.00   11.00    0.00   32.00   19.00     3      0.00      0.00   65068   18688   0.23      0.00   1312.00   1188.00       0  nginx
1791494548   1100    561153   54.00   34.00    0.00   27.00   88.00     0   2248.00      0.00 2050692   29752   0.37      0.00      0.00      0.00       0  isupipe

# Time        UID       PID    %usr %system  %guest   %wait    %CPU   CPU  minflt/s  majflt/s     VSZ     RSS   %MEM   kB_rd/s   kB_wr/s kB_ccwr/s iodelay  Command
1791494549      0        13    0.00    0.00    0.00    0.00    0.00     0      0.00      0.00       0       0   0.00      0.00      0.00      0.00       0  ksoftirqd/0
1791494549      0        22    0.00    0.00    0.00    0.00    0.00     1      0.00      0.00       0       0   0.00      0.00      0.00      0.00       0  ksoftirqd/1
1791494549      0        28    0.00    1.00    0.00    0.00    1.00     2      0.00      0.00       0       0   0.00      0.00      0.00      0.00       0  ksoftirqd/2
1791494549      0        34    0.00    1.00    0.00    0.00    1.00     3      0.00      0.00       0       0   0.00      0.00      0.00      0.00       0  ksoftirqd/3
1791494549      0       342    0.00    1.00    0.00    0.00    1.00     2      0.00      0.00       0       0   0.00      0.00      8.00      0.00       0  jbd2/sda1-8
1791494549      0       415    1.00    0.00    0.00    1.00    1.00     3      0.00     66.00  119976   53336   0.66      0.00    264.00      0.00       0  systemd-journal
1791494549    104       739    0.00    1.00    0.00    0.00    1.00     0      0.00      0.00  222072    5200   0.06      0.00     32.00      0.00       0  rsyslogd
1791494549      0     17311    0.00    0.00    0.00    0.00    0.00     0      0.00      0.00   57076   12824   0.16      0.00      0.00      0.00       0  nginx
1791494549    112    244183   71.00   30.00    0.00    1.00  101.00     2      1.00      0.00 2863212  827740  10.20      0.00  15944.00      0.00       0  mysqld
1791494549     33    537871    8.00    8.00    0.00   19.00   16.00     3      0.00      0.00   63216   16840   0.21      0.00    776.00    632.00       0  nginx
1791494549     33    537872   10.00   16.00    0.00   38.00   26.00     3      0.00      0.00   67248   21216   0.26      0.00   1364.00   1240.00       0  nginx
1791494549     33    537873    4.00    7.00    0.00   11.00   11.00     3      0.00      0.00   62368   16060   0.20      0.00    388.00    296.00       0  nginx
1791494549     33    537874    9.00   10.00    0.00   25.00   19.00     3      0.00      0.00   65068   18688   0.23      0.00    956.00    832.00       0  nginx
1791494549   1100    561153   59.00   32.00    0.00   31.00   91.00     1   2529.00      0.00 2050692   28208   0.35      0.00      0.00      0.00       0  isupipe

# Time        UID       PID    %usr %system  %guest   %wait    %CPU   CPU  minflt/s  majflt/s     VSZ     RSS   %MEM   kB_rd/s   kB_wr/s kB_ccwr/s iodelay  Command
1791494550      0        13    0.00    0.00    0.00    0.00    0.00     0      0.00      0.00       0       0   0.00      0.00      0.00      0.00       0  ksoftirqd/0
1791494550      0        22    0.00    0.00    0.00    0.00    0.00     1      0.00      0.00       0       0   0.00      0.00      0.00      0.00       0  ksoftirqd/1
1791494550      0        28    0.00    0.00    0.00    0.00    0.00     2      0.00      0.00       0       0   0.00      0.00      0.00      0.00       0  ksoftirqd/2
1791494550      0        34    0.00    1.00    0.00    0.00    1.00     3      0.00      0.00       0       0   0.00      0.00      0.00      0.00       0  ksoftirqd/3
1791494550      0       342    0.00    1.00    0.00    1.00    1.00     3      0.00      0.00       0       0   0.00      0.00      0.00      0.00       0  jbd2/sda1-8
1791494550      0       415    1.00    0.00    0.00    1.00    1.00     3      0.00     91.00  119976   53408   0.66      0.00    364.00      0.00       0  systemd-journal
1791494550    104       739    0.00    0.00    0.00    0.00    0.00     0      0.00      0.00  222072    5200   0.06      0.00     28.00      0.00       0  rsyslogd
1791494550      0     17311    0.00    0.00    0.00    0.00    0.00     0      0.00      0.00   57076   12824   0.16      0.00      0.00      0.00       0  nginx
1791494550    112    244183   65.00   32.00    0.00    0.00   97.00     2      2.00      0.00 2863212  827740  10.20      0.00  21064.00      0.00       0  mysqld
1791494550     33    537871    5.00   13.00    0.00   29.00   18.00     3      0.00      0.00   63216   16840   0.21      0.00    836.00    724.00       0  nginx
1791494550     33    537872   11.00   13.00    0.00   40.00   24.00     3      0.00      0.00   67248   21216   0.26      0.00   1824.00   1572.00       0  nginx
1791494550     33    537873    7.00    6.00    0.00   21.00   13.00     0      0.00      0.00   62368   16060   0.20      0.00    736.00    688.00       0  nginx
1791494550     33    537874    9.00    9.00    0.00   31.00   18.00     3      0.00      0.00   65068   18688   0.23      0.00    936.00    796.00       0  nginx
1791494550   1100    561153   52.00   35.00    0.00   26.00   87.00     0   2791.00      0.00 2050692   29652   0.37      0.00      0.00      0.00       0  isupipe

# Time        UID       PID    %usr %system  %guest   %wait    %CPU   CPU  minflt/s  majflt/s     VSZ     RSS   %MEM   kB_rd/s   kB_wr/s kB_ccwr/s iodelay  Command
1791494551      0        13    0.00    0.00    0.00    0.00    0.00     0      0.00      0.00       0       0   0.00      0.00      0.00      0.00       0  ksoftirqd/0
1791494551      0        22    0.00    0.00    0.00    0.00    0.00     1      0.00      0.00       0       0   0.00      0.00      0.00      0.00       0  ksoftirqd/1
1791494551      0        28    0.00    0.00    0.00    0.00    0.00     2      0.00      0.00       0       0   0.00      0.00      0.00      0.00       0  ksoftirqd/2
1791494551      0        34    0.00    1.00    0.00    0.00    1.00     3      0.00      0.00       0       0   0.00      0.00      0.00      0.00       0  ksoftirqd/3
1791494551      0       342    0.00    1.00    0.00    0.00    1.00     1      0.00      0.00       0       0   0.00      0.00     20.00      0.00       0  jbd2/sda1-8
1791494551      0       415    0.00    2.00    0.00    1.00    2.00     1      0.00     55.00  119976   53472   0.66      0.00    220.00      0.00       0  systemd-journal
1791494551    104       739    1.00    0.00    0.00    0.00    1.00     0      0.00      0.00  222072    5200   0.06      0.00     32.00      0.00       0  rsyslogd
1791494551      0     17311    0.00    0.00    0.00    0.00    0.00     0      0.00      0.00   57076   12824   0.16      0.00      0.00      0.00       0  nginx
1791494551    112    244183   68.00   33.00    0.00    1.00  101.00     0      7.00      0.00 2863212  827740  10.20      0.00  20704.00      0.00       0  mysqld
1791494551     33    537871    7.00    9.00    0.00   16.00   16.00     3      0.00      0.00   63216   16840   0.21      0.00    708.00    560.00       0  nginx
1791494551     33    537872   11.00   12.00    0.00   31.00   23.00     3      0.00      0.00   67248   21216   0.26      0.00   1644.00   1420.00       0  nginx
1791494551     33    537873    5.00    9.00    0.00   14.00   14.00     3      0.00      0.00   62368   16060   0.20      0.00    856.00    744.00       0  nginx
1791494551     33    537874    6.00   10.00    0.00   26.00   16.00     3      0.00      0.00   65068   18688   0.23      0.00   1180.00    960.00       0  nginx
1791494551   1100    561153   54.00   34.00    0.00   28.00   88.00     3   2783.00      0.00 2050692   29208   0.36      0.00      0.00      0.00       0  isupipe

# Time        UID       PID    %usr %system  %guest   %wait    %CPU   CPU  minflt/s  majflt/s     VSZ     RSS   %MEM   kB_rd/s   kB_wr/s kB_ccwr/s iodelay  Command
1791494552      0        13    0.00    0.00    0.00    0.00    0.00     0      0.00      0.00       0       0   0.00      0.00      0.00      0.00       0  ksoftirqd/0
1791494552      0        22    0.00    0.00    0.00    0.00    0.00     1      0.00      0.00       0       0   0.00      0.00      0.00      0.00       0  ksoftirqd/1
1791494552      0        28    0.00    0.00    0.00    0.00    0.00     2      0.00      0.00       0       0   0.00      0.00      0.00      0.00       0  ksoftirqd/2
1791494552      0        34    0.00    1.00    0.00    0.00    1.00     3      0.00      0.00       0       0   0.00      0.00      0.00      0.00       0  ksoftirqd/3
1791494552      0       342    0.00    1.00    0.00    1.00    1.00     2      0.00      0.00       0       0   0.00      0.00      0.00      0.00       0  jbd2/sda1-8
1791494552      0       415    0.00    1.00    0.00    0.00    1.00     2      0.00     39.00  119976   53520   0.66      0.00    156.00      0.00       0  systemd-journal
1791494552    104       739    0.00    0.00    0.00    0.00    0.00     0      0.00      0.00  222072    5200   0.06      0.00     24.00      0.00       0  rsyslogd
1791494552      0     17311    0.00    0.00    0.00    0.00    0.00     0      0.00      0.00   57076   12824   0.16      0.00      0.00      0.00       0  nginx
1791494552    112    244183   70.00   28.00    0.00    0.00   98.00     1      4.00      0.00 2863212  827740  10.20      0.00  15944.00      0.00       0  mysqld
1791494552     33    537871    8.00    8.00    0.00   13.00   16.00     3      0.00      0.00   63216   16840   0.21      0.00    540.00    420.00       0  nginx
1791494552     33    537872   13.00   14.00    0.00   39.00   27.00     2      0.00      0.00   67248   21216   0.26      0.00   1560.00   1304.00       0  nginx
1791494552     33    537873    5.00    4.00    0.00    8.00    9.00     3      0.00      0.00   62368   16060   0.20      0.00    380.00    312.00       0  nginx
1791494552     33    537874    8.00   13.00    0.00   29.00   21.00     0      0.00      0.00   65068   18688   0.23      0.00   1308.00   1292.00       0  nginx
1791494552   1100    561153   54.00   32.00    0.00   27.00   86.00     3    848.00      0.00 2050692   29148   0.36      0.00      0.00      0.00       0  isupipe

# Time        UID       PID    %usr %system  %guest   %wait    %CPU   CPU  minflt/s  majflt/s     VSZ     RSS   %MEM   kB_rd/s   kB_wr/s kB_ccwr/s iodelay  Command
1791494553      0        13    0.00    1.00    0.00    0.00    1.00     0      0.00      0.00       0       0   0.00      0.00      0.00      0.00       0  ksoftirqd/0
1791494553      0        22    0.00    0.00    0.00    0.00    0.00     1      0.00      0.00       0       0   0.00      0.00      0.00      0.00       0  ksoftirqd/1
1791494553      0        28    0.00    0.00    0.00    0.00    0.00     2      0.00      0.00       0       0   0.00      0.00      0.00      0.00       0  ksoftirqd/2
1791494553      0        34    0.00    2.00    0.00    1.00    2.00     3      0.00      0.00       0       0   0.00      0.00      0.00      0.00       0  ksoftirqd/3
1791494553      0       342    0.00    1.00    0.00    0.00    1.00     2      0.00      0.00       0       0   0.00      0.00      4.00      0.00       0  jbd2/sda1-8
1791494553      0       415    0.00    1.00    0.00    0.00    1.00     0      0.00     30.00  119976   53592   0.66      0.00    120.00      0.00       0  systemd-journal
1791494553    104       739    0.00    1.00    0.00    0.00    1.00     0      0.00      0.00  222072    5200   0.06      0.00     32.00      0.00       0  rsyslogd
1791494553      0     17311    0.00    0.00    0.00    0.00    0.00     0      0.00      0.00   57076   12824   0.16      0.00      0.00      0.00       0  nginx
1791494553    112    244183   64.00   30.00    0.00    1.00   94.00     2      2.00      0.00 2863212  827740  10.20      0.00  22576.00      0.00       0  mysqld
1791494553     33    537871    9.00    7.00    0.00   21.00   16.00     3     14.00      0.00   63216   16840   0.21      0.00   1728.00   1648.00       0  nginx
1791494553     33    537872   10.00   14.00    0.00   41.00   24.00     3      0.00      0.00   67248   21216   0.26      0.00   1612.00   1388.00       0  nginx
1791494553     33    537873    6.00    6.00    0.00   12.00   12.00     3      0.00      0.00   62368   16060   0.20      0.00    636.00    596.00       0  nginx
1791494553     33    537874    7.00   11.00    0.00   34.00   18.00     3      1.00      0.00   65068   18688   0.23      0.00    816.00    620.00       0  nginx
1791494553   1100    561153   54.00   37.00    0.00   24.00   91.00     3   2746.00      0.00 2050692   28628   0.35      0.00      0.00      0.00       0  isupipe

# Time        UID       PID    %usr %system  %guest   %wait    %CPU   CPU  minflt/s  majflt/s     VSZ     RSS   %MEM   kB_rd/s   kB_wr/s kB_ccwr/s iodelay  Command
1791494554      0        13    0.00    0.00    0.00    0.00    0.00     0      0.00      0.00       0       0   0.00      0.00      0.00      0.00       0  ksoftirqd/0
1791494554      0        22    0.00    1.00    0.00    0.00    1.00     1      0.00      0.00       0       0   0.00      0.00      0.00      0.00       0  ksoftirqd/1
1791494554      0        28    0.00    1.00    0.00    0.00    1.00     2      0.00      0.00       0       0   0.00      0.00      0.00      0.00       0  ksoftirqd/2
1791494554      0        34    0.00    1.00    0.00    0.00    1.00     3      0.00      0.00       0       0   0.00      0.00      0.00      0.00       0  ksoftirqd/3
1791494554      0       342    0.00    1.00    0.00    0.00    1.00     2      0.00      0.00       0       0   0.00      0.00      0.00      0.00       0  jbd2/sda1-8
1791494554      0       415    1.00    1.00    0.00    0.00    2.00     0      0.00     48.00  119976   53704   0.66      0.00    192.00      0.00       0  systemd-journal
1791494554    104       739    0.00    1.00    0.00    0.00    1.00     0      0.00      0.00  222072    5200   0.06      0.00     28.00      0.00       0  rsyslogd
1791494554      0     17311    0.00    0.00    0.00    0.00    0.00     0      0.00      0.00   57076   12824   0.16      0.00      0.00      0.00       0  nginx
1791494554    112    244183   66.00   31.00    0.00    1.00   97.00     0      9.00      0.00 2863212  827740  10.20      0.00  15776.00      0.00       0  mysqld
1791494554     33    537871    7.00    9.00    0.00   20.00   16.00     3      0.00      0.00   63216   16840   0.21      0.00    868.00    756.00       0  nginx
1791494554     33    537872    9.00   15.00    0.00   43.00   24.00     3      0.00      0.00   67248   21216   0.26      0.00   1476.00   1160.00       0  nginx
1791494554     33    537873    5.00    8.00    0.00   13.00   13.00     3      0.00      0.00   62368   16060   0.20      0.00    592.00    496.00       0  nginx
1791494554     33    537874    6.00   11.00    0.00   33.00   17.00     2      0.00      0.00   65068   18688   0.23      0.00    860.00    712.00       0  nginx
1791494554   1100    561153   55.00   34.00    0.00   21.00   89.00     1   1030.00      0.00 2050692   29092   0.36      0.00      0.00      0.00       0  isupipe

# Time        UID       PID    %usr %system  %guest   %wait    %CPU   CPU  minflt/s  majflt/s     VSZ     RSS   %MEM   kB_rd/s   kB_wr/s kB_ccwr/s iodelay  Command
1791494555      0        13    0.00    0.00    0.00    0.00    0.00     0      0.00      0.00       0       0   0.00      0.00      0.00      0.00       0  ksoftirqd/0
1791494555      0        22    0.00    0.00    0.00    0.00    0.00     1      0.00      0.00       0       0   0.00      0.00      0.00      0.00       0  ksoftirqd/1
1791494555      0        28    0.00    0.00    0.00    0.00    0.00     2      0.00      0.00       0       0   0.00      0.00      0.00      0.00       0  ksoftirqd/2
1791494555      0        34    0.00    1.00    0.00    0.00    1.00     3      0.00      0.00       0       0   0.00      0.00      0.00      0.00       0  ksoftirqd/3
1791494555      0       342    0.00    1.00    0.00    1.00    1.00     2      0.00      0.00       0       0   0.00      0.00     92.00      0.00       0  jbd2/sda1-8
1791494555      0       415    0.00    1.00    0.00    1.00    1.00     0      0.00     28.00  119976   53800   0.66      0.00    112.00      0.00       0  systemd-journal
1791494555    104       739    1.00    0.00    0.00    0.00    1.00     0      0.00      0.00  222072    5200   0.06      0.00     28.00      0.00       0  rsyslogd
1791494555      0     17311    0.00    0.00    0.00    0.00    0.00     0      0.00      0.00   57076   12824   0.16      0.00      0.00      0.00       0  nginx
1791494555    112    244183   67.00   31.00    0.00    0.00   98.00     2      2.00      0.00 2863212  827740  10.20      0.00  16696.00      0.00       0  mysqld
1791494555     33    537871    9.00    8.00    0.00   20.00   17.00     3      0.00      0.00   63216   16840   0.21      0.00    460.00    344.00       0  nginx
1791494555     33    537872   12.00   12.00    0.00   40.00   24.00     3      2.00      0.00   67248   21216   0.26      0.00   2004.00   1876.00       0  nginx
1791494555     33    537873    4.00    9.00    0.00   13.00   13.00     0      0.00      0.00   62368   16060   0.20      0.00    368.00    284.00       0  nginx
1791494555     33    537874    9.00   11.00    0.00   31.00   20.00     3      0.00      0.00   65068   18688   0.23      0.00   1268.00   1124.00       0  nginx
1791494555   1100    561153   61.00   30.00    0.00   32.00   91.00     3   1435.00      0.00 2050692   29108   0.36      0.00      0.00      0.00       0  isupipe

# Time        UID       PID    %usr %system  %guest   %wait    %CPU   CPU  minflt/s  majflt/s     VSZ     RSS   %MEM   kB_rd/s   kB_wr/s kB_ccwr/s iodelay  Command
1791494556      0        13    0.00    0.00    0.00    0.00    0.00     0      0.00      0.00       0       0   0.00      0.00      0.00      0.00       0  ksoftirqd/0
1791494556      0        22    0.00    0.00    0.00    0.00    0.00     1      0.00      0.00       0       0   0.00      0.00      0.00      0.00       0  ksoftirqd/1
1791494556      0        28    0.00    0.00    0.00    0.00    0.00     2      0.00      0.00       0       0   0.00      0.00      0.00      0.00       0  ksoftirqd/2
1791494556      0        34    0.00    1.00    0.00    0.00    1.00     3      0.00      0.00       0       0   0.00      0.00      0.00      0.00       0  ksoftirqd/3
1791494556      0       342    0.00    1.00    0.00    0.00    1.00     2      0.00      0.00       0       0   0.00      0.00     16.00      0.00       0  jbd2/sda1-8
1791494556      0       415    0.00    0.00    0.00    1.00    0.00     0      0.00     26.00  119976   53900   0.66      0.00    104.00      0.00       0  systemd-journal
1791494556    104       739    1.00    0.00    0.00    0.00    1.00     0      0.00      0.00  222072    5200   0.06      0.00     32.00      0.00       0  rsyslogd
1791494556      0     17311    0.00    0.00    0.00    0.00    0.00     0      0.00      0.00   57076   12824   0.16      0.00      0.00      0.00       0  nginx
1791494556    112    244183   69.00   28.00    0.00    3.00   97.00     2      4.00      0.00 2863212  827740  10.20      0.00  21380.00      0.00       0  mysqld
1791494556     33    537871    7.00   10.00    0.00   21.00   17.00     3      0.00      0.00   63216   16840   0.21      0.00    844.00    720.00       0  nginx
1791494556     33    537872   15.00   11.00    0.00   48.00   26.00     3      0.00      0.00   67248   21216   0.26      0.00   1624.00   1368.00       0  nginx
1791494556     33    537873    5.00    7.00    0.00   10.00   12.00     3      0.00      0.00   62368   16060   0.20      0.00    844.00    752.00       0  nginx
1791494556     33    537874   10.00   10.00    0.00   32.00   20.00     3      0.00      0.00   65068   18688   0.23      0.00   1140.00    984.00       0  nginx
1791494556   1100    561153   51.00   39.00    0.00   32.00   90.00     0   1308.00      0.00 2050692   28696   0.35      0.00      0.00      0.00       0  isupipe

# Time        UID       PID    %usr %system  %guest   %wait    %CPU   CPU  minflt/s  majflt/s     VSZ     RSS   %MEM   kB_rd/s   kB_wr/s kB_ccwr/s iodelay  Command
1791494557      0        13    0.00    0.00    0.00    0.00    0.00     0      0.00      0.00       0       0   0.00      0.00      0.00      0.00       0  ksoftirqd/0
1791494557      0        22    0.00    0.00    0.00    0.00    0.00     1      0.00      0.00       0       0   0.00      0.00      0.00      0.00       0  ksoftirqd/1
1791494557      0        28    0.00    0.00    0.00    0.00    0.00     2      0.00      0.00       0       0   0.00      0.00      0.00      0.00       0  ksoftirqd/2
1791494557      0        34    0.00    1.00    0.00    0.00    1.00     3      0.00      0.00       0       0   0.00      0.00      0.00      0.00       0  ksoftirqd/3
1791494557      0       342    0.00    1.00    0.00    0.00    1.00     1      0.00      0.00       0       0   0.00      0.00      4.00      0.00       0  jbd2/sda1-8
1791494557      0       415    1.00    1.00    0.00    0.00    2.00     2      0.00     23.00  119976   54020   0.67      0.00     92.00      0.00       0  systemd-journal
1791494557    104       739    0.00    0.00    0.00    0.00    0.00     0      0.00      0.00  222072    5200   0.06      0.00     28.00      0.00       0  rsyslogd
1791494557      0     17311    0.00    0.00    0.00    0.00    0.00     0      0.00      0.00   57076   12824   0.16      0.00      0.00      0.00       0  nginx
1791494557    112    244183   76.00   25.00    0.00    1.00  101.00     2      7.00      0.00 2863212  827740  10.20      0.00  22132.00      0.00       0  mysqld
1791494557     33    537871    7.00   11.00    0.00   27.00   18.00     1      0.00      0.00   63216   16840   0.21      0.00    932.00    816.00       0  nginx
1791494557     33    537872    8.00   17.00    0.00   44.00   25.00     1      0.00      0.00   67248   21216   0.26      0.00   1184.00    956.00       0  nginx
1791494557     33    537873    7.00    7.00    0.00   12.00   14.00     1      0.00      0.00   62368   16060   0.20      0.00    980.00    904.00       0  nginx
1791494557     33    537874   11.00    9.00    0.00   34.00   20.00     3      0.00      0.00   65068   18688   0.23      0.00   1208.00   1048.00       0  nginx
1791494557   1100    561153   61.00   31.00    0.00   29.00   92.00     0   1714.00      0.00 2050692   30404   0.37      0.00      0.00      0.00       0  isupipe

# Time        UID       PID    %usr %system  %guest   %wait    %CPU   CPU  minflt/s  majflt/s     VSZ     RSS   %MEM   kB_rd/s   kB_wr/s kB_ccwr/s iodelay  Command
1791494558      0        13    0.00    1.00    0.00    0.00    1.00     0      0.00      0.00       0       0   0.00      0.00      0.00      0.00       0  ksoftirqd/0
1791494558      0        22    0.00    0.00    0.00    0.00    0.00     1      0.00      0.00       0       0   0.00      0.00      0.00      0.00       0  ksoftirqd/1
1791494558      0        28    0.00    0.00    0.00    0.00    0.00     2      0.00      0.00       0       0   0.00      0.00      0.00      0.00       0  ksoftirqd/2
1791494558      0        34    0.00    1.00    0.00    0.00    1.00     3      0.00      0.00       0       0   0.00      0.00      0.00      0.00       0  ksoftirqd/3
1791494558      0       342    0.00    1.00    0.00    0.00    1.00     0      0.00      0.00       0       0   0.00      0.00      0.00      0.00       0  jbd2/sda1-8
1791494558      0       415    1.00    1.00    0.00    1.00    2.00     1      0.00     26.00  119976   54020   0.67      0.00    104.00      0.00       0  systemd-journal
1791494558    104       739    0.00    1.00    0.00    0.00    1.00     0      0.00      0.00  222072    5200   0.06      0.00     28.00      0.00       0  rsyslogd
1791494558      0     17311    0.00    0.00    0.00    0.00    0.00     0      0.00      0.00   57076   12824   0.16      0.00      0.00      0.00       0  nginx
1791494558    112    244183   67.00   31.00    0.00    0.00   98.00     3      5.00      0.00 2863212  827740  10.20      0.00  16704.00      0.00       0  mysqld
1791494558     33    537871    8.00    9.00    0.00   28.00   17.00     1      0.00      0.00   63216   16840   0.21      0.00   1132.00    988.00       0  nginx
1791494558     33    537872   12.00   10.00    0.00   44.00   22.00     3      0.00      0.00   67248   21216   0.26      0.00   1272.00   1076.00       0  nginx
1791494558     33    537873    8.00    8.00    0.00   20.00   16.00     3      0.00      0.00   62368   16060   0.20      0.00    476.00    360.00       0  nginx
1791494558     33    537874    7.00    9.00    0.00   31.00   16.00     3      0.00      0.00   63948   17864   0.22      0.00    728.00    572.00       0  nginx
1791494558   1100    561153   56.00   28.00    0.00   34.00   84.00     0   1980.00      0.00 2050692   29500   0.36      0.00      0.00      0.00       0  isupipe

# Time        UID       PID    %usr %system  %guest   %wait    %CPU   CPU  minflt/s  majflt/s     VSZ     RSS   %MEM   kB_rd/s   kB_wr/s kB_ccwr/s iodelay  Command
1791494559      0        13    0.00    0.00    0.00    0.00    0.00     0      0.00      0.00       0       0   0.00      0.00      0.00      0.00       0  ksoftirqd/0
1791494559      0        22    0.00    0.00    0.00    0.00    0.00     1      0.00      0.00       0       0   0.00      0.00      0.00      0.00       0  ksoftirqd/1
1791494559      0        28    0.00    0.00    0.00    0.00    0.00     2      0.00      0.00       0       0   0.00      0.00      0.00      0.00       0  ksoftirqd/2
1791494559      0        34    0.00    1.00    0.00    0.00    1.00     3      0.00      0.00       0       0   0.00      0.00      0.00      0.00       0  ksoftirqd/3
1791494559      0       342    0.00    1.00    0.00    1.00    1.00     1      0.00      0.00       0       0   0.00      0.00     32.00      0.00       0  jbd2/sda1-8
1791494559      0       415    0.00    1.00    0.00    0.00    1.00     2      0.00     20.00  119976   54124   0.67      0.00     80.00      0.00       0  systemd-journal
1791494559    104       739    0.00    0.00    0.00    0.00    0.00     0      0.00      0.00  222072    5200   0.06      0.00     28.00      0.00       0  rsyslogd
1791494559      0     17311    0.00    0.00    0.00    0.00    0.00     0      0.00      0.00   57076   12824   0.16      0.00      0.00      0.00       0  nginx
1791494559    112    244183   69.00   28.00    0.00    1.00   97.00     0      2.00      0.00 2863212  827740  10.20      0.00  20680.00      0.00       0  mysqld
1791494559     33    537871    6.00    9.00    0.00   23.00   15.00     0      0.00      0.00   63216   16840   0.21      0.00    780.00    636.00       0  nginx
1791494559     33    537872   16.00   11.00    0.00   35.00   27.00     3      0.00      0.00   67248   21216   0.26      0.00   1524.00   1308.00       0  nginx
1791494559     33    537873    6.00    8.00    0.00   12.00   14.00     3      0.00      0.00   62368   16060   0.20      0.00    756.00    684.00       0  nginx
1791494559     33    537874    8.00   11.00    0.00   29.00   19.00     1     33.00      0.00   64080   17864   0.22      0.00   1168.00    980.00       0  nginx
1791494559   1100    561153   53.00   36.00    0.00   36.00   89.00     2   1527.00      0.00 2050692   29044   0.36      0.00      0.00      0.00       0  isupipe

# Time        UID       PID    %usr %system  %guest   %wait    %CPU   CPU  minflt/s  majflt/s     VSZ     RSS   %MEM   kB_rd/s   kB_wr/s kB_ccwr/s iodelay  Command
1791494560      0        13    0.00    0.00    0.00    0.00    0.00     0      0.00      0.00       0       0   0.00      0.00      0.00      0.00       0  ksoftirqd/0
1791494560      0        22    0.00    0.00    0.00    0.00    0.00     1      0.00      0.00       0       0   0.00      0.00      0.00      0.00       0  ksoftirqd/1
1791494560      0        28    0.00    1.00    0.00    0.00    1.00     2      0.00      0.00       0       0   0.00      0.00      0.00      0.00       0  ksoftirqd/2
1791494560      0        34    0.00    1.00    0.00    0.00    1.00     3      0.00      0.00       0       0   0.00      0.00      0.00      0.00       0  ksoftirqd/3
1791494560      0       342    0.00    1.00    0.00    0.00    1.00     0      0.00      0.00       0       0   0.00      0.00     76.00      0.00       0  jbd2/sda1-8
1791494560      0       415    0.00    1.00    0.00    1.00    1.00     2      0.00     22.00  119976   54252   0.67      0.00     88.00      0.00       0  systemd-journal
1791494560    104       739    1.00    0.00    0.00    0.00    1.00     0      0.00      0.00  222072    5200   0.06      0.00     28.00      0.00       0  rsyslogd
1791494560      0     17311    0.00    0.00    0.00    0.00    0.00     0      0.00      0.00   57076   12824   0.16      0.00      0.00      0.00       0  nginx
1791494560    112    244183   63.00   33.00    0.00    0.00   96.00     0      5.00      0.00 2863212  827740  10.20      0.00  20368.00      0.00       0  mysqld
1791494560     33    537871    4.00   12.00    0.00   19.00   16.00     0      0.00      0.00   63216   16840   0.21      0.00    468.00    344.00       0  nginx
1791494560     33    537872    9.00   14.00    0.00   41.00   23.00     2      0.00      0.00   67248   21216   0.26      0.00   1776.00   1564.00       0  nginx
1791494560     33    537873    7.00   10.00    0.00   23.00   17.00     3      0.00      0.00   62368   16060   0.20      0.00    488.00    376.00       0  nginx
1791494560     33    537874    9.00   11.00    0.00   31.00   20.00     1     25.00      0.00   64224   17864   0.22      0.00   1268.00   1180.00       0  nginx
1791494560   1100    561153   58.00   34.00    0.00   35.00   92.00     3   2118.00      0.00 2050692   28384   0.35      0.00      0.00      0.00       0  isupipe

# Time        UID       PID    %usr %system  %guest   %wait    %CPU   CPU  minflt/s  majflt/s     VSZ     RSS   %MEM   kB_rd/s   kB_wr/s kB_ccwr/s iodelay  Command
1791494561      0        13    0.00    0.00    0.00    0.00    0.00     0      0.00      0.00       0       0   0.00      0.00      0.00      0.00       0  ksoftirqd/0
1791494561      0        22    0.00    1.00    0.00    0.00    1.00     1      0.00      0.00       0       0   0.00      0.00      0.00      0.00       0  ksoftirqd/1
1791494561      0        28    0.00    0.00    0.00    0.00    0.00     2      0.00      0.00       0       0   0.00      0.00      0.00      0.00       0  ksoftirqd/2
1791494561      0        34    0.00    1.00    0.00    0.00    1.00     3      0.00      0.00       0       0   0.00      0.00      0.00      0.00       0  ksoftirqd/3
1791494561      0       342    0.00    1.00    0.00    0.00    1.00     2      0.00      0.00       0       0   0.00      0.00     52.00      0.00       0  jbd2/sda1-8
1791494561      0       415    0.00    1.00    0.00    0.00    1.00     2      0.00     24.00  119976   54252   0.67      0.00     96.00      0.00       0  systemd-journal
1791494561    104       739    0.00    1.00    0.00    0.00    1.00     0      0.00      0.00  222072    5200   0.06      0.00     32.00      0.00       0  rsyslogd
1791494561      0     17311    0.00    0.00    0.00    0.00    0.00     0      0.00      0.00   57076   12824   0.16      0.00      0.00      0.00       0  nginx
1791494561    112    244183   62.00   37.00    0.00    0.00   99.00     2      6.00      0.00 2863212  827820  10.20      0.00  15088.00      0.00       0  mysqld
1791494561     33    537871    7.00   10.00    0.00   24.00   17.00     3      0.00      0.00   63216   16840   0.21      0.00    804.00    692.00       0  nginx
1791494561     33    537872    9.00   16.00    0.00   36.00   25.00     3      0.00      0.00   67248   21216   0.26      0.00   1004.00    804.00       0  nginx
1791494561     33    537873    6.00   11.00    0.00   16.00   17.00     3      0.00      0.00   62368   16060   0.20      0.00    400.00    276.00       0  nginx
1791494561     33    537874    7.00   11.00    0.00   29.00   18.00     3     30.00      0.00   64360   18124   0.22      0.00   1132.00    988.00       0  nginx
1791494561   1100    561153   51.00   36.00    0.00   25.00   87.00     2   1367.00      0.00 2050692   31620   0.39      0.00      0.00      0.00       0  isupipe

# Time        UID       PID    %usr %system  %guest   %wait    %CPU   CPU  minflt/s  majflt/s     VSZ     RSS   %MEM   kB_rd/s   kB_wr/s kB_ccwr/s iodelay  Command
1791494562      0        13    0.00    0.00    0.00    0.00    0.00     0      0.00      0.00       0       0   0.00      0.00      0.00      0.00       0  ksoftirqd/0
1791494562      0        22    0.00    0.00    0.00    0.00    0.00     1      0.00      0.00       0       0   0.00      0.00      0.00      0.00       0  ksoftirqd/1
1791494562      0        28    0.00    0.00    0.00    0.00    0.00     2      0.00      0.00       0       0   0.00      0.00      0.00      0.00       0  ksoftirqd/2
1791494562      0        34    0.00    1.00    0.00    0.00    1.00     3      0.00      0.00       0       0   0.00      0.00      0.00      0.00       0  ksoftirqd/3
1791494562      0       342    0.00    1.00    0.00    1.00    1.00     2      0.00      0.00       0       0   0.00      0.00      4.00      0.00       0  jbd2/sda1-8
1791494562      0       415    1.00    1.00    0.00    0.00    2.00     3      0.00     24.00  119976   54376   0.67      0.00     96.00      0.00       0  systemd-journal
1791494562    104       739    0.00    0.00    0.00    0.00    0.00     0      0.00      0.00  222072    5200   0.06      0.00     28.00      0.00       0  rsyslogd
1791494562      0     17311    0.00    0.00    0.00    0.00    0.00     0      0.00      0.00   57076   12824   0.16      0.00      0.00      0.00       0  nginx
1791494562    112    244183   68.00   28.00    0.00    1.00   96.00     2      3.00      0.00 2863212  827820  10.20      0.00  15824.00      0.00       0  mysqld
1791494562     33    537871    7.00   10.00    0.00   23.00   17.00     3      0.00      0.00   63216   16840   0.21      0.00    752.00    632.00       0  nginx
1791494562     33    537872   11.00   12.00    0.00   41.00   23.00     3      0.00      0.00   67248   21216   0.26      0.00   1592.00   1384.00       0  nginx
1791494562     33    537873    6.00    8.00    0.00   18.00   14.00     3      0.00      0.00   62368   16060   0.20      0.00    552.00    460.00       0  nginx
1791494562     33    537874    8.00   13.00    0.00   37.00   21.00     3     32.00      0.00   64492   18124   0.22      0.00    960.00    804.00       0  nginx
1791494562   1100    561153   54.00   34.00    0.00   27.00   88.00     1   1163.00      0.00 2050692   30204   0.37      0.00      0.00      0.00       0  isupipe

# Time        UID       PID    %usr %system  %guest   %wait    %CPU   CPU  minflt/s  majflt/s     VSZ     RSS   %MEM   kB_rd/s   kB_wr/s kB_ccwr/s iodelay  Command
1791494563      0        13    0.00    0.00    0.00    0.00    0.00     0      0.00      0.00       0       0   0.00      0.00      0.00      0.00       0  ksoftirqd/0
1791494563      0        22    0.00    0.00    0.00    0.00    0.00     1      0.00      0.00       0       0   0.00      0.00      0.00      0.00       0  ksoftirqd/1
1791494563      0        28    0.00    0.00    0.00    0.00    0.00     2      0.00      0.00       0       0   0.00      0.00      0.00      0.00       0  ksoftirqd/2
1791494563      0        34    0.00    1.00    0.00    0.00    1.00     3      0.00      0.00       0       0   0.00      0.00      0.00      0.00       0  ksoftirqd/3
1791494563      0       342    0.00    1.00    0.00    0.00    1.00     2      0.00      0.00       0       0   0.00      0.00      8.00      0.00       0  jbd2/sda1-8
1791494563      0       415    0.00    1.00    0.00    1.00    1.00     3      0.00     19.00  119976   54496   0.67      0.00     76.00      0.00       0  systemd-journal
1791494563    104       739    1.00    0.00    0.00    0.00    1.00     0      0.00      0.00  222072    5200   0.06      0.00     28.00      0.00       0  rsyslogd
1791494563      0     17311    0.00    0.00    0.00    0.00    0.00     0      0.00      0.00   57076   12824   0.16      0.00      0.00      0.00       0  nginx
1791494563    112    244183   74.00   28.00    0.00    0.00  102.00     2     27.00      0.00 2863212  827820  10.20      0.00  20640.00      0.00       0  mysqld
1791494563     33    537871    6.00   11.00    0.00   27.00   17.00     3      0.00      0.00   63216   16840   0.21      0.00    784.00    644.00       0  nginx
1791494563     33    537872    8.00   13.00    0.00   41.00   21.00     3     67.00      0.00   67532   21468   0.26      0.00   1620.00   1460.00       0  nginx
1791494563     33    537873    6.00   14.00    0.00   27.00   20.00     0      0.00      0.00   62368   16060   0.20      0.00    660.00    524.00       0  nginx
1791494563     33    537874    8.00   10.00    0.00   33.00   18.00     3     12.00      0.00   64492   18388   0.23      0.00   1232.00   1068.00       0  nginx
1791494563   1100    561153   55.00   32.00    0.00   35.00   87.00     1   1638.00      0.00 2050692   29996   0.37      0.00      0.00      0.00       0  isupipe

# Time        UID       PID    %usr %system  %guest   %wait    %CPU   CPU  minflt/s  majflt/s     VSZ     RSS   %MEM   kB_rd/s   kB_wr/s kB_ccwr/s iodelay  Command
1791494564      0        13    0.00    1.00    0.00    1.00    1.00     0      0.00      0.00       0       0   0.00      0.00      0.00      0.00       0  ksoftirqd/0
1791494564      0        22    0.00    0.00    0.00    0.00    0.00     1      0.00      0.00       0       0   0.00      0.00      0.00      0.00       0  ksoftirqd/1
1791494564      0        28    0.00    0.00    0.00    0.00    0.00     2      0.00      0.00       0       0   0.00      0.00      0.00      0.00       0  ksoftirqd/2
1791494564      0        34    0.00    1.00    0.00    0.00    1.00     3      0.00      0.00       0       0   0.00      0.00      0.00      0.00       0  ksoftirqd/3
1791494564      0       342    0.00    1.00    0.00    0.00    1.00     1      0.00      0.00       0       0   0.00      0.00      0.00      0.00       0  jbd2/sda1-8
1791494564      0       415    1.00    1.00    0.00    1.00    2.00     0      0.00     69.00  119976   54584   0.67      0.00    272.00      0.00       0  systemd-journal
1791494564    104       739    0.00    1.00    0.00    0.00    1.00     0      0.00      0.00  222072    5200   0.06      0.00     32.00      0.00       0  rsyslogd
1791494564      0     17311    0.00    0.00    0.00    0.00    0.00     0      0.00      0.00   57076   12824   0.16      0.00      0.00      0.00       0  nginx
1791494564    112    244183   67.00   28.00    0.00    1.00   95.00     2      2.00      0.00 2863212  827820  10.20      0.00  17180.00      0.00       0  mysqld
1791494564     33    537871    5.00    9.00    0.00   22.00   14.00     3      0.00      0.00   63216   16840   0.21      0.00    736.00    644.00       0  nginx
1791494564     33    537872    9.00   14.00    0.00   46.00   23.00     0      4.00      0.00   67532   21468   0.26      0.00   1824.00   1620.00       0  nginx
1791494564     33    537873    3.00   12.00    0.00   20.00   15.00     2      0.00      0.00   62368   16060   0.20      0.00    748.00    552.00       0  nginx
1791494564     33    537874    7.00   11.00    0.00   31.00   18.00     2      0.00      0.00   64492   18388   0.23      0.00   1324.00   1184.00       0  nginx
1791494564   1100    561153   54.00   32.00    0.00   23.00   86.00     2   1901.00      0.00 2050692   32056   0.39      0.00      0.00      0.00       0  isupipe

# Time        UID       PID    %usr %system  %guest   %wait    %CPU   CPU  minflt/s  majflt/s     VSZ     RSS   %MEM   kB_rd/s   kB_wr/s kB_ccwr/s iodelay  Command
1791494565      0        13    0.00    0.00    0.00    0.00    0.00     0      0.00      0.00       0       0   0.00      0.00      0.00      0.00       0  ksoftirqd/0
1791494565      0        22    0.00    0.00    0.00    0.00    0.00     1      0.00      0.00       0       0   0.00      0.00      0.00      0.00       0  ksoftirqd/1
1791494565      0        28    0.00    1.00    0.00    0.00    1.00     2      0.00      0.00       0       0   0.00      0.00      0.00      0.00       0  ksoftirqd/2
1791494565      0        34    0.00    1.00    0.00    0.00    1.00     3      0.00      0.00       0       0   0.00      0.00      0.00      0.00       0  ksoftirqd/3
1791494565      0       342    0.00    1.00    0.00    1.00    1.00     2      0.00      0.00       0       0   0.00      0.00    152.00      0.00       0  jbd2/sda1-8
1791494565      0       415    0.00    1.00    0.00    1.00    1.00     2      0.00    114.00  119976   54652   0.67      0.00    456.00      0.00       0  systemd-journal
1791494565    104       739    0.00    0.00    0.00    0.00    0.00     0      0.00      0.00  222072    5200   0.06      0.00     24.00      0.00       0  rsyslogd
1791494565      0     17311    0.00    0.00    0.00    0.00    0.00     0      0.00      0.00   57076   12824   0.16      0.00      0.00      0.00       0  nginx
1791494565    112    244183   65.00   26.00    0.00    1.00   91.00     2      2.00      0.00 2863212  827820  10.20      0.00  21560.00      0.00       0  mysqld
1791494565     33    537871    5.00   13.00    0.00   34.00   18.00     1      6.00      0.00   63216   16840   0.21      0.00    812.00    708.00       0  nginx
1791494565     33    537872   12.00   13.00    0.00   45.00   25.00     1      0.00      0.00   67532   21468   0.26      0.00   1644.00   1480.00       0  nginx
1791494565     33    537873    6.00   11.00    0.00   25.00   17.00     3      0.00      0.00   62368   16060   0.20      0.00    712.00    664.00       0  nginx
1791494565     33    537874    8.00   10.00    0.00   35.00   18.00     3      9.00      0.00   64624   18388   0.23      0.00    832.00    720.00       0  nginx
1791494565   1100    561153   49.00   37.00    0.00   32.00   86.00     3   2455.00      0.00 2198276   29488   0.36      0.00      0.00      0.00       0  isupipe

# Time        UID       PID    %usr %system  %guest   %wait    %CPU   CPU  minflt/s  majflt/s     VSZ     RSS   %MEM   kB_rd/s   kB_wr/s kB_ccwr/s iodelay  Command
1791494566      0        13    0.00    0.00    0.00    0.00    0.00     0      0.00      0.00       0       0   0.00      0.00      0.00      0.00       0  ksoftirqd/0
1791494566      0        22    0.00    0.00    0.00    0.00    0.00     1      0.00      0.00       0       0   0.00      0.00      0.00      0.00       0  ksoftirqd/1
1791494566      0        28    0.00    0.00    0.00    0.00    0.00     2      0.00      0.00       0       0   0.00      0.00      0.00      0.00       0  ksoftirqd/2
1791494566      0        34    0.00    1.00    0.00    0.00    1.00     3      0.00      0.00       0       0   0.00      0.00      0.00      0.00       0  ksoftirqd/3
1791494566      0       342    0.00    1.00    0.00    0.00    1.00     1      0.00      0.00       0       0   0.00      0.00    156.00      0.00       0  jbd2/sda1-8
1791494566      0       415    1.00    0.00    0.00    0.00    1.00     2      0.00     71.00  119976   54716   0.67      0.00    284.00      0.00       0  systemd-journal
1791494566    104       739    1.00    0.00    0.00    0.00    1.00     0      0.00      0.00  222072    5200   0.06      0.00     28.00      0.00       0  rsyslogd
1791494566      0     17311    0.00    0.00    0.00    0.00    0.00     0      0.00      0.00   57076   12824   0.16      0.00      0.00      0.00       0  nginx
1791494566    112    244183   70.00   26.00    0.00    0.00   96.00     2      0.00      0.00 2863212  827820  10.20      0.00  20888.00      0.00       0  mysqld
1791494566     33    537871    8.00    8.00    0.00   26.00   16.00     3     21.00      0.00   63216   16984   0.21      0.00    964.00    836.00       0  nginx
1791494566     33    537872    8.00   18.00    0.00   39.00   26.00     3      2.00      0.00   67668   21468   0.26      0.00   1688.00   1500.00       0  nginx
1791494566     33    537873    7.00    9.00    0.00   18.00   16.00     3      0.00      0.00   62368   16060   0.20      0.00    812.00    696.00       0  nginx
1791494566     33    537874    5.00   14.00    0.00   39.00   19.00     0      1.00      0.00   64624   18388   0.23      0.00    716.00    572.00       0  nginx
1791494566   1100    561153   58.00   34.00    0.00   16.00   92.00     0   2790.00      0.00 2198276   26960   0.33      0.00      0.00      0.00       0  isupipe

# Time        UID       PID    %usr %system  %guest   %wait    %CPU   CPU  minflt/s  majflt/s     VSZ     RSS   %MEM   kB_rd/s   kB_wr/s kB_ccwr/s iodelay  Command
1791494567      0        13    0.00    0.00    0.00    0.00    0.00     0      0.00      0.00       0       0   0.00      0.00      0.00      0.00       0  ksoftirqd/0
1791494567      0        22    0.00    1.00    0.00    0.00    1.00     1      0.00      0.00       0       0   0.00      0.00      0.00      0.00       0  ksoftirqd/1
1791494567      0        28    0.00    0.00    0.00    0.00    0.00     2      0.00      0.00       0       0   0.00      0.00      0.00      0.00       0  ksoftirqd/2
1791494567      0        34    0.00    1.00    0.00    0.00    1.00     3      0.00      0.00       0       0   0.00      0.00      0.00      0.00       0  ksoftirqd/3
1791494567      0       342    0.00    1.00    0.00    0.00    1.00     2      0.00      0.00       0       0   0.00      0.00      0.00      0.00       0  jbd2/sda1-8
1791494567      0       415    0.00    1.00    0.00    1.00    1.00     2      0.00     50.00  119976   54820   0.68      0.00    200.00      0.00       0  systemd-journal
1791494567    104       739    0.00    0.00    0.00    0.00    0.00     0      0.00      0.00  222072    5200   0.06      0.00     32.00      0.00       0  rsyslogd
1791494567      0     17311    0.00    0.00    0.00    0.00    0.00     0      0.00      0.00   57076   12824   0.16      0.00      0.00      0.00       0  nginx
1791494567    112    244183   69.00   29.00    0.00    1.00   98.00     3      2.00      0.00 2863212  828024  10.20      0.00  16184.00      0.00       0  mysqld
1791494567     33    537871    5.00   12.00    0.00   23.00   17.00     3     37.00      0.00   63352   16984   0.21      0.00    840.00    740.00       0  nginx
1791494567     33    537872   12.00   14.00    0.00   45.00   26.00     3      4.00      0.00   67668   21468   0.26      0.00   1516.00   1264.00       0  nginx
1791494567     33    537873    6.00   10.00    0.00   17.00   16.00     3      0.00      0.00   62368   16060   0.20      0.00    444.00    336.00       0  nginx
1791494567     33    537874    9.00   10.00    0.00   32.00   19.00     1     10.00      0.00   64624   18388   0.23      0.00   1136.00    976.00       0  nginx
1791494567   1100    561153   61.00   27.00    0.00   29.00   88.00     0   2524.00      0.00 2198276   27248   0.34      0.00      0.00      0.00       0  isupipe

# Time        UID       PID    %usr %system  %guest   %wait    %CPU   CPU  minflt/s  majflt/s     VSZ     RSS   %MEM   kB_rd/s   kB_wr/s kB_ccwr/s iodelay  Command
1791494568      0        13    0.00    0.00    0.00    0.00    0.00     0      0.00      0.00       0       0   0.00      0.00      0.00      0.00       0  ksoftirqd/0
1791494568      0        22    0.00    0.00    0.00    0.00    0.00     1      0.00      0.00       0       0   0.00      0.00      0.00      0.00       0  ksoftirqd/1
1791494568      0        28    0.00    0.00    0.00    0.00    0.00     2      0.00      0.00       0       0   0.00      0.00      0.00      0.00       0  ksoftirqd/2
1791494568      0        34    0.00    1.00    0.00    0.00    1.00     3      0.00      0.00       0       0   0.00      0.00      0.00      0.00       0  ksoftirqd/3
1791494568      0       342    0.00    1.00    0.00    0.00    1.00     2      0.00      0.00       0       0   0.00      0.00      0.00      0.00       0  jbd2/sda1-8
1791494568      0       415    1.00    1.00    0.00    0.00    2.00     1      0.00     43.00  119976   54868   0.68      0.00    172.00      0.00       0  systemd-journal
1791494568    104       739    0.00    1.00    0.00    0.00    1.00     0      0.00      0.00  222072    5200   0.06      0.00     28.00      0.00       0  rsyslogd
1791494568      0     17311    0.00    0.00    0.00    0.00    0.00     0      0.00      0.00   57076   12824   0.16      0.00      0.00      0.00       0  nginx
1791494568    112    244183   65.00   28.00    0.00    2.00   93.00     0     18.00      0.00 2863212  828024  10.20      0.00  21492.00      0.00       0  mysqld
1791494568     33    537871    6.00   12.00    0.00   29.00   18.00     3      0.00      0.00   63352   16984   0.21      0.00    748.00    604.00       0  nginx
1791494568     33    537872   11.00   10.00    0.00   45.00   21.00     3      8.00      0.00   67668   21468   0.26      0.00   1540.00   1368.00       0  nginx
1791494568     33    537873    5.00   13.00    0.00   28.00   18.00     2      0.00      0.00   62368   16060   0.20      0.00    560.00    424.00       0  nginx
1791494568     33    537874   11.00    9.00    0.00   35.00   20.00     0     85.00      0.00   65032   18652   0.23      0.00   1580.00   1408.00       0  nginx
1791494568   1100    561153   55.00   34.00    0.00   27.00   89.00     0   3777.00      0.00 2198276   26668   0.33      0.00      0.00      0.00       0  isupipe

# Time        UID       PID    %usr %system  %guest   %wait    %CPU   CPU  minflt/s  majflt/s     VSZ     RSS   %MEM   kB_rd/s   kB_wr/s kB_ccwr/s iodelay  Command
1791494569      0        13    0.00    0.00    0.00    0.00    0.00     0      0.00      0.00       0       0   0.00      0.00      0.00      0.00       0  ksoftirqd/0
1791494569      0        22    0.00    0.00    0.00    0.00    0.00     1      0.00      0.00       0       0   0.00      0.00      0.00      0.00       0  ksoftirqd/1
1791494569      0        28    0.00    0.00    0.00    0.00    0.00     2      0.00      0.00       0       0   0.00      0.00      0.00      0.00       0  ksoftirqd/2
1791494569      0        34    0.00    1.00    0.00    1.00    1.00     3      0.00      0.00       0       0   0.00      0.00      0.00      0.00       0  ksoftirqd/3
1791494569      0       342    0.00    1.00    0.00    1.00    1.00     2      0.00      0.00       0       0   0.00      0.00     12.00      0.00       0  jbd2/sda1-8
1791494569      0       415    0.00    1.00    0.00    0.00    1.00     1      0.00     36.00  119976   54932   0.68      0.00    144.00      0.00       0  systemd-journal
1791494569    104       739    0.00    1.00    0.00    0.00    1.00     0      0.00      0.00  222072    5200   0.06      0.00     28.00      0.00       0  rsyslogd
1791494569      0     17311    0.00    0.00    0.00    0.00    0.00     0      0.00      0.00   57076   12824   0.16      0.00      0.00      0.00       0  nginx
1791494569    112    244183   73.00   20.00    0.00    0.00   93.00     1      0.00      0.00 2863212  828024  10.20      0.00  17828.00      0.00       0  mysqld
1791494569     33    537871    6.00   12.00    0.00   29.00   18.00     3      0.00      0.00   63352   16984   0.21      0.00    560.00    412.00       0  nginx
1791494569     33    537872   13.00   12.00    0.00   46.00   25.00     3     87.00      0.00   67940   21732   0.27      0.00   1616.00   1360.00       0  nginx
1791494569     33    537873    7.00    9.00    0.00   17.00   16.00     3      1.00      0.00   62368   16060   0.20      0.00    716.00    604.00       0  nginx
1791494569     33    537874    7.00   11.00    0.00   39.00   18.00     3      4.00      0.00   65032   18652   0.23      0.00   1120.00   1004.00       0  nginx
1791494569   1100    561153   55.00   30.00    0.00   27.00   85.00     0   1460.00      0.00 2198276   26756   0.33      0.00      0.00      0.00       0  isupipe

# Time        UID       PID    %usr %system  %guest   %wait    %CPU   CPU  minflt/s  majflt/s     VSZ     RSS   %MEM   kB_rd/s   kB_wr/s kB_ccwr/s iodelay  Command
1791494570      0        13    0.00    1.00    0.00    0.00    1.00     0      0.00      0.00       0       0   0.00      0.00      0.00      0.00       0  ksoftirqd/0
1791494570      0        22    0.00    0.00    0.00    0.00    0.00     1      0.00      0.00       0       0   0.00      0.00      0.00      0.00       0  ksoftirqd/1
1791494570      0        28    0.00    0.00    0.00    0.00    0.00     2      0.00      0.00       0       0   0.00      0.00      0.00      0.00       0  ksoftirqd/2
1791494570      0        34    0.00    1.00    0.00    0.00    1.00     3      0.00      0.00       0       0   0.00      0.00      0.00      0.00       0  ksoftirqd/3
1791494570      0       342    0.00    1.00    0.00    0.00    1.00     1      0.00      0.00       0       0   0.00      0.00     12.00      0.00       0  jbd2/sda1-8
1791494570      0       415    1.00    0.00    0.00    1.00    1.00     2      0.00     26.00  119976   55020   0.68      0.00    104.00      0.00       0  systemd-journal
1791494570    104       739    1.00    0.00    0.00    0.00    1.00     0      0.00      0.00  222072    5200   0.06      0.00     28.00      0.00       0  rsyslogd
1791494570      0     17311    0.00    0.00    0.00    0.00    0.00     0      0.00      0.00   57076   12824   0.16      0.00      0.00      0.00       0  nginx
1791494570    112    244183   73.00   23.00    0.00    1.00   96.00     0      2.00      0.00 2863212  828024  10.20      0.00  22008.00      0.00       0  mysqld
1791494570     33    537871    6.00    9.00    0.00   29.00   15.00     3      5.00      0.00   63352   16984   0.21      0.00    604.00    480.00       0  nginx
1791494570     33    537872   13.00   12.00    0.00   39.00   25.00     3     27.00      0.00   68072   21996   0.27      0.00   1236.00   1000.00       0  nginx
1791494570     33    537873    5.00    9.00    0.00   16.00   14.00     3      1.00      0.00   62368   16060   0.20      0.00    976.00    868.00       0  nginx
1791494570     33    537874    9.00   10.00    0.00   31.00   19.00     3     10.00      0.00   65032   18652   0.23      0.00   1220.00   1120.00       0  nginx
1791494570   1100    561153   57.00   30.00    0.00   31.00   87.00     0   2816.00      0.00 2198276   26172   0.32      0.00      0.00      0.00       0  isupipe

# Time        UID       PID    %usr %system  %guest   %wait    %CPU   CPU  minflt/s  majflt/s     VSZ     RSS   %MEM   kB_rd/s   kB_wr/s kB_ccwr/s iodelay  Command
1791494571      0        13    0.00    0.00    0.00    0.00    0.00     0      0.00      0.00       0       0   0.00      0.00      0.00      0.00       0  ksoftirqd/0
1791494571      0        22    0.00    0.00    0.00    0.00    0.00     1      0.00      0.00       0       0   0.00      0.00      0.00      0.00       0  ksoftirqd/1
1791494571      0        28    0.00    1.00    0.00    0.00    1.00     2      0.00      0.00       0       0   0.00      0.00      0.00      0.00       0  ksoftirqd/2
1791494571      0        34    0.00    1.00    0.00    0.00    1.00     3      0.00      0.00       0       0   0.00      0.00      0.00      0.00       0  ksoftirqd/3
1791494571      0       342    0.00    1.00    0.00    0.00    1.00     1      0.00      0.00       0       0   0.00      0.00      4.00      0.00       0  jbd2/sda1-8
1791494571      0       415    1.00    1.00    0.00    0.00    2.00     0      0.00     30.00  119976   55104   0.68      0.00    120.00      0.00       0  systemd-journal
1791494571    104       739    0.00    1.00    0.00    0.00    1.00     0      0.00      0.00  222072    5200   0.06      0.00     24.00      0.00       0  rsyslogd
1791494571      0     17311    0.00    0.00    0.00    0.00    0.00     0      0.00      0.00   57076   12824   0.16      0.00      0.00      0.00       0  nginx
1791494571    112    244183   67.00   28.00    0.00    0.00   95.00     1      0.00      0.00 2863212  828024  10.20      0.00  17372.00      0.00       0  mysqld
1791494571     33    537871    5.00   10.00    0.00   23.00   15.00     3      0.00      0.00   63352   16984   0.21      0.00    668.00    544.00       0  nginx
1791494571     33    537872   11.00   13.00    0.00   42.00   24.00     3      3.00      0.00   68072   21996   0.27      0.00   1368.00   1168.00       0  nginx
1791494571     33    537873    5.00   12.00    0.00   19.00   17.00     3     17.00      0.00   62368   16060   0.20      0.00    932.00    840.00       0  nginx
1791494571     33    537874   10.00    9.00    0.00   33.00   19.00     3     68.00      0.00   65312   18916   0.23      0.00   1108.00    880.00       0  nginx
1791494571   1100    561153   54.00   37.00    0.00   31.00   91.00     0   2443.00      0.00 2198276   26784   0.33      0.00      0.00      0.00       0  isupipe

# Time        UID       PID    %usr %system  %guest   %wait    %CPU   CPU  minflt/s  majflt/s     VSZ     RSS   %MEM   kB_rd/s   kB_wr/s kB_ccwr/s iodelay  Command
1791494572      0        13    0.00    0.00    0.00    0.00    0.00     0      0.00      0.00       0       0   0.00      0.00      0.00      0.00       0  ksoftirqd/0
1791494572      0        22    0.00    0.00    0.00    0.00    0.00     1      0.00      0.00       0       0   0.00      0.00      0.00      0.00       0  ksoftirqd/1
1791494572      0        28    0.00    0.00    0.00    0.00    0.00     2      0.00      0.00       0       0   0.00      0.00      0.00      0.00       0  ksoftirqd/2
1791494572      0        34    0.00    1.00    0.00    0.00    1.00     3      0.00      0.00       0       0   0.00      0.00      0.00      0.00       0  ksoftirqd/3
1791494572      0       342    0.00    1.00    0.00    1.00    1.00     2      0.00      0.00       0       0   0.00      0.00     16.00      0.00       0  jbd2/sda1-8
1791494572      0       415    0.00    1.00    0.00    1.00    1.00     1      0.00     25.00  119976   55192   0.68      0.00    100.00      0.00       0  systemd-journal
1791494572    104       739    0.00    0.00    0.00    0.00    0.00     0      0.00      0.00  222072    5200   0.06      0.00     28.00      0.00       0  rsyslogd
1791494572      0     17311    0.00    0.00    0.00    0.00    0.00     0      0.00      0.00   57076   12824   0.16      0.00      0.00      0.00       0  nginx
1791494572    112    244183   77.00   17.00    0.00    0.00   94.00     2      0.00      0.00 2863212  828024  10.20      0.00  21420.00      0.00       0  mysqld
1791494572     33    537871    7.00    9.00    0.00   18.00   16.00     3      0.00      0.00   63352   16984   0.21      0.00    548.00    432.00       0  nginx
1791494572     33    537872   13.00   15.00    0.00   34.00   28.00     3     30.00      0.00   68208   21996   0.27      0.00   1736.00   1504.00       0  nginx
1791494572     33    537873    5.00    7.00    0.00    9.00   12.00     3     22.00      0.00   62500   16276   0.20      0.00    572.00    508.00       0  nginx
1791494572     33    537874    9.00   10.00    0.00   34.00   19.00     3      5.00      0.00   65312   18916   0.23      0.00   1104.00   1048.00       0  nginx
1791494572   1100    561153   59.00   32.00    0.00   28.00   91.00     0   3070.00      0.00 2198276   27124   0.33      0.00      0.00      0.00       0  isupipe

# Time        UID       PID    %usr %system  %guest   %wait    %CPU   CPU  minflt/s  majflt/s     VSZ     RSS   %MEM   kB_rd/s   kB_wr/s kB_ccwr/s iodelay  Command
1791494573      0        13    0.00    0.00    0.00    0.00    0.00     0      0.00      0.00       0       0   0.00      0.00      0.00      0.00       0  ksoftirqd/0
1791494573      0        22    0.00    1.00    0.00    0.00    1.00     1      0.00      0.00       0       0   0.00      0.00      0.00      0.00       0  ksoftirqd/1
1791494573      0        28    0.00    0.00    0.00    0.00    0.00     2      0.00      0.00       0       0   0.00      0.00      0.00      0.00       0  ksoftirqd/2
1791494573      0        34    0.00    2.00    0.00    0.00    2.00     3      0.00      0.00       0       0   0.00      0.00      0.00      0.00       0  ksoftirqd/3
1791494573      0       342    0.00    2.00    0.00    1.00    2.00     2      0.00      0.00       0       0   0.00      0.00     20.00      0.00       0  jbd2/sda1-8
1791494573      0       415    1.00    0.00    0.00    0.00    1.00     2      0.00     18.00  119976   55192   0.68      0.00     72.00      0.00       0  systemd-journal
1791494573    104       739    0.00    0.00    0.00    0.00    0.00     0      0.00      0.00  222072    5200   0.06      0.00     16.00      0.00       0  rsyslogd
1791494573      0     17311    0.00    0.00    0.00    0.00    0.00     0      0.00      0.00   57076   12824   0.16      0.00      0.00      0.00       0  nginx
1791494573    112    244183   59.00   22.00    0.00    1.00   81.00     0      0.00      0.00 2857044  825760  10.17      0.00  15584.00      0.00       0  mysqld
1791494573     33    537871   10.00    7.00    0.00   23.00   17.00     3     12.00      0.00   63492   17248   0.21      0.00    696.00    616.00       0  nginx
1791494573     33    537872   12.00   15.00    0.00   37.00   27.00     3     27.00      0.00   68340   21996   0.27      0.00   1352.00   1120.00       0  nginx
1791494573     33    537873    7.00    8.00    0.00   20.00   15.00     3     21.00      0.00   62636   16276   0.20      0.00    328.00    272.00       0  nginx
1791494573     33    537874   12.00    6.00    0.00   28.00   18.00     3      0.00      0.00   65312   18916   0.23      0.00    792.00    640.00       0  nginx
1791494573   1100    561153   49.00   27.00    0.00   27.00   76.00     1   2472.00      0.00 2198276   26532   0.33      0.00      0.00      0.00       0  isupipe

# Time        UID       PID    %usr %system  %guest   %wait    %CPU   CPU  minflt/s  majflt/s     VSZ     RSS   %MEM   kB_rd/s   kB_wr/s kB_ccwr/s iodelay  Command
1791494574      0        13    0.00    0.00    0.00    0.00    0.00     0      0.00      0.00       0       0   0.00      0.00      0.00      0.00       0  ksoftirqd/0
1791494574      0        22    0.00    0.00    0.00    0.00    0.00     1      0.00      0.00       0       0   0.00      0.00      0.00      0.00       0  ksoftirqd/1
1791494574      0        28    0.00    0.00    0.00    1.00    0.00     2      0.00      0.00       0       0   0.00      0.00      0.00      0.00       0  ksoftirqd/2
1791494574      0        34    0.00    0.00    0.00    0.00    0.00     3      0.00      0.00       0       0   0.00      0.00      0.00      0.00       0  ksoftirqd/3
1791494574      0       342    0.00    0.00    0.00    0.00    0.00     3      0.00      0.00       0       0   0.00      0.00      0.00      0.00       0  jbd2/sda1-8
1791494574      0       415    0.00    0.00    0.00    0.00    0.00     3      0.00      0.00  119976   55192   0.68      0.00      0.00      0.00       0  systemd-journal
1791494574    104       739    0.00    0.00    0.00    0.00    0.00     0      0.00      0.00  222072    5200   0.06      0.00      0.00      0.00       0  rsyslogd
1791494574      0     17311    0.00    0.00    0.00    0.00    0.00     0      0.00      0.00   57076   12824   0.16      0.00      0.00      0.00       0  nginx
1791494574    112    244183    2.00    1.00    0.00    0.00    3.00     0      0.00      0.00 2857044  825760  10.17      0.00   8384.00      0.00       0  mysqld
1791494574     33    537871    1.00    0.00    0.00    1.00    1.00     0      0.00      0.00   63492   17248   0.21      0.00     60.00      0.00       0  nginx
1791494574     33    537872    1.00    2.00    0.00    1.00    3.00     3      0.00      0.00   68340   21996   0.27      0.00     44.00      0.00       0  nginx
1791494574     33    537873    1.00    1.00    0.00    0.00    2.00     0      0.00      0.00   62636   16276   0.20      0.00     44.00      0.00       0  nginx
1791494574     33    537874    1.00    1.00    0.00    0.00    2.00     2      0.00      0.00   65312   18916   0.23      0.00     60.00      0.00       0  nginx
1791494574   1100    561153    0.00    0.00    0.00    0.00    0.00     1      0.00      0.00 2198276   26532   0.33      0.00      0.00      0.00       0  isupipe

# Time        UID       PID    %usr %system  %guest   %wait    %CPU   CPU  minflt/s  majflt/s     VSZ     RSS   %MEM   kB_rd/s   kB_wr/s kB_ccwr/s iodelay  Command
1791494575      0        13    0.00    0.00    0.00    0.00    0.00     0      0.00      0.00       0       0   0.00      0.00      0.00      0.00       0  ksoftirqd/0
1791494575      0        22    0.00    0.00    0.00    0.00    0.00     1      0.00      0.00       0       0   0.00      0.00      0.00      0.00       0  ksoftirqd/1
1791494575      0        28    0.00    0.00    0.00    0.00    0.00     2      0.00      0.00       0       0   0.00      0.00      0.00      0.00       0  ksoftirqd/2
1791494575      0        34    0.00    0.00    0.00    0.00    0.00     3      0.00      0.00       0       0   0.00      0.00      0.00      0.00       0  ksoftirqd/3
1791494575      0       342    0.00    1.00    0.00    0.00    1.00     0      0.00      0.00       0       0   0.00      0.00      4.00      0.00       0  jbd2/sda1-8
1791494575      0       415    0.00    0.00    0.00    0.00    0.00     1      0.00    113.00  119976   55276   0.68      0.00    448.00      0.00       0  systemd-journal
1791494575    104       739    0.00    1.00    0.00    0.00    1.00     0      0.00      0.00  222072    5200   0.06      0.00      0.00      0.00       0  rsyslogd
1791494575      0     17311    0.00    0.00    0.00    0.00    0.00     0      0.00      0.00   57076   12824   0.16      0.00      0.00      0.00       0  nginx
1791494575    112    244183    1.00    1.00    0.00    0.00    2.00     0      0.00      0.00 2857044  825760  10.17      0.00   7436.00      0.00       0  mysqld
1791494575     33    537871    0.00    0.00    0.00    0.00    0.00     1      0.00      0.00   63492   17248   0.21      0.00      0.00      0.00       0  nginx
1791494575     33    537872    0.00    2.00    0.00    0.00    2.00     3      0.00      0.00   68340   21996   0.27      0.00      0.00      0.00       0  nginx
1791494575     33    537873    0.00    0.00    0.00    0.00    0.00     0      0.00      0.00   62636   16276   0.20      0.00      0.00      0.00       0  nginx
1791494575     33    537874    0.00    0.00    0.00    0.00    0.00     2      0.00      0.00   65312   18916   0.23      0.00      0.00      0.00       0  nginx
1791494575   1100    561153    1.00    0.00    0.00    0.00    1.00     1    421.00      0.00 2198276   28096   0.35      0.00      0.00      0.00       0  isupipe
