Linux 5.15.0-198-generic (isucon13-app) 	10/08/26 	_aarch64_	(4 CPU)

# Time        UID       PID    %usr %system  %guest   %wait    %CPU   CPU  minflt/s  majflt/s     VSZ     RSS   %MEM   kB_rd/s   kB_wr/s kB_ccwr/s iodelay  Command
1791476875    112     14307    7.00    9.00    0.00    0.00   16.00     2      5.00      0.00 2893044 1013372  12.48      0.00   8628.00      0.00       0  mysqld
1791476875      0     17311    0.00    0.00    0.00    0.00    0.00     1      0.00      0.00   56800   12976   0.16      0.00      0.00      0.00       0  nginx
1791476875     33     23432    0.00    0.00    0.00    0.00    0.00     0      0.00      0.00   61524   15520   0.19      0.00      0.00      0.00       0  nginx
1791476875     33     23433    0.00    0.00    0.00    0.00    0.00     1      0.00      0.00   59612   13528   0.17      0.00      0.00      0.00       0  nginx
1791476875     33     23434    0.00    0.00    0.00    0.00    0.00     2      0.00      0.00   58248   11944   0.15      0.00      0.00      0.00       0  nginx
1791476875     33     23435    0.00    0.00    0.00    0.00    0.00     3      0.00      0.00   58776   12472   0.15      0.00      0.00      0.00       0  nginx
1791476875    113    151301    0.00    0.00    0.00    0.00    0.00     0      0.00      0.00  682592   63152   0.78      0.00      0.00      0.00       0  pdns_server
1791476875   1100    155660    0.00    0.00    0.00    0.00    0.00     2      1.00      0.00 1826928   14032   0.17      0.00      0.00      0.00       0  isupipe

# Time        UID       PID    %usr %system  %guest   %wait    %CPU   CPU  minflt/s  majflt/s     VSZ     RSS   %MEM   kB_rd/s   kB_wr/s kB_ccwr/s iodelay  Command
1791476876    112     14307    7.00    9.00    0.00    0.00   16.00     2      0.00      0.00 2893044 1013372  12.48      0.00   6884.00      0.00       0  mysqld
1791476876      0     17311    0.00    0.00    0.00    0.00    0.00     1      0.00      0.00   56800   12976   0.16      0.00      0.00      0.00       0  nginx
1791476876     33     23432    0.00    0.00    0.00    0.00    0.00     0      0.00      0.00   61524   15520   0.19      0.00      0.00      0.00       0  nginx
1791476876     33     23433    0.00    0.00    0.00    0.00    0.00     1      0.00      0.00   59612   13528   0.17      0.00      0.00      0.00       0  nginx
1791476876     33     23434    0.00    0.00    0.00    0.00    0.00     2      0.00      0.00   58248   11944   0.15      0.00      0.00      0.00       0  nginx
1791476876     33     23435    0.00    0.00    0.00    0.00    0.00     3      0.00      0.00   58776   12472   0.15      0.00      0.00      0.00       0  nginx
1791476876    113    151301    0.00    0.00    0.00    0.00    0.00     0      0.00      0.00  682592   63152   0.78      0.00      0.00      0.00       0  pdns_server
1791476876   1100    155660    0.00    0.00    0.00    0.00    0.00     2      0.00      0.00 1826928   14032   0.17      0.00      0.00      0.00       0  isupipe

# Time        UID       PID    %usr %system  %guest   %wait    %CPU   CPU  minflt/s  majflt/s     VSZ     RSS   %MEM   kB_rd/s   kB_wr/s kB_ccwr/s iodelay  Command
1791476877    112     14307    5.00    9.00    0.00    0.00   14.00     2      0.00      0.00 2893044 1013372  12.48      0.00   6952.00      0.00       0  mysqld
1791476877      0     17311    0.00    0.00    0.00    0.00    0.00     1      0.00      0.00   56800   12976   0.16      0.00      0.00      0.00       0  nginx
1791476877     33     23432    0.00    0.00    0.00    0.00    0.00     0      0.00      0.00   61524   15520   0.19      0.00      0.00      0.00       0  nginx
1791476877     33     23433    0.00    0.00    0.00    0.00    0.00     1      0.00      0.00   59612   13528   0.17      0.00      0.00      0.00       0  nginx
1791476877     33     23434    0.00    0.00    0.00    0.00    0.00     2      0.00      0.00   58248   11944   0.15      0.00      0.00      0.00       0  nginx
1791476877     33     23435    0.00    0.00    0.00    0.00    0.00     3      0.00      0.00   58776   12472   0.15      0.00      0.00      0.00       0  nginx
1791476877    113    151301    0.00    0.00    0.00    0.00    0.00     0      0.00      0.00  682592   63152   0.78      0.00      0.00      0.00       0  pdns_server
1791476877   1100    155660    0.00    0.00    0.00    0.00    0.00     2      0.00      0.00 1826928   14032   0.17      0.00      0.00      0.00       0  isupipe

# Time        UID       PID    %usr %system  %guest   %wait    %CPU   CPU  minflt/s  majflt/s     VSZ     RSS   %MEM   kB_rd/s   kB_wr/s kB_ccwr/s iodelay  Command
1791476878    112     14307    9.00    8.00    0.00    0.00   17.00     2   3642.00      0.00 2893044 1027888  12.66      0.00   8648.00      0.00       0  mysqld
1791476878      0     17311    0.00    0.00    0.00    0.00    0.00     1      0.00      0.00   56800   12976   0.16      0.00      0.00      0.00       0  nginx
1791476878     33     23432    0.00    0.00    0.00    0.00    0.00     0      0.00      0.00   61524   15520   0.19      0.00      0.00      0.00       0  nginx
1791476878     33     23433    0.00    0.00    0.00    0.00    0.00     1      0.00      0.00   59612   13528   0.17      0.00      0.00      0.00       0  nginx
1791476878     33     23434    0.00    0.00    0.00    0.00    0.00     2      0.00      0.00   58248   11944   0.15      0.00      0.00      0.00       0  nginx
1791476878     33     23435    0.00    0.00    0.00    0.00    0.00     3      0.00      0.00   58776   12472   0.15      0.00      0.00      0.00       0  nginx
1791476878    113    151301    0.00    0.00    0.00    0.00    0.00     0      0.00      0.00  682592   63152   0.78      0.00      0.00      0.00       0  pdns_server
1791476878   1100    155660    0.00    0.00    0.00    0.00    0.00     2      0.00      0.00 1826928   14032   0.17      0.00      0.00      0.00       0  isupipe

# Time        UID       PID    %usr %system  %guest   %wait    %CPU   CPU  minflt/s  majflt/s     VSZ     RSS   %MEM   kB_rd/s   kB_wr/s kB_ccwr/s iodelay  Command
1791476879    112     14307   30.00   13.00    0.00    0.00   43.00     3    778.00      0.00 2893044  999028  12.31      0.00  52484.00   3472.00       0  mysqld
1791476879      0     17311    0.00    0.00    0.00    0.00    0.00     1      0.00      0.00   56800   12976   0.16      0.00      0.00      0.00       0  nginx
1791476879     33     23432    1.00    0.00    0.00    0.00    1.00     1      0.00      0.00   61524   15520   0.19      0.00      4.00      0.00       0  nginx
1791476879     33     23433    0.00    0.00    0.00    0.00    0.00     1      0.00      0.00   59612   13528   0.17      0.00      0.00      0.00       0  nginx
1791476879     33     23434    0.00    0.00    0.00    0.00    0.00     2      0.00      0.00   58248   11944   0.15      0.00      0.00      0.00       0  nginx
1791476879     33     23435    0.00    0.00    0.00    0.00    0.00     3      0.00      0.00   58776   12472   0.15      0.00      0.00      0.00       0  nginx
1791476879    113    151301    0.00    0.00    0.00    0.00    0.00     0      0.00      0.00  682592   63152   0.78      0.00      0.00      0.00       0  pdns_server
1791476879   1100    155660    0.00    1.00    0.00    0.00    1.00     2     97.00      0.00 1826928   14280   0.18      0.00     52.00     52.00       0  isupipe

# Time        UID       PID    %usr %system  %guest   %wait    %CPU   CPU  minflt/s  majflt/s     VSZ     RSS   %MEM   kB_rd/s   kB_wr/s kB_ccwr/s iodelay  Command
1791476880    112     14307   17.65    2.94    0.00    0.00   20.59     2      0.00      0.00 2893044  999028  12.31      0.00   4258.82     47.06       0  mysqld
1791476880      0     17311    0.00    0.00    0.00    0.00    0.00     1      0.00      0.00   56800   12976   0.16      0.00      0.00      0.00       0  nginx
1791476880     33     23432    0.98    0.00    0.00    0.00    0.98     0      0.00      0.00   61524   15520   0.19      0.00     70.59     58.82       0  nginx
1791476880     33     23433    0.00    0.00    0.00    0.00    0.00     1      0.00      0.00   59612   13528   0.17      0.00      0.00      0.00       0  nginx
1791476880     33     23434    0.00    0.00    0.00    0.00    0.00     2      0.00      0.00   58248   11944   0.15      0.00      0.00      0.00       0  nginx
1791476880     33     23435    0.00    0.00    0.00    0.00    0.00     3      0.00      0.00   58776   12472   0.15      0.00      0.00      0.00       0  nginx
1791476880    113    151301    0.00    0.00    0.00    0.00    0.00     0      0.00      0.00  682592   63152   0.78      0.00      0.00      0.00       0  pdns_server
1791476880   1100    155660    4.90    4.90    0.00    0.00    9.80     2    310.78      0.00 1826928   14656   0.18      0.00      0.00      0.00       0  isupipe

# Time        UID       PID    %usr %system  %guest   %wait    %CPU   CPU  minflt/s  majflt/s     VSZ     RSS   %MEM   kB_rd/s   kB_wr/s kB_ccwr/s iodelay  Command
1791476881    112     14307    0.93    0.93    0.00    0.00    1.87     2      0.00      0.00 2893044  999028  12.31      0.00   3170.09      0.00       0  mysqld
1791476881      0     17311    0.00    0.00    0.00    0.00    0.00     1      0.00      0.00   56800   12976   0.16      0.00      0.00      0.00       0  nginx
1791476881     33     23432    0.00    0.00    0.00    0.00    0.00     0      0.00      0.00   61524   15520   0.19      0.00      0.00      0.00       0  nginx
1791476881     33     23433    0.00    0.00    0.00    0.00    0.00     1      0.00      0.00   59612   13528   0.17      0.00      0.00      0.00       0  nginx
1791476881     33     23434    0.00    0.00    0.00    0.00    0.00     2      0.00      0.00   58248   11944   0.15      0.00      0.00      0.00       0  nginx
1791476881     33     23435    0.00    0.00    0.00    0.00    0.00     3      0.00      0.00   58776   12472   0.15      0.00      0.00      0.00       0  nginx
1791476881    113    151301    0.00    0.00    0.00    0.00    0.00     0      0.00      0.00  682592   63152   0.78      0.00      0.00      0.00       0  pdns_server
1791476881   1100    155660    0.00    0.00    0.00    0.00    0.00     2      0.00      0.00 1826928   14656   0.18      0.00      0.00      0.00       0  isupipe

# Time        UID       PID    %usr %system  %guest   %wait    %CPU   CPU  minflt/s  majflt/s     VSZ     RSS   %MEM   kB_rd/s   kB_wr/s kB_ccwr/s iodelay  Command
1791476882    112     14307    2.97    3.96    0.00    0.00    6.93     2      0.00      0.00 2893044  999028  12.31      0.00   3671.29     67.33       0  mysqld
1791476882      0     17311    0.00    0.00    0.00    0.00    0.00     1      0.00      0.00   56800   12976   0.16      0.00      0.00      0.00       0  nginx
1791476882     33     23432    0.00    0.99    0.00    0.00    0.99     2      0.00      0.00   61524   15520   0.19      0.00     99.01     87.13       0  nginx
1791476882     33     23433    0.00    0.00    0.00    0.00    0.00     1      0.00      0.00   59612   13528   0.17      0.00      0.00      0.00       0  nginx
1791476882     33     23434    0.00    0.00    0.00    0.00    0.00     2      0.00      0.00   58248   11944   0.15      0.00      0.00      0.00       0  nginx
1791476882     33     23435    0.00    0.00    0.00    0.00    0.00     3      0.00      0.00   58776   12472   0.15      0.00      0.00      0.00       0  nginx
1791476882    113    151301    0.00    0.99    0.00    0.00    0.99     0      0.00      0.00  682592   63152   0.78      0.00      0.00      0.00       0  pdns_server
1791476882   1100    155660    1.98    3.96    0.00    0.00    5.94     2     84.16      0.00 1827184   14412   0.18      0.00      0.00      0.00       0  isupipe

# Time        UID       PID    %usr %system  %guest   %wait    %CPU   CPU  minflt/s  majflt/s     VSZ     RSS   %MEM   kB_rd/s   kB_wr/s kB_ccwr/s iodelay  Command
1791476883    112     14307    0.00    0.99    0.00    0.00    0.99     2      0.00      0.00 2893044  999028  12.31      0.00   2883.17      0.00       0  mysqld
1791476883      0     17311    0.00    0.00    0.00    0.00    0.00     1      0.00      0.00   56800   12976   0.16      0.00      0.00      0.00       0  nginx
1791476883     33     23432    0.00    0.00    0.00    0.00    0.00     2      0.00      0.00   61524   15520   0.19      0.00      0.00      0.00       0  nginx
1791476883     33     23433    0.00    0.00    0.00    0.00    0.00     1      0.00      0.00   59612   13528   0.17      0.00      0.00      0.00       0  nginx
1791476883     33     23434    0.00    0.00    0.00    0.00    0.00     2      0.00      0.00   58248   11944   0.15      0.00      0.00      0.00       0  nginx
1791476883     33     23435    0.00    0.00    0.00    0.00    0.00     3      0.00      0.00   58776   12472   0.15      0.00      0.00      0.00       0  nginx
1791476883    113    151301    0.00    0.00    0.00    0.00    0.00     0      0.00      0.00  682592   63152   0.78      0.00      0.00      0.00       0  pdns_server
1791476883   1100    155660    0.00    0.00    0.00    0.00    0.00     2      0.00      0.00 1827184   14412   0.18      0.00      0.00      0.00       0  isupipe

# Time        UID       PID    %usr %system  %guest   %wait    %CPU   CPU  minflt/s  majflt/s     VSZ     RSS   %MEM   kB_rd/s   kB_wr/s kB_ccwr/s iodelay  Command
1791476884    112     14307   14.00   11.00    0.00    0.00   25.00     2      0.00      0.00 2893044  999028  12.31      0.00   4164.00    136.00       0  mysqld
1791476884      0     17311    0.00    0.00    0.00    0.00    0.00     1      0.00      0.00   56800   12976   0.16      0.00      0.00      0.00       0  nginx
1791476884     33     23432    2.00    2.00    0.00    0.00    4.00     1      0.00      0.00   61524   15520   0.19      0.00    452.00    176.00       0  nginx
1791476884     33     23433    0.00    0.00    0.00    0.00    0.00     0      0.00      0.00   59612   13528   0.17      0.00      0.00      0.00       0  nginx
1791476884     33     23434    0.00    0.00    0.00    0.00    0.00     2      0.00      0.00   58248   11944   0.15      0.00      0.00      0.00       0  nginx
1791476884     33     23435    0.00    0.00    0.00    0.00    0.00     0      0.00      0.00   58776   12472   0.15      0.00      0.00      0.00       0  nginx
1791476884    113    151301    3.00    4.00    0.00    0.00    7.00     0      0.00      0.00  682592   63152   0.78      0.00      0.00      0.00       0  pdns_server
1791476884   1100    155660    6.00    3.00    0.00    0.00    9.00     2    270.00      0.00 1827184   15192   0.19      0.00      0.00      0.00       0  isupipe

# Time        UID       PID    %usr %system  %guest   %wait    %CPU   CPU  minflt/s  majflt/s     VSZ     RSS   %MEM   kB_rd/s   kB_wr/s kB_ccwr/s iodelay  Command
1791476885    112     14307   75.00   42.00    0.00    5.00  117.00     3    384.00      0.00 2894072 1000256  12.32      0.00  19328.00   1820.00       0  mysqld
1791476885      0     17311    0.00    0.00    0.00    0.00    0.00     1      0.00      0.00   56800   12976   0.16      0.00      0.00      0.00       0  nginx
1791476885     33     23432    8.00   10.00    0.00   14.00   18.00     3      0.00      0.00   61524   15520   0.19      0.00   1532.00   1616.00       0  nginx
1791476885     33     23433    3.00    8.00    0.00    8.00   11.00     0      0.00      0.00   59612   13528   0.17      0.00    444.00    360.00       0  nginx
1791476885     33     23434    0.00    0.00    0.00    0.00    0.00     2      0.00      0.00   58248   11944   0.15      0.00      0.00      0.00       0  nginx
1791476885     33     23435    1.00    1.00    0.00    1.00    2.00     1      0.00      0.00   58776   12472   0.15      0.00     96.00     96.00       0  nginx
1791476885    113    151301   11.00   17.00    0.00    0.00   28.00     0      0.00      0.00  682592   63152   0.78      0.00      0.00      0.00       0  pdns_server
1791476885   1100    155660   24.00   38.00    0.00   21.00   62.00     2   2317.00      0.00 1900976   15156   0.19      0.00      0.00      0.00       0  isupipe

# Time        UID       PID    %usr %system  %guest   %wait    %CPU   CPU  minflt/s  majflt/s     VSZ     RSS   %MEM   kB_rd/s   kB_wr/s kB_ccwr/s iodelay  Command
1791476886    112     14307   75.00   38.00    0.00    3.00  113.00     3    210.00      0.00 2895100 1000380  12.32      0.00   7440.00   1064.00       0  mysqld
1791476886      0     17311    0.00    0.00    0.00    0.00    0.00     1      0.00      0.00   56800   12976   0.16      0.00      0.00      0.00       0  nginx
1791476886     33     23432    9.00   12.00    0.00   20.00   21.00     1      0.00      0.00   61524   15520   0.19      0.00    420.00    348.00       0  nginx
1791476886     33     23433    3.00    7.00    0.00    9.00   10.00     3      0.00      0.00   59612   13528   0.17      0.00    644.00    612.00       0  nginx
1791476886     33     23434    0.00    1.00    0.00    1.00    1.00     3      0.00      0.00   58248   11944   0.15      0.00     64.00     64.00       0  nginx
1791476886     33     23435    1.00    5.00    0.00    4.00    6.00     3      0.00      0.00   58776   12472   0.15      0.00    392.00    372.00       0  nginx
1791476886    113    151301   11.00   13.00    0.00    0.00   24.00     0      0.00      0.00  682592   63152   0.78      0.00      0.00      0.00       0  pdns_server
1791476886   1100    155660   28.00   37.00    0.00   33.00   65.00     1   1580.00      0.00 1900976   15596   0.19      0.00      0.00      0.00       0  isupipe

# Time        UID       PID    %usr %system  %guest   %wait    %CPU   CPU  minflt/s  majflt/s     VSZ     RSS   %MEM   kB_rd/s   kB_wr/s kB_ccwr/s iodelay  Command
1791476887    112     14307   73.00   40.00    0.00    4.00  113.00     2    138.00      0.00 2893044 1000380  12.32      0.00   9264.00   1112.00       0  mysqld
1791476887      0     17311    0.00    0.00    0.00    0.00    0.00     1      0.00      0.00   56800   12976   0.16      0.00      0.00      0.00       0  nginx
1791476887     33     23432    6.00   11.00    0.00   15.00   17.00     3      0.00      0.00   61524   15520   0.19      0.00    856.00    760.00       0  nginx
1791476887     33     23433    4.00    7.00    0.00   11.00   11.00     3      0.00      0.00   59612   13528   0.17      0.00    288.00    208.00       0  nginx
1791476887     33     23434    1.00    1.00    0.00    2.00    2.00     3      0.00      0.00   58248   11944   0.15      0.00     12.00      0.00       0  nginx
1791476887     33     23435    2.00    5.00    0.00    7.00    7.00     3      0.00      0.00   58776   12472   0.15      0.00    444.00    412.00       0  nginx
1791476887    113    151301   13.00   16.00    0.00    0.00   29.00     0      1.00      0.00  682592   63152   0.78      0.00      0.00      0.00       0  pdns_server
1791476887   1100    155660   35.00   30.00    0.00   20.00   65.00     1   1968.00      0.00 1975024   15792   0.19      0.00      0.00      0.00       0  isupipe

# Time        UID       PID    %usr %system  %guest   %wait    %CPU   CPU  minflt/s  majflt/s     VSZ     RSS   %MEM   kB_rd/s   kB_wr/s kB_ccwr/s iodelay  Command
1791476888    112     14307   82.00   34.00    0.00    3.00  116.00     0    133.00      0.00 2893044 1000380  12.32      0.00   8948.00   1256.00       0  mysqld
1791476888      0     17311    0.00    0.00    0.00    0.00    0.00     1      0.00      0.00   56800   12976   0.16      0.00      0.00      0.00       0  nginx
1791476888     33     23432    5.00   10.00    0.00   22.00   15.00     3      0.00      0.00   61524   15520   0.19      0.00   1128.00    940.00       0  nginx
1791476888     33     23433    3.00    7.00    0.00   12.00   10.00     3      0.00      0.00   59612   13528   0.17      0.00    224.00    168.00       0  nginx
1791476888     33     23434    0.00    1.00    0.00    2.00    1.00     3      0.00      0.00   58248   11944   0.15      0.00    104.00     96.00       0  nginx
1791476888     33     23435    4.00    5.00    0.00   11.00    9.00     1      0.00      0.00   58776   12472   0.15      0.00    268.00    216.00       0  nginx
1791476888    113    151301   15.00   13.00    0.00    0.00   28.00     0      0.00      0.00  682592   63152   0.78      0.00      0.00      0.00       0  pdns_server
1791476888   1100    155660   36.00   29.00    0.00   21.00   65.00     0   1942.00      0.00 1975280   15652   0.19      0.00      0.00      0.00       0  isupipe

# Time        UID       PID    %usr %system  %guest   %wait    %CPU   CPU  minflt/s  majflt/s     VSZ     RSS   %MEM   kB_rd/s   kB_wr/s kB_ccwr/s iodelay  Command
1791476889    112     14307   77.00   41.00    0.00    3.00  118.00     0     36.00      0.00 2892016 1000380  12.32      0.00   7084.00   1060.00       0  mysqld
1791476889      0     17311    0.00    0.00    0.00    0.00    0.00     1      0.00      0.00   56800   12976   0.16      0.00      0.00      0.00       0  nginx
1791476889     33     23432    6.00   10.00    0.00   24.00   16.00     1      0.00      0.00   61524   15520   0.19      0.00    792.00    736.00       0  nginx
1791476889     33     23433    3.00    8.00    0.00   13.00   11.00     1      0.00      0.00   59612   13528   0.17      0.00    276.00    228.00       0  nginx
1791476889     33     23434    1.00    0.00    0.00    1.00    1.00     0      0.00      0.00   58248   11944   0.15      0.00    228.00    224.00       0  nginx
1791476889     33     23435    1.00    5.00    0.00    8.00    6.00     3      0.00      0.00   58776   12472   0.15      0.00    252.00    212.00       0  nginx
1791476889    113    151301   18.00   18.00    0.00    0.00   36.00     0      0.00      0.00  682592   63152   0.78      0.00      0.00      0.00       0  pdns_server
1791476889   1100    155660   30.00   28.00    0.00   24.00   58.00     2   1586.00      0.00 1975280   15396   0.19      0.00      0.00      0.00       0  isupipe

# Time        UID       PID    %usr %system  %guest   %wait    %CPU   CPU  minflt/s  majflt/s     VSZ     RSS   %MEM   kB_rd/s   kB_wr/s kB_ccwr/s iodelay  Command
1791476890    112     14307   83.00   38.00    0.00    2.00  121.00     0    192.00      0.00 2894072 1000380  12.32      0.00   8668.00    860.00       0  mysqld
1791476890      0     17311    0.00    0.00    0.00    0.00    0.00     1      0.00      0.00   56800   12976   0.16      0.00      0.00      0.00       0  nginx
1791476890     33     23432    5.00   15.00    0.00   23.00   20.00     1      0.00      0.00   61524   15520   0.19      0.00    968.00    808.00       0  nginx
1791476890     33     23433    4.00    8.00    0.00   12.00   12.00     3      0.00      0.00   59612   13528   0.17      0.00    344.00    172.00       0  nginx
1791476890     33     23434    0.00    2.00    0.00    2.00    2.00     3      0.00      0.00   58248   11944   0.15      0.00     16.00      0.00       0  nginx
1791476890     33     23435    1.00    5.00    0.00    7.00    6.00     3      0.00      0.00   58776   12472   0.15      0.00     32.00      0.00       0  nginx
1791476890    113    151301   14.00   22.00    0.00    0.00   36.00     0      0.00      0.00  682592   63152   0.78      0.00      0.00      0.00       0  pdns_server
1791476890   1100    155660   34.00   32.00    0.00   28.00   66.00     1   1726.00      0.00 1975280   15484   0.19      0.00      0.00      0.00       0  isupipe

# Time        UID       PID    %usr %system  %guest   %wait    %CPU   CPU  minflt/s  majflt/s     VSZ     RSS   %MEM   kB_rd/s   kB_wr/s kB_ccwr/s iodelay  Command
1791476891    112     14307   96.00   44.00    0.00    3.00  140.00     2    190.00      0.00 2892016 1000380  12.32      0.00   9072.00    876.00       0  mysqld
1791476891      0     17311    0.00    0.00    0.00    0.00    0.00     1      0.00      0.00   56800   12976   0.16      0.00      0.00      0.00       0  nginx
1791476891     33     23432    4.00   11.00    0.00   17.00   15.00     3      0.00      0.00   61524   15520   0.19      0.00    836.00    716.00       0  nginx
1791476891     33     23433    4.00    5.00    0.00   12.00    9.00     3      0.00      0.00   59612   13528   0.17      0.00    144.00    100.00       0  nginx
1791476891     33     23434    1.00    3.00    0.00    3.00    4.00     3      0.00      0.00   58248   11944   0.15      0.00    100.00     80.00       0  nginx
1791476891     33     23435    2.00    7.00    0.00    6.00    9.00     3      0.00      0.00   58776   12472   0.15      0.00    364.00    260.00       0  nginx
1791476891    113    151301   17.00   23.00    0.00    0.00   40.00     0      1.00      0.00  682592   63152   0.78      0.00      0.00      0.00       0  pdns_server
1791476891   1100    155660   37.00   24.00    0.00   32.00   61.00     2   1507.00      0.00 1975536   15752   0.19      0.00      0.00      0.00       0  isupipe

# Time        UID       PID    %usr %system  %guest   %wait    %CPU   CPU  minflt/s  majflt/s     VSZ     RSS   %MEM   kB_rd/s   kB_wr/s kB_ccwr/s iodelay  Command
1791476892    112     14307   97.00   35.00    0.00    1.00  132.00     1     27.00      0.00 2893044 1000380  12.32      0.00   8428.00   1124.00       0  mysqld
1791476892      0     17311    0.00    0.00    0.00    0.00    0.00     1      0.00      0.00   56800   12976   0.16      0.00      0.00      0.00       0  nginx
1791476892     33     23432    7.00   10.00    0.00   28.00   17.00     3      0.00      0.00   61524   15520   0.19      0.00    848.00    732.00       0  nginx
1791476892     33     23433    6.00    7.00    0.00   17.00   13.00     3      0.00      0.00   59612   13528   0.17      0.00    536.00    448.00       0  nginx
1791476892     33     23434    2.00    5.00    0.00    9.00    7.00     0      0.00      0.00   58248   11944   0.15      0.00    244.00    224.00       0  nginx
1791476892     33     23435    2.00    6.00    0.00   12.00    8.00     3      0.00      0.00   58776   12472   0.15      0.00     28.00     68.00       0  nginx
1791476892    113    151301   15.00   19.00    0.00    0.00   34.00     0      1.00      0.00  682592   63152   0.78      0.00      0.00      0.00       0  pdns_server
1791476892   1100    155660   41.00   29.00    0.00   19.00   70.00     2   2071.00      0.00 2049328   15212   0.19      0.00      0.00      0.00       0  isupipe

# Time        UID       PID    %usr %system  %guest   %wait    %CPU   CPU  minflt/s  majflt/s     VSZ     RSS   %MEM   kB_rd/s   kB_wr/s kB_ccwr/s iodelay  Command
1791476893    112     14307   95.00   48.00    0.00    2.00  143.00     0    391.00      0.00 2895100 1000380  12.32      0.00  15452.00   1136.00       0  mysqld
1791476893      0     17311    0.00    0.00    0.00    0.00    0.00     1      0.00      0.00   56800   12976   0.16      0.00      0.00      0.00       0  nginx
1791476893     33     23432    6.00   12.00    0.00   23.00   18.00     3      0.00      0.00   61524   15520   0.19      0.00    856.00    740.00       0  nginx
1791476893     33     23433    3.00    9.00    0.00   14.00   12.00     3      0.00      0.00   59612   13528   0.17      0.00    436.00    364.00       0  nginx
1791476893     33     23434    2.00    4.00    0.00    5.00    6.00     1      0.00      0.00   58248   11944   0.15      0.00     32.00      0.00       0  nginx
1791476893     33     23435    1.00    6.00    0.00    5.00    7.00     3      0.00      0.00   58776   12472   0.15      0.00    364.00    336.00       0  nginx
1791476893    113    151301   18.00   16.00    0.00    0.00   34.00     0      0.00      0.00  682592   63152   0.78      0.00      0.00      0.00       0  pdns_server
1791476893   1100    155660   38.00   31.00    0.00   27.00   69.00     2   2081.00      0.00 2049328   16656   0.21      0.00      0.00      0.00       0  isupipe

# Time        UID       PID    %usr %system  %guest   %wait    %CPU   CPU  minflt/s  majflt/s     VSZ     RSS   %MEM   kB_rd/s   kB_wr/s kB_ccwr/s iodelay  Command
1791476894    112     14307   92.00   38.00    0.00    1.00  130.00     2     34.00      0.00 2893044 1000380  12.32      0.00   9840.00   1348.00       0  mysqld
1791476894      0     17311    0.00    0.00    0.00    0.00    0.00     1      0.00      0.00   56800   12976   0.16      0.00      0.00      0.00       0  nginx
1791476894     33     23432    7.00   14.00    0.00   28.00   21.00     3      0.00      0.00   61524   15520   0.19      0.00    912.00    784.00       0  nginx
1791476894     33     23433    3.00   11.00    0.00   13.00   14.00     3      0.00      0.00   59612   13528   0.17      0.00    380.00    288.00       0  nginx
1791476894     33     23434    2.00    1.00    0.00    3.00    3.00     3      0.00      0.00   58248   11944   0.15      0.00     76.00     60.00       0  nginx
1791476894     33     23435    4.00    2.00    0.00    5.00    6.00     3      0.00      0.00   58776   12472   0.15      0.00    508.00    488.00       0  nginx
1791476894    113    151301   15.00   19.00    0.00    0.00   34.00     0      1.00      0.00  682592   63152   0.78      0.00      0.00      0.00       0  pdns_server
1791476894   1100    155660   38.00   30.00    0.00   36.00   68.00     0   2175.00      0.00 2049328   15684   0.19      0.00      0.00      0.00       0  isupipe

# Time        UID       PID    %usr %system  %guest   %wait    %CPU   CPU  minflt/s  majflt/s     VSZ     RSS   %MEM   kB_rd/s   kB_wr/s kB_ccwr/s iodelay  Command
1791476895    112     14307   92.00   41.00    0.00    2.00  133.00     2    232.00      0.00 2894072 1000592  12.32      0.00   9500.00   1124.00       0  mysqld
1791476895      0     17311    0.00    0.00    0.00    0.00    0.00     1      0.00      0.00   56800   12976   0.16      0.00      0.00      0.00       0  nginx
1791476895     33     23432    7.00   11.00    0.00   35.00   18.00     3      0.00      0.00   61524   15520   0.19      0.00    744.00    612.00       0  nginx
1791476895     33     23433    4.00   11.00    0.00   21.00   15.00     3      0.00      0.00   59612   13528   0.17      0.00    524.00    444.00       0  nginx
1791476895     33     23434    1.00    1.00    0.00    3.00    2.00     3      0.00      0.00   58248   11944   0.15      0.00    192.00    184.00       0  nginx
1791476895     33     23435    3.00    7.00    0.00   14.00   10.00     0      0.00      0.00   58776   12472   0.15      0.00    192.00    124.00       0  nginx
1791476895    113    151301   12.00   20.00    0.00    0.00   32.00     0      2.00      0.00  682592   63152   0.78      0.00      0.00      0.00       0  pdns_server
1791476895   1100    155660   43.00   25.00    0.00   27.00   68.00     2   2197.00      0.00 2049328   15956   0.20      0.00      0.00      0.00       0  isupipe

# Time        UID       PID    %usr %system  %guest   %wait    %CPU   CPU  minflt/s  majflt/s     VSZ     RSS   %MEM   kB_rd/s   kB_wr/s kB_ccwr/s iodelay  Command
1791476896    112     14307   97.00   42.00    0.00    3.00  139.00     1    135.00      0.00 2893044 1000380  12.32      0.00   9628.00   1240.00       0  mysqld
1791476896      0     17311    0.00    0.00    0.00    0.00    0.00     1      0.00      0.00   56800   12976   0.16      0.00      0.00      0.00       0  nginx
1791476896     33     23432    7.00   11.00    0.00   30.00   18.00     3      0.00      0.00   61524   15520   0.19      0.00    752.00    604.00       0  nginx
1791476896     33     23433    6.00    6.00    0.00   16.00   12.00     3      0.00      0.00   59612   13528   0.17      0.00    424.00    368.00       0  nginx
1791476896     33     23434    2.00    3.00    0.00    7.00    5.00     3      0.00      0.00   58248   11944   0.15      0.00    192.00    184.00       0  nginx
1791476896     33     23435    4.00    2.00    0.00   10.00    6.00     3      0.00      0.00   58776   12472   0.15      0.00    304.00    280.00       0  nginx
1791476896    113    151301   17.00   21.00    0.00    0.00   38.00     0      2.00      0.00  682592   63416   0.78      0.00      0.00      0.00       0  pdns_server
1791476896   1100    155660   34.00   29.00    0.00   34.00   63.00     0   1913.00      0.00 2049328   16016   0.20      0.00      0.00      0.00       0  isupipe

# Time        UID       PID    %usr %system  %guest   %wait    %CPU   CPU  minflt/s  majflt/s     VSZ     RSS   %MEM   kB_rd/s   kB_wr/s kB_ccwr/s iodelay  Command
1791476897    112     14307   89.00   48.00    0.00    2.00  137.00     1    116.00      0.00 2892016 1000380  12.32      0.00  15580.00    824.00       0  mysqld
1791476897      0     17311    0.00    0.00    0.00    0.00    0.00     1      0.00      0.00   56800   12976   0.16      0.00      0.00      0.00       0  nginx
1791476897     33     23432    5.00   10.00    0.00   26.00   15.00     3      0.00      0.00   61524   15520   0.19      0.00    740.00    624.00       0  nginx
1791476897     33     23433    3.00    9.00    0.00   16.00   12.00     0      0.00      0.00   59612   13528   0.17      0.00    268.00    216.00       0  nginx
1791476897     33     23434    1.00    3.00    0.00    6.00    4.00     0      0.00      0.00   58248   11944   0.15      0.00     12.00      0.00       0  nginx
1791476897     33     23435    3.00    6.00    0.00    9.00    9.00     0      0.00      0.00   58776   12472   0.15      0.00    376.00    248.00       0  nginx
1791476897    113    151301   16.00   23.00    0.00    0.00   39.00     0      1.00      0.00  682592   63416   0.78      0.00      0.00      0.00       0  pdns_server
1791476897   1100    155660   31.00   31.00    0.00   21.00   62.00     1   2024.00      0.00 2049328   16072   0.20      0.00      0.00      0.00       0  isupipe

# Time        UID       PID    %usr %system  %guest   %wait    %CPU   CPU  minflt/s  majflt/s     VSZ     RSS   %MEM   kB_rd/s   kB_wr/s kB_ccwr/s iodelay  Command
1791476898    112     14307   92.00   46.00    0.00    1.00  138.00     1    138.00      0.00 2893044 1000484  12.32      0.00   9768.00   1064.00       0  mysqld
1791476898      0     17311    0.00    0.00    0.00    0.00    0.00     1      0.00      0.00   56800   12976   0.16      0.00      0.00      0.00       0  nginx
1791476898     33     23432    8.00   10.00    0.00   34.00   18.00     3      0.00      0.00   61524   15520   0.19      0.00    340.00    216.00       0  nginx
1791476898     33     23433    4.00   10.00    0.00   23.00   14.00     3      0.00      0.00   59612   13528   0.17      0.00    648.00    504.00       0  nginx
1791476898     33     23434    0.00    3.00    0.00    3.00    3.00     3      0.00      0.00   58248   11944   0.15      0.00    320.00    316.00       0  nginx
1791476898     33     23435    5.00    8.00    0.00   14.00   13.00     3      0.00      0.00   58776   12472   0.15      0.00    252.00    288.00       0  nginx
1791476898    113    151301   18.00   19.00    0.00    0.00   37.00     0      0.00      0.00  682592   63416   0.78      0.00      0.00      0.00       0  pdns_server
1791476898   1100    155660   42.00   29.00    0.00   28.00   71.00     0   2294.00      0.00 2049328   16360   0.20      0.00      0.00      0.00       0  isupipe

# Time        UID       PID    %usr %system  %guest   %wait    %CPU   CPU  minflt/s  majflt/s     VSZ     RSS   %MEM   kB_rd/s   kB_wr/s kB_ccwr/s iodelay  Command
1791476899    112     14307   95.00   42.00    0.00    3.00  137.00     0     39.00      0.00 2894072 1000484  12.32      0.00   9572.00   1108.00       0  mysqld
1791476899      0     17311    0.00    0.00    0.00    0.00    0.00     1      0.00      0.00   56800   12976   0.16      0.00      0.00      0.00       0  nginx
1791476899     33     23432    7.00   11.00    0.00   25.00   18.00     2      0.00      0.00   61524   15520   0.19      0.00    572.00    440.00       0  nginx
1791476899     33     23433    4.00    9.00    0.00   11.00   13.00     3      0.00      0.00   59612   13528   0.17      0.00    864.00    864.00       0  nginx
1791476899     33     23434    2.00    2.00    0.00    4.00    4.00     3      0.00      0.00   58248   11944   0.15      0.00     92.00     76.00       0  nginx
1791476899     33     23435    3.00    5.00    0.00    8.00    8.00     3      0.00      0.00   58776   12472   0.15      0.00    148.00      0.00       0  nginx
1791476899    113    151301   19.00   20.00    0.00    0.00   39.00     0      1.00      0.00  682592   63416   0.78      0.00      0.00      0.00       0  pdns_server
1791476899   1100    155660   44.00   28.00    0.00   33.00   72.00     1   2496.00      0.00 2049328   16444   0.20      0.00      0.00      0.00       0  isupipe

# Time        UID       PID    %usr %system  %guest   %wait    %CPU   CPU  minflt/s  majflt/s     VSZ     RSS   %MEM   kB_rd/s   kB_wr/s kB_ccwr/s iodelay  Command
1791476900    112     14307  100.00   45.00    0.00    2.00  145.00     1    293.00      0.00 2892016 1000484  12.32      0.00  10424.00   1336.00       0  mysqld
1791476900      0     17311    0.00    0.00    0.00    0.00    0.00     1      0.00      0.00   56800   12976   0.16      0.00      0.00      0.00       0  nginx
1791476900     33     23432    8.00   12.00    0.00   25.00   20.00     3      0.00      0.00   61524   15520   0.19      0.00    836.00    640.00       0  nginx
1791476900     33     23433    6.00    9.00    0.00   14.00   15.00     0      0.00      0.00   59612   13528   0.17      0.00    544.00    460.00       0  nginx
1791476900     33     23434    2.00    1.00    0.00    1.00    3.00     3      0.00      0.00   58248   11944   0.15      0.00      4.00      0.00       0  nginx
1791476900     33     23435    2.00    6.00    0.00    6.00    8.00     3      0.00      0.00   58776   12472   0.15      0.00    380.00    420.00       0  nginx
1791476900    113    151301   20.00   22.00    0.00    0.00   42.00     0      1.00      0.00  682592   63680   0.78      0.00      0.00      0.00       0  pdns_server
1791476900   1100    155660   46.00   24.00    0.00   36.00   70.00     1   2346.00      0.00 2123120   16124   0.20      0.00      0.00      0.00       0  isupipe

# Time        UID       PID    %usr %system  %guest   %wait    %CPU   CPU  minflt/s  majflt/s     VSZ     RSS   %MEM   kB_rd/s   kB_wr/s kB_ccwr/s iodelay  Command
1791476901    112     14307   96.00   45.00    0.00    4.00  141.00     0     51.00      0.00 2893044 1000484  12.32      0.00  11212.00   1736.00       0  mysqld
1791476901      0     17311    0.00    0.00    0.00    0.00    0.00     1      0.00      0.00   56800   12976   0.16      0.00      0.00      0.00       0  nginx
1791476901     33     23432    9.00   10.00    0.00   22.00   19.00     3      0.00      0.00   61524   15520   0.19      0.00    940.00    832.00       0  nginx
1791476901     33     23433    3.00   12.00    0.00   17.00   15.00     0      0.00      0.00   59612   13528   0.17      0.00    860.00    764.00       0  nginx
1791476901     33     23434    1.00    2.00    0.00    4.00    3.00     0      0.00      0.00   58248   11944   0.15      0.00    100.00     88.00       0  nginx
1791476901     33     23435    3.00    6.00    0.00    8.00    9.00     3      0.00      0.00   58776   12472   0.15      0.00    252.00    200.00       0  nginx
1791476901    113    151301   23.00   21.00    0.00    0.00   44.00     0      1.00      0.00  682592   63680   0.78      0.00      0.00      0.00       0  pdns_server
1791476901   1100    155660   42.00   26.00    0.00   35.00   68.00     0   2255.00      0.00 2123120   16268   0.20      0.00      0.00      0.00       0  isupipe

# Time        UID       PID    %usr %system  %guest   %wait    %CPU   CPU  minflt/s  majflt/s     VSZ     RSS   %MEM   kB_rd/s   kB_wr/s kB_ccwr/s iodelay  Command
1791476902    112     14307   91.00   47.00    0.00    2.00  138.00     2    275.00      0.00 2894072 1000484  12.32      0.00   9272.00    928.00       0  mysqld
1791476902      0     17311    0.00    0.00    0.00    0.00    0.00     1      0.00      0.00   56800   12976   0.16      0.00      0.00      0.00       0  nginx
1791476902     33     23432    5.00   10.00    0.00   23.00   15.00     3      0.00      0.00   61524   15520   0.19      0.00    916.00    700.00       0  nginx
1791476902     33     23433    3.00    9.00    0.00   20.00   12.00     3      0.00      0.00   59612   13528   0.17      0.00     80.00      0.00       0  nginx
1791476902     33     23434    1.00    5.00    0.00    7.00    6.00     3      0.00      0.00   58248   11944   0.15      0.00     28.00      0.00       0  nginx
1791476902     33     23435    4.00    4.00    0.00    7.00    8.00     3      0.00      0.00   58776   12472   0.15      0.00    544.00    516.00       0  nginx
1791476902    113    151301   18.00   21.00    0.00    0.00   39.00     0      2.00      0.00  682592   63680   0.78      0.00      0.00      0.00       0  pdns_server
1791476902   1100    155660   42.00   27.00    0.00   35.00   69.00     2   2658.00      0.00 2123120   16752   0.21      0.00      0.00      0.00       0  isupipe

# Time        UID       PID    %usr %system  %guest   %wait    %CPU   CPU  minflt/s  majflt/s     VSZ     RSS   %MEM   kB_rd/s   kB_wr/s kB_ccwr/s iodelay  Command
1791476903    112     14307  106.00   34.00    0.00    3.00  140.00     0     18.00      0.00 2896128 1000484  12.32      0.00  10024.00   1236.00       0  mysqld
1791476903      0     17311    0.00    0.00    0.00    0.00    0.00     1      0.00      0.00   56800   12976   0.16      0.00      0.00      0.00       0  nginx
1791476903     33     23432    6.00   11.00    0.00   26.00   17.00     3      0.00      0.00   61524   15520   0.19      0.00    964.00    856.00       0  nginx
1791476903     33     23433    5.00    7.00    0.00   18.00   12.00     1      0.00      0.00   59612   13528   0.17      0.00    532.00    444.00       0  nginx
1791476903     33     23434    1.00    1.00    0.00    3.00    2.00     3      0.00      0.00   58248   11944   0.15      0.00     16.00      0.00       0  nginx
1791476903     33     23435    3.00    8.00    0.00   10.00   11.00     3      0.00      0.00   58776   12472   0.15      0.00    296.00    244.00       0  nginx
1791476903    113    151301   18.00   30.00    0.00    0.00   48.00     0      0.00      0.00  682592   63680   0.78      0.00      0.00      0.00       0  pdns_server
1791476903   1100    155660   37.00   26.00    0.00    6.00   63.00     1   2550.00      0.00 2123120   16432   0.20      0.00      0.00      0.00       0  isupipe

# Time        UID       PID    %usr %system  %guest   %wait    %CPU   CPU  minflt/s  majflt/s     VSZ     RSS   %MEM   kB_rd/s   kB_wr/s kB_ccwr/s iodelay  Command
1791476904    112     14307   87.00   54.00    0.00    2.00  141.00     2    174.00      0.00 2893044 1000484  12.32      0.00  17412.00   1096.00       0  mysqld
1791476904      0     17311    0.00    0.00    0.00    0.00    0.00     1      0.00      0.00   56800   12976   0.16      0.00      0.00      0.00       0  nginx
1791476904     33     23432    5.00   11.00    0.00   26.00   16.00     1      0.00      0.00   61524   15520   0.19      0.00    428.00    408.00       0  nginx
1791476904     33     23433    6.00    7.00    0.00   17.00   13.00     3      0.00      0.00   59612   13528   0.17      0.00    484.00    404.00       0  nginx
1791476904     33     23434    0.00    3.00    0.00    3.00    3.00     3      0.00      0.00   58248   11944   0.15      0.00    100.00     80.00       0  nginx
1791476904     33     23435    4.00    4.00    0.00    7.00    8.00     3      0.00      0.00   58776   12472   0.15      0.00    472.00    420.00       0  nginx
1791476904    113    151301   24.00   23.00    0.00    0.00   47.00     0      1.00      0.00  682592   63680   0.78      0.00      0.00      0.00       0  pdns_server
1791476904   1100    155660   42.00   24.00    0.00   31.00   66.00     2   2192.00      0.00 2123120   16368   0.20      0.00      0.00      0.00       0  isupipe

# Time        UID       PID    %usr %system  %guest   %wait    %CPU   CPU  minflt/s  majflt/s     VSZ     RSS   %MEM   kB_rd/s   kB_wr/s kB_ccwr/s iodelay  Command
1791476905    112     14307   96.00   46.00    0.00    4.00  142.00     2    245.00      0.00 2892016 1001008  12.33      0.00  11404.00   1080.00       0  mysqld
1791476905      0     17311    0.00    0.00    0.00    0.00    0.00     1      0.00      0.00   56800   12976   0.16      0.00      0.00      0.00       0  nginx
1791476905     33     23432    7.00   10.00    0.00   28.00   17.00     2      0.00      0.00   61524   15520   0.19      0.00    636.00    624.00       0  nginx
1791476905     33     23433    2.00   10.00    0.00   16.00   12.00     3      0.00      0.00   59612   13528   0.17      0.00    572.00    516.00       0  nginx
1791476905     33     23434    2.00    1.00    0.00    4.00    3.00     3      0.00      0.00   58248   11944   0.15      0.00     96.00     80.00       0  nginx
1791476905     33     23435    4.00    9.00    0.00   13.00   13.00     1      0.00      0.00   58776   12472   0.15      0.00    264.00    180.00       0  nginx
1791476905    113    151301   20.00   22.00    0.00    0.00   42.00     0      0.00      0.00  682592   63680   0.78      0.00      0.00      0.00       0  pdns_server
1791476905   1100    155660   42.00   26.00    0.00   34.00   68.00     2   2528.00      0.00 2123120   16520   0.20      0.00      0.00      0.00       0  isupipe

# Time        UID       PID    %usr %system  %guest   %wait    %CPU   CPU  minflt/s  majflt/s     VSZ     RSS   %MEM   kB_rd/s   kB_wr/s kB_ccwr/s iodelay  Command
1791476906    112     14307  102.00   43.00    0.00    2.00  145.00     1     30.00      0.00 2893044 1001172  12.33      0.00   9980.00    932.00       0  mysqld
1791476906      0     17311    0.00    0.00    0.00    0.00    0.00     1      0.00      0.00   56800   12976   0.16      0.00      0.00      0.00       0  nginx
1791476906     33     23432    9.00    8.00    0.00   32.00   17.00     3      0.00      0.00   61524   15520   0.19      0.00    464.00    388.00       0  nginx
1791476906     33     23433    4.00    7.00    0.00   15.00   11.00     1      0.00      0.00   59612   13528   0.17      0.00    636.00    580.00       0  nginx
1791476906     33     23434    2.00    2.00    0.00    5.00    4.00     3      0.00      0.00   58248   11944   0.15      0.00    116.00     84.00       0  nginx
1791476906     33     23435    2.00    7.00    0.00   13.00    9.00     3      0.00      0.00   58776   12472   0.15      0.00    244.00    172.00       0  nginx
1791476906    113    151301   20.00   25.00    0.00    0.00   45.00     0      1.00      0.00  682592   63680   0.78      0.00      0.00      0.00       0  pdns_server
1791476906   1100    155660   42.00   27.00    0.00   17.00   69.00     1   2809.00      0.00 2123120   16920   0.21      0.00      0.00      0.00       0  isupipe

# Time        UID       PID    %usr %system  %guest   %wait    %CPU   CPU  minflt/s  majflt/s     VSZ     RSS   %MEM   kB_rd/s   kB_wr/s kB_ccwr/s iodelay  Command
1791476907    112     14307  106.00   36.00    0.00    2.00  142.00     2     33.00      0.00 2894072 1001184  12.33      0.00   8956.00    712.00       0  mysqld
1791476907      0     17311    0.00    0.00    0.00    0.00    0.00     1      0.00      0.00   56800   12976   0.16      0.00      0.00      0.00       0  nginx
1791476907     33     23432    5.00    9.00    0.00   23.00   14.00     3      0.00      0.00   61524   15520   0.19      0.00    756.00    592.00       0  nginx
1791476907     33     23433    3.00    5.00    0.00   11.00    8.00     3      0.00      0.00   59612   13528   0.17      0.00    284.00    248.00       0  nginx
1791476907     33     23434    2.00    4.00    0.00    7.00    6.00     3      0.00      0.00   58248   11944   0.15      0.00    124.00     96.00       0  nginx
1791476907     33     23435    1.00    5.00    0.00   10.00    6.00     3      0.00      0.00   58776   12472   0.15      0.00    136.00      0.00       0  nginx
1791476907    113    151301   27.00   30.00    0.00    0.00   57.00     0      2.00      0.00  682592   63680   0.78      0.00      0.00      0.00       0  pdns_server
1791476907   1100    155660   31.00   21.00    0.00    9.00   52.00     1   2087.00      0.00 2123120   17128   0.21      0.00      0.00      0.00       0  isupipe

# Time        UID       PID    %usr %system  %guest   %wait    %CPU   CPU  minflt/s  majflt/s     VSZ     RSS   %MEM   kB_rd/s   kB_wr/s kB_ccwr/s iodelay  Command
1791476908    112     14307   99.00   42.00    0.00    3.00  141.00     2    114.00      0.00 2893044 1001380  12.33      0.00   9700.00    992.00       0  mysqld
1791476908      0     17311    0.00    0.00    0.00    0.00    0.00     1      0.00      0.00   56800   12976   0.16      0.00      0.00      0.00       0  nginx
1791476908     33     23432    5.00   13.00    0.00   29.00   18.00     3      0.00      0.00   61524   15520   0.19      0.00    704.00    436.00       0  nginx
1791476908     33     23433    4.00    9.00    0.00   16.00   13.00     3      0.00      0.00   59612   13528   0.17      0.00    220.00    168.00       0  nginx
1791476908     33     23434    1.00    2.00    0.00    4.00    3.00     0      0.00      0.00   58248   11944   0.15      0.00    324.00    300.00       0  nginx
1791476908     33     23435    4.00    3.00    0.00    7.00    7.00     3      0.00      0.00   58776   12472   0.15      0.00    324.00    408.00       0  nginx
1791476908    113    151301   20.00   27.00    0.00    0.00   47.00     0      1.00      0.00  682592   63680   0.78      0.00      0.00      0.00       0  pdns_server
1791476908   1100    155660   44.00   27.00    0.00   31.00   71.00     1   3024.00      0.00 2123120   17668   0.22      0.00      0.00      0.00       0  isupipe

# Time        UID       PID    %usr %system  %guest   %wait    %CPU   CPU  minflt/s  majflt/s     VSZ     RSS   %MEM   kB_rd/s   kB_wr/s kB_ccwr/s iodelay  Command
1791476909    112     14307   91.00   41.00    0.00    2.00  132.00     0    300.00      0.00 2893044 1001184  12.33      0.00  16332.00   1364.00       0  mysqld
1791476909      0     17311    0.00    0.00    0.00    0.00    0.00     1      0.00      0.00   56800   12976   0.16      0.00      0.00      0.00       0  nginx
1791476909     33     23432   10.00    8.00    0.00   37.00   18.00     3      0.00      0.00   61524   15520   0.19      0.00    580.00    696.00       0  nginx
1791476909     33     23433    4.00    9.00    0.00   22.00   13.00     3      0.00      0.00   59612   13528   0.17      0.00    388.00    304.00       0  nginx
1791476909     33     23434    1.00    4.00    0.00    8.00    5.00     3      0.00      0.00   58248   11944   0.15      0.00    224.00    200.00       0  nginx
1791476909     33     23435    2.00    8.00    0.00   12.00   10.00     3      0.00      0.00   58776   12472   0.15      0.00    512.00    452.00       0  nginx
1791476909    113    151301   21.00   17.00    0.00    0.00   38.00     0      0.00      0.00  682592   63680   0.78      0.00      0.00      0.00       0  pdns_server
1791476909   1100    155660   42.00   28.00    0.00   35.00   70.00     1   2977.00      0.00 2123120   16404   0.20      0.00      0.00      0.00       0  isupipe

# Time        UID       PID    %usr %system  %guest   %wait    %CPU   CPU  minflt/s  majflt/s     VSZ     RSS   %MEM   kB_rd/s   kB_wr/s kB_ccwr/s iodelay  Command
1791476910    112     14307   93.00   47.00    0.00    2.00  140.00     2    199.00      0.00 2896128 1001380  12.33      0.00   9804.00    828.00       0  mysqld
1791476910      0     17311    0.00    0.00    0.00    0.00    0.00     1      0.00      0.00   56800   12976   0.16      0.00      0.00      0.00       0  nginx
1791476910     33     23432    7.00   14.00    0.00   32.00   21.00     3      0.00      0.00   61524   15520   0.19      0.00    476.00    340.00       0  nginx
1791476910     33     23433    7.00    7.00    0.00   16.00   14.00     3      0.00      0.00   59612   13528   0.17      0.00    576.00    520.00       0  nginx
1791476910     33     23434    2.00    1.00    0.00    3.00    3.00     3      0.00      0.00   58248   11944   0.15      0.00     84.00     72.00       0  nginx
1791476910     33     23435    3.00    5.00    0.00    9.00    8.00     3      0.00      0.00   58776   12472   0.15      0.00    212.00    156.00       0  nginx
1791476910    113    151301   17.00   20.00    0.00    0.00   37.00     0      0.00      0.00  682592   63680   0.78      0.00      0.00      0.00       0  pdns_server
1791476910   1100    155660   38.00   31.00    0.00   29.00   69.00     0   1714.00      0.00 2123120   16684   0.21      0.00      0.00      0.00       0  isupipe

# Time        UID       PID    %usr %system  %guest   %wait    %CPU   CPU  minflt/s  majflt/s     VSZ     RSS   %MEM   kB_rd/s   kB_wr/s kB_ccwr/s iodelay  Command
1791476911    112     14307   93.00   48.00    0.00    2.00  141.00     2    177.00      0.00 2893044 1001184  12.33      0.00  17512.00   1336.00       0  mysqld
1791476911      0     17311    0.00    0.00    0.00    0.00    0.00     1      0.00      0.00   56800   12976   0.16      0.00      0.00      0.00       0  nginx
1791476911     33     23432    6.00   13.00    0.00   26.00   19.00     1      0.00      0.00   61524   15520   0.19      0.00    660.00    536.00       0  nginx
1791476911     33     23433    6.00    8.00    0.00   16.00   14.00     2      0.00      0.00   59612   13528   0.17      0.00    460.00    412.00       0  nginx
1791476911     33     23434    2.00    1.00    0.00    2.00    3.00     3      0.00      0.00   58248   11944   0.15      0.00    228.00    220.00       0  nginx
1791476911     33     23435    4.00    6.00    0.00    9.00   10.00     3      0.00      0.00   58776   12472   0.15      0.00    416.00    268.00       0  nginx
1791476911    113    151301   18.00   19.00    0.00    0.00   37.00     0      2.00      0.00  682592   63680   0.78      0.00      0.00      0.00       0  pdns_server
1791476911   1100    155660   38.00   29.00    0.00   32.00   67.00     2   2359.00      0.00 2123120   16540   0.20      0.00      0.00      0.00       0  isupipe

# Time        UID       PID    %usr %system  %guest   %wait    %CPU   CPU  minflt/s  majflt/s     VSZ     RSS   %MEM   kB_rd/s   kB_wr/s kB_ccwr/s iodelay  Command
1791476912    112     14307  107.00   37.00    0.00    3.00  144.00     2    130.00      0.00 2893044 1001184  12.33      0.00  17488.00   1248.00       0  mysqld
1791476912      0     17311    0.00    0.00    0.00    0.00    0.00     1      0.00      0.00   56800   12976   0.16      0.00      0.00      0.00       0  nginx
1791476912     33     23432    8.00   11.00    0.00   25.00   19.00     3      0.00      0.00   61524   15520   0.19      0.00    888.00    808.00       0  nginx
1791476912     33     23433    5.00    4.00    0.00   13.00    9.00     3      0.00      0.00   59612   13528   0.17      0.00    644.00    588.00       0  nginx
1791476912     33     23434    1.00    3.00    0.00    5.00    4.00     3      0.00      0.00   58248   11944   0.15      0.00     24.00      0.00       0  nginx
1791476912     33     23435    3.00    6.00    0.00   12.00    9.00     3      0.00      0.00   58776   12472   0.15      0.00    252.00    152.00       0  nginx
1791476912    113    151301   24.00   23.00    0.00    0.00   47.00     0      0.00      0.00  682592   63680   0.78      0.00      0.00      0.00       0  pdns_server
1791476912   1100    155660   36.00   31.00    0.00   12.00   67.00     0   2808.00      0.00 2123120   16256   0.20      0.00      0.00      0.00       0  isupipe

# Time        UID       PID    %usr %system  %guest   %wait    %CPU   CPU  minflt/s  majflt/s     VSZ     RSS   %MEM   kB_rd/s   kB_wr/s kB_ccwr/s iodelay  Command
1791476913    112     14307   90.00   50.00    0.00    1.00  140.00     2     33.00      0.00 2892016 1001184  12.33      0.00  11712.00   1612.00       0  mysqld
1791476913      0     17311    0.00    0.00    0.00    0.00    0.00     1      0.00      0.00   56800   12976   0.16      0.00      0.00      0.00       0  nginx
1791476913     33     23432    9.00   13.00    0.00   25.00   22.00     3      0.00      0.00   61524   15520   0.19      0.00   1076.00    768.00       0  nginx
1791476913     33     23433    6.00    7.00    0.00   14.00   13.00     3     10.00      0.00   59744   13528   0.17      0.00    632.00    572.00       0  nginx
1791476913     33     23434    1.00    4.00    0.00    4.00    5.00     3      0.00      0.00   58248   11944   0.15      0.00     16.00      0.00       0  nginx
1791476913     33     23435    1.00    7.00    0.00    7.00    8.00     3      0.00      0.00   58776   12472   0.15      0.00    156.00    220.00       0  nginx
1791476913    113    151301   19.00   20.00    0.00    0.00   39.00     0      0.00      0.00  682592   63680   0.78      0.00      0.00      0.00       0  pdns_server
1791476913   1100    155660   35.00   31.00    0.00   20.00   66.00     2   2408.00      0.00 2123120   16476   0.20      0.00      0.00      0.00       0  isupipe

# Time        UID       PID    %usr %system  %guest   %wait    %CPU   CPU  minflt/s  majflt/s     VSZ     RSS   %MEM   kB_rd/s   kB_wr/s kB_ccwr/s iodelay  Command
1791476914    112     14307   97.00   49.00    0.00    4.00  146.00     2    108.00      0.00 2895100 1001184  12.33      0.00  11900.00    944.00       0  mysqld
1791476914      0     17311    0.00    0.00    0.00    0.00    0.00     1      0.00      0.00   56800   12976   0.16      0.00      0.00      0.00       0  nginx
1791476914     33     23432    7.00   17.00    0.00   23.00   24.00     0     27.00      0.00   61656   15520   0.19      0.00    528.00    528.00       0  nginx
1791476914     33     23433    5.00    9.00    0.00   11.00   14.00     3     54.00      0.00   59876   13792   0.17      0.00    804.00    756.00       0  nginx
1791476914     33     23434    0.00    0.00    0.00    0.00    0.00     3      0.00      0.00   58248   11944   0.15      0.00      4.00      0.00       0  nginx
1791476914     33     23435    2.00    4.00    0.00    4.00    6.00     3      0.00      0.00   58776   12472   0.15      0.00    156.00    136.00       0  nginx
1791476914    113    151301   20.00   24.00    0.00    0.00   44.00     0      1.00      0.00  682592   63680   0.78      0.00      0.00      0.00       0  pdns_server
1791476914   1100    155660   42.00   26.00    0.00   33.00   68.00     2   2339.00      0.00 2123120   16184   0.20      0.00      0.00      0.00       0  isupipe

# Time        UID       PID    %usr %system  %guest   %wait    %CPU   CPU  minflt/s  majflt/s     VSZ     RSS   %MEM   kB_rd/s   kB_wr/s kB_ccwr/s iodelay  Command
1791476915    112     14307   94.00   45.00    0.00    1.00  139.00     0    277.00      0.00 2892016 1001184  12.33      0.00  14916.00   1076.00       0  mysqld
1791476915      0     17311    0.00    0.00    0.00    0.00    0.00     1      0.00      0.00   56800   12976   0.16      0.00      0.00      0.00       0  nginx
1791476915     33     23432    9.00   11.00    0.00   27.00   20.00     3      3.00      0.00   61656   15520   0.19      0.00   1044.00    832.00       0  nginx
1791476915     33     23433    3.00    7.00    0.00   13.00   10.00     3      9.00      0.00   60016   13792   0.17      0.00    268.00    204.00       0  nginx
1791476915     33     23434    1.00    4.00    0.00    8.00    5.00     3      0.00      0.00   58248   11944   0.15      0.00    252.00    224.00       0  nginx
1791476915     33     23435    1.00    7.00    0.00   13.00    8.00     3      0.00      0.00   58776   12472   0.15      0.00     32.00      0.00       0  nginx
1791476915    113    151301   17.00   24.00    0.00    0.00   41.00     0      0.00      0.00  682592   63680   0.78      0.00      0.00      0.00       0  pdns_server
1791476915   1100    155660   43.00   26.00    0.00   12.00   69.00     2   2363.00      0.00 2123120   15936   0.20      0.00      0.00      0.00       0  isupipe

# Time        UID       PID    %usr %system  %guest   %wait    %CPU   CPU  minflt/s  majflt/s     VSZ     RSS   %MEM   kB_rd/s   kB_wr/s kB_ccwr/s iodelay  Command
1791476916    112     14307  103.00   43.00    0.00    4.00  146.00     2    283.00      0.00 2893044 1001184  12.33      0.00   9400.00    864.00       0  mysqld
1791476916      0     17311    0.00    0.00    0.00    0.00    0.00     1      0.00      0.00   56800   12976   0.16      0.00      0.00      0.00       0  nginx
1791476916     33     23432    7.00   10.00    0.00   23.00   17.00     0     11.00      0.00   61800   15520   0.19      0.00    812.00    716.00       0  nginx
1791476916     33     23433    4.00   11.00    0.00   20.00   15.00     3      4.00      0.00   60016   13792   0.17      0.00    104.00      0.00       0  nginx
1791476916     33     23434    2.00    3.00    0.00    6.00    5.00     3      0.00      0.00   58248   11944   0.15      0.00    124.00    100.00       0  nginx
1791476916     33     23435    1.00    5.00    0.00    5.00    6.00     3      0.00      0.00   58776   12472   0.15      0.00    340.00    328.00       0  nginx
1791476916    113    151301   23.00   23.00    0.00    0.00   46.00     0      1.00      0.00  682592   63680   0.78      0.00      0.00      0.00       0  pdns_server
1791476916   1100    155660   39.00   28.00    0.00   11.00   67.00     3   1763.00      0.00 2123120   16128   0.20      0.00      0.00      0.00       0  isupipe

# Time        UID       PID    %usr %system  %guest   %wait    %CPU   CPU  minflt/s  majflt/s     VSZ     RSS   %MEM   kB_rd/s   kB_wr/s kB_ccwr/s iodelay  Command
1791476917    112     14307  109.00   36.00    0.00    4.00  145.00     3    187.00      0.00 2893044 1001184  12.33      0.00   9320.00    936.00       0  mysqld
1791476917      0     17311    0.00    0.00    0.00    0.00    0.00     1      0.00      0.00   56800   12976   0.16      0.00      0.00      0.00       0  nginx
1791476917     33     23432    8.00   11.00    0.00   28.00   19.00     3     36.00      0.00   61944   15784   0.19      0.00    412.00    256.00       0  nginx
1791476917     33     23433    4.00    6.00    0.00   14.00   10.00     3      0.00      0.00   60016   13792   0.17      0.00    500.00    460.00       0  nginx
1791476917     33     23434    1.00    7.00    0.00    9.00    8.00     3      0.00      0.00   58248   11944   0.15      0.00    124.00    100.00       0  nginx
1791476917     33     23435    4.00    4.00    0.00    8.00    8.00     0      0.00      0.00   58776   12472   0.15      0.00    444.00    420.00       0  nginx
1791476917    113    151301   15.00   23.00    0.00    0.00   38.00     0      1.00      0.00  682592   63680   0.78      0.00      0.00      0.00       0  pdns_server
1791476917   1100    155660   38.00   31.00    0.00   13.00   69.00     1   3243.00      0.00 2123120   16232   0.20      0.00      0.00      0.00       0  isupipe

# Time        UID       PID    %usr %system  %guest   %wait    %CPU   CPU  minflt/s  majflt/s     VSZ     RSS   %MEM   kB_rd/s   kB_wr/s kB_ccwr/s iodelay  Command
1791476918    112     14307  105.00   39.00    0.00    5.00  144.00     1    270.00      0.00 2893044 1001184  12.33      0.00  14056.00   1124.00       0  mysqld
1791476918      0     17311    0.00    0.00    0.00    0.00    0.00     1      0.00      0.00   56800   12976   0.16      0.00      0.00      0.00       0  nginx
1791476918     33     23432    9.00   10.00    0.00   30.00   19.00     0      9.00      0.00   61944   15784   0.19      0.00    768.00    636.00       0  nginx
1791476918     33     23433    6.00    7.00    0.00   19.00   13.00     1     18.00      0.00   60016   13792   0.17      0.00    532.00    460.00       0  nginx
1791476918     33     23434    2.00    1.00    0.00    4.00    3.00     3      0.00      0.00   58248   11944   0.15      0.00     24.00      0.00       0  nginx
1791476918     33     23435    4.00    4.00    0.00    8.00    8.00     3      0.00      0.00   58776   12472   0.15      0.00    316.00    288.00       0  nginx
1791476918    113    151301   18.00   27.00    0.00    0.00   45.00     0      1.00      0.00  682592   63680   0.78      0.00      0.00      0.00       0  pdns_server
1791476918   1100    155660   41.00   26.00    0.00   38.00   67.00     1   3170.00      0.00 2123120   16320   0.20      0.00      0.00      0.00       0  isupipe

# Time        UID       PID    %usr %system  %guest   %wait    %CPU   CPU  minflt/s  majflt/s     VSZ     RSS   %MEM   kB_rd/s   kB_wr/s kB_ccwr/s iodelay  Command
1791476919    112     14307  103.00   40.00    0.00    1.00  143.00     0     42.00      0.00 2892016 1001184  12.33      0.00  10080.00    984.00       0  mysqld
1791476919      0     17311    0.00    0.00    0.00    0.00    0.00     1      0.00      0.00   56800   12976   0.16      0.00      0.00      0.00       0  nginx
1791476919     33     23432    7.00   13.00    0.00   15.00   20.00     3      2.00      0.00   61944   15784   0.19      0.00   1148.00    864.00       0  nginx
1791476919     33     23433    3.00   10.00    0.00   13.00   13.00     3      3.00      0.00   60016   13792   0.17      0.00    364.00    280.00       0  nginx
1791476919     33     23434    2.00    0.00    0.00    3.00    2.00     1      0.00      0.00   58248   11944   0.15      0.00    100.00     92.00       0  nginx
1791476919     33     23435    2.00    5.00    0.00    5.00    7.00     2      0.00      0.00   58776   12472   0.15      0.00    104.00     64.00       0  nginx
1791476919    113    151301   19.00   25.00    0.00    0.00   44.00     0      1.00      0.00  682592   63680   0.78      0.00      0.00      0.00       0  pdns_server
1791476919   1100    155660   40.00   31.00    0.00   23.00   71.00     1   3370.00      0.00 2123120   16156   0.20      0.00      0.00      0.00       0  isupipe

# Time        UID       PID    %usr %system  %guest   %wait    %CPU   CPU  minflt/s  majflt/s     VSZ     RSS   %MEM   kB_rd/s   kB_wr/s kB_ccwr/s iodelay  Command
1791476920    112     14307   99.00   44.00    0.00    2.00  143.00     1    107.00      0.00 2893044 1001184  12.33      0.00  10288.00   1108.00       0  mysqld
1791476920      0     17311    0.00    0.00    0.00    0.00    0.00     1      0.00      0.00   56800   12976   0.16      0.00      0.00      0.00       0  nginx
1791476920     33     23432    6.00   13.00    0.00   24.00   19.00     3     67.00      0.00   62224   16048   0.20      0.00   1124.00   1208.00       0  nginx
1791476920     33     23433    6.00    8.00    0.00   17.00   14.00     0      2.00      0.00   60016   13792   0.17      0.00    208.00    144.00       0  nginx
1791476920     33     23434    1.00    4.00    0.00    3.00    5.00     3      0.00      0.00   58248   11944   0.15      0.00    132.00    120.00       0  nginx
1791476920     33     23435    4.00    5.00    0.00    8.00    9.00     3      0.00      0.00   58776   12472   0.15      0.00     64.00      0.00       0  nginx
1791476920    113    151301   22.00   21.00    0.00    0.00   43.00     0      1.00      0.00  682592   63680   0.78      0.00      0.00      0.00       0  pdns_server
1791476920   1100    155660   43.00   24.00    0.00   33.00   67.00     0   2682.00      0.00 2123120   16652   0.21      0.00      0.00      0.00       0  isupipe

# Time        UID       PID    %usr %system  %guest   %wait    %CPU   CPU  minflt/s  majflt/s     VSZ     RSS   %MEM   kB_rd/s   kB_wr/s kB_ccwr/s iodelay  Command
1791476921    112     14307   94.00   50.00    0.00    2.00  144.00     1     36.00      0.00 2893044 1001184  12.33      0.00  14476.00   1040.00       0  mysqld
1791476921      0     17311    0.00    0.00    0.00    0.00    0.00     1      0.00      0.00   56800   12976   0.16      0.00      0.00      0.00       0  nginx
1791476921     33     23432    6.00   13.00    0.00   27.00   19.00     3      9.00      0.00   62224   16048   0.20      0.00    968.00    844.00       0  nginx
1791476921     33     23433    4.00    9.00    0.00   15.00   13.00     3     44.00      0.00   60284   14056   0.17      0.00    440.00    356.00       0  nginx
1791476921     33     23434    0.00    0.00    0.00    1.00    0.00     3      0.00      0.00   58248   11944   0.15      0.00    112.00    112.00       0  nginx
1791476921     33     23435    1.00    5.00    0.00    7.00    6.00     3      1.00      0.00   58776   12472   0.15      0.00    204.00      0.00       0  nginx
1791476921    113    151301   18.00   27.00    0.00    0.00   45.00     0      1.00      0.00  682592   63680   0.78      0.00      0.00      0.00       0  pdns_server
1791476921   1100    155660   39.00   27.00    0.00   29.00   66.00     2   2328.00      0.00 2123120   17508   0.22      0.00      0.00      0.00       0  isupipe

# Time        UID       PID    %usr %system  %guest   %wait    %CPU   CPU  minflt/s  majflt/s     VSZ     RSS   %MEM   kB_rd/s   kB_wr/s kB_ccwr/s iodelay  Command
1791476922    112     14307   97.00   42.00    0.00    2.00  139.00     1    172.00      0.00 2895100 1001372  12.33      0.00   9508.00   1000.00       0  mysqld
1791476922      0     17311    0.00    0.00    0.00    0.00    0.00     1      0.00      0.00   56800   12976   0.16      0.00      0.00      0.00       0  nginx
1791476922     33     23432    7.00   10.00    0.00   25.00   17.00     3      4.00      0.00   62224   16048   0.20      0.00    552.00    368.00       0  nginx
1791476922     33     23433    7.00    3.00    0.00   13.00   10.00     3     17.00      0.00   60284   14056   0.17      0.00    720.00    588.00       0  nginx
1791476922     33     23434    2.00    3.00    0.00    6.00    5.00     3      0.00      0.00   58248   11944   0.15      0.00     20.00      0.00       0  nginx
1791476922     33     23435    4.00    3.00    0.00    9.00    7.00     3      9.00      0.00   58776   12472   0.15      0.00    216.00    368.00       0  nginx
1791476922    113    151301   24.00   25.00    0.00    0.00   49.00     0      1.00      0.00  682592   63680   0.78      0.00      0.00      0.00       0  pdns_server
1791476922   1100    155660   33.00   26.00    0.00   25.00   59.00     1   2250.00      0.00 2123120   17400   0.21      0.00      0.00      0.00       0  isupipe

# Time        UID       PID    %usr %system  %guest   %wait    %CPU   CPU  minflt/s  majflt/s     VSZ     RSS   %MEM   kB_rd/s   kB_wr/s kB_ccwr/s iodelay  Command
1791476923    112     14307   99.00   41.00    0.00    3.00  140.00     3      9.00      0.00 2892016 1001184  12.33      0.00   5584.00    336.00       0  mysqld
1791476923      0     17311    0.00    0.00    0.00    0.00    0.00     1      0.00      0.00   56800   12976   0.16      0.00      0.00      0.00       0  nginx
1791476923     33     23432    5.00    7.00    0.00   13.00   12.00     3      0.00      0.00   62224   16048   0.20      0.00    288.00    280.00       0  nginx
1791476923     33     23433    3.00    3.00    0.00    5.00    6.00     0      1.00      0.00   60284   14056   0.17      0.00     80.00    164.00       0  nginx
1791476923     33     23434    0.00    1.00    0.00    3.00    1.00     2      0.00      0.00   58248   11944   0.15      0.00     12.00      0.00       0  nginx
1791476923     33     23435    0.00    2.00    0.00    4.00    2.00     3      0.00      0.00   58776   12472   0.15      0.00      0.00      0.00       0  nginx
1791476923    113    151301   37.00   39.00    0.00    0.00   76.00     0      1.00      0.00  682592   63680   0.78      0.00      0.00      0.00       0  pdns_server
1791476923   1100    155660   23.00    7.00    0.00   19.00   30.00     1    779.00      0.00 2123120   16568   0.20      0.00      0.00      0.00       0  isupipe

# Time        UID       PID    %usr %system  %guest   %wait    %CPU   CPU  minflt/s  majflt/s     VSZ     RSS   %MEM   kB_rd/s   kB_wr/s kB_ccwr/s iodelay  Command
1791476924    112     14307   95.00   41.00    0.00    1.00  136.00     2    118.00      0.00 2892016 1001184  12.33      0.00  13668.00    992.00       0  mysqld
1791476924      0     17311    0.00    0.00    0.00    0.00    0.00     1      0.00      0.00   56800   12976   0.16      0.00      0.00      0.00       0  nginx
1791476924     33     23432    9.00   12.00    0.00   31.00   21.00     3      0.00      0.00   62224   16048   0.20      0.00    428.00    336.00       0  nginx
1791476924     33     23433    8.00    7.00    0.00   21.00   15.00     1      1.00      0.00   60284   14056   0.17      0.00    696.00    632.00       0  nginx
1791476924     33     23434    3.00    2.00    0.00    5.00    5.00     3      0.00      0.00   58248   11944   0.15      0.00     88.00     68.00       0  nginx
1791476924     33     23435    3.00    8.00    0.00   10.00   11.00     3      0.00      0.00   58776   12472   0.15      0.00    308.00    188.00       0  nginx
1791476924    113    151301   23.00   26.00    0.00    0.00   49.00     0      0.00      0.00  682592   63680   0.78      0.00      0.00      0.00       0  pdns_server
1791476924   1100    155660   41.00   27.00    0.00   28.00   68.00     2   2775.00      0.00 2123120   16632   0.20      0.00      0.00      0.00       0  isupipe

# Time        UID       PID    %usr %system  %guest   %wait    %CPU   CPU  minflt/s  majflt/s     VSZ     RSS   %MEM   kB_rd/s   kB_wr/s kB_ccwr/s iodelay  Command
1791476925    112     14307   96.00   41.00    0.00    2.00  137.00     1    123.00      0.00 2892016 1001184  12.33      0.00   8732.00    824.00       0  mysqld
1791476925      0     17311    0.00    0.00    0.00    0.00    0.00     1      0.00      0.00   56800   12976   0.16      0.00      0.00      0.00       0  nginx
1791476925     33     23432   10.00   12.00    0.00   30.00   22.00     3      0.00      0.00   62224   16048   0.20      0.00    584.00    444.00       0  nginx
1791476925     33     23433    6.00    6.00    0.00   14.00   12.00     0      0.00      0.00   60284   14056   0.17      0.00    384.00    344.00       0  nginx
1791476925     33     23434    1.00    3.00    0.00    6.00    4.00     3      0.00      0.00   58248   11944   0.15      0.00    112.00    104.00       0  nginx
1791476925     33     23435    5.00    2.00    0.00    9.00    7.00     3      0.00      0.00   58776   12472   0.15      0.00    308.00    288.00       0  nginx
1791476925    113    151301   24.00   25.00    0.00    0.00   49.00     0      2.00      0.00  682592   63680   0.78      0.00      0.00      0.00       0  pdns_server
1791476925   1100    155660   37.00   24.00    0.00   22.00   61.00     1   2183.00      0.00 2123120   16164   0.20      0.00      0.00      0.00       0  isupipe

# Time        UID       PID    %usr %system  %guest   %wait    %CPU   CPU  minflt/s  majflt/s     VSZ     RSS   %MEM   kB_rd/s   kB_wr/s kB_ccwr/s iodelay  Command
1791476926    112     14307   83.00   46.00    0.00    4.00  129.00     0    119.00      0.00 2893044 1001184  12.33      0.00   8788.00    880.00       0  mysqld
1791476926      0     17311    0.00    0.00    0.00    0.00    0.00     1      0.00      0.00   56800   12976   0.16      0.00      0.00      0.00       0  nginx
1791476926     33     23432    8.00    8.00    0.00   40.00   16.00     3      0.00      0.00   62224   16048   0.20      0.00    396.00    336.00       0  nginx
1791476926     33     23433    4.00    8.00    0.00   28.00   12.00     3      0.00      0.00   60284   14056   0.17      0.00    332.00    272.00       0  nginx
1791476926     33     23434    4.00    7.00    0.00   15.00   11.00     3      0.00      0.00   58248   11944   0.15      0.00    360.00    312.00       0  nginx
1791476926     33     23435    5.00    6.00    0.00   19.00   11.00     3      0.00      0.00   58776   12472   0.15      0.00    140.00    140.00       0  nginx
1791476926    113    151301   17.00   22.00    0.00    0.00   39.00     0      1.00      0.00  682592   63680   0.78      0.00      0.00      0.00       0  pdns_server
1791476926   1100    155660   43.00   25.00    0.00   20.00   68.00     2   1782.00      0.00 2123120   16528   0.20      0.00      0.00      0.00       0  isupipe

# Time        UID       PID    %usr %system  %guest   %wait    %CPU   CPU  minflt/s  majflt/s     VSZ     RSS   %MEM   kB_rd/s   kB_wr/s kB_ccwr/s iodelay  Command
1791476927    112     14307   92.00   40.00    0.00    3.00  132.00     0     21.00      0.00 2892016 1001184  12.33      0.00   8792.00    864.00       0  mysqld
1791476927      0     17311    0.00    0.00    0.00    0.00    0.00     1      0.00      0.00   56800   12976   0.16      0.00      0.00      0.00       0  nginx
1791476927     33     23432    7.00    7.00    0.00   43.00   14.00     3      0.00      0.00   62224   16048   0.20      0.00    344.00    260.00       0  nginx
1791476927     33     23433    8.00    5.00    0.00   22.00   13.00     3      0.00      0.00   60284   14056   0.17      0.00    404.00    396.00       0  nginx
1791476927     33     23434    4.00    7.00    0.00   25.00   11.00     3      0.00      0.00   58248   11944   0.15      0.00    148.00     80.00       0  nginx
1791476927     33     23435    5.00    6.00    0.00   24.00   11.00     3      0.00      0.00   58776   12472   0.15      0.00    456.00    400.00       0  nginx
1791476927    113    151301   17.00   22.00    0.00    0.00   39.00     0      1.00      0.00  682592   63680   0.78      0.00      0.00      0.00       0  pdns_server
1791476927   1100    155660   32.00   31.00    0.00   25.00   63.00     0   1561.00      0.00 2123120   16332   0.20      0.00      0.00      0.00       0  isupipe

# Time        UID       PID    %usr %system  %guest   %wait    %CPU   CPU  minflt/s  majflt/s     VSZ     RSS   %MEM   kB_rd/s   kB_wr/s kB_ccwr/s iodelay  Command
1791476928    112     14307   96.00   42.00    0.00    3.00  138.00     1     30.00      0.00 2892016 1001184  12.33      0.00   8156.00    672.00       0  mysqld
1791476928      0     17311    0.00    0.00    0.00    0.00    0.00     1      0.00      0.00   56800   12976   0.16      0.00      0.00      0.00       0  nginx
1791476928     33     23432    7.00    9.00    0.00   33.00   16.00     3      0.00      0.00   62224   16048   0.20      0.00    524.00    352.00       0  nginx
1791476928     33     23433    4.00    6.00    0.00   24.00   10.00     3      0.00      0.00   60284   14056   0.17      0.00    168.00    124.00       0  nginx
1791476928     33     23434    2.00    7.00    0.00   17.00    9.00     0      0.00      0.00   58248   11944   0.15      0.00    276.00    240.00       0  nginx
1791476928     33     23435    3.00    8.00    0.00   17.00   11.00     3      5.00      0.00   58776   12472   0.15      0.00    232.00    176.00       0  nginx
1791476928    113    151301   23.00   24.00    0.00    0.00   47.00     0      0.00      0.00  682592   63680   0.78      0.00      0.00      0.00       0  pdns_server
1791476928   1100    155660   30.00   29.00    0.00   34.00   59.00     3   1717.00      0.00 2123120   16568   0.20      0.00      0.00      0.00       0  isupipe

# Time        UID       PID    %usr %system  %guest   %wait    %CPU   CPU  minflt/s  majflt/s     VSZ     RSS   %MEM   kB_rd/s   kB_wr/s kB_ccwr/s iodelay  Command
1791476929    112     14307   96.00   45.00    0.00    2.00  141.00     2    283.00      0.00 2895100 1001432  12.34      0.00  13600.00   1336.00       0  mysqld
1791476929      0     17311    0.00    0.00    0.00    0.00    0.00     1      0.00      0.00   56800   12976   0.16      0.00      0.00      0.00       0  nginx
1791476929     33     23432    6.00   11.00    0.00   27.00   17.00     3      0.00      0.00   62224   16048   0.20      0.00    760.00    736.00       0  nginx
1791476929     33     23433    6.00    4.00    0.00   15.00   10.00     3      0.00      0.00   60284   14056   0.17      0.00    400.00    372.00       0  nginx
1791476929     33     23434    3.00    5.00    0.00   10.00    8.00     3      0.00      0.00   58248   11944   0.15      0.00    256.00    216.00       0  nginx
1791476929     33     23435    4.00    4.00    0.00   11.00    8.00     3      2.00      0.00   58776   12472   0.15      0.00     72.00     52.00       0  nginx
1791476929    113    151301   18.00   32.00    0.00    0.00   50.00     0      1.00      0.00  682592   63680   0.78      0.00      0.00      0.00       0  pdns_server
1791476929   1100    155660   35.00   27.00    0.00   31.00   62.00     0   1713.00      0.00 2123120   16548   0.20      0.00      0.00      0.00       0  isupipe

# Time        UID       PID    %usr %system  %guest   %wait    %CPU   CPU  minflt/s  majflt/s     VSZ     RSS   %MEM   kB_rd/s   kB_wr/s kB_ccwr/s iodelay  Command
1791476930    112     14307   84.00   49.00    0.00    3.00  133.00     1    212.00      0.00 2893044 1001432  12.34      0.00   9712.00   1132.00       0  mysqld
1791476930      0     17311    0.00    0.00    0.00    0.00    0.00     1      0.00      0.00   56800   12976   0.16      0.00      0.00      0.00       0  nginx
1791476930     33     23432    7.00   10.00    0.00   37.00   17.00     0      0.00      0.00   62224   16048   0.20      0.00    472.00    356.00       0  nginx
1791476930     33     23433    6.00    8.00    0.00   26.00   14.00     3      0.00      0.00   60284   14056   0.17      0.00    476.00    424.00       0  nginx
1791476930     33     23434    2.00    6.00    0.00    9.00    8.00     3      0.00      0.00   58248   11944   0.15      0.00    436.00    420.00       0  nginx
1791476930     33     23435    5.00    7.00    0.00   19.00   12.00     3      3.00      0.00   58776   12472   0.15      0.00    292.00    208.00       0  nginx
1791476930    113    151301   20.00   21.00    0.00    0.00   41.00     0      1.00      0.00  682592   63680   0.78      0.00      0.00      0.00       0  pdns_server
1791476930   1100    155660   41.00   28.00    0.00   31.00   69.00     0   2718.00      0.00 2123120   16428   0.20      0.00      0.00      0.00       0  isupipe

# Time        UID       PID    %usr %system  %guest   %wait    %CPU   CPU  minflt/s  majflt/s     VSZ     RSS   %MEM   kB_rd/s   kB_wr/s kB_ccwr/s iodelay  Command
1791476931    112     14307   95.00   33.00    0.00    5.00  128.00     3    120.00      0.00 2893044 1001432  12.34      0.00   9988.00   1152.00       0  mysqld
1791476931      0     17311    0.00    0.00    0.00    0.00    0.00     1      0.00      0.00   56800   12976   0.16      0.00      0.00      0.00       0  nginx
1791476931     33     23432    6.00   11.00    0.00   36.00   17.00     3      0.00      0.00   62224   16048   0.20      0.00    452.00    356.00       0  nginx
1791476931     33     23433    4.00   11.00    0.00   23.00   15.00     3      0.00      0.00   60284   14056   0.17      0.00    388.00    332.00       0  nginx
1791476931     33     23434    3.00    6.00    0.00    9.00    9.00     3     12.00      0.00   58248   11944   0.15      0.00    252.00    204.00       0  nginx
1791476931     33     23435    5.00    6.00    0.00   17.00   11.00     0     18.00      0.00   58908   12736   0.16      0.00    600.00    556.00       0  nginx
1791476931    113    151301   18.00   22.00    0.00    0.00   40.00     0      0.00      0.00  682592   63680   0.78      0.00      0.00      0.00       0  pdns_server
1791476931   1100    155660   44.00   27.00    0.00   33.00   71.00     1   3045.00      0.00 2123120   16304   0.20      0.00      0.00      0.00       0  isupipe

# Time        UID       PID    %usr %system  %guest   %wait    %CPU   CPU  minflt/s  majflt/s     VSZ     RSS   %MEM   kB_rd/s   kB_wr/s kB_ccwr/s iodelay  Command
1791476932    112     14307   90.10   49.50    0.00    2.97  139.60     2    118.81      0.00 2892016 1001432  12.34      0.00   8245.54    740.59       0  mysqld
1791476932      0     17311    0.00    0.00    0.00    0.00    0.00     1      0.00      0.00   56800   12976   0.16      0.00      0.00      0.00       0  nginx
1791476932     33     23432    6.93   11.88    0.00   29.70   18.81     3      0.00      0.00   62224   16048   0.20      0.00    356.44    245.54       0  nginx
1791476932     33     23433    3.96    6.93    0.00   17.82   10.89     3      0.00      0.00   60284   14056   0.17      0.00    261.39    221.78       0  nginx
1791476932     33     23434    1.98    5.94    0.00    5.94    7.92     3      0.99      0.00   58248   11944   0.15      0.00    201.98    178.22       0  nginx
1791476932     33     23435    4.95    4.95    0.00    9.90    9.90     3      0.99      0.00   58908   12736   0.16      0.00    364.36    328.71       0  nginx
1791476932    113    151301   27.72   22.77    0.00    0.00   50.50     0      0.99      0.00  682592   63680   0.78      0.00      0.00      0.00       0  pdns_server
1791476932   1100    155660   41.58   28.71    0.00   39.60   70.30     1   3170.30      0.00 2123120   16836   0.21      0.00      0.00      0.00       0  isupipe

# Time        UID       PID    %usr %system  %guest   %wait    %CPU   CPU  minflt/s  majflt/s     VSZ     RSS   %MEM   kB_rd/s   kB_wr/s kB_ccwr/s iodelay  Command
1791476933    112     14307   98.00   41.00    0.00    6.00  139.00     0    280.00      0.00 2892016 1001432  12.34      0.00  12732.00    828.00       0  mysqld
1791476933      0     17311    0.00    0.00    0.00    0.00    0.00     1      0.00      0.00   56800   12976   0.16      0.00      0.00      0.00       0  nginx
1791476933     33     23432    8.00    8.00    0.00   37.00   16.00     3      0.00      0.00   62224   16048   0.20      0.00    392.00    260.00       0  nginx
1791476933     33     23433    5.00    8.00    0.00   28.00   13.00     3      0.00      0.00   60284   14056   0.17      0.00    476.00    416.00       0  nginx
1791476933     33     23434    3.00    4.00    0.00    7.00    7.00     0     24.00      0.00   58396   12208   0.15      0.00    512.00    416.00       0  nginx
1791476933     33     23435    6.00    6.00    0.00   22.00   12.00     3      1.00      0.00   58908   12736   0.16      0.00     88.00      0.00       0  nginx
1791476933    113    151301   28.00   21.00    0.00    0.00   49.00     0      1.00      0.00  682592   63680   0.78      0.00      0.00      0.00       0  pdns_server
1791476933   1100    155660   40.00   26.00    0.00   37.00   66.00     2   2451.00      0.00 2123120   16352   0.20      0.00      0.00      0.00       0  isupipe

# Time        UID       PID    %usr %system  %guest   %wait    %CPU   CPU  minflt/s  majflt/s     VSZ     RSS   %MEM   kB_rd/s   kB_wr/s kB_ccwr/s iodelay  Command
1791476934    112     14307  106.00   34.00    0.00    1.00  140.00     0     18.00      0.00 2894072 1001432  12.34      0.00  10160.00   1068.00       0  mysqld
1791476934      0     17311    0.00    0.00    0.00    0.00    0.00     1      0.00      0.00   56800   12976   0.16      0.00      0.00      0.00       0  nginx
1791476934     33     23432    8.00    9.00    0.00   28.00   17.00     2      0.00      0.00   62224   16048   0.20      0.00    760.00    752.00       0  nginx
1791476934     33     23433    5.00    6.00    0.00   15.00   11.00     3      0.00      0.00   60284   14056   0.17      0.00    228.00    188.00       0  nginx
1791476934     33     23434    4.00    3.00    0.00    8.00    7.00     3     35.00      0.00   58528   12208   0.15      0.00    204.00    252.00       0  nginx
1791476934     33     23435    4.00    4.00    0.00   11.00    8.00     3      0.00      0.00   58908   12736   0.16      0.00    108.00     84.00       0  nginx
1791476934    113    151301   19.00   27.00    0.00    0.00   46.00     0      1.00      0.00  682592   63944   0.79      0.00      0.00      0.00       0  pdns_server
1791476934   1100    155660   36.00   29.00    0.00   25.00   65.00     1   2914.00      0.00 2123120   16684   0.21      0.00      0.00      0.00       0  isupipe

# Time        UID       PID    %usr %system  %guest   %wait    %CPU   CPU  minflt/s  majflt/s     VSZ     RSS   %MEM   kB_rd/s   kB_wr/s kB_ccwr/s iodelay  Command
1791476935    112     14307  100.00   41.00    0.00    3.00  141.00     2    122.00      0.00 2892016 1001432  12.34      0.00  10476.00   1124.00       0  mysqld
1791476935      0     17311    0.00    0.00    0.00    0.00    0.00     1      0.00      0.00   56800   12976   0.16      0.00      0.00      0.00       0  nginx
1791476935     33     23432   11.00    8.00    0.00   40.00   19.00     3      0.00      0.00   62224   16048   0.20      0.00    308.00    204.00       0  nginx
1791476935     33     23433    6.00    7.00    0.00   24.00   13.00     3      0.00      0.00   60284   14056   0.17      0.00    720.00    672.00       0  nginx
1791476935     33     23434    4.00    2.00    0.00   11.00    6.00     3      3.00      0.00   58528   12208   0.15      0.00    204.00    172.00       0  nginx
1791476935     33     23435    4.00    6.00    0.00   16.00   10.00     3      0.00      0.00   58908   12736   0.16      0.00    320.00    272.00       0  nginx
1791476935    113    151301   21.00   29.00    0.00    0.00   50.00     0      0.00      0.00  682592   63944   0.79      0.00      0.00      0.00       0  pdns_server
1791476935   1100    155660   44.00   22.00    0.00   36.00   66.00     1   2693.00      0.00 2123120   16836   0.21      0.00      0.00      0.00       0  isupipe

# Time        UID       PID    %usr %system  %guest   %wait    %CPU   CPU  minflt/s  majflt/s     VSZ     RSS   %MEM   kB_rd/s   kB_wr/s kB_ccwr/s iodelay  Command
1791476936    112     14307   93.00   39.00    0.00    4.00  132.00     1    207.00      0.00 2895100 1001432  12.34      0.00   9272.00    812.00       0  mysqld
1791476936      0     17311    0.00    0.00    0.00    0.00    0.00     1      0.00      0.00   56800   12976   0.16      0.00      0.00      0.00       0  nginx
1791476936     33     23432    8.00    8.00    0.00   31.00   16.00     3      0.00      0.00   62224   16048   0.20      0.00    680.00    536.00       0  nginx
1791476936     33     23433    4.00    9.00    0.00   21.00   13.00     3      0.00      0.00   60284   14056   0.17      0.00    180.00     84.00       0  nginx
1791476936     33     23434    4.00    5.00    0.00    9.00    9.00     3      1.00      0.00   58528   12208   0.15      0.00    208.00    184.00       0  nginx
1791476936     33     23435    6.00    6.00    0.00   20.00   12.00     3      0.00      0.00   58908   12736   0.16      0.00    332.00    276.00       0  nginx
1791476936    113    151301   19.00   21.00    0.00    0.00   40.00     0      1.00      0.00  682592   63944   0.79      0.00      0.00      0.00       0  pdns_server
1791476936   1100    155660   41.00   28.00    0.00   20.00   69.00     3   2720.00      0.00 2123120   16528   0.20      0.00      0.00      0.00       0  isupipe

# Time        UID       PID    %usr %system  %guest   %wait    %CPU   CPU  minflt/s  majflt/s     VSZ     RSS   %MEM   kB_rd/s   kB_wr/s kB_ccwr/s iodelay  Command
1791476937    112     14307   92.00   39.00    0.00    3.00  131.00     0    115.00      0.00 2894072 1001432  12.34      0.00   9860.00   1024.00       0  mysqld
1791476937      0     17311    0.00    0.00    0.00    0.00    0.00     1      0.00      0.00   56800   12976   0.16      0.00      0.00      0.00       0  nginx
1791476937     33     23432    7.00   11.00    0.00   34.00   18.00     3      0.00      0.00   62224   16048   0.20      0.00    608.00    596.00       0  nginx
1791476937     33     23433    5.00    9.00    0.00   24.00   14.00     3      0.00      0.00   60284   14056   0.17      0.00    284.00    228.00       0  nginx
1791476937     33     23434    2.00    5.00    0.00   10.00    7.00     3      0.00      0.00   58528   12208   0.15      0.00    268.00    228.00       0  nginx
1791476937     33     23435    5.00    3.00    0.00   10.00    8.00     3      0.00      0.00   58908   12736   0.16      0.00    328.00    300.00       0  nginx
1791476937    113    151301   15.00   24.00    0.00    0.00   39.00     0      0.00      0.00  682592   63944   0.79      0.00      0.00      0.00       0  pdns_server
1791476937   1100    155660   38.00   29.00    0.00    0.00   67.00     0   2336.00      0.00 2123120   16000   0.20      0.00      0.00      0.00       0  isupipe

# Time        UID       PID    %usr %system  %guest   %wait    %CPU   CPU  minflt/s  majflt/s     VSZ     RSS   %MEM   kB_rd/s   kB_wr/s kB_ccwr/s iodelay  Command
1791476938    112     14307   98.00   42.00    0.00    3.00  140.00     0    286.00      0.00 2892016 1001432  12.34      0.00   9772.00   1052.00       0  mysqld
1791476938      0     17311    0.00    0.00    0.00    0.00    0.00     1      0.00      0.00   56800   12976   0.16      0.00      0.00      0.00       0  nginx
1791476938     33     23432    6.00   14.00    0.00   31.00   20.00     3      0.00      0.00   62224   16048   0.20      0.00    684.00    540.00       0  nginx
1791476938     33     23433    6.00    7.00    0.00   25.00   13.00     0      0.00      0.00   60284   14056   0.17      0.00    300.00    256.00       0  nginx
1791476938     33     23434    3.00    3.00    0.00    7.00    6.00     3      0.00      0.00   58528   12208   0.15      0.00    280.00    276.00       0  nginx
1791476938     33     23435    4.00    6.00    0.00   13.00   10.00     3      0.00      0.00   58908   12736   0.16      0.00    280.00    244.00       0  nginx
1791476938    113    151301   22.00   25.00    0.00    0.00   47.00     0      0.00      0.00  682592   63944   0.79      0.00      0.00      0.00       0  pdns_server
1791476938   1100    155660   39.00   26.00    0.00    0.00   65.00     0   2140.00      0.00 2123120   16692   0.21      0.00      0.00      0.00       0  isupipe

# Time        UID       PID    %usr %system  %guest   %wait    %CPU   CPU  minflt/s  majflt/s     VSZ     RSS   %MEM   kB_rd/s   kB_wr/s kB_ccwr/s iodelay  Command
1791476939    112     14307  100.00   39.00    0.00    3.00  139.00     2    133.00      0.00 2893044 1001432  12.34      0.00  13568.00    812.00       0  mysqld
1791476939      0     17311    0.00    0.00    0.00    0.00    0.00     1      0.00      0.00   56800   12976   0.16      0.00      0.00      0.00       0  nginx
1791476939     33     23432    9.00    9.00    0.00   35.00   18.00     3      0.00      0.00   62224   16048   0.20      0.00    636.00    564.00       0  nginx
1791476939     33     23433    5.00    7.00    0.00   26.00   12.00     3      0.00      0.00   60284   14056   0.17      0.00    364.00    312.00       0  nginx
1791476939     33     23434    3.00    3.00    0.00   10.00    6.00     3      0.00      0.00   58528   12208   0.15      0.00    276.00    136.00       0  nginx
1791476939     33     23435    5.00    6.00    0.00   18.00   11.00     3      0.00      0.00   58908   12736   0.16      0.00    120.00     60.00       0  nginx
1791476939    113    151301   26.00   24.00    0.00    0.00   50.00     0      1.00      0.00  682592   63944   0.79      0.00      0.00      0.00       0  pdns_server
1791476939   1100    155660   45.00   22.00    0.00    0.00   67.00     0   2322.00      0.00 2123120   16912   0.21      0.00      0.00      0.00       0  isupipe

# Time        UID       PID    %usr %system  %guest   %wait    %CPU   CPU  minflt/s  majflt/s     VSZ     RSS   %MEM   kB_rd/s   kB_wr/s kB_ccwr/s iodelay  Command
1791476940    112     14307   91.00   46.00    0.00    2.00  137.00     0    307.00      0.00 2892016 1001432  12.34      0.00   9832.00   1148.00       0  mysqld
1791476940      0     17311    0.00    0.00    0.00    0.00    0.00     1      0.00      0.00   56800   12976   0.16      0.00      0.00      0.00       0  nginx
1791476940     33     23432    9.00    8.00    0.00   31.00   17.00     3      0.00      0.00   62224   16048   0.20      0.00    972.00    864.00       0  nginx
1791476940     33     23433    3.00    8.00    0.00   23.00   11.00     3      0.00      0.00   60284   14056   0.17      0.00    368.00    320.00       0  nginx
1791476940     33     23434    4.00    6.00    0.00   17.00   10.00     0      0.00      0.00   58528   12208   0.15      0.00    120.00     96.00       0  nginx
1791476940     33     23435    4.00    6.00    0.00   15.00   10.00     3      0.00      0.00   58908   12736   0.16      0.00    104.00     60.00       0  nginx
1791476940    113    151301   23.00   26.00    0.00    0.00   49.00     0      2.00      0.00  682592   63944   0.79      0.00      0.00      0.00       0  pdns_server
1791476940   1100    155660   39.00   24.00    0.00    0.00   63.00     0   2187.00      0.00 2123120   16940   0.21      0.00      0.00      0.00       0  isupipe

# Time        UID       PID    %usr %system  %guest   %wait    %CPU   CPU  minflt/s  majflt/s     VSZ     RSS   %MEM   kB_rd/s   kB_wr/s kB_ccwr/s iodelay  Command
1791476941    112     14307   94.00   38.00    0.00    3.00  132.00     2    271.00      0.00 2893044 1001432  12.34      0.00  13888.00   1072.00       0  mysqld
1791476941      0     17311    0.00    0.00    0.00    0.00    0.00     1      0.00      0.00   56800   12976   0.16      0.00      0.00      0.00       0  nginx
1791476941     33     23432    9.00    6.00    0.00   31.00   15.00     3      0.00      0.00   62224   16048   0.20      0.00    460.00    424.00       0  nginx
1791476941     33     23433    7.00    6.00    0.00   31.00   13.00     3      0.00      0.00   60284   14056   0.17      0.00    184.00    100.00       0  nginx
1791476941     33     23434    3.00    7.00    0.00   16.00   10.00     3      0.00      0.00   58528   12208   0.15      0.00    392.00    416.00       0  nginx
1791476941     33     23435    5.00    6.00    0.00   15.00   11.00     3      0.00      0.00   58908   12736   0.16      0.00    412.00    368.00       0  nginx
1791476941    113    151301   23.00   22.00    0.00    0.00   45.00     0      1.00      0.00  682592   63944   0.79      0.00      0.00      0.00       0  pdns_server
1791476941   1100    155660   41.00   26.00    0.00    0.00   67.00     0   3525.00      0.00 2123120   16652   0.21      0.00      0.00      0.00       0  isupipe

# Time        UID       PID    %usr %system  %guest   %wait    %CPU   CPU  minflt/s  majflt/s     VSZ     RSS   %MEM   kB_rd/s   kB_wr/s kB_ccwr/s iodelay  Command
1791476942    112     14307  101.00   37.00    0.00    3.00  138.00     0    122.00      0.00 2895100 1001628  12.34      0.00   9788.00   1048.00       0  mysqld
1791476942      0     17311    0.00    0.00    0.00    0.00    0.00     1      0.00      0.00   56800   12976   0.16      0.00      0.00      0.00       0  nginx
1791476942     33     23432    7.00    9.00    0.00   40.00   16.00     3      0.00      0.00   62224   16048   0.20      0.00    736.00    660.00       0  nginx
1791476942     33     23433    4.00   10.00    0.00   35.00   14.00     1      0.00      0.00   60284   14056   0.17      0.00     80.00      0.00       0  nginx
1791476942     33     23434    4.00    3.00    0.00   14.00    7.00     3      0.00      0.00   58528   12208   0.15      0.00    236.00    212.00       0  nginx
1791476942     33     23435    5.00    6.00    0.00   22.00   11.00     3     27.00      0.00   59040   12736   0.16      0.00    460.00    420.00       0  nginx
1791476942    113    151301   23.00   26.00    0.00    0.00   49.00     0      1.00      0.00  682592   63944   0.79      0.00      0.00      0.00       0  pdns_server
1791476942   1100    155660   40.00   25.00    0.00    0.00   65.00     0   2790.00      0.00 2123120   16280   0.20      0.00      0.00      0.00       0  isupipe

# Time        UID       PID    %usr %system  %guest   %wait    %CPU   CPU  minflt/s  majflt/s     VSZ     RSS   %MEM   kB_rd/s   kB_wr/s kB_ccwr/s iodelay  Command
1791476943    112     14307   93.00   37.00    0.00    3.00  130.00     2    327.00      0.00 2893044 1001432  12.34      0.00   9928.00   1088.00       0  mysqld
1791476943      0     17311    0.00    0.00    0.00    0.00    0.00     1      0.00      0.00   56800   12976   0.16      0.00      0.00      0.00       0  nginx
1791476943     33     23432   12.00    6.00    0.00   40.00   18.00     3      0.00      0.00   62224   16048   0.20      0.00    488.00    416.00       0  nginx
1791476943     33     23433    5.00    9.00    0.00   32.00   14.00     3      0.00      0.00   60284   14056   0.17      0.00    420.00    336.00       0  nginx
1791476943     33     23434    4.00    7.00    0.00   22.00   11.00     3      0.00      0.00   58528   12208   0.15      0.00    264.00    212.00       0  nginx
1791476943     33     23435    5.00    8.00    0.00   22.00   13.00     3     20.00      0.00   59040   12736   0.16      0.00    388.00    328.00       0  nginx
1791476943    113    151301   19.00   20.00    0.00    0.00   39.00     0      0.00      0.00  682592   63944   0.79      0.00      0.00      0.00       0  pdns_server
1791476943   1100    155660   43.00   25.00    0.00    0.00   68.00     0   3655.00      0.00 2123120   16376   0.20      0.00      0.00      0.00       0  isupipe

# Time        UID       PID    %usr %system  %guest   %wait    %CPU   CPU  minflt/s  majflt/s     VSZ     RSS   %MEM   kB_rd/s   kB_wr/s kB_ccwr/s iodelay  Command
1791476944    112     14307   79.21   32.67    0.00    2.97  111.88     0     23.76      0.00 2892016 1001432  12.34      0.00   9960.40    788.12       0  mysqld
1791476944      0     17311    0.00    0.00    0.00    0.00    0.00     1      0.00      0.00   56800   12976   0.16      0.00      0.00      0.00       0  nginx
1791476944     33     23432    8.91    9.90    0.00   24.75   18.81     1      0.00      0.00   62224   16048   0.20      0.00    613.86    522.77       0  nginx
1791476944     33     23433    5.94    4.95    0.00   10.89   10.89     0      0.00      0.00   60284   14056   0.17      0.00    344.55    281.19       0  nginx
1791476944     33     23434    0.99    2.97    0.00    4.95    3.96     0      0.00      0.00   58528   12208   0.15      0.00     27.72      0.00       0  nginx
1791476944     33     23435    1.98    2.97    0.00    3.96    4.95     0     22.77      0.00   59180   13000   0.16      0.00    253.47    241.58       0  nginx
1791476944    113    151301   14.85   17.82    0.00    0.00   32.67     0      0.00      0.00  682592   63944   0.79      0.00      0.00      0.00       0  pdns_server
1791476944   1100    155660   39.60   18.81    0.00    0.00   58.42     0   2254.46      0.00 2123120   16524   0.20      0.00      0.00      0.00       0  isupipe

# Time        UID       PID    %usr %system  %guest   %wait    %CPU   CPU  minflt/s  majflt/s     VSZ     RSS   %MEM   kB_rd/s   kB_wr/s kB_ccwr/s iodelay  Command
1791476945    112     14307    0.94    3.77    0.00    0.00    4.72     0      0.00      0.00 2892016 1001432  12.34      0.00   9743.40      0.00       0  mysqld
1791476945      0     17311    0.00    0.00    0.00    0.00    0.00     1      0.00      0.00   56800   12976   0.16      0.00      0.00      0.00       0  nginx
1791476945     33     23432    0.00    0.00    0.00    0.00    0.00     1      0.00      0.00   62224   16048   0.20      0.00      0.00      0.00       0  nginx
1791476945     33     23433    0.94    0.00    0.00    0.00    0.94     2      0.00      0.00   60284   14056   0.17      0.00      0.00      0.00       0  nginx
1791476945     33     23434    0.00    0.00    0.00    0.00    0.00     3      0.00      0.00   58528   12208   0.15      0.00      0.00      0.00       0  nginx
1791476945     33     23435    0.00    0.00    0.00    0.00    0.00     0      0.00      0.00   59180   13000   0.16      0.00      0.00      0.00       0  nginx
1791476945    113    151301    0.00    0.00    0.00    0.00    0.00     0      0.00      0.00  682592   63944   0.79      0.00      0.00      0.00       0  pdns_server
1791476945   1100    155660    0.00    0.00    0.00    0.00    0.00     0      0.94      0.00 2123120   16524   0.20      0.00      0.00      0.00       0  isupipe
