Linux 5.15.0-198-generic (isucon13-app) 	10/08/26 	_aarch64_	(4 CPU)

# Time        UID       PID    %usr %system  %guest   %wait    %CPU   CPU  minflt/s  majflt/s     VSZ     RSS   %MEM   kB_rd/s   kB_wr/s kB_ccwr/s iodelay  Command
1791477875    112     14307    7.00   11.00    0.00    0.00   18.00     2    276.00      0.00 2890316 1035824  12.76      0.00   9564.00      0.00       0  mysqld
1791477875      0     17311    0.00    0.00    0.00    0.00    0.00     1      0.00      0.00   56800   12976   0.16      0.00      0.00      0.00       0  nginx
1791477875     33     23432    0.00    0.00    0.00    0.00    0.00     2      0.00      0.00   61296   15328   0.19      0.00      0.00      0.00       0  nginx
1791477875     33     23433    0.00    0.00    0.00    0.00    0.00     3      0.00      0.00   60284   14056   0.17      0.00      0.00      0.00       0  nginx
1791477875     33     23434    0.00    0.00    0.00    0.00    0.00     0      0.00      0.00   58948   12736   0.16      0.00      0.00      0.00       0  nginx
1791477875     33     23435    0.00    0.00    0.00    0.00    0.00     1      0.00      0.00   59592   13264   0.16      0.00      0.00      0.00       0  nginx
1791477875    113    185612    0.00    0.00    0.00    0.00    0.00     1      0.00      0.00  682592   58056   0.72      0.00      0.00      0.00       0  pdns_server
1791477875   1100    191004    0.00    0.00    0.00    0.00    0.00     1      1.00      0.00 1753416   14212   0.18      0.00      0.00      0.00       0  isupipe

# Time        UID       PID    %usr %system  %guest   %wait    %CPU   CPU  minflt/s  majflt/s     VSZ     RSS   %MEM   kB_rd/s   kB_wr/s kB_ccwr/s iodelay  Command
1791477876    112     14307   10.00    7.00    0.00    0.00   17.00     2      2.00      0.00 2890316 1035824  12.76      0.00   6472.00      0.00       0  mysqld
1791477876      0     17311    0.00    0.00    0.00    0.00    0.00     1      0.00      0.00   56800   12976   0.16      0.00      0.00      0.00       0  nginx
1791477876     33     23432    0.00    0.00    0.00    0.00    0.00     2      0.00      0.00   61296   15328   0.19      0.00      0.00      0.00       0  nginx
1791477876     33     23433    0.00    0.00    0.00    0.00    0.00     3      0.00      0.00   60284   14056   0.17      0.00      0.00      0.00       0  nginx
1791477876     33     23434    0.00    0.00    0.00    0.00    0.00     0      0.00      0.00   58948   12736   0.16      0.00      0.00      0.00       0  nginx
1791477876     33     23435    0.00    0.00    0.00    0.00    0.00     1      0.00      0.00   59592   13264   0.16      0.00      0.00      0.00       0  nginx
1791477876    113    185612    0.00    0.00    0.00    0.00    0.00     1      0.00      0.00  682592   58056   0.72      0.00      0.00      0.00       0  pdns_server
1791477876   1100    191004    0.00    0.00    0.00    0.00    0.00     1      0.00      0.00 1753416   14212   0.18      0.00      0.00      0.00       0  isupipe

# Time        UID       PID    %usr %system  %guest   %wait    %CPU   CPU  minflt/s  majflt/s     VSZ     RSS   %MEM   kB_rd/s   kB_wr/s kB_ccwr/s iodelay  Command
1791477877    112     14307    8.00    7.00    0.00    0.00   15.00     2      0.00      0.00 2890316 1035824  12.76      0.00   7916.00      0.00       0  mysqld
1791477877      0     17311    0.00    0.00    0.00    0.00    0.00     1      0.00      0.00   56800   12976   0.16      0.00      0.00      0.00       0  nginx
1791477877     33     23432    0.00    0.00    0.00    0.00    0.00     2      0.00      0.00   61296   15328   0.19      0.00      0.00      0.00       0  nginx
1791477877     33     23433    0.00    0.00    0.00    0.00    0.00     3      0.00      0.00   60284   14056   0.17      0.00      0.00      0.00       0  nginx
1791477877     33     23434    0.00    0.00    0.00    0.00    0.00     0      0.00      0.00   58948   12736   0.16      0.00      0.00      0.00       0  nginx
1791477877     33     23435    0.00    0.00    0.00    0.00    0.00     1      0.00      0.00   59592   13264   0.16      0.00      0.00      0.00       0  nginx
1791477877    113    185612    0.00    0.00    0.00    0.00    0.00     1      0.00      0.00  682592   58056   0.72      0.00      0.00      0.00       0  pdns_server
1791477877   1100    191004    0.00    0.00    0.00    0.00    0.00     1      0.00      0.00 1753416   14212   0.18      0.00      0.00      0.00       0  isupipe

# Time        UID       PID    %usr %system  %guest   %wait    %CPU   CPU  minflt/s  majflt/s     VSZ     RSS   %MEM   kB_rd/s   kB_wr/s kB_ccwr/s iodelay  Command
1791477878    112     14307    9.00   11.00    0.00    0.00   20.00     2   7109.00      0.00 2890316 1032328  12.72      0.00  24052.00   1948.00       0  mysqld
1791477878      0     17311    0.00    0.00    0.00    0.00    0.00     1      0.00      0.00   56800   12976   0.16      0.00      0.00      0.00       0  nginx
1791477878     33     23432    0.00    0.00    0.00    0.00    0.00     2      0.00      0.00   61296   15328   0.19      0.00      0.00      0.00       0  nginx
1791477878     33     23433    0.00    0.00    0.00    0.00    0.00     3      0.00      0.00   60284   14056   0.17      0.00      0.00      0.00       0  nginx
1791477878     33     23434    0.00    0.00    0.00    0.00    0.00     0      0.00      0.00   58948   12736   0.16      0.00      0.00      0.00       0  nginx
1791477878     33     23435    0.00    0.00    0.00    0.00    0.00     1      0.00      0.00   59592   13264   0.16      0.00      0.00      0.00       0  nginx
1791477878    113    185612    0.00    0.00    0.00    0.00    0.00     1      0.00      0.00  682592   58056   0.72      0.00      0.00      0.00       0  pdns_server
1791477878   1100    191004    0.00    0.00    0.00    0.00    0.00     1      0.00      0.00 1753416   14212   0.18      0.00      0.00      0.00       0  isupipe

# Time        UID       PID    %usr %system  %guest   %wait    %CPU   CPU  minflt/s  majflt/s     VSZ     RSS   %MEM   kB_rd/s   kB_wr/s kB_ccwr/s iodelay  Command
1791477879    112     14307   30.00   14.00    0.00    0.00   44.00     0   8876.00      0.00 2890316 1066592  13.14      0.00  38672.00   1532.00       0  mysqld
1791477879      0     17311    0.00    0.00    0.00    0.00    0.00     1      0.00      0.00   56800   12976   0.16      0.00      0.00      0.00       0  nginx
1791477879     33     23432    1.00    0.00    0.00    0.00    1.00     2     10.00      0.00   61296   15328   0.19      0.00      8.00      0.00       0  nginx
1791477879     33     23433    0.00    0.00    0.00    0.00    0.00     3      0.00      0.00   60284   14056   0.17      0.00      0.00      0.00       0  nginx
1791477879     33     23434    0.00    0.00    0.00    0.00    0.00     0      0.00      0.00   58948   12736   0.16      0.00      0.00      0.00       0  nginx
1791477879     33     23435    0.00    0.00    0.00    0.00    0.00     1      0.00      0.00   59592   13264   0.16      0.00      0.00      0.00       0  nginx
1791477879    113    185612    1.00    1.00    0.00    0.00    2.00     1      2.00      0.00  682592   58056   0.72      0.00      0.00      0.00       0  pdns_server
1791477879   1100    191004    2.00    3.00    0.00    0.00    5.00     1    230.00      0.00 1753416   14436   0.18     12.00     52.00     52.00       0  isupipe

# Time        UID       PID    %usr %system  %guest   %wait    %CPU   CPU  minflt/s  majflt/s     VSZ     RSS   %MEM   kB_rd/s   kB_wr/s kB_ccwr/s iodelay  Command
1791477880    112     14307    8.91    1.98    0.00    0.00   10.89     0      3.96      0.00 2890316 1066592  13.14      0.00   3710.89     55.45       0  mysqld
1791477880      0     17311    0.00    0.00    0.00    0.00    0.00     1      0.00      0.00   56800   12976   0.16      0.00      0.00      0.00       0  nginx
1791477880     33     23432    0.00    0.99    0.00    0.00    0.99     1      0.00      0.00   61296   15328   0.19      0.00     79.21     71.29       0  nginx
1791477880     33     23433    0.00    0.00    0.00    0.00    0.00     3      0.00      0.00   60284   14056   0.17      0.00      0.00      0.00       0  nginx
1791477880     33     23434    0.00    0.00    0.00    0.00    0.00     0      0.00      0.00   58948   12736   0.16      0.00      0.00      0.00       0  nginx
1791477880     33     23435    0.00    0.00    0.00    0.00    0.00     1      0.00      0.00   59592   13264   0.16      0.00      0.00      0.00       0  nginx
1791477880    113    185612    0.00    0.00    0.00    0.00    0.00     1      0.99      0.00  682592   58056   0.72      0.00      0.00      0.00       0  pdns_server
1791477880   1100    191004    1.98    5.94    0.00    0.00    7.92     1    347.52      0.00 1753416   14484   0.18     35.64      0.00      0.00       0  isupipe

# Time        UID       PID    %usr %system  %guest   %wait    %CPU   CPU  minflt/s  majflt/s     VSZ     RSS   %MEM   kB_rd/s   kB_wr/s kB_ccwr/s iodelay  Command
1791477882    112     14307    0.90    0.90    0.00    0.00    1.80     0      0.00      0.00 2890316 1066592  13.14      0.00   2796.40      0.00       0  mysqld
1791477882      0     17311    0.00    0.00    0.00    0.00    0.00     1      0.00      0.00   56800   12976   0.16      0.00      0.00      0.00       0  nginx
1791477882     33     23432    0.00    0.00    0.00    0.00    0.00     1      0.00      0.00   61296   15328   0.19      0.00      0.00      0.00       0  nginx
1791477882     33     23433    0.00    0.00    0.00    0.00    0.00     3      0.00      0.00   60284   14056   0.17      0.00      0.00      0.00       0  nginx
1791477882     33     23434    0.00    0.00    0.00    0.00    0.00     0      0.00      0.00   58948   12736   0.16      0.00      0.00      0.00       0  nginx
1791477882     33     23435    0.00    0.00    0.00    0.00    0.00     1      0.00      0.00   59592   13264   0.16      0.00      0.00      0.00       0  nginx
1791477882    113    185612    0.00    0.00    0.00    0.00    0.00     1      0.00      0.00  682592   58056   0.72      0.00      0.00      0.00       0  pdns_server
1791477882   1100    191004    0.00    0.00    0.00    0.00    0.00     1      0.00      0.00 1753416   14484   0.18      0.00      0.00      0.00       0  isupipe

# Time        UID       PID    %usr %system  %guest   %wait    %CPU   CPU  minflt/s  majflt/s     VSZ     RSS   %MEM   kB_rd/s   kB_wr/s kB_ccwr/s iodelay  Command
1791477883    112     14307    1.82    2.73    0.00    0.00    4.55     0      1.82      0.00 2890316 1066592  13.14      0.00   6440.00     76.36       0  mysqld
1791477883      0     17311    0.00    0.00    0.00    0.00    0.00     1      0.00      0.00   56800   12976   0.16      0.00      0.00      0.00       0  nginx
1791477883     33     23432    0.91    0.91    0.00    0.00    1.82     2      0.91      0.00   61296   15328   0.19      0.00    109.09     98.18       0  nginx
1791477883     33     23433    0.00    0.00    0.00    0.00    0.00     3      0.00      0.00   60284   14056   0.17      0.00      0.00      0.00       0  nginx
1791477883     33     23434    0.00    0.00    0.00    0.00    0.00     0      0.00      0.00   58948   12736   0.16      0.00      0.00      0.00       0  nginx
1791477883     33     23435    0.00    0.00    0.00    0.00    0.00     1      0.00      0.00   59592   13264   0.16      0.00      0.00      0.00       0  nginx
1791477883    113    185612    0.00    0.00    0.00    0.00    0.00     1      0.00      0.00  682592   58056   0.72      0.00      0.00      0.00       0  pdns_server
1791477883   1100    191004    2.73    1.82    0.00    0.00    4.55     1    202.73      0.00 1753416   14472   0.18      0.00      0.00      0.00       0  isupipe

# Time        UID       PID    %usr %system  %guest   %wait    %CPU   CPU  minflt/s  majflt/s     VSZ     RSS   %MEM   kB_rd/s   kB_wr/s kB_ccwr/s iodelay  Command
1791477884    112     14307    0.99    0.99    0.00    0.00    1.98     0      0.00      0.00 2890316 1066592  13.14      0.00   2249.50      0.00       0  mysqld
1791477884      0     17311    0.00    0.00    0.00    0.00    0.00     1      0.00      0.00   56800   12976   0.16      0.00      0.00      0.00       0  nginx
1791477884     33     23432    0.00    0.00    0.00    0.00    0.00     2      0.00      0.00   61296   15328   0.19      0.00      0.00      0.00       0  nginx
1791477884     33     23433    0.00    0.00    0.00    0.00    0.00     3      0.00      0.00   60284   14056   0.17      0.00      0.00      0.00       0  nginx
1791477884     33     23434    0.00    0.00    0.00    0.00    0.00     0      0.00      0.00   58948   12736   0.16      0.00      0.00      0.00       0  nginx
1791477884     33     23435    0.00    0.00    0.00    0.00    0.00     1      0.00      0.00   59592   13264   0.16      0.00      0.00      0.00       0  nginx
1791477884    113    185612    0.00    0.00    0.00    0.00    0.00     1      0.00      0.00  682592   58056   0.72      0.00      0.00      0.00       0  pdns_server
1791477884   1100    191004    0.00    0.00    0.00    0.00    0.00     1      0.00      0.00 1753416   14360   0.18      0.00      0.00      0.00       0  isupipe

# Time        UID       PID    %usr %system  %guest   %wait    %CPU   CPU  minflt/s  majflt/s     VSZ     RSS   %MEM   kB_rd/s   kB_wr/s kB_ccwr/s iodelay  Command
1791477885    112     14307   17.00   19.00    0.00    0.00   36.00     2     29.00      0.00 2890316 1066592  13.14      0.00  12748.00    476.00       0  mysqld
1791477885      0     17311    0.00    0.00    0.00    0.00    0.00     1      0.00      0.00   56800   12976   0.16      0.00      0.00      0.00       0  nginx
1791477885     33     23432    6.00    0.00    0.00    1.00    6.00     0      0.00      0.00   61296   15328   0.19      0.00    588.00    568.00       0  nginx
1791477885     33     23433    1.00    0.00    0.00    0.00    1.00     0     12.00      0.00   60284   14056   0.17      0.00     92.00      0.00       0  nginx
1791477885     33     23434    0.00    0.00    0.00    0.00    0.00     0      0.00      0.00   58948   12736   0.16      0.00      0.00      0.00       0  nginx
1791477885     33     23435    1.00    0.00    0.00    0.00    1.00     1     10.00      0.00   59592   13264   0.16      0.00      0.00      0.00       0  nginx
1791477885    113    185612    5.00    7.00    0.00    0.00   12.00     1     17.00      0.00  682592   58056   0.72      0.00      0.00      0.00       0  pdns_server
1791477885   1100    191004   11.00    6.00    0.00    0.00   17.00     0    591.00      0.00 1827208   14748   0.18      0.00      0.00      0.00       0  isupipe

# Time        UID       PID    %usr %system  %guest   %wait    %CPU   CPU  minflt/s  majflt/s     VSZ     RSS   %MEM   kB_rd/s   kB_wr/s kB_ccwr/s iodelay  Command
1791477886    112     14307   68.00   34.00    0.00    1.00  102.00     2    102.00      0.00 2895456 1066800  13.14      0.00  12896.00   2088.00       0  mysqld
1791477886      0     17311    0.00    0.00    0.00    0.00    0.00     1      0.00      0.00   56800   12976   0.16      0.00      0.00      0.00       0  nginx
1791477886     33     23432    8.00   13.00    0.00   21.00   21.00     3      0.00      0.00   61296   15328   0.19      0.00   1428.00   1272.00       0  nginx
1791477886     33     23433    4.00    6.00    0.00   11.00   10.00     2      1.00      0.00   60284   14056   0.17      0.00    528.00    556.00       0  nginx
1791477886     33     23434    1.00    1.00    0.00    2.00    2.00     3     10.00      0.00   58948   12736   0.16      0.00      8.00      0.00       0  nginx
1791477886     33     23435    5.00    2.00    0.00    5.00    7.00     3      1.00      0.00   59592   13264   0.16      0.00    492.00    472.00       0  nginx
1791477886    113    185612   13.00   17.00    0.00    0.00   30.00     1     68.00      0.00  682592   58316   0.72      0.00      0.00      0.00       0  pdns_server
1791477886   1100    191004   37.00   29.00    0.00   19.00   66.00     1   3828.00      0.00 2049096   16108   0.20      0.00      0.00      0.00       0  isupipe

# Time        UID       PID    %usr %system  %guest   %wait    %CPU   CPU  minflt/s  majflt/s     VSZ     RSS   %MEM   kB_rd/s   kB_wr/s kB_ccwr/s iodelay  Command
1791477887    112     14307   68.00   36.00    0.00    1.00  104.00     2     85.00      0.00 2897512 1067024  13.14      0.00  12684.00   1488.00       0  mysqld
1791477887      0     17311    0.00    0.00    0.00    0.00    0.00     1      0.00      0.00   56800   12976   0.16      0.00      0.00      0.00       0  nginx
1791477887     33     23432    6.00   13.00    0.00   25.00   19.00     3      0.00      0.00   61296   15328   0.19      0.00    944.00    776.00       0  nginx
1791477887     33     23433    5.00    8.00    0.00   16.00   13.00     3      0.00      0.00   60284   14056   0.17      0.00    544.00    480.00       0  nginx
1791477887     33     23434    1.00    1.00    0.00    2.00    2.00     3      0.00      0.00   58948   12736   0.16      0.00      8.00      0.00       0  nginx
1791477887     33     23435    4.00    4.00    0.00    9.00    8.00     3      0.00      0.00   59592   13264   0.16      0.00    736.00    616.00       0  nginx
1791477887    113    185612   14.00   19.00    0.00    0.00   33.00     1     67.00      0.00  682592   59204   0.73      0.00      0.00      0.00       0  pdns_server
1791477887   1100    191004   33.00   31.00    0.00   36.00   64.00     2   2713.00      0.00 2049096   16512   0.20      0.00      0.00      0.00       0  isupipe

# Time        UID       PID    %usr %system  %guest   %wait    %CPU   CPU  minflt/s  majflt/s     VSZ     RSS   %MEM   kB_rd/s   kB_wr/s kB_ccwr/s iodelay  Command
1791477888    112     14307   76.00   32.00    0.00    0.00  108.00     2     85.00      0.00 2898540 1067224  13.15      0.00  10732.00   1616.00       0  mysqld
1791477888      0     17311    0.00    0.00    0.00    0.00    0.00     1      0.00      0.00   56800   12976   0.16      0.00      0.00      0.00       0  nginx
1791477888     33     23432    8.00   12.00    0.00   28.00   20.00     3      0.00      0.00   61296   15328   0.19      0.00   1144.00    976.00       0  nginx
1791477888     33     23433    2.00    8.00    0.00   18.00   10.00     3      0.00      0.00   60284   14056   0.17      0.00     44.00      0.00       0  nginx
1791477888     33     23434    0.00    1.00    0.00    3.00    1.00     3      0.00      0.00   58948   12736   0.16      0.00    344.00    336.00       0  nginx
1791477888     33     23435    3.00    6.00    0.00   12.00    9.00     3      0.00      0.00   59592   13264   0.16      0.00    560.00    576.00       0  nginx
1791477888    113    185612   18.00   20.00    0.00    0.00   38.00     1     89.00      0.00  682592   59728   0.74      0.00      0.00      0.00       0  pdns_server
1791477888   1100    191004   42.00   22.00    0.00   28.00   64.00     0   2500.00      0.00 2049096   16240   0.20      0.00      0.00      0.00       0  isupipe

# Time        UID       PID    %usr %system  %guest   %wait    %CPU   CPU  minflt/s  majflt/s     VSZ     RSS   %MEM   kB_rd/s   kB_wr/s kB_ccwr/s iodelay  Command
1791477889    112     14307   75.00   32.00    0.00    1.00  107.00     0     83.00      0.00 2898540 1067408  13.15      0.00  12096.00   2036.00       0  mysqld
1791477889      0     17311    0.00    0.00    0.00    0.00    0.00     1      0.00      0.00   56800   12976   0.16      0.00      0.00      0.00       0  nginx
1791477889     33     23432    8.00   12.00    0.00   32.00   20.00     3      0.00      0.00   61296   15328   0.19      0.00   1376.00   1212.00       0  nginx
1791477889     33     23433    8.00    3.00    0.00   22.00   11.00     3      0.00      0.00   60284   14056   0.17      0.00    804.00    756.00       0  nginx
1791477889     33     23434    1.00    2.00    0.00    5.00    3.00     3      1.00      0.00   58948   12736   0.16      0.00     76.00     72.00       0  nginx
1791477889     33     23435    2.00    6.00    0.00   14.00    8.00     3      0.00      0.00   59592   13264   0.16      0.00    244.00    176.00       0  nginx
1791477889    113    185612   14.00   24.00    0.00    0.00   38.00     1     94.00      0.00  682592   59992   0.74      0.00      0.00      0.00       0  pdns_server
1791477889   1100    191004   37.00   27.00    0.00   12.00   64.00     3   3634.00      0.00 2049096   17804   0.22      0.00      0.00      0.00       0  isupipe

# Time        UID       PID    %usr %system  %guest   %wait    %CPU   CPU  minflt/s  majflt/s     VSZ     RSS   %MEM   kB_rd/s   kB_wr/s kB_ccwr/s iodelay  Command
1791477890    112     14307   78.00   43.00    0.00    0.00  121.00     2    162.00      0.00 2898540 1067800  13.15      0.00  13424.00   1652.00       0  mysqld
1791477890      0     17311    0.00    0.00    0.00    0.00    0.00     1      0.00      0.00   56800   12976   0.16      0.00      0.00      0.00       0  nginx
1791477890     33     23432    8.00   14.00    0.00   36.00   22.00     3      0.00      0.00   61296   15328   0.19      0.00    816.00    640.00       0  nginx
1791477890     33     23433    6.00    7.00    0.00   20.00   13.00     3      0.00      0.00   60284   14056   0.17      0.00    792.00    636.00       0  nginx
1791477890     33     23434    3.00    4.00    0.00    8.00    7.00     3      0.00      0.00   58948   12736   0.16      0.00    244.00    220.00       0  nginx
1791477890     33     23435    2.00    6.00    0.00   14.00    8.00     3      0.00      0.00   59592   13264   0.16      0.00    456.00    424.00       0  nginx
1791477890    113    185612   23.00   26.00    0.00    0.00   49.00     1    126.00      0.00  682592   60256   0.74      0.00      0.00      0.00       0  pdns_server
1791477890   1100    191004   38.00   27.00    0.00   29.00   65.00     2   4343.00      0.00 2122888   18656   0.23      0.00      0.00      0.00       0  isupipe

# Time        UID       PID    %usr %system  %guest   %wait    %CPU   CPU  minflt/s  majflt/s     VSZ     RSS   %MEM   kB_rd/s   kB_wr/s kB_ccwr/s iodelay  Command
1791477891    112     14307   79.00   39.00    0.00    1.00  118.00     2      0.00      0.00 2898540 1067800  13.15      0.00  18348.00   2320.00       0  mysqld
1791477891      0     17311    0.00    0.00    0.00    0.00    0.00     1      0.00      0.00   56800   12976   0.16      0.00      0.00      0.00       0  nginx
1791477891     33     23432    9.00   13.00    0.00   26.00   22.00     1      0.00      0.00   61296   15328   0.19      0.00   1752.00   1460.00       0  nginx
1791477891     33     23433    4.00    6.00    0.00   12.00   10.00     3      0.00      0.00   60284   14056   0.17      0.00    844.00    904.00       0  nginx
1791477891     33     23434    0.00    2.00    0.00    5.00    2.00     3      0.00      0.00   58948   12736   0.16      0.00    116.00    104.00       0  nginx
1791477891     33     23435    1.00    4.00    0.00    7.00    5.00     0      0.00      0.00   59592   13264   0.16      0.00     92.00     72.00       0  nginx
1791477891    113    185612   19.00   27.00    0.00    0.00   46.00     1    121.00      0.00  682592   60784   0.75      0.00      0.00      0.00       0  pdns_server
1791477891   1100    191004   36.00   28.00    0.00   22.00   64.00     3   3586.00      0.00 2122888   17676   0.22      0.00      0.00      0.00       0  isupipe

# Time        UID       PID    %usr %system  %guest   %wait    %CPU   CPU  minflt/s  majflt/s     VSZ     RSS   %MEM   kB_rd/s   kB_wr/s kB_ccwr/s iodelay  Command
1791477892    112     14307   95.00   32.00    0.00    0.00  127.00     2    183.00      0.00 2898540 1068184  13.16      0.00  10508.00   1704.00       0  mysqld
1791477892      0     17311    0.00    0.00    0.00    0.00    0.00     1      0.00      0.00   56800   12976   0.16      0.00      0.00      0.00       0  nginx
1791477892     33     23432    9.00   11.00    0.00   29.00   20.00     2      0.00      0.00   61296   15328   0.19      0.00    736.00    680.00       0  nginx
1791477892     33     23433    5.00    8.00    0.00   21.00   13.00     3      0.00      0.00   60284   14056   0.17      0.00    464.00    392.00       0  nginx
1791477892     33     23434    1.00    3.00    0.00    4.00    4.00     3      0.00      0.00   58948   12736   0.16      0.00    372.00    360.00       0  nginx
1791477892     33     23435    3.00    5.00    0.00   13.00    8.00     3      0.00      0.00   59592   13264   0.16      0.00    688.00    636.00       0  nginx
1791477892    113    185612   22.00   24.00    0.00    0.00   46.00     1    131.00      0.00  682592   61048   0.75      0.00      0.00      0.00       0  pdns_server
1791477892   1100    191004   36.00   28.00    0.00   43.00   64.00     1   2540.00      0.00 2122888   18984   0.23      0.00      0.00      0.00       0  isupipe

# Time        UID       PID    %usr %system  %guest   %wait    %CPU   CPU  minflt/s  majflt/s     VSZ     RSS   %MEM   kB_rd/s   kB_wr/s kB_ccwr/s iodelay  Command
1791477893    112     14307   84.00   36.00    0.00    1.00  120.00     2      0.00      0.00 2898540 1068184  13.16      0.00   9500.00   1200.00       0  mysqld
1791477893      0     17311    0.00    0.00    0.00    0.00    0.00     1      0.00      0.00   56800   12976   0.16      0.00      0.00      0.00       0  nginx
1791477893     33     23432    8.00    9.00    0.00   34.00   17.00     0      0.00      0.00   61296   15328   0.19      0.00    616.00    428.00       0  nginx
1791477893     33     23433    3.00    9.00    0.00   26.00   12.00     1      0.00      0.00   60284   14056   0.17      0.00    688.00    592.00       0  nginx
1791477893     33     23434    1.00    1.00    0.00    3.00    2.00     3      0.00      0.00   58948   12736   0.16      0.00    176.00    176.00       0  nginx
1791477893     33     23435    3.00    6.00    0.00   14.00    9.00     0      0.00      0.00   59592   13264   0.16      0.00    424.00    384.00       0  nginx
1791477893    113    185612   20.00   30.00    0.00    0.00   50.00     1    133.00      0.00  682592   61576   0.76      0.00      0.00      0.00       0  pdns_server
1791477893   1100    191004   34.00   24.00    0.00   31.00   58.00     0   2195.00      0.00 2122888   18240   0.22      0.00      0.00      0.00       0  isupipe

# Time        UID       PID    %usr %system  %guest   %wait    %CPU   CPU  minflt/s  majflt/s     VSZ     RSS   %MEM   kB_rd/s   kB_wr/s kB_ccwr/s iodelay  Command
1791477894    112     14307   91.00   41.00    0.00    0.00  132.00     2      4.00      0.00 2898540 1068184  13.16      0.00  10604.00   1568.00       0  mysqld
1791477894      0     17311    0.00    0.00    0.00    0.00    0.00     1      0.00      0.00   56800   12976   0.16      0.00      0.00      0.00       0  nginx
1791477894     33     23432    8.00    9.00    0.00   27.00   17.00     3      0.00      0.00   61296   15328   0.19      0.00   1028.00    900.00       0  nginx
1791477894     33     23433    5.00    7.00    0.00   22.00   12.00     3      0.00      0.00   60284   14056   0.17      0.00    468.00    380.00       0  nginx
1791477894     33     23434    2.00    1.00    0.00    6.00    3.00     3      0.00      0.00   58948   12736   0.16      0.00    292.00    272.00       0  nginx
1791477894     33     23435    4.00    6.00    0.00   13.00   10.00     3      0.00      0.00   59592   13264   0.16      0.00    192.00    148.00       0  nginx
1791477894    113    185612   29.00   28.00    0.00    0.00   57.00     1    100.00      0.00  682592   62104   0.76      0.00      0.00      0.00       0  pdns_server
1791477894   1100    191004   30.00   30.00    0.00   33.00   60.00     3   2254.00      0.00 2123144   19216   0.24      0.00      0.00      0.00       0  isupipe

# Time        UID       PID    %usr %system  %guest   %wait    %CPU   CPU  minflt/s  majflt/s     VSZ     RSS   %MEM   kB_rd/s   kB_wr/s kB_ccwr/s iodelay  Command
1791477895    112     14307   90.00   41.00    0.00    1.00  131.00     2      1.00      0.00 2898540 1068184  13.16      0.00  16252.00   1408.00       0  mysqld
1791477895      0     17311    0.00    0.00    0.00    0.00    0.00     1      0.00      0.00   56800   12976   0.16      0.00      0.00      0.00       0  nginx
1791477895     33     23432    5.00   10.00    0.00   28.00   15.00     0      0.00      0.00   61296   15328   0.19      0.00    760.00    744.00       0  nginx
1791477895     33     23433    4.00    7.00    0.00   21.00   11.00     3      0.00      0.00   60284   14056   0.17      0.00    484.00    428.00       0  nginx
1791477895     33     23434    2.00    4.00    0.00   10.00    6.00     3      0.00      0.00   58948   12736   0.16      0.00    268.00    240.00       0  nginx
1791477895     33     23435    3.00    7.00    0.00   16.00   10.00     3      0.00      0.00   59592   13264   0.16      0.00    320.00    280.00       0  nginx
1791477895    113    185612   25.00   35.00    0.00    0.00   60.00     1     38.00      0.00  682592   62104   0.76      0.00      0.00      0.00       0  pdns_server
1791477895   1100    191004   33.00   27.00    0.00   22.00   60.00     0   1672.00      0.00 2123144   19008   0.23      0.00      0.00      0.00       0  isupipe

# Time        UID       PID    %usr %system  %guest   %wait    %CPU   CPU  minflt/s  majflt/s     VSZ     RSS   %MEM   kB_rd/s   kB_wr/s kB_ccwr/s iodelay  Command
1791477896    112     14307   92.00   43.00    0.00    0.00  135.00     0      0.00      0.00 2898540 1068184  13.16      0.00  11824.00   1832.00       0  mysqld
1791477896      0     17311    0.00    0.00    0.00    0.00    0.00     1      0.00      0.00   56800   12976   0.16      0.00      0.00      0.00       0  nginx
1791477896     33     23432    9.00    5.00    0.00   33.00   14.00     0      0.00      0.00   61296   15328   0.19      0.00    620.00    508.00       0  nginx
1791477896     33     23433    4.00    6.00    0.00   23.00   10.00     1      0.00      0.00   60284   14056   0.17      0.00    948.00    904.00       0  nginx
1791477896     33     23434    3.00    3.00    0.00   11.00    6.00     3      0.00      0.00   58948   12736   0.16      0.00    296.00    256.00       0  nginx
1791477896     33     23435    1.00    7.00    0.00   16.00    8.00     1      0.00      0.00   59592   13264   0.16      0.00    392.00    360.00       0  nginx
1791477896    113    185612   31.00   32.00    0.00    0.00   63.00     1     40.00      0.00  682592   62368   0.77      0.00      0.00      0.00       0  pdns_server
1791477896   1100    191004   34.00   25.00    0.00   21.00   59.00     3   2506.00      0.00 2123144   19836   0.24      0.00      0.00      0.00       0  isupipe

# Time        UID       PID    %usr %system  %guest   %wait    %CPU   CPU  minflt/s  majflt/s     VSZ     RSS   %MEM   kB_rd/s   kB_wr/s kB_ccwr/s iodelay  Command
1791477897    112     14307   86.00   42.00    0.00    0.00  128.00     0     26.00      0.00 2898540 1068184  13.16      0.00  10116.00   1160.00       0  mysqld
1791477897      0     17311    0.00    0.00    0.00    0.00    0.00     1      0.00      0.00   56800   12976   0.16      0.00      0.00      0.00       0  nginx
1791477897     33     23432    6.00   12.00    0.00   31.00   18.00     3      0.00      0.00   61296   15328   0.19      0.00    472.00    348.00       0  nginx
1791477897     33     23433    4.00    8.00    0.00   17.00   12.00     1      0.00      0.00   60284   14056   0.17      0.00    584.00    536.00       0  nginx
1791477897     33     23434    2.00    2.00    0.00    6.00    4.00     3      0.00      0.00   58948   12736   0.16      0.00    164.00    144.00       0  nginx
1791477897     33     23435    5.00    3.00    0.00   10.00    8.00     3      0.00      0.00   59592   13264   0.16      0.00    444.00    416.00       0  nginx
1791477897    113    185612   30.00   28.00    0.00    0.00   58.00     1     36.00      0.00  682592   62632   0.77      0.00      0.00      0.00       0  pdns_server
1791477897   1100    191004   38.00   22.00    0.00   29.00   60.00     0   1616.00      0.00 2123144   19292   0.24      0.00      0.00      0.00       0  isupipe

# Time        UID       PID    %usr %system  %guest   %wait    %CPU   CPU  minflt/s  majflt/s     VSZ     RSS   %MEM   kB_rd/s   kB_wr/s kB_ccwr/s iodelay  Command
1791477898    112     14307   89.00   44.00    0.00    1.00  133.00     0     21.00      0.00 2898540 1068184  13.16      0.00  10980.00   1372.00       0  mysqld
1791477898      0     17311    0.00    0.00    0.00    0.00    0.00     1      0.00      0.00   56800   12976   0.16      0.00      0.00      0.00       0  nginx
1791477898     33     23432    8.00   10.00    0.00   20.00   18.00     2      0.00      0.00   61296   15328   0.19      0.00    900.00    692.00       0  nginx
1791477898     33     23433    3.00    9.00    0.00   16.00   12.00     3      0.00      0.00   60284   14056   0.17      0.00    772.00    684.00       0  nginx
1791477898     33     23434    1.00    3.00    0.00    5.00    4.00     3      0.00      0.00   58948   12736   0.16      0.00     32.00      0.00       0  nginx
1791477898     33     23435    1.00    5.00    0.00    7.00    6.00     2      0.00      0.00   59592   13264   0.16      0.00    348.00    316.00       0  nginx
1791477898    113    185612   29.00   30.00    0.00    0.00   59.00     1     38.00      0.00  682592   62632   0.77      0.00      0.00      0.00       0  pdns_server
1791477898   1100    191004   37.00   21.00    0.00   36.00   58.00     2   1938.00      0.00 2123144   18988   0.23      0.00      0.00      0.00       0  isupipe

# Time        UID       PID    %usr %system  %guest   %wait    %CPU   CPU  minflt/s  majflt/s     VSZ     RSS   %MEM   kB_rd/s   kB_wr/s kB_ccwr/s iodelay  Command
1791477899    112     14307   89.00   39.00    0.00    0.00  128.00     0      1.00      0.00 2898540 1068184  13.16      0.00  10664.00   1248.00       0  mysqld
1791477899      0     17311    0.00    0.00    0.00    0.00    0.00     1      0.00      0.00   56800   12976   0.16      0.00      0.00      0.00       0  nginx
1791477899     33     23432    9.00   12.00    0.00   23.00   21.00     3      0.00      0.00   61296   15328   0.19      0.00   1244.00   1092.00       0  nginx
1791477899     33     23433    3.00    7.00    0.00   16.00   10.00     3      0.00      0.00   60284   14056   0.17      0.00    364.00    288.00       0  nginx
1791477899     33     23434    1.00    5.00    0.00    6.00    6.00     3      0.00      0.00   58948   12736   0.16      0.00     24.00      0.00       0  nginx
1791477899     33     23435    3.00    8.00    0.00   14.00   11.00     3      0.00      0.00   59592   13264   0.16      0.00    192.00    120.00       0  nginx
1791477899    113    185612   27.00   28.00    0.00    0.00   55.00     1     27.00      0.00  682592   62632   0.77      0.00      0.00      0.00       0  pdns_server
1791477899   1100    191004   30.00   30.00    0.00   40.00   60.00     0   1568.00      0.00 2123144   19824   0.24      0.00      0.00      0.00       0  isupipe

# Time        UID       PID    %usr %system  %guest   %wait    %CPU   CPU  minflt/s  majflt/s     VSZ     RSS   %MEM   kB_rd/s   kB_wr/s kB_ccwr/s iodelay  Command
1791477900    112     14307   98.00   44.00    0.00    2.00  142.00     0      8.00      0.00 2898540 1068184  13.16      0.00  10396.00   1132.00       0  mysqld
1791477900      0     17311    0.00    0.00    0.00    0.00    0.00     1      0.00      0.00   56800   12976   0.16      0.00      0.00      0.00       0  nginx
1791477900     33     23432    9.00    9.00    0.00   25.00   18.00     3      0.00      0.00   61296   15328   0.19      0.00    880.00    896.00       0  nginx
1791477900     33     23433    5.00    7.00    0.00   13.00   12.00     3      0.00      0.00   60284   14056   0.17      0.00    616.00    536.00       0  nginx
1791477900     33     23434    1.00    4.00    0.00    7.00    5.00     3      0.00      0.00   58948   12736   0.16      0.00     96.00     56.00       0  nginx
1791477900     33     23435    2.00    7.00    0.00   15.00    9.00     3      0.00      0.00   59592   13264   0.16      0.00     56.00      0.00       0  nginx
1791477900    113    185612   28.00   27.00    0.00    0.00   55.00     1      8.00      0.00  682592   62896   0.77      0.00      0.00      0.00       0  pdns_server
1791477900   1100    191004   35.00   26.00    0.00   34.00   61.00     0   1461.00      0.00 2123144   19036   0.23      0.00      0.00      0.00       0  isupipe

# Time        UID       PID    %usr %system  %guest   %wait    %CPU   CPU  minflt/s  majflt/s     VSZ     RSS   %MEM   kB_rd/s   kB_wr/s kB_ccwr/s iodelay  Command
1791477901    112     14307   81.00   43.00    0.00    0.00  124.00     0     36.00      0.00 2898540 1068184  13.16      0.00  19556.00   1860.00       0  mysqld
1791477901      0     17311    0.00    0.00    0.00    0.00    0.00     1      0.00      0.00   56800   12976   0.16      0.00      0.00      0.00       0  nginx
1791477901     33     23432   10.00   12.00    0.00   27.00   22.00     3      0.00      0.00   61296   15328   0.19      0.00   1492.00   1268.00       0  nginx
1791477901     33     23433    7.00    7.00    0.00   21.00   14.00     3      0.00      0.00   60284   14056   0.17      0.00    676.00    592.00       0  nginx
1791477901     33     23434    1.00    1.00    0.00    1.00    2.00     3      0.00      0.00   58948   12736   0.16      0.00      4.00      0.00       0  nginx
1791477901     33     23435    4.00    4.00    0.00    8.00    8.00     3      0.00      0.00   59592   13264   0.16      0.00    128.00     76.00       0  nginx
1791477901    113    185612   22.00   23.00    0.00    0.00   45.00     1      9.00      0.00  682592   62896   0.77      0.00      0.00      0.00       0  pdns_server
1791477901   1100    191004   29.00   33.00    0.00   21.00   62.00     1   1997.00      0.00 2123144   19536   0.24      0.00      0.00      0.00       0  isupipe

# Time        UID       PID    %usr %system  %guest   %wait    %CPU   CPU  minflt/s  majflt/s     VSZ     RSS   %MEM   kB_rd/s   kB_wr/s kB_ccwr/s iodelay  Command
1791477902    112     14307   81.00   41.00    0.00    1.00  122.00     2     79.00      0.00 2898540 1068368  13.16      0.00  12348.00   1452.00       0  mysqld
1791477902      0     17311    0.00    0.00    0.00    0.00    0.00     1      0.00      0.00   56800   12976   0.16      0.00      0.00      0.00       0  nginx
1791477902     33     23432    4.00   14.00    0.00   29.00   18.00     3      0.00      0.00   61296   15328   0.19      0.00    992.00    784.00       0  nginx
1791477902     33     23433    5.00    7.00    0.00   19.00   12.00     3      0.00      0.00   60284   14056   0.17      0.00    908.00    852.00       0  nginx
1791477902     33     23434    2.00    2.00    0.00    5.00    4.00     3      0.00      0.00   58948   12736   0.16      0.00     24.00      0.00       0  nginx
1791477902     33     23435    3.00    8.00    0.00   15.00   11.00     3      0.00      0.00   59592   13264   0.16      0.00    168.00    100.00       0  nginx
1791477902    113    185612   25.00   18.00    0.00    0.00   43.00     1      7.00      0.00  682592   62896   0.77      0.00      0.00      0.00       0  pdns_server
1791477902   1100    191004   36.00   30.00    0.00   22.00   66.00     0   2390.00      0.00 2123144   20124   0.25      0.00      0.00      0.00       0  isupipe

# Time        UID       PID    %usr %system  %guest   %wait    %CPU   CPU  minflt/s  majflt/s     VSZ     RSS   %MEM   kB_rd/s   kB_wr/s kB_ccwr/s iodelay  Command
1791477903    112     14307   89.00   46.00    0.00    0.00  135.00     2      0.00      0.00 2898540 1068368  13.16      0.00  10968.00   1448.00       0  mysqld
1791477903      0     17311    0.00    0.00    0.00    0.00    0.00     1      0.00      0.00   56800   12976   0.16      0.00      0.00      0.00       0  nginx
1791477903     33     23432    9.00   13.00    0.00   20.00   22.00     0     25.00      0.00   61440   15328   0.19      0.00   1060.00   1028.00       0  nginx
1791477903     33     23433    3.00    7.00    0.00   13.00   10.00     2      0.00      0.00   60284   14056   0.17      0.00    340.00    300.00       0  nginx
1791477903     33     23434    1.00    5.00    0.00    6.00    6.00     1      0.00      0.00   58948   12736   0.16      0.00    128.00     76.00       0  nginx
1791477903     33     23435    2.00    6.00    0.00   10.00    8.00     0      0.00      0.00   59592   13264   0.16      0.00    332.00    280.00       0  nginx
1791477903    113    185612   30.00   29.00    0.00    0.00   59.00     1     10.00      0.00  682592   62896   0.77      0.00      0.00      0.00       0  pdns_server
1791477903   1100    191004   36.00   21.00    0.00   23.00   57.00     0   1519.00      0.00 2123144   19396   0.24      0.00      0.00      0.00       0  isupipe

# Time        UID       PID    %usr %system  %guest   %wait    %CPU   CPU  minflt/s  majflt/s     VSZ     RSS   %MEM   kB_rd/s   kB_wr/s kB_ccwr/s iodelay  Command
1791477904    112     14307   77.00   43.00    0.00    1.00  120.00     2      3.00      0.00 2898540 1068368  13.16      0.00  16656.00   1576.00       0  mysqld
1791477904      0     17311    0.00    0.00    0.00    0.00    0.00     1      0.00      0.00   56800   12976   0.16      0.00      0.00      0.00       0  nginx
1791477904     33     23432    5.00   12.00    0.00   38.00   17.00     0     19.00      0.00   61580   15328   0.19      0.00    760.00    632.00       0  nginx
1791477904     33     23433    4.00    9.00    0.00   28.00   13.00     0      0.00      0.00   60284   14056   0.17      0.00    664.00    620.00       0  nginx
1791477904     33     23434    3.00    5.00    0.00   11.00    8.00     2      0.00      0.00   58948   12736   0.16      0.00    248.00    208.00       0  nginx
1791477904     33     23435    3.00    7.00    0.00   18.00   10.00     2      0.00      0.00   59592   13264   0.16      0.00    420.00    356.00       0  nginx
1791477904    113    185612   23.00   22.00    0.00    0.00   45.00     1      6.00      0.00  682592   62896   0.77      0.00      0.00      0.00       0  pdns_server
1791477904   1100    191004   40.00   23.00    0.00   24.00   63.00     0   1303.00      0.00 2123144   20280   0.25      0.00      0.00      0.00       0  isupipe

# Time        UID       PID    %usr %system  %guest   %wait    %CPU   CPU  minflt/s  majflt/s     VSZ     RSS   %MEM   kB_rd/s   kB_wr/s kB_ccwr/s iodelay  Command
1791477905    112     14307   83.00   42.00    0.00    1.00  125.00     2      7.00      0.00 2898540 1068368  13.16      0.00  12384.00   1612.00       0  mysqld
1791477905      0     17311    0.00    0.00    0.00    0.00    0.00     1      0.00      0.00   56800   12976   0.16      0.00      0.00      0.00       0  nginx
1791477905     33     23432    7.00   11.00    0.00   26.00   18.00     3      0.00      0.00   61580   15328   0.19      0.00    976.00    848.00       0  nginx
1791477905     33     23433    5.00    6.00    0.00   18.00   11.00     2      0.00      0.00   60284   14056   0.17      0.00    984.00    928.00       0  nginx
1791477905     33     23434    2.00    4.00    0.00    8.00    6.00     3      0.00      0.00   58948   12736   0.16      0.00     32.00      0.00       0  nginx
1791477905     33     23435    4.00    3.00    0.00    9.00    7.00     3      0.00      0.00   59592   13264   0.16      0.00     36.00      0.00       0  nginx
1791477905    113    185612   24.00   28.00    0.00    0.00   52.00     1      9.00      0.00  682592   62896   0.77      0.00      0.00      0.00       0  pdns_server
1791477905   1100    191004   31.00   25.00    0.00   18.00   56.00     0   1728.00      0.00 2123144   19548   0.24      0.00      0.00      0.00       0  isupipe

# Time        UID       PID    %usr %system  %guest   %wait    %CPU   CPU  minflt/s  majflt/s     VSZ     RSS   %MEM   kB_rd/s   kB_wr/s kB_ccwr/s iodelay  Command
1791477906    112     14307   81.00   39.00    0.00    0.00  120.00     2      3.00      0.00 2898540 1068368  13.16      0.00  11408.00   1120.00       0  mysqld
1791477906      0     17311    0.00    0.00    0.00    0.00    0.00     1      0.00      0.00   56800   12976   0.16      0.00      0.00      0.00       0  nginx
1791477906     33     23432    7.00    9.00    0.00   39.00   16.00     3      9.00      0.00   61580   15328   0.19      0.00    628.00    516.00       0  nginx
1791477906     33     23433    3.00    9.00    0.00   31.00   12.00     3      0.00      0.00   60284   14056   0.17      0.00    480.00    400.00       0  nginx
1791477906     33     23434    3.00    5.00    0.00   17.00    8.00     3      0.00      0.00   58948   12736   0.16      0.00    208.00    180.00       0  nginx
1791477906     33     23435    1.00    7.00    0.00   15.00    8.00     2      0.00      0.00   59592   13264   0.16      0.00    412.00    372.00       0  nginx
1791477906    113    185612   24.00   24.00    0.00    0.00   48.00     1      8.00      0.00  682592   62896   0.77      0.00      0.00      0.00       0  pdns_server
1791477906   1100    191004   35.00   24.00    0.00   27.00   59.00     3   1405.00      0.00 2123144   19804   0.24      0.00      0.00      0.00       0  isupipe

# Time        UID       PID    %usr %system  %guest   %wait    %CPU   CPU  minflt/s  majflt/s     VSZ     RSS   %MEM   kB_rd/s   kB_wr/s kB_ccwr/s iodelay  Command
1791477907    112     14307   85.00   46.00    0.00    0.00  131.00     0      0.00      0.00 2898540 1068368  13.16      0.00  16852.00   1332.00       0  mysqld
1791477907      0     17311    0.00    0.00    0.00    0.00    0.00     1      0.00      0.00   56800   12976   0.16      0.00      0.00      0.00       0  nginx
1791477907     33     23432    7.00   12.00    0.00   33.00   19.00     3     19.00      0.00   61712   15544   0.19      0.00    860.00    732.00       0  nginx
1791477907     33     23433    5.00    6.00    0.00   19.00   11.00     3      0.00      0.00   60284   14056   0.17      0.00    472.00    404.00       0  nginx
1791477907     33     23434    0.00    2.00    0.00    5.00    2.00     1      0.00      0.00   58948   12736   0.16      0.00      8.00      0.00       0  nginx
1791477907     33     23435    5.00    4.00    0.00    9.00    9.00     0      0.00      0.00   59592   13264   0.16      0.00    412.00    372.00       0  nginx
1791477907    113    185612   27.00   30.00    0.00    0.00   57.00     1      5.00      0.00  682592   62896   0.77      0.00      0.00      0.00       0  pdns_server
1791477907   1100    191004   26.00   28.00    0.00   39.00   54.00     1   1084.00      0.00 2123144   20168   0.25      0.00      0.00      0.00       0  isupipe

# Time        UID       PID    %usr %system  %guest   %wait    %CPU   CPU  minflt/s  majflt/s     VSZ     RSS   %MEM   kB_rd/s   kB_wr/s kB_ccwr/s iodelay  Command
1791477908    112     14307   78.00   39.00    0.00    1.00  117.00     2     29.00      0.00 2898540 1068368  13.16      0.00  11736.00   1276.00       0  mysqld
1791477908      0     17311    0.00    0.00    0.00    0.00    0.00     1      0.00      0.00   56800   12976   0.16      0.00      0.00      0.00       0  nginx
1791477908     33     23432    8.00   11.00    0.00   27.00   19.00     2     14.00      0.00   61712   15416   0.19      0.00   1176.00   1028.00       0  nginx
1791477908     33     23433    5.00    7.00    0.00   19.00   12.00     3      0.00      0.00   60284   13928   0.17      0.00    412.00    336.00       0  nginx
1791477908     33     23434    2.00    4.00    0.00   10.00    6.00     0      0.00      0.00   58948   12608   0.16      0.00    136.00     84.00       0  nginx
1791477908     33     23435    5.00    4.00    0.00   13.00    9.00     3      0.00      0.00   59592   13136   0.16      0.00    228.00    184.00       0  nginx
1791477908    113    185612   21.00   24.00    0.00    0.00   45.00     1      4.00      0.00  682592   62884   0.77      0.00      0.00      0.00       0  pdns_server
1791477908   1100    191004   38.00   23.00    0.00   33.00   61.00     2   1505.00      0.00 2123144   20500   0.25      0.00      0.00      0.00       0  isupipe

# Time        UID       PID    %usr %system  %guest   %wait    %CPU   CPU  minflt/s  majflt/s     VSZ     RSS   %MEM   kB_rd/s   kB_wr/s kB_ccwr/s iodelay  Command
1791477909    112     14307   89.00   40.00    0.00    0.00  129.00     2     50.00      0.00 2898540 1068368  13.16      0.00  11448.00   1188.00       0  mysqld
1791477909      0     17311    0.00    0.00    0.00    0.00    0.00     1      0.00      0.00   56800   12976   0.16      0.00      0.00      0.00       0  nginx
1791477909     33     23432    8.00   10.00    0.00   33.00   18.00     0     22.00      0.00   61856   15300   0.19      0.00   1104.00    988.00       0  nginx
1791477909     33     23433    6.00    7.00    0.00   24.00   13.00     3      0.00      0.00   60284   13812   0.17      0.00    268.00    200.00       0  nginx
1791477909     33     23434    1.00    6.00    0.00    7.00    7.00     1      0.00      0.00   58948   12492   0.15      0.00    216.00    184.00       0  nginx
1791477909     33     23435    4.00    8.00    0.00   21.00   12.00     3      0.00      0.00   59592   13020   0.16      0.00    248.00    196.00       0  nginx
1791477909    113    185612   19.00   28.00    0.00    0.00   47.00     1      3.00      0.00  682592   62884   0.77      0.00      0.00      0.00       0  pdns_server
1791477909   1100    191004   40.00   23.00    0.00    1.00   63.00     0   1352.00      0.00 2123144   20608   0.25     48.00      0.00      0.00       0  isupipe

# Time        UID       PID    %usr %system  %guest   %wait    %CPU   CPU  minflt/s  majflt/s     VSZ     RSS   %MEM   kB_rd/s   kB_wr/s kB_ccwr/s iodelay  Command
1791477910    112     14307   75.00   45.00    0.00    0.00  120.00     2     27.00      0.00 2898540 1068368  13.16      0.00  20184.00   1196.00       0  mysqld
1791477910      0     17311    0.00    0.00    0.00    0.00    0.00     1      0.00      0.00   56800   12976   0.16      0.00      0.00      0.00       0  nginx
1791477910     33     23432    6.00   13.00    0.00   32.00   19.00     3     25.00      0.00   61856   15476   0.19      0.00    744.00    604.00       0  nginx
1791477910     33     23433    5.00    8.00    0.00   21.00   13.00     3     23.00      0.00   60284   13932   0.17      0.00    660.00    480.00       0  nginx
1791477910     33     23434    1.00    4.00    0.00    8.00    5.00     3     23.00      0.00   58948   12452   0.15      0.00    212.00    180.00       0  nginx
1791477910     33     23435    4.00    4.00    0.00   12.00    8.00     3     23.00      0.00   59592   13196   0.16      0.00    224.00    176.00       0  nginx
1791477910    113    185612   15.00   28.00    0.00    0.00   43.00     1     14.00      0.00  682592   63388   0.78      0.00      0.00      0.00       0  pdns_server
1791477910   1100    191004   37.00   21.00    0.00    1.00   58.00     1   1738.00      0.00 2123144   20008   0.25      0.00      0.00      0.00       0  isupipe

# Time        UID       PID    %usr %system  %guest   %wait    %CPU   CPU  minflt/s  majflt/s     VSZ     RSS   %MEM   kB_rd/s   kB_wr/s kB_ccwr/s iodelay  Command
1791477911    112     14307   84.00   45.00    0.00    1.00  129.00     0      2.00      0.00 2898540 1068368  13.16      0.00  17892.00   1096.00       0  mysqld
1791477911      0     17311    0.00    0.00    0.00    0.00    0.00     1      0.00      0.00   56800   12976   0.16      0.00      0.00      0.00       0  nginx
1791477911     33     23432   11.00   10.00    0.00   23.00   21.00     2     37.00      0.00   61988   15476   0.19      0.00    892.00    676.00       0  nginx
1791477911     33     23433    4.00    6.00    0.00   13.00   10.00     1      0.00      0.00   60284   13932   0.17      0.00    256.00    328.00       0  nginx
1791477911     33     23434    1.00    3.00    0.00    6.00    4.00     3      0.00      0.00   58948   12452   0.15      0.00    128.00     92.00       0  nginx
1791477911     33     23435    2.00    5.00    0.00    7.00    7.00     3      0.00      0.00   59592   13196   0.16      0.00    292.00    268.00       0  nginx
1791477911    113    185612   25.00   26.00    0.00    0.00   51.00     1      4.00      0.00  682592   63388   0.78      0.00      0.00      0.00       0  pdns_server
1791477911   1100    191004   31.00   27.00    0.00   31.00   58.00     1   1592.00      0.00 2123144   19492   0.24      0.00      0.00      0.00       0  isupipe

# Time        UID       PID    %usr %system  %guest   %wait    %CPU   CPU  minflt/s  majflt/s     VSZ     RSS   %MEM   kB_rd/s   kB_wr/s kB_ccwr/s iodelay  Command
1791477912    112     14307  103.00   36.00    0.00    1.00  139.00     1     12.00      0.00 2898540 1068368  13.16      0.00  14416.00   1104.00       0  mysqld
1791477912      0     17311    0.00    0.00    0.00    0.00    0.00     1      0.00      0.00   56800   12976   0.16      0.00      0.00      0.00       0  nginx
1791477912     33     23432    6.00   14.00    0.00   22.00   20.00     0     23.00      0.00   61988   15696   0.19      0.00    784.00    652.00       0  nginx
1791477912     33     23433    5.00    5.00    0.00   10.00   10.00     3      0.00      0.00   60284   13932   0.17      0.00    396.00    352.00       0  nginx
1791477912     33     23434    1.00    1.00    0.00    3.00    2.00     3      0.00      0.00   58948   12452   0.15      0.00    100.00      0.00       0  nginx
1791477912     33     23435    3.00    4.00    0.00    6.00    7.00     3      0.00      0.00   59592   13196   0.16      0.00    352.00    312.00       0  nginx
1791477912    113    185612   29.00   28.00    0.00    0.00   57.00     1      4.00      0.00  682592   63388   0.78      0.00      0.00      0.00       0  pdns_server
1791477912   1100    191004   37.00   19.00    0.00   10.00   56.00     3   1258.00      0.00 2123144   20132   0.25      0.00      0.00      0.00       0  isupipe

# Time        UID       PID    %usr %system  %guest   %wait    %CPU   CPU  minflt/s  majflt/s     VSZ     RSS   %MEM   kB_rd/s   kB_wr/s kB_ccwr/s iodelay  Command
1791477913    112     14307   85.00   42.00    0.00    0.00  127.00     1     26.00      0.00 2898540 1068368  13.16      0.00  10272.00   1008.00       0  mysqld
1791477913      0     17311    0.00    0.00    0.00    0.00    0.00     1      0.00      0.00   56800   12976   0.16      0.00      0.00      0.00       0  nginx
1791477913     33     23432    8.00   14.00    0.00   28.00   22.00     3     26.00      0.00   62124   15696   0.19      0.00    728.00    552.00       0  nginx
1791477913     33     23433    4.00    8.00    0.00   18.00   12.00     3      0.00      0.00   60284   13932   0.17      0.00    684.00    548.00       0  nginx
1791477913     33     23434    2.00    4.00    0.00    7.00    6.00     3      0.00      0.00   58948   12452   0.15      0.00    188.00    232.00       0  nginx
1791477913     33     23435    2.00    6.00    0.00    8.00    8.00     3      0.00      0.00   59592   13196   0.16      0.00    100.00     88.00       0  nginx
1791477913    113    185612   23.00   23.00    0.00    0.00   46.00     1      3.00      0.00  682592   63388   0.78      0.00      0.00      0.00       0  pdns_server
1791477913   1100    191004   35.00   26.00    0.00   31.00   61.00     3   1468.00      0.00 2123144   20400   0.25      0.00      0.00      0.00       0  isupipe

# Time        UID       PID    %usr %system  %guest   %wait    %CPU   CPU  minflt/s  majflt/s     VSZ     RSS   %MEM   kB_rd/s   kB_wr/s kB_ccwr/s iodelay  Command
1791477914    112     14307   95.00   36.00    0.00    1.00  131.00     1     20.00      0.00 2898540 1068368  13.16      0.00  11692.00   1404.00       0  mysqld
1791477914      0     17311    0.00    0.00    0.00    0.00    0.00     1      0.00      0.00   56800   12976   0.16      0.00      0.00      0.00       0  nginx
1791477914     33     23432    7.00   12.00    0.00   37.00   19.00     3      0.00      0.00   62124   15696   0.19      0.00    952.00    728.00       0  nginx
1791477914     33     23433    2.00   10.00    0.00   27.00   12.00     1      0.00      0.00   60284   13932   0.17      0.00    528.00    528.00       0  nginx
1791477914     33     23434    1.00    5.00    0.00   10.00    6.00     3      0.00      0.00   58948   12452   0.15      0.00     20.00      0.00       0  nginx
1791477914     33     23435    2.00    7.00    0.00   18.00    9.00     3      0.00      0.00   59592   13196   0.16      0.00    428.00    364.00       0  nginx
1791477914    113    185612   23.00   25.00    0.00    0.00   48.00     1      2.00      0.00  682592   63388   0.78      0.00      0.00      0.00       0  pdns_server
1791477914   1100    191004   34.00   30.00    0.00   24.00   64.00     3   1286.00      0.00 2123144   20672   0.25      0.00      0.00      0.00       0  isupipe

# Time        UID       PID    %usr %system  %guest   %wait    %CPU   CPU  minflt/s  majflt/s     VSZ     RSS   %MEM   kB_rd/s   kB_wr/s kB_ccwr/s iodelay  Command
1791477915    112     14307   95.00   38.00    0.00    1.00  133.00     1     45.00      0.00 2898540 1068368  13.16      0.00  15192.00   1404.00       0  mysqld
1791477915      0     17311    0.00    0.00    0.00    0.00    0.00     1      0.00      0.00   56800   12976   0.16      0.00      0.00      0.00       0  nginx
1791477915     33     23432    9.00   10.00    0.00   27.00   19.00     3     96.00      0.00   62536   15960   0.20      0.00   1024.00    912.00       0  nginx
1791477915     33     23433    3.00    8.00    0.00   17.00   11.00     3      0.00      0.00   60284   13932   0.17      0.00    260.00    180.00       0  nginx
1791477915     33     23434    1.00    3.00    0.00    4.00    4.00     2      0.00      0.00   58948   12452   0.15      0.00    256.00    236.00       0  nginx
1791477915     33     23435    3.00    9.00    0.00   15.00   12.00     1      0.00      0.00   59592   13196   0.16      0.00    316.00    268.00       0  nginx
1791477915    113    185612   25.00   27.00    0.00    0.00   52.00     1      2.00      0.00  682592   63388   0.78      0.00      0.00      0.00       0  pdns_server
1791477915   1100    191004   37.00   22.00    0.00   39.00   59.00     1   1674.00      0.00 2123144   20120   0.25      0.00      0.00      0.00       0  isupipe

# Time        UID       PID    %usr %system  %guest   %wait    %CPU   CPU  minflt/s  majflt/s     VSZ     RSS   %MEM   kB_rd/s   kB_wr/s kB_ccwr/s iodelay  Command
1791477916    112     14307   83.17   43.56    0.00    0.00  126.73     1      1.98      0.00 2898540 1068368  13.16      0.00  12352.48   1829.70       0  mysqld
1791477916      0     17311    0.00    0.00    0.00    0.00    0.00     1      0.00      0.00   56800   12976   0.16      0.00      0.00      0.00       0  nginx
1791477916     33     23432    8.91   15.84    0.00   19.80   24.75     2     36.63      0.00   62680   16224   0.20      0.00   1302.97   1108.91       0  nginx
1791477916     33     23433    5.94    5.94    0.00   10.89   11.88     3      0.00      0.00   60284   13932   0.17      0.00    439.60    392.08       0  nginx
1791477916     33     23434    0.99    0.99    0.00    1.98    1.98     3      0.00      0.00   58948   12452   0.15      0.00     11.88      0.00       0  nginx
1791477916     33     23435    0.99    4.95    0.00    5.94    5.94     1      0.00      0.00   59592   13196   0.16      0.00    360.40    328.71       0  nginx
1791477916    113    185612   22.77   29.70    0.00    0.00   52.48     1      3.96      0.00  682592   63388   0.78      0.00      0.00      0.00       0  pdns_server
1791477916   1100    191004   35.64   23.76    0.00   29.70   59.41     1   1896.04      0.00 2123144   20516   0.25      0.00      0.00      0.00       0  isupipe

# Time        UID       PID    %usr %system  %guest   %wait    %CPU   CPU  minflt/s  majflt/s     VSZ     RSS   %MEM   kB_rd/s   kB_wr/s kB_ccwr/s iodelay  Command
1791477917    112     14307   90.00   44.00    0.00    1.00  134.00     1      8.00      0.00 2898540 1068368  13.16      0.00  11628.00   1460.00       0  mysqld
1791477917      0     17311    0.00    0.00    0.00    0.00    0.00     1      0.00      0.00   56800   12976   0.16      0.00      0.00      0.00       0  nginx
1791477917     33     23432    8.00   11.00    0.00   28.00   19.00     3      9.00      0.00   62680   16224   0.20      0.00   1116.00   1100.00       0  nginx
1791477917     33     23433    5.00    7.00    0.00   19.00   12.00     3      0.00      0.00   60284   13932   0.17      0.00    316.00    260.00       0  nginx
1791477917     33     23434    1.00    4.00    0.00    4.00    5.00     3      0.00      0.00   58948   12452   0.15      0.00    112.00     92.00       0  nginx
1791477917     33     23435    3.00    6.00    0.00    8.00    9.00     2      0.00      0.00   59592   13196   0.16      0.00    376.00    340.00       0  nginx
1791477917    113    185612   27.00   29.00    0.00    0.00   56.00     1      4.00      0.00  682592   63388   0.78      0.00      0.00      0.00       0  pdns_server
1791477917   1100    191004   34.00   25.00    0.00   16.00   59.00     0    396.00      0.00 2123144   19756   0.24      0.00      0.00      0.00       0  isupipe

# Time        UID       PID    %usr %system  %guest   %wait    %CPU   CPU  minflt/s  majflt/s     VSZ     RSS   %MEM   kB_rd/s   kB_wr/s kB_ccwr/s iodelay  Command
1791477918    112     14307   86.00   42.00    0.00    0.00  128.00     1      0.00      0.00 2898540 1068368  13.16      0.00  15920.00   1472.00       0  mysqld
1791477918      0     17311    0.00    0.00    0.00    0.00    0.00     1      0.00      0.00   56800   12976   0.16      0.00      0.00      0.00       0  nginx
1791477918     33     23432    7.00   10.00    0.00   30.00   17.00     3     36.00      0.00   62820   16488   0.20      0.00    900.00    812.00       0  nginx
1791477918     33     23433    5.00    8.00    0.00   24.00   13.00     3      0.00      0.00   60284   13932   0.17      0.00    464.00    408.00       0  nginx
1791477918     33     23434    1.00    4.00    0.00   10.00    5.00     2      0.00      0.00   58948   12452   0.15      0.00    144.00    112.00       0  nginx
1791477918     33     23435    5.00    4.00    0.00   18.00    9.00     3      0.00      0.00   59592   13196   0.16      0.00    512.00    444.00       0  nginx
1791477918    113    185612   23.00   29.00    0.00    0.00   52.00     1      2.00      0.00  682592   63388   0.78      0.00      0.00      0.00       0  pdns_server
1791477918   1100    191004   34.00   27.00    0.00   25.00   61.00     1   1841.00      0.00 2123144   20552   0.25      0.00      0.00      0.00       0  isupipe

# Time        UID       PID    %usr %system  %guest   %wait    %CPU   CPU  minflt/s  majflt/s     VSZ     RSS   %MEM   kB_rd/s   kB_wr/s kB_ccwr/s iodelay  Command
1791477919    112     14307   86.00   43.00    0.00    0.00  129.00     2      1.00      0.00 2898540 1068368  13.16      0.00  11232.00   1296.00       0  mysqld
1791477919      0     17311    0.00    0.00    0.00    0.00    0.00     1      0.00      0.00   56800   12976   0.16      0.00      0.00      0.00       0  nginx
1791477919     33     23432   12.00   11.00    0.00   19.00   23.00     3     55.00      0.00   63100   16752   0.21      0.00   1156.00    992.00       0  nginx
1791477919     33     23433    4.00    7.00    0.00   12.00   11.00     3      0.00      0.00   60284   13932   0.17      0.00    392.00    256.00       0  nginx
1791477919     33     23434    1.00    0.00    0.00    0.00    1.00     1      0.00      0.00   58948   12452   0.15      0.00     68.00     64.00       0  nginx
1791477919     33     23435    2.00    5.00    0.00    7.00    7.00     3      0.00      0.00   59592   13196   0.16      0.00    228.00    204.00       0  nginx
1791477919    113    185612   16.00   36.00    0.00    0.00   52.00     1      2.00      0.00  682592   63388   0.78      0.00      0.00      0.00       0  pdns_server
1791477919   1100    191004   36.00   25.00    0.00   38.00   61.00     3   1830.00      0.00 2123144   20936   0.26      0.00      0.00      0.00       0  isupipe

# Time        UID       PID    %usr %system  %guest   %wait    %CPU   CPU  minflt/s  majflt/s     VSZ     RSS   %MEM   kB_rd/s   kB_wr/s kB_ccwr/s iodelay  Command
1791477920    112     14307   87.00   45.00    0.00    1.00  132.00     2      6.00      0.00 2898540 1068368  13.16      0.00  11152.00   1372.00       0  mysqld
1791477920      0     17311    0.00    0.00    0.00    0.00    0.00     1      0.00      0.00   56800   12976   0.16      0.00      0.00      0.00       0  nginx
1791477920     33     23432   10.00   12.00    0.00   22.00   22.00     2     36.00      0.00   63232   16752   0.21      0.00   1168.00   1008.00       0  nginx
1791477920     33     23433    3.00    8.00    0.00   13.00   11.00     2      0.00      0.00   60284   13932   0.17      0.00    380.00    388.00       0  nginx
1791477920     33     23434    1.00    1.00    0.00    3.00    2.00     3      0.00      0.00   58948   12452   0.15      0.00     96.00     84.00       0  nginx
1791477920     33     23435    2.00    5.00    0.00    7.00    7.00     2      0.00      0.00   59592   13196   0.16      0.00    120.00    108.00       0  nginx
1791477920    113    185612   31.00   27.00    0.00    0.00   58.00     1      3.00      0.00  682592   63388   0.78      0.00      0.00      0.00       0  pdns_server
1791477920   1100    191004   39.00   22.00    0.00    3.00   61.00     0   1522.00      0.00 2123144   20160   0.25      0.00      0.00      0.00       0  isupipe

# Time        UID       PID    %usr %system  %guest   %wait    %CPU   CPU  minflt/s  majflt/s     VSZ     RSS   %MEM   kB_rd/s   kB_wr/s kB_ccwr/s iodelay  Command
1791477921    112     14307   84.00   44.00    0.00    0.00  128.00     2      0.00      0.00 2898540 1068368  13.16      0.00  15256.00   1284.00       0  mysqld
1791477921      0     17311    0.00    0.00    0.00    0.00    0.00     1      0.00      0.00   56800   12976   0.16      0.00      0.00      0.00       0  nginx
1791477921     33     23432   12.00   13.00    0.00   24.00   25.00     1      5.00      0.00   63232   16752   0.21      0.00    956.00    720.00       0  nginx
1791477921     33     23433    5.00    8.00    0.00   17.00   13.00     1      0.00      0.00   60284   13932   0.17      0.00    556.00    452.00       0  nginx
1791477921     33     23434    2.00    2.00    0.00    4.00    4.00     3      0.00      0.00   58948   12452   0.15      0.00    100.00     92.00       0  nginx
1791477921     33     23435    2.00    5.00    0.00    7.00    7.00     3      0.00      0.00   59592   13196   0.16      0.00    264.00    220.00       0  nginx
1791477921    113    185612   27.00   30.00    0.00    0.00   57.00     1      3.00      0.00  682592   63388   0.78      0.00      0.00      0.00       0  pdns_server
1791477921   1100    191004   36.00   23.00    0.00    0.00   59.00     0   1291.00      0.00 2123144   21136   0.26      0.00      0.00      0.00       0  isupipe

# Time        UID       PID    %usr %system  %guest   %wait    %CPU   CPU  minflt/s  majflt/s     VSZ     RSS   %MEM   kB_rd/s   kB_wr/s kB_ccwr/s iodelay  Command
1791477922    112     14307   92.00   49.00    0.00    1.00  141.00     2      3.00      0.00 2898540 1068368  13.16      0.00   9940.00   1056.00       0  mysqld
1791477922      0     17311    0.00    0.00    0.00    0.00    0.00     1      0.00      0.00   56800   12976   0.16      0.00      0.00      0.00       0  nginx
1791477922     33     23432   13.00   10.00    0.00   22.00   23.00     3      2.00      0.00   63232   16752   0.21      0.00    620.00    660.00       0  nginx
1791477922     33     23433    7.00    5.00    0.00   20.00   12.00     3      0.00      0.00   60284   13932   0.17      0.00    144.00     80.00       0  nginx
1791477922     33     23434    2.00    5.00    0.00   10.00    7.00     3      0.00      0.00   58948   12452   0.15      0.00    116.00      0.00       0  nginx
1791477922     33     23435    5.00    4.00    0.00    9.00    9.00     3      0.00      0.00   59592   13196   0.16      0.00    504.00    460.00       0  nginx
1791477922    113    185612   30.00   30.00    0.00    0.00   60.00     1      3.00      0.00  682592   63388   0.78      0.00      0.00      0.00       0  pdns_server
1791477922   1100    191004   31.00   24.00    0.00   25.00   55.00     3   1616.00      0.00 2123144   21224   0.26      0.00      0.00      0.00       0  isupipe

# Time        UID       PID    %usr %system  %guest   %wait    %CPU   CPU  minflt/s  majflt/s     VSZ     RSS   %MEM   kB_rd/s   kB_wr/s kB_ccwr/s iodelay  Command
1791477923    112     14307   89.00   42.00    0.00    0.00  131.00     2     42.00      0.00 2898540 1068612  13.16      0.00  10844.00   1288.00       0  mysqld
1791477923      0     17311    0.00    0.00    0.00    0.00    0.00     1      0.00      0.00   56800   12976   0.16      0.00      0.00      0.00       0  nginx
1791477923     33     23432    7.00   10.00    0.00   49.00   17.00     3      0.00      0.00   63232   16752   0.21      0.00    468.00    364.00       0  nginx
1791477923     33     23433    5.00    8.00    0.00   31.00   13.00     3      0.00      0.00   60284   13932   0.17      0.00    412.00    372.00       0  nginx
1791477923     33     23434    4.00    5.00    0.00   18.00    9.00     3      0.00      0.00   58948   12452   0.15      0.00    308.00    360.00       0  nginx
1791477923     33     23435    5.00    6.00    0.00   25.00   11.00     3      0.00      0.00   59592   13196   0.16      0.00    456.00    412.00       0  nginx
1791477923    113    185612   29.00   31.00    0.00    0.00   60.00     1      2.00      0.00  682592   63388   0.78      0.00      0.00      0.00       0  pdns_server
1791477923   1100    191004   33.00   23.00    0.00   22.00   56.00     3    731.00      0.00 2123144   20804   0.26      0.00      0.00      0.00       0  isupipe

# Time        UID       PID    %usr %system  %guest   %wait    %CPU   CPU  minflt/s  majflt/s     VSZ     RSS   %MEM   kB_rd/s   kB_wr/s kB_ccwr/s iodelay  Command
1791477924    112     14307   84.00   38.00    0.00    1.00  122.00     2      0.00      0.00 2898540 1068612  13.16      0.00  10796.00   1200.00       0  mysqld
1791477924      0     17311    0.00    0.00    0.00    0.00    0.00     1      0.00      0.00   56800   12976   0.16      0.00      0.00      0.00       0  nginx
1791477924     33     23432    7.00   11.00    0.00   32.00   18.00     3      0.00      0.00   63232   16752   0.21      0.00    792.00    740.00       0  nginx
1791477924     33     23433    6.00    7.00    0.00   28.00   13.00     2      0.00      0.00   60284   13932   0.17      0.00    400.00    284.00       0  nginx
1791477924     33     23434    3.00    5.00    0.00   11.00    8.00     2      0.00      0.00   58948   12452   0.15      0.00    300.00    244.00       0  nginx
1791477924     33     23435    4.00    7.00    0.00   18.00   11.00     3      0.00      0.00   59592   13196   0.16      0.00    356.00    324.00       0  nginx
1791477924    113    185612   27.00   27.00    0.00    0.00   54.00     1      1.00      0.00  682592   63388   0.78      0.00      0.00      0.00       0  pdns_server
1791477924   1100    191004   34.00   21.00    0.00   23.00   55.00     3    977.00      0.00 2123144   20408   0.25      0.00      0.00      0.00       0  isupipe

# Time        UID       PID    %usr %system  %guest   %wait    %CPU   CPU  minflt/s  majflt/s     VSZ     RSS   %MEM   kB_rd/s   kB_wr/s kB_ccwr/s iodelay  Command
1791477925    112     14307   83.00   47.00    0.00    1.00  130.00     2      8.00      0.00 2898540 1068612  13.16      0.00  15808.00   1632.00       0  mysqld
1791477925      0     17311    0.00    0.00    0.00    0.00    0.00     1      0.00      0.00   56800   12976   0.16      0.00      0.00      0.00       0  nginx
1791477925     33     23432    7.00   12.00    0.00   31.00   19.00     3      0.00      0.00   63232   16752   0.21      0.00    856.00    696.00       0  nginx
1791477925     33     23433    4.00    9.00    0.00   29.00   13.00     3      0.00      0.00   60284   13932   0.17      0.00    388.00    304.00       0  nginx
1791477925     33     23434    4.00    5.00    0.00   15.00    9.00     0      0.00      0.00   58948   12452   0.15      0.00    460.00    416.00       0  nginx
1791477925     33     23435    3.00    7.00    0.00   18.00   10.00     0      0.00      0.00   59592   13196   0.16      0.00    468.00    404.00       0  nginx
1791477925    113    185612   31.00   28.00    0.00    0.00   59.00     1      3.00      0.00  682592   63388   0.78      0.00      0.00      0.00       0  pdns_server
1791477925   1100    191004   32.00   25.00    0.00   31.00   57.00     0   1232.00      0.00 2123144   20856   0.26      0.00      0.00      0.00       0  isupipe

# Time        UID       PID    %usr %system  %guest   %wait    %CPU   CPU  minflt/s  majflt/s     VSZ     RSS   %MEM   kB_rd/s   kB_wr/s kB_ccwr/s iodelay  Command
1791477926    112     14307   77.00   40.00    0.00    1.00  117.00     2      3.00      0.00 2898540 1068612  13.16      0.00  11156.00   1368.00       0  mysqld
1791477926      0     17311    0.00    0.00    0.00    0.00    0.00     1      0.00      0.00   56800   12976   0.16      0.00      0.00      0.00       0  nginx
1791477926     33     23432    9.00    8.00    0.00   46.00   17.00     3      0.00      0.00   63232   16752   0.21      0.00    540.00    556.00       0  nginx
1791477926     33     23433    6.00    6.00    0.00   29.00   12.00     2      0.00      0.00   60284   13932   0.17      0.00    372.00    312.00       0  nginx
1791477926     33     23434    5.00    5.00    0.00   16.00   10.00     3      0.00      0.00   58948   12452   0.15      0.00    672.00    552.00       0  nginx
1791477926     33     23435    5.00    7.00    0.00   30.00   12.00     3      0.00      0.00   59592   13196   0.16      0.00    200.00    108.00       0  nginx
1791477926    113    185612   17.00   35.00    0.00    0.00   52.00     1      1.00      0.00  682592   63388   0.78      0.00      0.00      0.00       0  pdns_server
1791477926   1100    191004   25.00   26.00    0.00   28.00   51.00     0   1048.00      0.00 2123144   20604   0.25      0.00      0.00      0.00       0  isupipe

# Time        UID       PID    %usr %system  %guest   %wait    %CPU   CPU  minflt/s  majflt/s     VSZ     RSS   %MEM   kB_rd/s   kB_wr/s kB_ccwr/s iodelay  Command
1791477927    112     14307   83.00   46.00    0.00    0.00  129.00     0     44.00      0.00 2898540 1068788  13.16      0.00   9980.00   1068.00       0  mysqld
1791477927      0     17311    0.00    0.00    0.00    0.00    0.00     1      0.00      0.00   56800   12976   0.16      0.00      0.00      0.00       0  nginx
1791477927     33     23432   10.00    9.00    0.00   42.00   19.00     3      0.00      0.00   63232   16752   0.21      0.00    692.00    604.00       0  nginx
1791477927     33     23433    4.00    8.00    0.00   30.00   12.00     3      0.00      0.00   60284   13932   0.17      0.00    500.00    436.00       0  nginx
1791477927     33     23434    5.00    3.00    0.00   17.00    8.00     3      0.00      0.00   58948   12452   0.15      0.00    312.00    288.00       0  nginx
1791477927     33     23435    5.00    6.00    0.00   33.00   11.00     3      0.00      0.00   59592   13196   0.16      0.00     92.00      0.00       0  nginx
1791477927    113    185612   27.00   33.00    0.00    0.00   60.00     1      4.00      0.00  682592   63388   0.78      0.00      0.00      0.00       0  pdns_server
1791477927   1100    191004   31.00   24.00    0.00   10.00   55.00     0    603.00      0.00 2123144   20596   0.25      0.00      0.00      0.00       0  isupipe

# Time        UID       PID    %usr %system  %guest   %wait    %CPU   CPU  minflt/s  majflt/s     VSZ     RSS   %MEM   kB_rd/s   kB_wr/s kB_ccwr/s iodelay  Command
1791477928    112     14307   86.00   38.00    0.00    0.00  124.00     1      0.00      0.00 2898540 1068788  13.16      0.00  10404.00   1524.00       0  mysqld
1791477928      0     17311    0.00    0.00    0.00    0.00    0.00     1      0.00      0.00   56800   12976   0.16      0.00      0.00      0.00       0  nginx
1791477928     33     23432    6.00   13.00    0.00   24.00   19.00     3      0.00      0.00   63232   16752   0.21      0.00   1028.00    884.00       0  nginx
1791477928     33     23433    4.00    8.00    0.00   22.00   12.00     3      0.00      0.00   60284   13932   0.17      0.00    456.00    456.00       0  nginx
1791477928     33     23434    3.00    3.00    0.00    9.00    6.00     1      0.00      0.00   58948   12452   0.15      0.00    300.00    288.00       0  nginx
1791477928     33     23435    2.00    5.00    0.00   14.00    7.00     3      0.00      0.00   59592   13196   0.16      0.00    124.00     96.00       0  nginx
1791477928    113    185612   28.00   32.00    0.00    0.00   60.00     1      1.00      0.00  682592   63388   0.78      0.00      0.00      0.00       0  pdns_server
1791477928   1100    191004   37.00   21.00    0.00   20.00   58.00     1   2143.00      0.00 2123144   21420   0.26      0.00      0.00      0.00       0  isupipe

# Time        UID       PID    %usr %system  %guest   %wait    %CPU   CPU  minflt/s  majflt/s     VSZ     RSS   %MEM   kB_rd/s   kB_wr/s kB_ccwr/s iodelay  Command
1791477929    112     14307   88.00   41.00    0.00    1.00  129.00     1      9.00      0.00 2898540 1068788  13.16      0.00  14808.00   1120.00       0  mysqld
1791477929      0     17311    0.00    0.00    0.00    0.00    0.00     1      0.00      0.00   56800   12976   0.16      0.00      0.00      0.00       0  nginx
1791477929     33     23432   10.00    8.00    0.00   28.00   18.00     3      0.00      0.00   63232   16752   0.21      0.00    684.00    596.00       0  nginx
1791477929     33     23433    5.00    4.00    0.00   19.00    9.00     3      0.00      0.00   60284   13932   0.17      0.00    396.00    352.00       0  nginx
1791477929     33     23434    3.00    5.00    0.00   15.00    8.00     3      0.00      0.00   58948   12452   0.15      0.00    196.00    132.00       0  nginx
1791477929     33     23435    3.00    6.00    0.00   16.00    9.00     3      0.00      0.00   59592   13196   0.16      0.00    356.00    312.00       0  nginx
1791477929    113    185612   28.00   25.00    0.00    0.00   53.00     1      3.00      0.00  682592   63388   0.78      0.00      0.00      0.00       0  pdns_server
1791477929   1100    191004   27.00   26.00    0.00   14.00   53.00     1    798.00      0.00 2123144   20964   0.26      0.00      0.00      0.00       0  isupipe

# Time        UID       PID    %usr %system  %guest   %wait    %CPU   CPU  minflt/s  majflt/s     VSZ     RSS   %MEM   kB_rd/s   kB_wr/s kB_ccwr/s iodelay  Command
1791477930    112     14307   85.00   42.00    0.00    1.00  127.00     1      0.00      0.00 2898540 1068788  13.16      0.00  10488.00   1104.00       0  mysqld
1791477930      0     17311    0.00    0.00    0.00    0.00    0.00     1      0.00      0.00   56800   12976   0.16      0.00      0.00      0.00       0  nginx
1791477930     33     23432    5.00   14.00    0.00   40.00   19.00     2      0.00      0.00   63232   16752   0.21      0.00    904.00    796.00       0  nginx
1791477930     33     23433    4.00    8.00    0.00   25.00   12.00     2      0.00      0.00   60284   13932   0.17      0.00    316.00    272.00       0  nginx
1791477930     33     23434    3.00    4.00    0.00   15.00    7.00     2      0.00      0.00   58948   12452   0.15      0.00    332.00    300.00       0  nginx
1791477930     33     23435    4.00    6.00    0.00   20.00   10.00     2      0.00      0.00   59592   13196   0.16      0.00    268.00    100.00       0  nginx
1791477930    113    185612   27.00   33.00    0.00    0.00   60.00     1      1.00      0.00  682592   63388   0.78      0.00      0.00      0.00       0  pdns_server
1791477930   1100    191004   34.00   21.00    0.00   29.00   55.00     2   1493.00      0.00 2123144   20656   0.25     12.00      0.00      0.00       0  isupipe

# Time        UID       PID    %usr %system  %guest   %wait    %CPU   CPU  minflt/s  majflt/s     VSZ     RSS   %MEM   kB_rd/s   kB_wr/s kB_ccwr/s iodelay  Command
1791477931    112     14307   93.00   37.00    0.00    1.00  130.00     2      0.00      0.00 2898540 1068788  13.16      0.00  10400.00   1108.00       0  mysqld
1791477931      0     17311    0.00    0.00    0.00    0.00    0.00     1      0.00      0.00   56800   12976   0.16      0.00      0.00      0.00       0  nginx
1791477931     33     23432    9.00   10.00    0.00   35.00   19.00     3      0.00      0.00   63232   16752   0.21      0.00    900.00    792.00       0  nginx
1791477931     33     23433    7.00    6.00    0.00   22.00   13.00     3      0.00      0.00   60284   13932   0.17      0.00    272.00    208.00       0  nginx
1791477931     33     23434    3.00    3.00    0.00    8.00    6.00     0      0.00      0.00   58948   12452   0.15      0.00     24.00      0.00       0  nginx
1791477931     33     23435    4.00    5.00    0.00   13.00    9.00     0      0.00      0.00   59592   13196   0.16      0.00    400.00    472.00       0  nginx
1791477931    113    185612   34.00   30.00    0.00    0.00   64.00     1      3.00      0.00  682592   63652   0.78      0.00      0.00      0.00       0  pdns_server
1791477931   1100    191004   33.00   20.00    0.00   25.00   53.00     3   1194.00      0.00 2123144   21092   0.26     16.00      0.00      0.00       0  isupipe

# Time        UID       PID    %usr %system  %guest   %wait    %CPU   CPU  minflt/s  majflt/s     VSZ     RSS   %MEM   kB_rd/s   kB_wr/s kB_ccwr/s iodelay  Command
1791477932    112     14307   88.00   47.00    0.00    0.00  135.00     2      7.00      0.00 2898540 1068788  13.16      0.00  10040.00   1048.00       0  mysqld
1791477932      0     17311    0.00    0.00    0.00    0.00    0.00     1      0.00      0.00   56800   12976   0.16      0.00      0.00      0.00       0  nginx
1791477932     33     23432   10.00   10.00    0.00   35.00   20.00     0      0.00      0.00   63232   16752   0.21      0.00    484.00    408.00       0  nginx
1791477932     33     23433    4.00    8.00    0.00   28.00   12.00     3      0.00      0.00   60284   13932   0.17      0.00    540.00    456.00       0  nginx
1791477932     33     23434    5.00    5.00    0.00   16.00   10.00     3      0.00      0.00   58948   12452   0.15      0.00    112.00     80.00       0  nginx
1791477932     33     23435    3.00    9.00    0.00   25.00   12.00     0      0.00      0.00   59592   13196   0.16      0.00    484.00    444.00       0  nginx
1791477932    113    185612   29.00   29.00    0.00    0.00   58.00     1      1.00      0.00  682592   63652   0.78      0.00      0.00      0.00       0  pdns_server
1791477932   1100    191004   31.00   21.00    0.00   24.00   52.00     2   1073.00      0.00 2123144   20108   0.25      0.00      0.00      0.00       0  isupipe

# Time        UID       PID    %usr %system  %guest   %wait    %CPU   CPU  minflt/s  majflt/s     VSZ     RSS   %MEM   kB_rd/s   kB_wr/s kB_ccwr/s iodelay  Command
1791477933    112     14307   96.00   39.00    0.00    0.00  135.00     2      7.00      0.00 2898540 1068972  13.17      0.00  14176.00   1204.00       0  mysqld
1791477933      0     17311    0.00    0.00    0.00    0.00    0.00     1      0.00      0.00   56800   12976   0.16      0.00      0.00      0.00       0  nginx
1791477933     33     23432   15.00   10.00    0.00   26.00   25.00     3      0.00      0.00   63232   16752   0.21      0.00    596.00    464.00       0  nginx
1791477933     33     23433    6.00    6.00    0.00   17.00   12.00     1      0.00      0.00   60284   13932   0.17      0.00    744.00    700.00       0  nginx
1791477933     33     23434    1.00    3.00    0.00    6.00    4.00     3      0.00      0.00   58948   12452   0.15      0.00    100.00     84.00       0  nginx
1791477933     33     23435    2.00    3.00    0.00    7.00    5.00     3      0.00      0.00   59592   13196   0.16      0.00    216.00    180.00       0  nginx
1791477933    113    185612   33.00   31.00    0.00    0.00   64.00     1      1.00      0.00  682592   63652   0.78      0.00      0.00      0.00       0  pdns_server
1791477933   1100    191004   29.00   23.00    0.00   16.00   52.00     1   1722.00      0.00 2123144   23580   0.29      0.00      0.00      0.00       0  isupipe

# Time        UID       PID    %usr %system  %guest   %wait    %CPU   CPU  minflt/s  majflt/s     VSZ     RSS   %MEM   kB_rd/s   kB_wr/s kB_ccwr/s iodelay  Command
1791477934    112     14307   81.00   39.00    0.00    0.00  120.00     0      5.00      0.00 2898540 1069144  13.17      0.00  10884.00   1292.00       0  mysqld
1791477934      0     17311    0.00    0.00    0.00    0.00    0.00     1      0.00      0.00   56800   12976   0.16      0.00      0.00      0.00       0  nginx
1791477934     33     23432   11.00    9.00    0.00   32.00   20.00     3      0.00      0.00   63232   16752   0.21      0.00   1000.00    924.00       0  nginx
1791477934     33     23433    8.00    6.00    0.00   28.00   14.00     3      0.00      0.00   60284   13932   0.17      0.00    256.00    176.00       0  nginx
1791477934     33     23434    4.00    5.00    0.00   14.00    9.00     3      0.00      0.00   58948   12452   0.15      0.00    208.00    148.00       0  nginx
1791477934     33     23435    4.00    5.00    0.00   15.00    9.00     3      0.00      0.00   59592   13196   0.16      0.00    240.00    204.00       0  nginx
1791477934    113    185612   21.00   32.00    0.00    0.00   53.00     1      2.00      0.00  682592   63652   0.78      0.00      0.00      0.00       0  pdns_server
1791477934   1100    191004   34.00   21.00    0.00    0.00   55.00     1   1665.00      0.00 2123144   22388   0.28      4.00      0.00      0.00       0  isupipe

# Time        UID       PID    %usr %system  %guest   %wait    %CPU   CPU  minflt/s  majflt/s     VSZ     RSS   %MEM   kB_rd/s   kB_wr/s kB_ccwr/s iodelay  Command
1791477935    112     14307   77.00   40.00    0.00    1.00  117.00     0      6.00      0.00 2898540 1069144  13.17      0.00  11316.00   1192.00       0  mysqld
1791477935      0     17311    0.00    0.00    0.00    0.00    0.00     1      0.00      0.00   56800   12976   0.16      0.00      0.00      0.00       0  nginx
1791477935     33     23432   13.00    7.00    0.00   35.00   20.00     2      0.00      0.00   63232   16752   0.21      0.00    872.00    588.00       0  nginx
1791477935     33     23433    5.00    6.00    0.00   26.00   11.00     3      0.00      0.00   60284   13932   0.17      0.00    268.00    192.00       0  nginx
1791477935     33     23434    3.00    5.00    0.00   15.00    8.00     3      0.00      0.00   58948   12452   0.15      0.00    280.00    236.00       0  nginx
1791477935     33     23435    5.00    6.00    0.00   18.00   11.00     3      0.00      0.00   59592   13196   0.16      0.00    432.00    392.00       0  nginx
1791477935    113    185612   24.00   24.00    0.00    0.00   48.00     1      1.00      0.00  682592   63424   0.78      0.00      0.00      0.00       0  pdns_server
1791477935   1100    191004   28.00   24.00    0.00    0.00   52.00     1   1039.00      0.00 2123144   22156   0.27     28.00      0.00      0.00       0  isupipe

# Time        UID       PID    %usr %system  %guest   %wait    %CPU   CPU  minflt/s  majflt/s     VSZ     RSS   %MEM   kB_rd/s   kB_wr/s kB_ccwr/s iodelay  Command
1791477936    112     14307   80.00   35.00    0.00    0.00  115.00     0      5.00      0.00 2898540 1069144  13.17      0.00  11328.00   1276.00       0  mysqld
1791477936      0     17311    0.00    0.00    0.00    0.00    0.00     1      0.00      0.00   56800   12976   0.16      0.00      0.00      0.00       0  nginx
1791477936     33     23432    9.00    8.00    0.00   43.00   17.00     3      0.00      0.00   63232   16752   0.21      0.00    512.00    612.00       0  nginx
1791477936     33     23433    5.00   10.00    0.00   38.00   15.00     3      0.00      0.00   60284   13932   0.17      0.00    532.00    440.00       0  nginx
1791477936     33     23434    5.00    3.00    0.00   20.00    8.00     3      0.00      0.00   58948   12452   0.15      0.00    240.00    128.00       0  nginx
1791477936     33     23435    6.00    7.00    0.00   27.00   13.00     3      0.00      0.00   59592   13196   0.16      0.00    364.00    320.00       0  nginx
1791477936    113    185612   28.00   21.00    0.00    0.00   49.00     1      0.00      0.00  682592   63424   0.78      0.00      0.00      0.00       0  pdns_server
1791477936   1100    191004   27.00   26.00    0.00    0.00   53.00     1   1194.00      0.00 2123144   21756   0.27     16.00      0.00      0.00       0  isupipe

# Time        UID       PID    %usr %system  %guest   %wait    %CPU   CPU  minflt/s  majflt/s     VSZ     RSS   %MEM   kB_rd/s   kB_wr/s kB_ccwr/s iodelay  Command
1791477937    112     14307   88.00   39.00    0.00    1.00  127.00     0     36.00      0.00 2898540 1069500  13.17      0.00  14452.00   1264.00       0  mysqld
1791477937      0     17311    0.00    0.00    0.00    0.00    0.00     1      0.00      0.00   56800   12968   0.16      0.00      0.00      0.00       0  nginx
1791477937     33     23432   11.00    8.00    0.00   34.00   19.00     3     23.00      0.00   63232   16924   0.21      0.00   1032.00    916.00       0  nginx
1791477937     33     23433    7.00    4.00    0.00   27.00   11.00     3     23.00      0.00   60284   13924   0.17      0.00    136.00     76.00       0  nginx
1791477937     33     23434    4.00    4.00    0.00   17.00    8.00     0     22.00      0.00   58948   12528   0.15      0.00    276.00    336.00       0  nginx
1791477937     33     23435    5.00    3.00    0.00   19.00    8.00     2     22.00      0.00   59592   13188   0.16      0.00    300.00    264.00       0  nginx
1791477937    113    185612   29.00   28.00    0.00    0.00   57.00     1     11.00      0.00  682592   63112   0.78      0.00      0.00      0.00       0  pdns_server
1791477937   1100    191004   32.00   20.00    0.00    2.00   52.00     2   1136.00      0.00 2123144   21116   0.26      4.00      0.00      0.00       0  isupipe

# Time        UID       PID    %usr %system  %guest   %wait    %CPU   CPU  minflt/s  majflt/s     VSZ     RSS   %MEM   kB_rd/s   kB_wr/s kB_ccwr/s iodelay  Command
1791477938    112     14307   94.00   40.00    0.00    1.00  134.00     0     10.00      0.00 2898540 1069684  13.18      0.00  12320.00   1452.00       0  mysqld
1791477938      0     17311    0.00    0.00    0.00    0.00    0.00     1      0.00      0.00   56800   12932   0.16      0.00      0.00      0.00       0  nginx
1791477938     33     23432    8.00   14.00    0.00   25.00   22.00     1      0.00      0.00   63232   16888   0.21      0.00    860.00    732.00       0  nginx
1791477938     33     23433    5.00    7.00    0.00   15.00   12.00     3      0.00      0.00   60284   13888   0.17      0.00    572.00    532.00       0  nginx
1791477938     33     23434    1.00    2.00    0.00    5.00    3.00     3      1.00      0.00   58948   12492   0.15      0.00    128.00    104.00       0  nginx
1791477938     33     23435    4.00    5.00    0.00   10.00    9.00     3      1.00      0.00   59592   13152   0.16      0.00    312.00    280.00       0  nginx
1791477938    113    185612   25.00   35.00    0.00    0.00   60.00     1      1.00      0.00  682592   62536   0.77      0.00      0.00      0.00       0  pdns_server
1791477938   1100    191004   31.00   23.00    0.00   17.00   54.00     0   1370.00      0.00 2123144   21592   0.27      0.00      0.00      0.00       0  isupipe

# Time        UID       PID    %usr %system  %guest   %wait    %CPU   CPU  minflt/s  majflt/s     VSZ     RSS   %MEM   kB_rd/s   kB_wr/s kB_ccwr/s iodelay  Command
1791477939    112     14307   87.00   37.00    0.00    0.00  124.00     0     10.00      0.00 2898540 1069684  13.18      0.00  10112.00   1100.00       0  mysqld
1791477939      0     17311    0.00    0.00    0.00    0.00    0.00     1      0.00      0.00   56800   12932   0.16      0.00      0.00      0.00       0  nginx
1791477939     33     23432    8.00    8.00    0.00   51.00   16.00     2      0.00      0.00   63232   16888   0.21      0.00    500.00    392.00       0  nginx
1791477939     33     23433    6.00    5.00    0.00   43.00   11.00     2      0.00      0.00   60284   13888   0.17      0.00    584.00    532.00       0  nginx
1791477939     33     23434    5.00    4.00    0.00   26.00    9.00     2      0.00      0.00   58948   12492   0.15      0.00    192.00    152.00       0  nginx
1791477939     33     23435    6.00    4.00    0.00   32.00   10.00     3      0.00      0.00   59592   13152   0.16      0.00    340.00    176.00       0  nginx
1791477939    113    185612   30.00   28.00    0.00    0.00   58.00     1      1.00      0.00  682592   62536   0.77      0.00      0.00      0.00       0  pdns_server
1791477939   1100    191004   26.00   22.00    0.00    0.00   48.00     0   1037.00      0.00 2123144   21732   0.27     28.00      0.00      0.00       0  isupipe

# Time        UID       PID    %usr %system  %guest   %wait    %CPU   CPU  minflt/s  majflt/s     VSZ     RSS   %MEM   kB_rd/s   kB_wr/s kB_ccwr/s iodelay  Command
1791477940    112     14307   77.00   44.00    0.00    0.00  121.00     0      0.00      0.00 2898540 1069684  13.18      0.00  16048.00   1432.00       0  mysqld
1791477940      0     17311    0.00    0.00    0.00    0.00    0.00     1      0.00      0.00   56800   12932   0.16      0.00      0.00      0.00       0  nginx
1791477940     33     23432    9.00   13.00    0.00   33.00   22.00     3      0.00      0.00   63232   16888   0.21      0.00    812.00    688.00       0  nginx
1791477940     33     23433    6.00    6.00    0.00   21.00   12.00     3      0.00      0.00   60284   13888   0.17      0.00    684.00    612.00       0  nginx
1791477940     33     23434    3.00    4.00    0.00   10.00    7.00     3      0.00      0.00   58948   12492   0.15      0.00     96.00     80.00       0  nginx
1791477940     33     23435    6.00    3.00    0.00   10.00    9.00     1      0.00      0.00   59592   13152   0.16      0.00    316.00    400.00       0  nginx
1791477940    113    185612   27.00   25.00    0.00    0.00   52.00     1      1.00      0.00  682592   62148   0.77      0.00      0.00      0.00       0  pdns_server
1791477940   1100    191004   34.00   24.00    0.00   21.00   58.00     0   1264.00      0.00 2123144   21628   0.27     16.00      0.00      0.00       0  isupipe

# Time        UID       PID    %usr %system  %guest   %wait    %CPU   CPU  minflt/s  majflt/s     VSZ     RSS   %MEM   kB_rd/s   kB_wr/s kB_ccwr/s iodelay  Command
1791477941    112     14307   82.00   44.00    0.00    1.00  126.00     1      0.00      0.00 2898540 1069684  13.18      0.00  12676.00   1388.00       0  mysqld
1791477941      0     17311    0.00    0.00    0.00    0.00    0.00     1      0.00      0.00   56800   12932   0.16      0.00      0.00      0.00       0  nginx
1791477941     33     23432    7.00   10.00    0.00   45.00   17.00     0      0.00      0.00   63232   16888   0.21      0.00    880.00    692.00       0  nginx
1791477941     33     23433    5.00    8.00    0.00   38.00   13.00     0      0.00      0.00   60284   13888   0.17      0.00    236.00    156.00       0  nginx
1791477941     33     23434    3.00    6.00    0.00   16.00    9.00     1      0.00      0.00   58948   12492   0.15      0.00    180.00    156.00       0  nginx
1791477941     33     23435    5.00    6.00    0.00   30.00   11.00     1      0.00      0.00   59592   13152   0.16      0.00    568.00    528.00       0  nginx
1791477941    113    185612   27.00   28.00    0.00    0.00   55.00     1      0.00      0.00  682592   62148   0.77      0.00      0.00      0.00       0  pdns_server
1791477941   1100    191004   23.00   25.00    0.00   21.00   48.00     1    946.00      0.00 2123144   21444   0.26     16.00      0.00      0.00       0  isupipe

# Time        UID       PID    %usr %system  %guest   %wait    %CPU   CPU  minflt/s  majflt/s     VSZ     RSS   %MEM   kB_rd/s   kB_wr/s kB_ccwr/s iodelay  Command
1791477942    112     14307   85.00   48.00    0.00    0.00  133.00     1      0.00      0.00 2898540 1069684  13.18      0.00  12564.00   1648.00       0  mysqld
1791477942      0     17311    0.00    0.00    0.00    0.00    0.00     1      0.00      0.00   56800   12932   0.16      0.00      0.00      0.00       0  nginx
1791477942     33     23432   10.00    8.00    0.00   36.00   18.00     3      0.00      0.00   63232   16888   0.21      0.00    920.00    600.00       0  nginx
1791477942     33     23433    5.00    7.00    0.00   31.00   12.00     3      0.00      0.00   60284   13888   0.17      0.00    300.00    232.00       0  nginx
1791477942     33     23434    4.00    4.00    0.00   15.00    8.00     3      0.00      0.00   58948   12492   0.15      0.00    536.00    512.00       0  nginx
1791477942     33     23435    5.00    6.00    0.00   25.00   11.00     3      0.00      0.00   59592   13152   0.16      0.00    364.00    308.00       0  nginx
1791477942    113    185612   31.00   31.00    0.00    0.00   62.00     1      3.00      0.00  682592   62148   0.77      0.00      0.00      0.00       0  pdns_server
1791477942   1100    191004   34.00   21.00    0.00   39.00   55.00     3   1478.00      0.00 2123400   22432   0.28      0.00      0.00      0.00       0  isupipe

# Time        UID       PID    %usr %system  %guest   %wait    %CPU   CPU  minflt/s  majflt/s     VSZ     RSS   %MEM   kB_rd/s   kB_wr/s kB_ccwr/s iodelay  Command
1791477943    112     14307   84.00   41.00    0.00    0.00  125.00     0      3.00      0.00 2898540 1069684  13.18      0.00  15408.00   1216.00       0  mysqld
1791477943      0     17311    0.00    0.00    0.00    0.00    0.00     1      0.00      0.00   56800   12932   0.16      0.00      0.00      0.00       0  nginx
1791477943     33     23432    7.00    9.00    0.00   48.00   16.00     3      0.00      0.00   63232   16888   0.21      0.00    784.00    916.00       0  nginx
1791477943     33     23433    6.00    6.00    0.00   38.00   12.00     2      0.00      0.00   60284   13888   0.17      0.00    132.00     76.00       0  nginx
1791477943     33     23434    5.00    6.00    0.00   23.00   11.00     2      0.00      0.00   58948   12492   0.15      0.00    460.00    404.00       0  nginx
1791477943     33     23435    4.00    7.00    0.00   26.00   11.00     3      0.00      0.00   59592   13152   0.16      0.00    408.00    364.00       0  nginx
1791477943    113    185612   21.00   31.00    0.00    0.00   52.00     1      1.00      0.00  682592   61764   0.76      0.00      0.00      0.00       0  pdns_server
1791477943   1100    191004   27.00   28.00    0.00   20.00   55.00     0   1155.00      0.00 2123400   21396   0.26     16.00      0.00      0.00       0  isupipe

# Time        UID       PID    %usr %system  %guest   %wait    %CPU   CPU  minflt/s  majflt/s     VSZ     RSS   %MEM   kB_rd/s   kB_wr/s kB_ccwr/s iodelay  Command
1791477944    112     14307   81.00   40.00    0.00    1.00  121.00     0     27.00      0.00 2898540 1069684  13.18      0.00  12668.00   1564.00       0  mysqld
1791477944      0     17311    0.00    0.00    0.00    0.00    0.00     1      0.00      0.00   56800   12924   0.16      0.00      0.00      0.00       0  nginx
1791477944     33     23432    6.00   11.00    0.00   42.00   17.00     2     22.00      0.00   63232   16880   0.21      0.00    684.00    604.00       0  nginx
1791477944     33     23433    5.00    9.00    0.00   33.00   14.00     2     23.00      0.00   60284   13880   0.17      0.00    724.00    664.00       0  nginx
1791477944     33     23434    5.00    7.00    0.00   19.00   12.00     2     22.00      0.00   58948   12484   0.15      0.00    228.00    184.00       0  nginx
1791477944     33     23435    4.00    8.00    0.00   29.00   12.00     2     23.00      0.00   59592   13144   0.16      0.00    508.00    436.00       0  nginx
1791477944    113    185612   24.00   26.00    0.00    0.00   50.00     1      9.00      0.00  682592   61460   0.76      0.00      0.00      0.00       0  pdns_server
1791477944   1100    191004   34.00   23.00    0.00   17.00   57.00     0   1208.00      0.00 2123400   21684   0.27     16.00      0.00      0.00       0  isupipe

# Time        UID       PID    %usr %system  %guest   %wait    %CPU   CPU  minflt/s  majflt/s     VSZ     RSS   %MEM   kB_rd/s   kB_wr/s kB_ccwr/s iodelay  Command
1791477945    112     14307   61.39   30.69    0.00    0.00   92.08     0      2.97      0.00 2897512 1069312  13.17      0.00   9437.62    899.01       0  mysqld
1791477945      0     17311    0.00    0.00    0.00    0.00    0.00     1      0.00      0.00   56800   12924   0.16      0.00      0.00      0.00       0  nginx
1791477945     33     23432    8.91    5.94    0.00   29.70   14.85     2      8.91      0.00   63232   16880   0.21      0.00    566.34    479.21       0  nginx
1791477945     33     23433    4.95    5.94    0.00   24.75   10.89     0      7.92      0.00   60284   13880   0.17      0.00    130.69     67.33       0  nginx
1791477945     33     23434    2.97    0.99    0.00    8.91    3.96     2      8.91      0.00   58948   12484   0.15      0.00    174.26    174.26       0  nginx
1791477945     33     23435    3.96    3.96    0.00   13.86    7.92     1      7.92      0.00   59592   13144   0.16      0.00    411.88    380.20       0  nginx
1791477945    113    185612   16.83   21.78    0.00    0.00   38.61     1      0.99      0.00  682592   61280   0.75      0.00      0.00      0.00       0  pdns_server
1791477945   1100    191004   23.76   15.84    0.00   20.79   39.60     1    639.60      0.00 2123400   22632   0.28      0.00      0.00      0.00       0  isupipe

# Time        UID       PID    %usr %system  %guest   %wait    %CPU   CPU  minflt/s  majflt/s     VSZ     RSS   %MEM   kB_rd/s   kB_wr/s kB_ccwr/s iodelay  Command
1791477946    112     14307    1.00    1.00    0.00    0.00    2.00     0      0.00      0.00 2897512 1069312  13.17      0.00   4712.00      0.00       0  mysqld
1791477946      0     17311    0.00    0.00    0.00    0.00    0.00     1      0.00      0.00   56800   12924   0.16      0.00      0.00      0.00       0  nginx
1791477946     33     23432    0.00    0.00    0.00    0.00    0.00     2      0.00      0.00   63232   16880   0.21      0.00      0.00      0.00       0  nginx
1791477946     33     23433    1.00    0.00    0.00    0.00    1.00     1      0.00      0.00   60284   13880   0.17      0.00      0.00      0.00       0  nginx
1791477946     33     23434    0.00    1.00    0.00    0.00    1.00     3      0.00      0.00   58948   12484   0.15      0.00      0.00      0.00       0  nginx
1791477946     33     23435    0.00    0.00    0.00    1.00    0.00     0      0.00      0.00   59592   13144   0.16      0.00      0.00      0.00       0  nginx
1791477946    113    185612    0.00    0.00    0.00    0.00    0.00     1      0.00      0.00  682592   61280   0.75      0.00      0.00      0.00       0  pdns_server
1791477946   1100    191004    0.00    0.00    0.00    0.00    0.00     1      0.00      0.00 2123400   22632   0.28      0.00      0.00      0.00       0  isupipe
