Linux 5.15.0-198-generic (isucon13-app) 	10/08/26 	_aarch64_	(4 CPU)

# Time        UID       PID    %usr %system  %guest   %wait    %CPU   CPU  minflt/s  majflt/s     VSZ     RSS   %MEM   kB_rd/s   kB_wr/s kB_ccwr/s iodelay  Command
1791494946      0        13    0.00    0.00    0.00    0.00    0.00     0      0.00      0.00       0       0   0.00      0.00      0.00      0.00       0  ksoftirqd/0
1791494946      0        22    0.00    0.00    0.00    0.00    0.00     1      0.00      0.00       0       0   0.00      0.00      0.00      0.00       0  ksoftirqd/1
1791494946      0        28    0.00    0.00    0.00    0.00    0.00     2      0.00      0.00       0       0   0.00      0.00      0.00      0.00       0  ksoftirqd/2
1791494946      0        34    0.00    0.00    0.00    0.00    0.00     3      0.00      0.00       0       0   0.00      0.00      0.00      0.00       0  ksoftirqd/3
1791494946      0       344    0.00    2.00    0.00    0.00    2.00     0      0.00      0.00       0       0   0.00      0.00    120.00      0.00       0  jbd2/sda1-8
1791494946      0       418    0.00    0.00    0.00    0.00    0.00     1      0.00      0.00   48644   11524   0.14      0.00      0.00      0.00       0  systemd-journal
1791494946    104       664    0.00    0.00    0.00    0.00    0.00     1      0.00      0.00  222072    4484   0.06      0.00      0.00      0.00       0  rsyslogd
1791494946      0       728    0.00    0.00    0.00    0.00    0.00     0      0.00      0.00   56244    2480   0.03      0.00      0.00      0.00       0  nginx
1791494946     33       729    0.00    0.00    0.00    0.00    0.00     0      0.00      0.00   56956    7044   0.09      0.00      0.00      0.00       0  nginx
1791494946     33       730    0.00    0.00    0.00    0.00    0.00     0      0.00      0.00   56956    7044   0.09      0.00      0.00      0.00       0  nginx
1791494946     33       731    0.00    0.00    0.00    0.00    0.00     0      0.00      0.00   56956    7044   0.09      0.00      0.00      0.00       0  nginx
1791494946     33       732    0.00    0.00    0.00    0.00    0.00     1    260.00      3.00   56956   10216   0.13      0.00      0.00      0.00       0  nginx
1791494946    112       737   19.00   18.00    0.00    0.00   37.00     1  18063.00      2.00 2507776  476388   5.87    208.00  40704.00      0.00       0  mysqld
1791494946   1100       828    0.00    0.00    0.00    0.00    0.00     3      7.00      0.00 1680452   13168   0.16      0.00      0.00      0.00       0  isupipe

# Time        UID       PID    %usr %system  %guest   %wait    %CPU   CPU  minflt/s  majflt/s     VSZ     RSS   %MEM   kB_rd/s   kB_wr/s kB_ccwr/s iodelay  Command
1791494947      0        13    0.00    0.00    0.00    0.00    0.00     0      0.00      0.00       0       0   0.00      0.00      0.00      0.00       0  ksoftirqd/0
1791494947      0        22    0.00    0.00    0.00    0.00    0.00     1      0.00      0.00       0       0   0.00      0.00      0.00      0.00       0  ksoftirqd/1
1791494947      0        28    0.00    0.00    0.00    0.00    0.00     2      0.00      0.00       0       0   0.00      0.00      0.00      0.00       0  ksoftirqd/2
1791494947      0        34    0.00    0.00    0.00    0.00    0.00     3      0.00      0.00       0       0   0.00      0.00      0.00      0.00       0  ksoftirqd/3
1791494947      0       344    0.00    0.00    0.00    0.00    0.00     2      0.00      0.00       0       0   0.00      0.00     20.00      0.00       0  jbd2/sda1-8
1791494947      0       418    0.00    0.00    0.00    0.00    0.00     1      0.00      0.00   48644   11524   0.14      0.00      0.00      0.00       0  systemd-journal
1791494947    104       664    0.00    0.00    0.00    0.00    0.00     1      0.00      0.00  222072    4484   0.06      0.00      0.00      0.00       0  rsyslogd
1791494947      0       728    0.00    0.00    0.00    0.00    0.00     0      0.00      0.00   56244    2480   0.03      0.00      0.00      0.00       0  nginx
1791494947     33       729    0.00    0.00    0.00    0.00    0.00     0      0.00      0.00   56956    7044   0.09      0.00      0.00      0.00       0  nginx
1791494947     33       730    0.00    0.00    0.00    0.00    0.00     0      0.00      0.00   56956    7044   0.09      0.00      0.00      0.00       0  nginx
1791494947     33       731    0.00    0.00    0.00    0.00    0.00     0      0.00      0.00   56956    7044   0.09      0.00      0.00      0.00       0  nginx
1791494947     33       732    1.00    0.00    0.00    0.00    1.00     2     64.00      0.00   57240   10620   0.13      4.00     72.00     72.00       0  nginx
1791494947    112       737   26.00    7.00    0.00    0.00   33.00     1   2280.00      3.00 2705476  485352   5.98    628.00   9812.00      0.00       0  mysqld
1791494947   1100       828    6.00    7.00    0.00    0.00   13.00     0    962.00      0.00 1754244   14884   0.18   9944.00     52.00     52.00       0  isupipe

# Time        UID       PID    %usr %system  %guest   %wait    %CPU   CPU  minflt/s  majflt/s     VSZ     RSS   %MEM   kB_rd/s   kB_wr/s kB_ccwr/s iodelay  Command
1791494948      0        13    0.00    0.00    0.00    0.00    0.00     0      0.00      0.00       0       0   0.00      0.00      0.00      0.00       0  ksoftirqd/0
1791494948      0        22    0.00    0.00    0.00    0.00    0.00     1      0.00      0.00       0       0   0.00      0.00      0.00      0.00       0  ksoftirqd/1
1791494948      0        28    0.00    0.00    0.00    0.00    0.00     2      0.00      0.00       0       0   0.00      0.00      0.00      0.00       0  ksoftirqd/2
1791494948      0        34    0.00    0.00    0.00    0.00    0.00     3      0.00      0.00       0       0   0.00      0.00      0.00      0.00       0  ksoftirqd/3
1791494948      0       344    0.00    0.98    0.00    0.00    0.98     3      0.00      0.00       0       0   0.00      0.00      0.00      0.00       0  jbd2/sda1-8
1791494948      0       418    0.00    0.00    0.00    0.00    0.00     1      0.00      0.00   48644   11524   0.14      0.00      0.00      0.00       0  systemd-journal
1791494948    104       664    0.00    0.00    0.00    0.00    0.00     1      0.00      0.00  222072    4484   0.06      0.00      0.00      0.00       0  rsyslogd
1791494948      0       728    0.00    0.00    0.00    0.00    0.00     0      0.00      0.00   56244    2480   0.03      0.00      0.00      0.00       0  nginx
1791494948     33       729    0.00    0.00    0.00    0.00    0.00     0      0.00      0.00   56956    7044   0.09      0.00      0.00      0.00       0  nginx
1791494948     33       730    0.00    0.00    0.00    0.00    0.00     0      0.00      0.00   56956    7044   0.09      0.00      0.00      0.00       0  nginx
1791494948     33       731    0.00    0.00    0.00    0.00    0.00     0      0.00      0.00   56956    7044   0.09      0.00      0.00      0.00       0  nginx
1791494948     33       732    0.98    0.00    0.00    0.00    0.98     1      0.00      0.00   57240   10620   0.13      0.00     11.76      0.00       0  nginx
1791494948    112       737    0.00    1.96    0.00    0.00    1.96     1      0.00      0.00 2705476  485352   5.98      0.00   2447.06      0.00       0  mysqld
1791494948   1100       828    0.00    0.00    0.00    0.00    0.00     0      0.00      0.00 1754244   14884   0.18      0.00      0.00      0.00       0  isupipe

# Time        UID       PID    %usr %system  %guest   %wait    %CPU   CPU  minflt/s  majflt/s     VSZ     RSS   %MEM   kB_rd/s   kB_wr/s kB_ccwr/s iodelay  Command
1791494949      0        13    0.00    0.00    0.00    0.00    0.00     0      0.00      0.00       0       0   0.00      0.00      0.00      0.00       0  ksoftirqd/0
1791494949      0        22    0.00    0.00    0.00    0.00    0.00     1      0.00      0.00       0       0   0.00      0.00      0.00      0.00       0  ksoftirqd/1
1791494949      0        28    0.00    0.00    0.00    0.00    0.00     2      0.00      0.00       0       0   0.00      0.00      0.00      0.00       0  ksoftirqd/2
1791494949      0        34    0.00    0.00    0.00    0.00    0.00     3      0.00      0.00       0       0   0.00      0.00      0.00      0.00       0  ksoftirqd/3
1791494949      0       344    0.00    0.00    0.00    0.00    0.00     0      0.00      0.00       0       0   0.00      0.00     19.42      0.00       0  jbd2/sda1-8
1791494949      0       418    0.00    0.00    0.00    0.00    0.00     1      0.00      0.00   48644   11524   0.14      0.00      0.00      0.00       0  systemd-journal
1791494949    104       664    0.00    0.00    0.00    0.00    0.00     1      0.00      0.00  222072    4484   0.06      0.00      0.00      0.00       0  rsyslogd
1791494949      0       728    0.00    0.00    0.00    0.00    0.00     0      0.00      0.00   56244    2480   0.03      0.00      0.00      0.00       0  nginx
1791494949     33       729    0.00    0.00    0.00    0.00    0.00     0      0.00      0.00   56956    7044   0.09      0.00      0.00      0.00       0  nginx
1791494949     33       730    0.00    0.00    0.00    0.00    0.00     0      0.00      0.00   56956    7044   0.09      0.00      0.00      0.00       0  nginx
1791494949     33       731    0.00    0.00    0.00    0.00    0.00     0      0.00      0.00   56956    7044   0.09      0.00      0.00      0.00       0  nginx
1791494949     33       732    0.00    0.97    0.00    0.00    0.97     1     24.27      0.00   57240   10620   0.13      0.00     66.02     66.02       0  nginx
1791494949    112       737    1.94    0.97    0.00    0.00    2.91     1     17.48      0.00 2705476  485352   5.98      0.00   2683.50      0.00       0  mysqld
1791494949   1100       828    2.91    1.94    0.00    0.00    4.85     0    224.27      0.00 1754244   15124   0.19      0.00      0.00      0.00       0  isupipe

# Time        UID       PID    %usr %system  %guest   %wait    %CPU   CPU  minflt/s  majflt/s     VSZ     RSS   %MEM   kB_rd/s   kB_wr/s kB_ccwr/s iodelay  Command
1791494950      0        13    0.00    0.00    0.00    0.00    0.00     0      0.00      0.00       0       0   0.00      0.00      0.00      0.00       0  ksoftirqd/0
1791494950      0        22    0.00    0.00    0.00    0.00    0.00     1      0.00      0.00       0       0   0.00      0.00      0.00      0.00       0  ksoftirqd/1
1791494950      0        28    0.00    0.00    0.00    0.00    0.00     2      0.00      0.00       0       0   0.00      0.00      0.00      0.00       0  ksoftirqd/2
1791494950      0        34    0.00    0.00    0.00    0.00    0.00     3      0.00      0.00       0       0   0.00      0.00      0.00      0.00       0  ksoftirqd/3
1791494950      0       344    0.00    0.00    0.00    0.00    0.00     0      0.00      0.00       0       0   0.00      0.00     35.09      0.00       0  jbd2/sda1-8
1791494950      0       418    0.00    0.00    0.00    0.00    0.00     1      0.00      0.00   48644   11524   0.14      0.00      0.00      0.00       0  systemd-journal
1791494950    104       664    0.00    0.00    0.00    0.00    0.00     1      0.00      0.00  222072    4484   0.06      0.00      0.00      0.00       0  rsyslogd
1791494950      0       728    0.00    0.00    0.00    0.00    0.00     0      0.00      0.00   56244    2480   0.03      0.00      0.00      0.00       0  nginx
1791494950     33       729    0.00    0.00    0.00    0.00    0.00     0      0.00      0.00   56956    7044   0.09      0.00      0.00      0.00       0  nginx
1791494950     33       730    0.00    0.00    0.00    0.00    0.00     0      0.00      0.00   56956    7044   0.09      0.00      0.00      0.00       0  nginx
1791494950     33       731    0.00    0.00    0.00    0.00    0.00     0      0.00      0.00   56956    7044   0.09      0.00      0.00      0.00       0  nginx
1791494950     33       732    0.00    0.00    0.00    0.00    0.00     0      0.00      0.00   57240   10620   0.13      0.00     10.53      0.00       0  nginx
1791494950    112       737    0.00    2.63    0.00    0.00    2.63     1      0.00      0.00 2705476  485352   5.98      0.00   5614.04      0.00       0  mysqld
1791494950   1100       828    0.00    0.00    0.00    0.00    0.00     0      0.00      0.00 1754244   15124   0.19      0.00      0.00      0.00       0  isupipe

# Time        UID       PID    %usr %system  %guest   %wait    %CPU   CPU  minflt/s  majflt/s     VSZ     RSS   %MEM   kB_rd/s   kB_wr/s kB_ccwr/s iodelay  Command
1791494951      0        13    0.00    1.00    0.00    0.00    1.00     0      0.00      0.00       0       0   0.00      0.00      0.00      0.00       0  ksoftirqd/0
1791494951      0        22    0.00    0.00    0.00    0.00    0.00     1      0.00      0.00       0       0   0.00      0.00      0.00      0.00       0  ksoftirqd/1
1791494951      0        28    0.00    0.00    0.00    0.00    0.00     2      0.00      0.00       0       0   0.00      0.00      0.00      0.00       0  ksoftirqd/2
1791494951      0        34    0.00    0.00    0.00    0.00    0.00     3      0.00      0.00       0       0   0.00      0.00      0.00      0.00       0  ksoftirqd/3
1791494951      0       344    0.00    0.00    0.00    1.00    0.00     3      0.00      0.00       0       0   0.00      0.00     40.00      0.00       0  jbd2/sda1-8
1791494951      0       418    0.00    0.00    0.00    0.00    0.00     2      1.00     31.00   48644   11540   0.14      0.00    124.00      0.00       0  systemd-journal
1791494951    104       664    0.00    0.00    0.00    0.00    0.00     1      0.00      0.00  222072    4484   0.06      0.00      4.00      0.00       0  rsyslogd
1791494951      0       728    0.00    0.00    0.00    0.00    0.00     0      0.00      0.00   56244    2480   0.03      0.00      0.00      0.00       0  nginx
1791494951     33       729    0.00    0.00    0.00    0.00    0.00     0      0.00      0.00   56956    7044   0.09      0.00      0.00      0.00       0  nginx
1791494951     33       730    1.00    0.00    0.00    0.00    1.00     3    283.00      0.00   57096   10104   0.12      0.00     92.00     92.00       0  nginx
1791494951     33       731    0.00    0.00    0.00    0.00    0.00     1      3.00      0.00   56956    7044   0.09      0.00      0.00      0.00       0  nginx
1791494951     33       732    1.00    2.00    0.00    0.00    3.00     3    118.00      0.00   57804   11140   0.14      0.00    248.00    248.00       0  nginx
1791494951    112       737    8.00    4.00    0.00    0.00   12.00     2    875.00      0.00 2841532  488176   6.01      0.00   2820.00      0.00       0  mysqld
1791494951   1100       828    9.00    4.00    0.00    0.00   13.00     1    392.00      0.00 1754244   14808   0.18      0.00      0.00      0.00       0  isupipe

# Time        UID       PID    %usr %system  %guest   %wait    %CPU   CPU  minflt/s  majflt/s     VSZ     RSS   %MEM   kB_rd/s   kB_wr/s kB_ccwr/s iodelay  Command
1791494952      0        13    0.00    0.00    0.00    0.00    0.00     0      0.00      0.00       0       0   0.00      0.00      0.00      0.00       0  ksoftirqd/0
1791494952      0        22    0.00    0.00    0.00    0.00    0.00     1      0.00      0.00       0       0   0.00      0.00      0.00      0.00       0  ksoftirqd/1
1791494952      0        28    0.00    0.00    0.00    0.00    0.00     2      0.00      0.00       0       0   0.00      0.00      0.00      0.00       0  ksoftirqd/2
1791494952      0        34    0.00    0.00    0.00    0.00    0.00     3      0.00      0.00       0       0   0.00      0.00      0.00      0.00       0  ksoftirqd/3
1791494952      0       344    0.00    1.00    0.00    0.00    1.00     2      0.00      0.00       0       0   0.00      0.00     24.00      0.00       0  jbd2/sda1-8
1791494952      0       418    0.00    0.00    0.00    0.00    0.00     1      0.00      0.00   48644   11540   0.14      0.00      0.00      0.00       0  systemd-journal
1791494952    104       664    0.00    0.00    0.00    0.00    0.00     1      0.00      0.00  222072    4484   0.06      0.00      0.00      0.00       0  rsyslogd
1791494952      0       728    0.00    0.00    0.00    0.00    0.00     0      0.00      0.00   56244    2480   0.03      0.00      0.00      0.00       0  nginx
1791494952     33       729    1.00    0.00    0.00    0.00    1.00     3    300.00      0.00   57096   10228   0.13      0.00     88.00     88.00       0  nginx
1791494952     33       730    9.00    9.00    0.00   16.00   18.00     3    213.00      0.00   57804   11212   0.14      0.00   1224.00   1064.00       0  nginx
1791494952     33       731    4.00    8.00    0.00    8.00   12.00     3    417.00      0.00   57496   10892   0.13      0.00    500.00    500.00       0  nginx
1791494952     33       732   10.00   17.00    0.00   25.00   27.00     3    169.00      0.00   58344   11984   0.15      0.00   2252.00   2088.00       0  nginx
1791494952    112       737   78.00   20.00    0.00    0.00   98.00     2   2710.00      0.00 2853748  497256   6.12      0.00  16504.00      0.00       0  mysqld
1791494952   1100       828   56.00   35.00    0.00   12.00   91.00     0   5705.00      0.00 1976132   17808   0.22      0.00      0.00      0.00       0  isupipe

# Time        UID       PID    %usr %system  %guest   %wait    %CPU   CPU  minflt/s  majflt/s     VSZ     RSS   %MEM   kB_rd/s   kB_wr/s kB_ccwr/s iodelay  Command
1791494953      0        13    0.00    0.00    0.00    0.00    0.00     0      0.00      0.00       0       0   0.00      0.00      0.00      0.00       0  ksoftirqd/0
1791494953      0        22    0.00    0.00    0.00    0.00    0.00     1      0.00      0.00       0       0   0.00      0.00      0.00      0.00       0  ksoftirqd/1
1791494953      0        28    0.00    0.00    0.00    0.00    0.00     2      0.00      0.00       0       0   0.00      0.00      0.00      0.00       0  ksoftirqd/2
1791494953      0        34    0.00    1.00    0.00    0.00    1.00     3      0.00      0.00       0       0   0.00      0.00      0.00      0.00       0  ksoftirqd/3
1791494953      0       344    0.00    1.00    0.00    0.00    1.00     0      0.00      0.00       0       0   0.00      0.00     16.00      0.00       0  jbd2/sda1-8
1791494953      0       418    0.00    0.00    0.00    0.00    0.00     1      0.00      0.00   48644   11540   0.14      0.00      0.00      0.00       0  systemd-journal
1791494953    104       664    0.00    0.00    0.00    0.00    0.00     1      0.00      0.00  222072    4484   0.06      0.00      0.00      0.00       0  rsyslogd
1791494953      0       728    0.00    0.00    0.00    0.00    0.00     0      0.00      0.00   56244    2480   0.03      0.00      0.00      0.00       0  nginx
1791494953     33       729    4.00    5.00    0.00    9.00    9.00     3    103.00      0.00   57500   10952   0.13      0.00    672.00    644.00       0  nginx
1791494953     33       730    9.00    7.00    0.00   25.00   16.00     3    113.00      0.00   58204   11740   0.14      0.00    904.00    752.00       0  nginx
1791494953     33       731    4.00   11.00    0.00   21.00   15.00     3     56.00      0.00   57636   11156   0.14      0.00    616.00    424.00       0  nginx
1791494953     33       732   11.00   11.00    0.00   33.00   22.00     3    185.00      0.00   58884   12512   0.15      0.00   1784.00   1532.00       0  nginx
1791494953    112       737   81.00   20.00    0.00    2.00  101.00     1   1741.00      0.00 2856972  502016   6.18      0.00   9460.00      0.00       0  mysqld
1791494953   1100       828   61.00   32.00    0.00   29.00   93.00     2   4462.00      0.00 1976132   19432   0.24      0.00      0.00      0.00       0  isupipe

# Time        UID       PID    %usr %system  %guest   %wait    %CPU   CPU  minflt/s  majflt/s     VSZ     RSS   %MEM   kB_rd/s   kB_wr/s kB_ccwr/s iodelay  Command
1791494954      0        13    0.00    0.00    0.00    0.00    0.00     0      0.00      0.00       0       0   0.00      0.00      0.00      0.00       0  ksoftirqd/0
1791494954      0        22    0.00    0.00    0.00    0.00    0.00     1      0.00      0.00       0       0   0.00      0.00      0.00      0.00       0  ksoftirqd/1
1791494954      0        28    0.00    0.00    0.00    0.00    0.00     2      0.00      0.00       0       0   0.00      0.00      0.00      0.00       0  ksoftirqd/2
1791494954      0        34    0.00    1.00    0.00    0.00    1.00     3      0.00      0.00       0       0   0.00      0.00      0.00      0.00       0  ksoftirqd/3
1791494954      0       344    0.00    0.00    0.00    0.00    0.00     2      0.00      0.00       0       0   0.00      0.00      8.00      0.00       0  jbd2/sda1-8
1791494954      0       418    0.00    0.00    0.00    0.00    0.00     1      0.00      0.00   48644   11540   0.14      0.00      0.00      0.00       0  systemd-journal
1791494954    104       664    0.00    0.00    0.00    0.00    0.00     1      0.00      0.00  222072    4484   0.06      0.00      0.00      0.00       0  rsyslogd
1791494954      0       728    0.00    0.00    0.00    0.00    0.00     0      0.00      0.00   56244    2480   0.03      0.00      0.00      0.00       0  nginx
1791494954     33       729    2.00   10.00    0.00   12.00   12.00     3     58.00      0.00   57632   11212   0.14      0.00    236.00    128.00       0  nginx
1791494954     33       730    6.00   11.00    0.00   27.00   17.00     3    101.00      0.00   58612   12268   0.15      0.00   1044.00    876.00       0  nginx
1791494954     33       731    8.00    8.00    0.00   13.00   16.00     3    130.00      0.00   58196   11740   0.14      0.00    608.00    552.00       0  nginx
1791494954     33       732    9.00   15.00    0.00   33.00   24.00     3    178.00      0.00   59712   13304   0.16      0.00   2304.00   2064.00       0  nginx
1791494954    112       737   78.00   24.00    0.00    1.00  102.00     0   1111.00      0.00 2857204  506076   6.23      0.00   8136.00      0.00       0  mysqld
1791494954   1100       828   59.00   35.00    0.00   20.00   94.00     2   3571.00      0.00 1976388   20604   0.25      0.00      0.00      0.00       0  isupipe

# Time        UID       PID    %usr %system  %guest   %wait    %CPU   CPU  minflt/s  majflt/s     VSZ     RSS   %MEM   kB_rd/s   kB_wr/s kB_ccwr/s iodelay  Command
1791494955      0        13    0.00    0.00    0.00    0.00    0.00     0      0.00      0.00       0       0   0.00      0.00      0.00      0.00       0  ksoftirqd/0
1791494955      0        22    0.00    0.00    0.00    0.00    0.00     1      0.00      0.00       0       0   0.00      0.00      0.00      0.00       0  ksoftirqd/1
1791494955      0        28    0.00    0.00    0.00    0.00    0.00     2      0.00      0.00       0       0   0.00      0.00      0.00      0.00       0  ksoftirqd/2
1791494955      0        34    0.00    0.99    0.00    0.00    0.99     3      0.00      0.00       0       0   0.00      0.00      0.00      0.00       0  ksoftirqd/3
1791494955      0       344    0.00    0.99    0.00    0.00    0.99     1      0.00      0.00       0       0   0.00      0.00    110.89      0.00       0  jbd2/sda1-8
1791494955      0       418    0.00    0.00    0.00    0.00    0.00     0      0.99      1.98   48644   11540   0.14      0.00      7.92      0.00       0  systemd-journal
1791494955    104       664    0.00    0.00    0.00    0.00    0.00     1      0.00      0.00  222072    4484   0.06      0.00      0.00      0.00       0  rsyslogd
1791494955      0       728    0.00    0.00    0.00    0.00    0.00     0      0.00      0.00   56244    2480   0.03      0.00      0.00      0.00       0  nginx
1791494955     33       729    3.96    5.94    0.00    8.91    9.90     3     97.03      0.00   58036   11476   0.14    142.57    875.25    803.96       0  nginx
1791494955     33       730    5.94   11.88    0.00   23.76   17.82     3    115.84      0.00   59024   12532   0.15      0.00   1207.92   1045.54       0  nginx
1791494955     33       731    4.95    9.90    0.00   20.79   14.85     3     37.62      0.00   58328   12004   0.15      0.00    289.11    158.42       0  nginx
1791494955     33       732    9.90   13.86    0.00   28.71   23.76     1    169.31      0.00   60384   14096   0.17      0.00   1500.99   1247.52       0  nginx
1791494955    112       737   69.31   27.72    0.00    0.00   97.03     2   1164.36      0.00 2857204  509940   6.28      0.00  13322.77      0.00       0  mysqld
1791494955   1100       828   53.47   34.65    0.00   35.64   88.12     3   4250.50      0.00 1976388   21208   0.26      0.00      0.00      0.00       0  isupipe

# Time        UID       PID    %usr %system  %guest   %wait    %CPU   CPU  minflt/s  majflt/s     VSZ     RSS   %MEM   kB_rd/s   kB_wr/s kB_ccwr/s iodelay  Command
1791494956      0        13    0.00    0.00    0.00    0.00    0.00     0      0.00      0.00       0       0   0.00      0.00      0.00      0.00       0  ksoftirqd/0
1791494956      0        22    0.00    0.00    0.00    0.00    0.00     1      0.00      0.00       0       0   0.00      0.00      0.00      0.00       0  ksoftirqd/1
1791494956      0        28    0.00    0.00    0.00    1.00    0.00     2      0.00      0.00       0       0   0.00      0.00      0.00      0.00       0  ksoftirqd/2
1791494956      0        34    0.00    1.00    0.00    0.00    1.00     3      0.00      0.00       0       0   0.00      0.00      0.00      0.00       0  ksoftirqd/3
1791494956      0       344    0.00    0.00    0.00    0.00    0.00     2      0.00      0.00       0       0   0.00      0.00     20.00      0.00       0  jbd2/sda1-8
1791494956      0       418    0.00    0.00    0.00    0.00    0.00     0      0.00      1.00   48644   11540   0.14      0.00      4.00      0.00       0  systemd-journal
1791494956    104       664    0.00    0.00    0.00    0.00    0.00     1      0.00      0.00  222072    4484   0.06      0.00      4.00      0.00       0  rsyslogd
1791494956      0       728    0.00    0.00    0.00    0.00    0.00     0      0.00      0.00   56244    2480   0.03      0.00      0.00      0.00       0  nginx
1791494956     33       729    5.00    6.00    0.00    8.00   11.00     3     58.00      0.00   58304   11740   0.14      0.00    688.00    596.00       0  nginx
1791494956     33       730    7.00   11.00    0.00   23.00   18.00     3    125.00      0.00   59564   13060   0.16      0.00   1100.00    964.00       0  nginx
1791494956     33       731    6.00    8.00    0.00   12.00   14.00     3    110.00      0.00   58744   12268   0.15      0.00    908.00    672.00       0  nginx
1791494956     33       732    7.00   15.00    0.00   38.00   22.00     3    104.00      0.00   60780   14360   0.18      0.00   1892.00   1604.00       0  nginx
1791494956    112       737   78.00   24.00    0.00    1.00  102.00     2    845.00      0.00 2857204  513072   6.32      0.00   6864.00      0.00       0  mysqld
1791494956   1100       828   57.00   33.00    0.00   23.00   90.00     0   4088.00      0.00 1976388   20784   0.26      0.00      0.00      0.00       0  isupipe

# Time        UID       PID    %usr %system  %guest   %wait    %CPU   CPU  minflt/s  majflt/s     VSZ     RSS   %MEM   kB_rd/s   kB_wr/s kB_ccwr/s iodelay  Command
1791494957      0        13    0.00    0.00    0.00    0.00    0.00     0      0.00      0.00       0       0   0.00      0.00      0.00      0.00       0  ksoftirqd/0
1791494957      0        22    0.00    0.00    0.00    0.00    0.00     1      0.00      0.00       0       0   0.00      0.00      0.00      0.00       0  ksoftirqd/1
1791494957      0        28    1.00    0.00    0.00    0.00    1.00     2      0.00      0.00       0       0   0.00      0.00      0.00      0.00       0  ksoftirqd/2
1791494957      0        34    0.00    1.00    0.00    1.00    1.00     3      0.00      0.00       0       0   0.00      0.00      0.00      0.00       0  ksoftirqd/3
1791494957      0       344    0.00    1.00    0.00    1.00    1.00     0      0.00      0.00       0       0   0.00      0.00     16.00      0.00       0  jbd2/sda1-8
1791494957      0       418    0.00    0.00    0.00    0.00    0.00     0      0.00      0.00   48644   11540   0.14      0.00      0.00      0.00       0  systemd-journal
1791494957    104       664    0.00    0.00    0.00    0.00    0.00     1      0.00      0.00  222072    4484   0.06      0.00      0.00      0.00       0  rsyslogd
1791494957      0       728    0.00    0.00    0.00    0.00    0.00     0      0.00      0.00   56244    2480   0.03      0.00      0.00      0.00       0  nginx
1791494957     33       729    4.00    6.00    0.00   12.00   10.00     3     46.00      0.00   58448   12004   0.15      0.00    356.00    292.00       0  nginx
1791494957     33       730    6.00   11.00    0.00   30.00   17.00     3     40.00      0.00   59696   13324   0.16      0.00   1136.00    980.00       0  nginx
1791494957     33       731    9.00    8.00    0.00   15.00   17.00     3     66.00      0.00   59016   12532   0.15      0.00    600.00    588.00       0  nginx
1791494957     33       732    9.00   15.00    0.00   39.00   24.00     2     18.00      0.00   60780   14624   0.18      0.00   1296.00   1148.00       0  nginx
1791494957    112       737   80.00   24.00    0.00    1.00  104.00     1   1045.00      0.00 2857204  516320   6.36      0.00  16400.00      0.00       0  mysqld
1791494957   1100       828   54.00   36.00    0.00   15.00   90.00     1   2874.00      0.00 1976388   21732   0.27      0.00      0.00      0.00       0  isupipe

# Time        UID       PID    %usr %system  %guest   %wait    %CPU   CPU  minflt/s  majflt/s     VSZ     RSS   %MEM   kB_rd/s   kB_wr/s kB_ccwr/s iodelay  Command
1791494958      0        13    0.00    0.00    0.00    0.00    0.00     0      0.00      0.00       0       0   0.00      0.00      0.00      0.00       0  ksoftirqd/0
1791494958      0        22    0.00    0.00    0.00    0.00    0.00     1      0.00      0.00       0       0   0.00      0.00      0.00      0.00       0  ksoftirqd/1
1791494958      0        28    0.00    0.00    0.00    0.00    0.00     2      0.00      0.00       0       0   0.00      0.00      0.00      0.00       0  ksoftirqd/2
1791494958      0        34    0.00    0.00    0.00    0.00    0.00     3      0.00      0.00       0       0   0.00      0.00      0.00      0.00       0  ksoftirqd/3
1791494958      0       344    0.00    1.00    0.00    0.00    1.00     2      0.00      0.00       0       0   0.00      0.00      0.00      0.00       0  jbd2/sda1-8
1791494958      0       418    0.00    0.00    0.00    0.00    0.00     2      0.00      1.00   48644   11540   0.14      0.00      4.00      0.00       0  systemd-journal
1791494958    104       664    0.00    0.00    0.00    0.00    0.00     1      0.00      0.00  222072    4484   0.06      0.00      4.00      0.00       0  rsyslogd
1791494958      0       728    0.00    0.00    0.00    0.00    0.00     0      0.00      0.00   56244    2480   0.03      0.00      0.00      0.00       0  nginx
1791494958     33       729    4.00    8.00    0.00   14.00   12.00     3     33.00      0.00   58588   12004   0.15      0.00    372.00    276.00       0  nginx
1791494958     33       730    8.00    9.00    0.00   24.00   17.00     3     83.00      0.00   60108   13588   0.17      0.00   1232.00   1112.00       0  nginx
1791494958     33       731    6.00    8.00    0.00   16.00   14.00     3     37.00      0.00   59148   12796   0.16      0.00    520.00    384.00       0  nginx
1791494958     33       732    9.00   14.00    0.00   36.00   23.00     0     54.00      0.00   61044   14624   0.18      0.00   1504.00   1268.00       0  nginx
1791494958    112       737   82.00   22.00    0.00    1.00  104.00     3    822.00      0.00 2857204  519164   6.39      0.00  10736.00      0.00       0  mysqld
1791494958   1100       828   59.00   30.00    0.00   31.00   89.00     0   2320.00      0.00 1976388   22172   0.27      0.00      0.00      0.00       0  isupipe

# Time        UID       PID    %usr %system  %guest   %wait    %CPU   CPU  minflt/s  majflt/s     VSZ     RSS   %MEM   kB_rd/s   kB_wr/s kB_ccwr/s iodelay  Command
1791494959      0        13    0.00    1.00    0.00    0.00    1.00     0      0.00      0.00       0       0   0.00      0.00      0.00      0.00       0  ksoftirqd/0
1791494959      0        22    0.00    0.00    0.00    0.00    0.00     1      0.00      0.00       0       0   0.00      0.00      0.00      0.00       0  ksoftirqd/1
1791494959      0        28    0.00    0.00    0.00    0.00    0.00     2      0.00      0.00       0       0   0.00      0.00      0.00      0.00       0  ksoftirqd/2
1791494959      0        34    0.00    1.00    0.00    0.00    1.00     3      0.00      0.00       0       0   0.00      0.00      0.00      0.00       0  ksoftirqd/3
1791494959      0       344    0.00    1.00    0.00    0.00    1.00     1      0.00      0.00       0       0   0.00      0.00      0.00      0.00       0  jbd2/sda1-8
1791494959      0       418    0.00    0.00    0.00    0.00    0.00     0      0.00      1.00   48644   11540   0.14      0.00      4.00      0.00       0  systemd-journal
1791494959    104       664    0.00    0.00    0.00    0.00    0.00     1      0.00      0.00  222072    4484   0.06      0.00      0.00      0.00       0  rsyslogd
1791494959      0       728    0.00    0.00    0.00    0.00    0.00     0      0.00      0.00   56244    2480   0.03      0.00      0.00      0.00       0  nginx
1791494959     33       729    5.00    8.00    0.00    8.00   13.00     3     30.00      0.00   58724   12268   0.15      0.00    924.00    828.00       0  nginx
1791494959     33       730    7.00   10.00    0.00   27.00   17.00     3     38.00      0.00   60240   13852   0.17      0.00   1176.00   1036.00       0  nginx
1791494959     33       731    5.00   11.00    0.00   24.00   16.00     0      6.00      0.00   59280   12796   0.16      0.00    296.00    180.00       0  nginx
1791494959     33       732    9.00   15.00    0.00   32.00   24.00     3     95.00      0.00   61464   15152   0.19      0.00   1372.00   1148.00       0  nginx
1791494959    112       737   71.00   26.00    0.00    0.00   97.00     0    652.00      0.00 2857204  522044   6.43      0.00   9012.00      0.00       0  mysqld
1791494959   1100       828   58.00   35.00    0.00   28.00   93.00     0   2657.00      0.00 1976388   22436   0.28      0.00      0.00      0.00       0  isupipe

# Time        UID       PID    %usr %system  %guest   %wait    %CPU   CPU  minflt/s  majflt/s     VSZ     RSS   %MEM   kB_rd/s   kB_wr/s kB_ccwr/s iodelay  Command
1791494960      0        13    0.00    0.00    0.00    0.00    0.00     0      0.00      0.00       0       0   0.00      0.00      0.00      0.00       0  ksoftirqd/0
1791494960      0        22    0.00    1.00    0.00    0.00    1.00     1      0.00      0.00       0       0   0.00      0.00      0.00      0.00       0  ksoftirqd/1
1791494960      0        28    0.00    0.00    0.00    0.00    0.00     2      0.00      0.00       0       0   0.00      0.00      0.00      0.00       0  ksoftirqd/2
1791494960      0        34    0.00    1.00    0.00    0.00    1.00     3      0.00      0.00       0       0   0.00      0.00      0.00      0.00       0  ksoftirqd/3
1791494960      0       344    0.00    1.00    0.00    0.00    1.00     1      0.00      0.00       0       0   0.00      0.00     68.00      0.00       0  jbd2/sda1-8
1791494960      0       418    0.00    0.00    0.00    0.00    0.00     0      0.00      0.00   48644   11540   0.14      0.00      0.00      0.00       0  systemd-journal
1791494960    104       664    0.00    0.00    0.00    0.00    0.00     1      0.00      0.00  222072    4484   0.06      0.00      0.00      0.00       0  rsyslogd
1791494960      0       728    0.00    0.00    0.00    0.00    0.00     0      0.00      0.00   56244    2480   0.03      0.00      0.00      0.00       0  nginx
1791494960     33       729    5.00    7.00    0.00   13.00   12.00     3     16.00      0.00   58724   12268   0.15      0.00    776.00    712.00       0  nginx
1791494960     33       730    7.00   12.00    0.00   35.00   19.00     3     20.00      0.00   60240   13852   0.17      0.00   1104.00    920.00       0  nginx
1791494960     33       731    6.00   10.00    0.00   23.00   16.00     3     34.00      0.00   59280   13060   0.16      0.00   1192.00    952.00       0  nginx
1791494960     33       732   12.00    9.00    0.00   36.00   21.00     0     15.00      0.00   61464   15152   0.19      0.00    728.00    524.00       0  nginx
1791494960    112       737   77.00   25.00    0.00    1.00  102.00     3    710.00      0.00 2857204  525048   6.47      0.00  13060.00      0.00       0  mysqld
1791494960   1100       828   53.00   40.00    0.00   22.00   93.00     0   3184.00      0.00 2123972   23564   0.29      0.00      0.00      0.00       0  isupipe

# Time        UID       PID    %usr %system  %guest   %wait    %CPU   CPU  minflt/s  majflt/s     VSZ     RSS   %MEM   kB_rd/s   kB_wr/s kB_ccwr/s iodelay  Command
1791494961      0        13    0.00    0.00    0.00    0.00    0.00     0      0.00      0.00       0       0   0.00      0.00      0.00      0.00       0  ksoftirqd/0
1791494961      0        22    0.00    0.00    0.00    0.00    0.00     1      0.00      0.00       0       0   0.00      0.00      0.00      0.00       0  ksoftirqd/1
1791494961      0        28    0.00    0.00    0.00    0.00    0.00     2      0.00      0.00       0       0   0.00      0.00      0.00      0.00       0  ksoftirqd/2
1791494961      0        34    0.00    1.00    0.00    0.00    1.00     3      0.00      0.00       0       0   0.00      0.00      0.00      0.00       0  ksoftirqd/3
1791494961      0       344    0.00    0.00    0.00    1.00    0.00     2      0.00      0.00       0       0   0.00      0.00     36.00      0.00       0  jbd2/sda1-8
1791494961      0       418    0.00    0.00    0.00    0.00    0.00     0      1.00      1.00   48644   11540   0.14      0.00      4.00      0.00       0  systemd-journal
1791494961    104       664    0.00    0.00    0.00    0.00    0.00     1      0.00      0.00  222072    4484   0.06      0.00      0.00      0.00       0  rsyslogd
1791494961      0       728    0.00    0.00    0.00    0.00    0.00     0      0.00      0.00   56244    2480   0.03      0.00      0.00      0.00       0  nginx
1791494961     33       729    3.00    9.00    0.00   13.00   12.00     3     29.00      0.00   58864   12532   0.15      0.00    336.00    240.00       0  nginx
1791494961     33       730    7.00   10.00    0.00   32.00   17.00     3     22.00      0.00   60380   13852   0.17      0.00   1040.00    864.00       0  nginx
1791494961     33       731    6.00   10.00    0.00   18.00   16.00     0     34.00      0.00   59552   13060   0.16      0.00   1168.00   1128.00       0  nginx
1791494961     33       732   11.00   12.00    0.00   42.00   23.00     3     16.00      0.00   61608   15152   0.19      0.00   1416.00   1172.00       0  nginx
1791494961    112       737   78.00   23.00    0.00    2.00  101.00     0    642.00      0.00 2857204  527688   6.50      0.00  10124.00      0.00       0  mysqld
1791494961   1100       828   62.00   29.00    0.00   29.00   91.00     1   3845.00      0.00 2123972   22364   0.28      0.00      0.00      0.00       0  isupipe

# Time        UID       PID    %usr %system  %guest   %wait    %CPU   CPU  minflt/s  majflt/s     VSZ     RSS   %MEM   kB_rd/s   kB_wr/s kB_ccwr/s iodelay  Command
1791494962      0        13    0.00    0.00    0.00    0.00    0.00     0      0.00      0.00       0       0   0.00      0.00      0.00      0.00       0  ksoftirqd/0
1791494962      0        22    0.00    0.00    0.00    0.00    0.00     1      0.00      0.00       0       0   0.00      0.00      0.00      0.00       0  ksoftirqd/1
1791494962      0        28    0.00    0.00    0.00    0.00    0.00     2      0.00      0.00       0       0   0.00      0.00      0.00      0.00       0  ksoftirqd/2
1791494962      0        34    0.00    1.00    0.00    0.00    1.00     3      0.00      0.00       0       0   0.00      0.00      0.00      0.00       0  ksoftirqd/3
1791494962      0       344    0.00    2.00    0.00    0.00    2.00     2      0.00      0.00       0       0   0.00      0.00      8.00      0.00       0  jbd2/sda1-8
1791494962      0       418    0.00    0.00    0.00    0.00    0.00     1      0.00      1.00   48644   11540   0.14      0.00      4.00      0.00       0  systemd-journal
1791494962    104       664    0.00    0.00    0.00    0.00    0.00     1      0.00      0.00  222072    4484   0.06      0.00      0.00      0.00       0  rsyslogd
1791494962      0       728    0.00    0.00    0.00    0.00    0.00     0      0.00      0.00   56244    2480   0.03      0.00      0.00      0.00       0  nginx
1791494962     33       729    6.00    7.00    0.00   13.00   13.00     3     43.00      0.00   58996   12532   0.15      0.00    692.00    600.00       0  nginx
1791494962     33       730    7.00   12.00    0.00   36.00   19.00     3      0.00      0.00   60380   13852   0.17      0.00    884.00    632.00       0  nginx
1791494962     33       731    7.00   11.00    0.00   25.00   18.00     3     42.00      0.00   59692   13324   0.16      0.00   1192.00   1072.00       0  nginx
1791494962     33       732    8.00   15.00    0.00   42.00   23.00     3     61.00      0.00   61748   15416   0.19      0.00    876.00    668.00       0  nginx
1791494962    112       737   77.00   30.00    0.00    0.00  107.00     2   9445.00      0.00 2857204  564380   6.95      0.00  21476.00      0.00       0  mysqld
1791494962   1100       828   49.00   37.00    0.00   25.00   86.00     0   3515.00      0.00 2123972   22548   0.28      0.00      0.00      0.00       0  isupipe

# Time        UID       PID    %usr %system  %guest   %wait    %CPU   CPU  minflt/s  majflt/s     VSZ     RSS   %MEM   kB_rd/s   kB_wr/s kB_ccwr/s iodelay  Command
1791494963      0        13    0.00    0.00    0.00    0.00    0.00     0      0.00      0.00       0       0   0.00      0.00      0.00      0.00       0  ksoftirqd/0
1791494963      0        22    0.00    0.00    0.00    0.00    0.00     1      0.00      0.00       0       0   0.00      0.00      0.00      0.00       0  ksoftirqd/1
1791494963      0        28    0.00    0.00    0.00    0.00    0.00     2      0.00      0.00       0       0   0.00      0.00      0.00      0.00       0  ksoftirqd/2
1791494963      0        34    0.00    1.00    0.00    0.00    1.00     3      0.00      0.00       0       0   0.00      0.00      0.00      0.00       0  ksoftirqd/3
1791494963      0       344    0.00    1.00    0.00    0.00    1.00     0      0.00      0.00       0       0   0.00      0.00     28.00      0.00       0  jbd2/sda1-8
1791494963      0       418    0.00    0.00    0.00    0.00    0.00     3      0.00      2.00   48644   11540   0.14      0.00      8.00      0.00       0  systemd-journal
1791494963    104       664    0.00    0.00    0.00    0.00    0.00     1      0.00      0.00  222072    4484   0.06      0.00      0.00      0.00       0  rsyslogd
1791494963      0       728    0.00    0.00    0.00    0.00    0.00     0      0.00      0.00   56244    2480   0.03      0.00      0.00      0.00       0  nginx
1791494963     33       729    7.00    7.00    0.00   12.00   14.00     3     85.00      0.00   59408   13060   0.16      0.00    916.00    860.00       0  nginx
1791494963     33       730    8.00    9.00    0.00   35.00   17.00     3     35.00      0.00   60516   14116   0.17      0.00    684.00    520.00       0  nginx
1791494963     33       731    5.00   12.00    0.00   21.00   17.00     3     11.00      0.00   59692   13324   0.16      4.00    660.00    520.00       0  nginx
1791494963     33       732    8.00   14.00    0.00   42.00   22.00     3     10.00      0.00   61884   15416   0.19      0.00   1096.00    868.00       0  nginx
1791494963    112       737   78.00   27.00    0.00    1.00  105.00     0    647.00      0.00 2857204  567272   6.99      0.00  16332.00      0.00       0  mysqld
1791494963   1100       828   64.00   28.00    0.00   26.00   92.00     1   2801.00      0.00 2123972   22656   0.28      0.00      0.00      0.00       0  isupipe

# Time        UID       PID    %usr %system  %guest   %wait    %CPU   CPU  minflt/s  majflt/s     VSZ     RSS   %MEM   kB_rd/s   kB_wr/s kB_ccwr/s iodelay  Command
1791494964      0        13    0.00    0.00    0.00    0.00    0.00     0      0.00      0.00       0       0   0.00      0.00      0.00      0.00       0  ksoftirqd/0
1791494964      0        22    0.00    0.00    0.00    0.00    0.00     1      0.00      0.00       0       0   0.00      0.00      0.00      0.00       0  ksoftirqd/1
1791494964      0        28    1.00    0.00    0.00    0.00    1.00     2      0.00      0.00       0       0   0.00      0.00      0.00      0.00       0  ksoftirqd/2
1791494964      0        34    0.00    1.00    0.00    0.00    1.00     3      0.00      0.00       0       0   0.00      0.00      0.00      0.00       0  ksoftirqd/3
1791494964      0       344    0.00    0.00    0.00    0.00    0.00     1      0.00      0.00       0       0   0.00      0.00      0.00      0.00       0  jbd2/sda1-8
1791494964      0       418    0.00    0.00    0.00    0.00    0.00     3      0.00      0.00   48644   11540   0.14      0.00      0.00      0.00       0  systemd-journal
1791494964    104       664    0.00    0.00    0.00    0.00    0.00     1      0.00      0.00  222072    4484   0.06      0.00      0.00      0.00       0  rsyslogd
1791494964      0       728    0.00    0.00    0.00    0.00    0.00     0      0.00      0.00   56244    2480   0.03      0.00      0.00      0.00       0  nginx
1791494964     33       729    4.00   10.00    0.00   15.00   14.00     3     63.00      0.00   59688   13324   0.16      0.00    980.00    856.00       0  nginx
1791494964     33       730    7.00   11.00    0.00   28.00   18.00     3     23.00      0.00   60516   14116   0.17      0.00    704.00    560.00       0  nginx
1791494964     33       731    7.00   11.00    0.00   27.00   18.00     3      3.00      0.00   59692   13324   0.16      0.00    468.00    336.00       0  nginx
1791494964     33       732    8.00   15.00    0.00   41.00   23.00     3     60.00      0.00   62160   15680   0.19      0.00   1288.00   1100.00       0  nginx
1791494964    112       737   77.00   24.00    0.00    1.00  101.00     1    663.00      0.00 2857204  570116   7.02      0.00  13704.00      0.00       0  mysqld
1791494964   1100       828   59.00   35.00    0.00   23.00   94.00     2   3166.00      0.00 2124228   22852   0.28      0.00      0.00      0.00       0  isupipe

# Time        UID       PID    %usr %system  %guest   %wait    %CPU   CPU  minflt/s  majflt/s     VSZ     RSS   %MEM   kB_rd/s   kB_wr/s kB_ccwr/s iodelay  Command
1791494965      0        13    0.00    0.00    0.00    0.00    0.00     0      0.00      0.00       0       0   0.00      0.00      0.00      0.00       0  ksoftirqd/0
1791494965      0        22    0.00    0.00    0.00    0.00    0.00     1      0.00      0.00       0       0   0.00      0.00      0.00      0.00       0  ksoftirqd/1
1791494965      0        28    0.00    0.00    0.00    0.00    0.00     2      0.00      0.00       0       0   0.00      0.00      0.00      0.00       0  ksoftirqd/2
1791494965      0        34    0.00    1.00    0.00    0.00    1.00     3      0.00      0.00       0       0   0.00      0.00      0.00      0.00       0  ksoftirqd/3
1791494965      0       344    0.00    1.00    0.00    1.00    1.00     0      0.00      0.00       0       0   0.00      0.00      0.00      0.00       0  jbd2/sda1-8
1791494965      0       418    0.00    0.00    0.00    0.00    0.00     3      0.00      0.00   48644   11540   0.14      0.00      0.00      0.00       0  systemd-journal
1791494965    104       664    0.00    0.00    0.00    0.00    0.00     1      0.00      0.00  222072    4484   0.06      0.00      0.00      0.00       0  rsyslogd
1791494965      0       728    0.00    0.00    0.00    0.00    0.00     0      0.00      0.00   56244    2480   0.03      0.00      0.00      0.00       0  nginx
1791494965     33       729    6.00    6.00    0.00   10.00   12.00     0     38.00      0.00   59824   13324   0.16      0.00    800.00    728.00       0  nginx
1791494965     33       730    8.00   10.00    0.00   32.00   18.00     3     25.00      0.00   60652   14380   0.18      0.00    736.00    572.00       0  nginx
1791494965     33       731    5.00   12.00    0.00   20.00   17.00     3     62.00      0.00   59972   13588   0.17      0.00   1100.00    940.00       0  nginx
1791494965     33       732    9.00   14.00    0.00   40.00   23.00     3      0.00      0.00   62160   15680   0.19      0.00   1172.00    960.00       0  nginx
1791494965    112       737   70.00   30.00    0.00    1.00  100.00     1    643.00      0.00 2857204  572484   7.05      0.00  18688.00      0.00       0  mysqld
1791494965   1100       828   56.00   32.00    0.00   25.00   88.00     1   2516.00      0.00 2124228   22804   0.28      0.00      0.00      0.00       0  isupipe

# Time        UID       PID    %usr %system  %guest   %wait    %CPU   CPU  minflt/s  majflt/s     VSZ     RSS   %MEM   kB_rd/s   kB_wr/s kB_ccwr/s iodelay  Command
1791494966      0        13    0.00    0.00    0.00    0.00    0.00     0      0.00      0.00       0       0   0.00      0.00      0.00      0.00       0  ksoftirqd/0
1791494966      0        22    0.00    0.00    0.00    0.00    0.00     1      0.00      0.00       0       0   0.00      0.00      0.00      0.00       0  ksoftirqd/1
1791494966      0        28    0.00    0.00    0.00    0.00    0.00     2      0.00      0.00       0       0   0.00      0.00      0.00      0.00       0  ksoftirqd/2
1791494966      0        34    0.00    1.00    0.00    0.00    1.00     3      0.00      0.00       0       0   0.00      0.00      0.00      0.00       0  ksoftirqd/3
1791494966      0       344    0.00    1.00    0.00    0.00    1.00     2      0.00      0.00       0       0   0.00      0.00     96.00      0.00       0  jbd2/sda1-8
1791494966      0       418    0.00    0.00    0.00    0.00    0.00     3      0.00      0.00   48644   11540   0.14      0.00      0.00      0.00       0  systemd-journal
1791494966    104       664    0.00    0.00    0.00    0.00    0.00     1      0.00      0.00  222072    4484   0.06      0.00      0.00      0.00       0  rsyslogd
1791494966      0       728    0.00    0.00    0.00    0.00    0.00     0      0.00      0.00   56244    2480   0.03      0.00      0.00      0.00       0  nginx
1791494966     33       729    7.00    6.00    0.00   17.00   13.00     3     13.00      0.00   59824   13324   0.16      4.00    756.00    648.00       0  nginx
1791494966     33       730    7.00    9.00    0.00   23.00   16.00     3     35.00      0.00   60788   14380   0.18      0.00   1288.00   1156.00       0  nginx
1791494966     33       731    6.00    8.00    0.00   18.00   14.00     1      6.00      0.00   59972   13588   0.17      0.00    536.00    404.00       0  nginx
1791494966     33       732   11.00   13.00    0.00   36.00   24.00     0     98.00      0.00   62424   16208   0.20      0.00   1460.00   1216.00       0  nginx
1791494966    112       737   79.00   24.00    0.00    0.00  103.00     1    559.00      0.00 2857204  575108   7.08      0.00  12760.00      0.00       0  mysqld
1791494966   1100       828   59.00   32.00    0.00   25.00   91.00     2   3736.00      0.00 2124228   22496   0.28      0.00      0.00      0.00       0  isupipe

# Time        UID       PID    %usr %system  %guest   %wait    %CPU   CPU  minflt/s  majflt/s     VSZ     RSS   %MEM   kB_rd/s   kB_wr/s kB_ccwr/s iodelay  Command
1791494967      0        13    0.00    1.00    0.00    0.00    1.00     0      0.00      0.00       0       0   0.00      0.00      0.00      0.00       0  ksoftirqd/0
1791494967      0        22    0.00    1.00    0.00    0.00    1.00     1      0.00      0.00       0       0   0.00      0.00      0.00      0.00       0  ksoftirqd/1
1791494967      0        28    0.00    0.00    0.00    0.00    0.00     2      0.00      0.00       0       0   0.00      0.00      0.00      0.00       0  ksoftirqd/2
1791494967      0        34    0.00    1.00    0.00    1.00    1.00     3      0.00      0.00       0       0   0.00      0.00      0.00      0.00       0  ksoftirqd/3
1791494967      0       344    0.00    2.00    0.00    1.00    2.00     0      0.00      0.00       0       0   0.00      0.00     40.00      0.00       0  jbd2/sda1-8
1791494967      0       418    0.00    0.00    0.00    0.00    0.00     3      0.00      0.00   48644   11540   0.14      0.00      0.00      0.00       0  systemd-journal
1791494967    104       664    0.00    0.00    0.00    0.00    0.00     1      0.00      0.00  222072    4484   0.06      0.00      0.00      0.00       0  rsyslogd
1791494967      0       728    0.00    0.00    0.00    0.00    0.00     0      0.00      0.00   56244    2480   0.03      0.00      0.00      0.00       0  nginx
1791494967     33       729    4.00    8.00    0.00   13.00   12.00     0      0.00      0.00   59824   13324   0.16      0.00    444.00    356.00       0  nginx
1791494967     33       730    8.00   10.00    0.00   36.00   18.00     3     26.00      0.00   60920   14644   0.18      0.00    784.00    620.00       0  nginx
1791494967     33       731    6.00   10.00    0.00   19.00   16.00     3     45.00      0.00   60104   13852   0.17      0.00    520.00    412.00       0  nginx
1791494967     33       732   12.00   12.00    0.00   40.00   24.00     3     16.00      0.00   62564   16208   0.20      0.00   1740.00   1344.00       0  nginx
1791494967    112       737   72.00   29.00    0.00    1.00  101.00     2    583.00      0.00 2857204  577484   7.11      0.00  14100.00      0.00       0  mysqld
1791494967   1100       828   51.00   35.00    0.00   35.00   86.00     1   2367.00      0.00 2124228   24532   0.30      0.00      0.00      0.00       0  isupipe

# Time        UID       PID    %usr %system  %guest   %wait    %CPU   CPU  minflt/s  majflt/s     VSZ     RSS   %MEM   kB_rd/s   kB_wr/s kB_ccwr/s iodelay  Command
1791494968      0        13    0.00    0.00    0.00    0.00    0.00     0      0.00      0.00       0       0   0.00      0.00      0.00      0.00       0  ksoftirqd/0
1791494968      0        22    0.00    0.00    0.00    0.00    0.00     1      0.00      0.00       0       0   0.00      0.00      0.00      0.00       0  ksoftirqd/1
1791494968      0        28    0.00    0.00    0.00    0.00    0.00     2      0.00      0.00       0       0   0.00      0.00      0.00      0.00       0  ksoftirqd/2
1791494968      0        34    0.00    1.00    0.00    0.00    1.00     3      0.00      0.00       0       0   0.00      0.00      0.00      0.00       0  ksoftirqd/3
1791494968      0       344    0.00    1.00    0.00    0.00    1.00     0      0.00      0.00       0       0   0.00      0.00     16.00      0.00       0  jbd2/sda1-8
1791494968      0       418    0.00    0.00    0.00    0.00    0.00     3      0.00      0.00   48644   11540   0.14      0.00      0.00      0.00       0  systemd-journal
1791494968    104       664    0.00    0.00    0.00    0.00    0.00     1      0.00      0.00  222072    4484   0.06      0.00      0.00      0.00       0  rsyslogd
1791494968      0       728    0.00    0.00    0.00    0.00    0.00     0      0.00      0.00   56244    2480   0.03      0.00      0.00      0.00       0  nginx
1791494968     33       729    5.00    9.00    0.00   11.00   14.00     3     17.00      0.00   59968   13588   0.17      0.00    628.00    548.00       0  nginx
1791494968     33       730   10.00    9.00    0.00   27.00   19.00     2      4.00      0.00   60920   14644   0.18      0.00   1340.00   1172.00       0  nginx
1791494968     33       731    6.00   11.00    0.00   25.00   17.00     3     20.00      0.00   60244   13852   0.17      0.00    448.00    348.00       0  nginx
1791494968     33       732   11.00   14.00    0.00   36.00   25.00     3     83.00      0.00   62852   16472   0.20      0.00   1508.00   1484.00       0  nginx
1791494968    112       737   81.00   21.00    0.00    2.00  102.00     3    594.00      0.00 2857204  579592   7.14      0.00  14004.00      0.00       0  mysqld
1791494968   1100       828   54.00   37.00    0.00   18.00   91.00     3   2388.00      0.00 2124228   23468   0.29      0.00      0.00      0.00       0  isupipe

# Time        UID       PID    %usr %system  %guest   %wait    %CPU   CPU  minflt/s  majflt/s     VSZ     RSS   %MEM   kB_rd/s   kB_wr/s kB_ccwr/s iodelay  Command
1791494969      0        13    0.00    0.00    0.00    0.00    0.00     0      0.00      0.00       0       0   0.00      0.00      0.00      0.00       0  ksoftirqd/0
1791494969      0        22    0.00    0.00    0.00    0.00    0.00     1      0.00      0.00       0       0   0.00      0.00      0.00      0.00       0  ksoftirqd/1
1791494969      0        28    0.00    0.00    0.00    0.00    0.00     2      0.00      0.00       0       0   0.00      0.00      0.00      0.00       0  ksoftirqd/2
1791494969      0        34    0.00    0.00    0.00    0.00    0.00     3      0.00      0.00       0       0   0.00      0.00      0.00      0.00       0  ksoftirqd/3
1791494969      0       344    0.00    1.00    0.00    0.00    1.00     2      0.00      0.00       0       0   0.00      0.00      0.00      0.00       0  jbd2/sda1-8
1791494969      0       418    0.00    0.00    0.00    0.00    0.00     3      0.00      0.00   48644   11540   0.14      0.00      0.00      0.00       0  systemd-journal
1791494969    104       664    0.00    0.00    0.00    0.00    0.00     1      0.00      0.00  222072    4484   0.06      0.00      0.00      0.00       0  rsyslogd
1791494969      0       728    0.00    0.00    0.00    0.00    0.00     0      0.00      0.00   56244    2480   0.03      0.00      0.00      0.00       0  nginx
1791494969     33       729    5.00   10.00    0.00   20.00   15.00     3      0.00      0.00   59968   13588   0.17      0.00    336.00    220.00       0  nginx
1791494969     33       730    5.00   10.00    0.00   29.00   15.00     3     20.00      0.00   61052   14644   0.18      0.00   1232.00   1096.00       0  nginx
1791494969     33       731    6.00   10.00    0.00   21.00   16.00     3      0.00      0.00   60244   13852   0.17      0.00    660.00    504.00       0  nginx
1791494969     33       732    9.00   14.00    0.00   37.00   23.00     3     63.00      0.00   63124   16736   0.21      0.00   1556.00   1352.00       0  nginx
1791494969    112       737   81.00   22.00    0.00    0.00  103.00     2    632.00      0.00 2857204  581928   7.17      0.00  10572.00      0.00       0  mysqld
1791494969   1100       828   59.00   27.00    0.00   32.00   86.00     1   3465.00      0.00 2124228   23984   0.30      0.00      0.00      0.00       0  isupipe

# Time        UID       PID    %usr %system  %guest   %wait    %CPU   CPU  minflt/s  majflt/s     VSZ     RSS   %MEM   kB_rd/s   kB_wr/s kB_ccwr/s iodelay  Command
1791494970      0        13    0.00    0.00    0.00    0.00    0.00     0      0.00      0.00       0       0   0.00      0.00      0.00      0.00       0  ksoftirqd/0
1791494970      0        22    0.00    0.00    0.00    0.00    0.00     1      0.00      0.00       0       0   0.00      0.00      0.00      0.00       0  ksoftirqd/1
1791494970      0        28    0.00    0.00    0.00    0.00    0.00     2      0.00      0.00       0       0   0.00      0.00      0.00      0.00       0  ksoftirqd/2
1791494970      0        34    0.00    2.00    0.00    1.00    2.00     3      0.00      0.00       0       0   0.00      0.00      0.00      0.00       0  ksoftirqd/3
1791494970      0       344    0.00    1.00    0.00    0.00    1.00     3      0.00      0.00       0       0   0.00      0.00      0.00      0.00       0  jbd2/sda1-8
1791494970      0       418    0.00    0.00    0.00    0.00    0.00     3      0.00      0.00   48644   11540   0.14      0.00      0.00      0.00       0  systemd-journal
1791494970    104       664    0.00    0.00    0.00    0.00    0.00     1      0.00      0.00  222072    4484   0.06      0.00      0.00      0.00       0  rsyslogd
1791494970      0       728    0.00    0.00    0.00    0.00    0.00     0      0.00      0.00   56244    2480   0.03      0.00      0.00      0.00       0  nginx
1791494970     33       729    4.00    6.00    0.00    9.00   10.00     3      0.00      0.00   59968   13588   0.17      0.00    504.00    392.00       0  nginx
1791494970     33       730    8.00   11.00    0.00   25.00   19.00     2     62.00      0.00   61328   14908   0.18      0.00   1056.00    836.00       0  nginx
1791494970     33       731    4.00    9.00    0.00   18.00   13.00     3     20.00      0.00   60244   13852   0.17      0.00    712.00    588.00       0  nginx
1791494970     33       732   10.00   15.00    0.00   39.00   25.00     3     44.00      0.00   63256   17000   0.21      0.00   1328.00   1072.00       0  nginx
1791494970    112       737   86.00   21.00    0.00    1.00  107.00     3    607.00      0.00 2857204  584552   7.20      0.00  12772.00      0.00       0  mysqld
1791494970   1100       828   57.00   31.00    0.00   27.00   88.00     0   2534.00      0.00 2124228   23784   0.29      0.00      0.00      0.00       0  isupipe

# Time        UID       PID    %usr %system  %guest   %wait    %CPU   CPU  minflt/s  majflt/s     VSZ     RSS   %MEM   kB_rd/s   kB_wr/s kB_ccwr/s iodelay  Command
1791494971      0        13    0.00    0.00    0.00    0.00    0.00     0      0.00      0.00       0       0   0.00      0.00      0.00      0.00       0  ksoftirqd/0
1791494971      0        22    0.00    0.00    0.00    0.00    0.00     1      0.00      0.00       0       0   0.00      0.00      0.00      0.00       0  ksoftirqd/1
1791494971      0        28    0.00    0.00    0.00    0.00    0.00     2      0.00      0.00       0       0   0.00      0.00      0.00      0.00       0  ksoftirqd/2
1791494971      0        34    0.00    0.00    0.00    0.00    0.00     3      0.00      0.00       0       0   0.00      0.00      0.00      0.00       0  ksoftirqd/3
1791494971      0       344    0.00    0.00    0.00    1.00    0.00     0      0.00      0.00       0       0   0.00      0.00      4.00      0.00       0  jbd2/sda1-8
1791494971      0       418    0.00    0.00    0.00    0.00    0.00     3      1.00     25.00   48644   11576   0.14      0.00    100.00      0.00       0  systemd-journal
1791494971    104       664    0.00    0.00    0.00    0.00    0.00     1      0.00      0.00  222072    4484   0.06      0.00      4.00      0.00       0  rsyslogd
1791494971      0       728    0.00    0.00    0.00    0.00    0.00     0      0.00      0.00   56244    2480   0.03      0.00      0.00      0.00       0  nginx
1791494971     33       729    7.00   10.00    0.00   27.00   17.00     3      0.00      0.00   59968   13588   0.17      0.00    756.00    640.00       0  nginx
1791494971     33       730    9.00   10.00    0.00   38.00   19.00     1     64.00      0.00   61604   15172   0.19      0.00    860.00    812.00       0  nginx
1791494971     33       731    7.00   12.00    0.00   30.00   19.00     3     12.00      0.00   60376   13852   0.17      0.00    716.00    604.00       0  nginx
1791494971     33       732    7.00   13.00    0.00   42.00   20.00     3      0.00      0.00   63256   17000   0.21      0.00   1460.00   1252.00       0  nginx
1791494971    112       737   90.00   16.00    0.00    1.00  106.00     2    687.00      0.00 2857204  587592   7.24      0.00  13204.00      0.00       0  mysqld
1791494971   1100       828   56.00   34.00    0.00   27.00   90.00     0   3747.00      0.00 2124228   24444   0.30      0.00      0.00      0.00       0  isupipe

# Time        UID       PID    %usr %system  %guest   %wait    %CPU   CPU  minflt/s  majflt/s     VSZ     RSS   %MEM   kB_rd/s   kB_wr/s kB_ccwr/s iodelay  Command
1791494972      0        13    0.00    0.00    0.00    0.00    0.00     0      0.00      0.00       0       0   0.00      0.00      0.00      0.00       0  ksoftirqd/0
1791494972      0        22    0.00    0.00    0.00    0.00    0.00     1      0.00      0.00       0       0   0.00      0.00      0.00      0.00       0  ksoftirqd/1
1791494972      0        28    0.00    0.00    0.00    0.00    0.00     2      0.00      0.00       0       0   0.00      0.00      0.00      0.00       0  ksoftirqd/2
1791494972      0        34    0.00    1.00    0.00    0.00    1.00     3      0.00      0.00       0       0   0.00      0.00      0.00      0.00       0  ksoftirqd/3
1791494972      0       344    0.00    2.00    0.00    0.00    2.00     0      0.00      0.00       0       0   0.00      0.00      0.00      0.00       0  jbd2/sda1-8
1791494972      0       418    0.00    0.00    0.00    0.00    0.00     3      0.00      0.00   48644   11576   0.14      0.00      0.00      0.00       0  systemd-journal
1791494972    104       664    0.00    0.00    0.00    0.00    0.00     1      0.00      0.00  222072    4484   0.06      0.00      0.00      0.00       0  rsyslogd
1791494972      0       728    0.00    0.00    0.00    0.00    0.00     0      0.00      0.00   56244    2480   0.03      0.00      0.00      0.00       0  nginx
1791494972     33       729    4.00    9.00    0.00   10.00   13.00     3     30.00      0.00   60104   13588   0.17      0.00    680.00    576.00       0  nginx
1791494972     33       730    5.00   13.00    0.00   31.00   18.00     2     10.00      0.00   61604   15172   0.19      0.00    800.00    624.00       0  nginx
1791494972     33       731    6.00   12.00    0.00   19.00   18.00     3      9.00      0.00   60376   14116   0.17      0.00    692.00    544.00       0  nginx
1791494972     33       732   11.00   15.00    0.00   37.00   26.00     0      0.00      0.00   63256   17000   0.21      0.00   1452.00   1256.00       0  nginx
1791494972    112       737   76.00   27.00    0.00    0.00  103.00     2    599.00      0.00 2857204  589432   7.26      0.00  12152.00      0.00       0  mysqld
1791494972   1100       828   57.00   33.00    0.00   28.00   90.00     2   2757.00      0.00 2124228   24064   0.30      0.00      0.00      0.00       0  isupipe

# Time        UID       PID    %usr %system  %guest   %wait    %CPU   CPU  minflt/s  majflt/s     VSZ     RSS   %MEM   kB_rd/s   kB_wr/s kB_ccwr/s iodelay  Command
1791494973      0        13    0.00    0.00    0.00    0.00    0.00     0      0.00      0.00       0       0   0.00      0.00      0.00      0.00       0  ksoftirqd/0
1791494973      0        22    0.00    1.00    0.00    0.00    1.00     1      0.00      0.00       0       0   0.00      0.00      0.00      0.00       0  ksoftirqd/1
1791494973      0        28    0.00    0.00    0.00    0.00    0.00     2      0.00      0.00       0       0   0.00      0.00      0.00      0.00       0  ksoftirqd/2
1791494973      0        34    0.00    1.00    0.00    0.00    1.00     3      0.00      0.00       0       0   0.00      0.00      0.00      0.00       0  ksoftirqd/3
1791494973      0       344    0.00    1.00    0.00    0.00    1.00     0      0.00      0.00       0       0   0.00      0.00      4.00      0.00       0  jbd2/sda1-8
1791494973      0       418    0.00    0.00    0.00    0.00    0.00     3      0.00      0.00   48644   11576   0.14      0.00      0.00      0.00       0  systemd-journal
1791494973    104       664    0.00    0.00    0.00    0.00    0.00     1      0.00      0.00  222072    4484   0.06      0.00      0.00      0.00       0  rsyslogd
1791494973      0       728    0.00    0.00    0.00    0.00    0.00     0      0.00      0.00   56244    2480   0.03      0.00      0.00      0.00       0  nginx
1791494973     33       729    4.00   11.00    0.00   22.00   15.00     3      0.00      0.00   60104   13588   0.17      0.00    780.00    696.00       0  nginx
1791494973     33       730    7.00   11.00    0.00   31.00   18.00     3     61.00      0.00   61880   15436   0.19      0.00   1068.00    940.00       0  nginx
1791494973     33       731    3.00   12.00    0.00   28.00   15.00     3      0.00      0.00   60376   14116   0.17      0.00    488.00    356.00       0  nginx
1791494973     33       732   11.00   11.00    0.00   43.00   22.00     2      1.00      0.00   63256   17000   0.21      0.00    988.00    784.00       0  nginx
1791494973    112       737   77.00   27.00    0.00    1.00  104.00     2    473.00      0.00 2857204  591508   7.29      0.00  15844.00      0.00       0  mysqld
1791494973   1100       828   54.00   32.00    0.00   22.00   86.00     0   3916.00      0.00 2124228   23464   0.29      0.00      0.00      0.00       0  isupipe

# Time        UID       PID    %usr %system  %guest   %wait    %CPU   CPU  minflt/s  majflt/s     VSZ     RSS   %MEM   kB_rd/s   kB_wr/s kB_ccwr/s iodelay  Command
1791494974      0        13    0.00    1.00    0.00    0.00    1.00     0      0.00      0.00       0       0   0.00      0.00      0.00      0.00       0  ksoftirqd/0
1791494974      0        22    0.00    0.00    0.00    0.00    0.00     1      0.00      0.00       0       0   0.00      0.00      0.00      0.00       0  ksoftirqd/1
1791494974      0        28    1.00    0.00    0.00    0.00    1.00     2      0.00      0.00       0       0   0.00      0.00      0.00      0.00       0  ksoftirqd/2
1791494974      0        34    0.00    1.00    0.00    1.00    1.00     3      0.00      0.00       0       0   0.00      0.00      0.00      0.00       0  ksoftirqd/3
1791494974      0       344    0.00    1.00    0.00    1.00    1.00     1      0.00      0.00       0       0   0.00      0.00      4.00      0.00       0  jbd2/sda1-8
1791494974      0       418    0.00    0.00    0.00    0.00    0.00     0      1.00      5.00   48644   11576   0.14      0.00     20.00      0.00       0  systemd-journal
1791494974    104       664    0.00    0.00    0.00    0.00    0.00     1      0.00      0.00  222072    4484   0.06      0.00      0.00      0.00       0  rsyslogd
1791494974      0       728    0.00    0.00    0.00    0.00    0.00     0      0.00      0.00   56244    2480   0.03      0.00      0.00      0.00       0  nginx
1791494974     33       729    7.00    7.00    0.00   19.00   14.00     3      0.00      0.00   60104   13588   0.17      0.00    516.00    412.00       0  nginx
1791494974     33       730   10.00    9.00    0.00   32.00   19.00     3     34.00      0.00   62016   15436   0.19      0.00   1412.00   1260.00       0  nginx
1791494974     33       731    7.00    8.00    0.00   21.00   15.00     3      0.00      0.00   60376   14116   0.17      0.00    636.00    504.00       0  nginx
1791494974     33       732   11.00   13.00    0.00   38.00   24.00     3     37.00      0.00   63520   17000   0.21      0.00   1232.00   1036.00       0  nginx
1791494974    112       737   73.00   25.00    0.00    0.00   98.00     2    686.00      0.00 2857636  594676   7.32      0.00  18592.00      0.00       0  mysqld
1791494974   1100       828   60.00   31.00    0.00    4.00   91.00     0   3697.00      0.00 2124228   23084   0.28      0.00      0.00      0.00       0  isupipe

# Time        UID       PID    %usr %system  %guest   %wait    %CPU   CPU  minflt/s  majflt/s     VSZ     RSS   %MEM   kB_rd/s   kB_wr/s kB_ccwr/s iodelay  Command
1791494975      0        13    0.00    0.00    0.00    0.00    0.00     0      0.00      0.00       0       0   0.00      0.00      0.00      0.00       0  ksoftirqd/0
1791494975      0        22    0.00    0.00    0.00    0.00    0.00     1      0.00      0.00       0       0   0.00      0.00      0.00      0.00       0  ksoftirqd/1
1791494975      0        28    0.00    0.00    0.00    0.00    0.00     2      0.00      0.00       0       0   0.00      0.00      0.00      0.00       0  ksoftirqd/2
1791494975      0        34    0.00    1.00    0.00    0.00    1.00     3      0.00      0.00       0       0   0.00      0.00      0.00      0.00       0  ksoftirqd/3
1791494975      0       344    0.00    1.00    0.00    0.00    1.00     2      0.00      0.00       0       0   0.00      0.00      0.00      0.00       0  jbd2/sda1-8
1791494975      0       418    0.00    1.00    0.00    0.00    1.00     1      1.00     46.00   48644   11608   0.14    156.00    172.00      0.00       0  systemd-journal
1791494975    104       664    0.00    0.00    0.00    0.00    0.00     1      0.00      0.00  222072    4484   0.06      0.00     12.00      0.00       0  rsyslogd
1791494975      0       728    0.00    0.00    0.00    0.00    0.00     0      0.00      0.00   56244    2480   0.03      0.00      0.00      0.00       0  nginx
1791494975     33       729    3.00    9.00    0.00   13.00   12.00     3     18.00      0.00   60104   13588   0.17      0.00   1044.00    948.00       0  nginx
1791494975     33       730    9.00    9.00    0.00   29.00   18.00     0     17.00      0.00   62016   15700   0.19      0.00    768.00    620.00       0  nginx
1791494975     33       731    6.00    8.00    0.00   20.00   14.00     0      0.00      0.00   60376   14116   0.17      0.00    844.00    732.00       0  nginx
1791494975     33       732   14.00   11.00    0.00   36.00   25.00     1     46.00      0.00   63660   17264   0.21      0.00   1560.00   1328.00       0  nginx
1791494975    112       737   72.00   27.00    0.00    1.00   99.00     2    666.00      0.00 2857636  597308   7.36      0.00  12692.00      0.00       0  mysqld
1791494975   1100       828   59.00   33.00    0.00   25.00   92.00     3   4644.00      0.00 2124228   24072   0.30      0.00      0.00      0.00       0  isupipe

# Time        UID       PID    %usr %system  %guest   %wait    %CPU   CPU  minflt/s  majflt/s     VSZ     RSS   %MEM   kB_rd/s   kB_wr/s kB_ccwr/s iodelay  Command
1791494976      0        13    0.00    0.00    0.00    0.00    0.00     0      0.00      0.00       0       0   0.00      0.00      0.00      0.00       0  ksoftirqd/0
1791494976      0        22    0.00    0.00    0.00    0.00    0.00     1      0.00      0.00       0       0   0.00      0.00      0.00      0.00       0  ksoftirqd/1
1791494976      0        28    0.00    0.00    0.00    0.00    0.00     2      0.00      0.00       0       0   0.00      0.00      0.00      0.00       0  ksoftirqd/2
1791494976      0        34    0.00    1.00    0.00    0.00    1.00     3      0.00      0.00       0       0   0.00      0.00      0.00      0.00       0  ksoftirqd/3
1791494976      0       344    0.00    1.00    0.00    0.00    1.00     1      0.00      0.00       0       0   0.00      0.00     88.00      0.00       0  jbd2/sda1-8
1791494976      0       418    0.00    0.00    0.00    0.00    0.00     2      0.00     61.00   48644   11772   0.15      0.00    240.00      0.00       0  systemd-journal
1791494976    104       664    0.00    1.00    0.00    0.00    1.00     1      0.00      0.00  222072    4484   0.06      0.00     16.00      0.00       0  rsyslogd
1791494976      0       728    0.00    0.00    0.00    0.00    0.00     0      0.00      0.00   56244    2480   0.03      0.00      0.00      0.00       0  nginx
1791494976     33       729    5.00    6.00    0.00   10.00   11.00     3     35.00      0.00   60236   13852   0.17      0.00    448.00    380.00       0  nginx
1791494976     33       730    8.00    9.00    0.00   25.00   17.00     3     20.00      0.00   62156   15700   0.19      0.00    860.00    708.00       0  nginx
1791494976     33       731    7.00    8.00    0.00   16.00   15.00     3     49.00      0.00   60640   14116   0.17      0.00    852.00    740.00       0  nginx
1791494976     33       732   11.00   15.00    0.00   36.00   26.00     3    111.00      0.00   64072   17792   0.22      0.00   1312.00   1064.00       0  nginx
1791494976    112       737   70.00   31.00    0.00    0.00  101.00     2    541.00      0.00 2857636  599672   7.39      0.00  10672.00      0.00       0  mysqld
1791494976   1100       828   59.00   35.00    0.00   31.00   94.00     2   2752.00      0.00 2124228   25188   0.31      0.00      0.00      0.00       0  isupipe

# Time        UID       PID    %usr %system  %guest   %wait    %CPU   CPU  minflt/s  majflt/s     VSZ     RSS   %MEM   kB_rd/s   kB_wr/s kB_ccwr/s iodelay  Command
1791494977      0        13    0.00    0.00    0.00    0.00    0.00     0      0.00      0.00       0       0   0.00      0.00      0.00      0.00       0  ksoftirqd/0
1791494977      0        22    0.00    0.00    0.00    0.00    0.00     1      0.00      0.00       0       0   0.00      0.00      0.00      0.00       0  ksoftirqd/1
1791494977      0        28    0.00    0.00    0.00    0.00    0.00     2      0.00      0.00       0       0   0.00      0.00      0.00      0.00       0  ksoftirqd/2
1791494977      0        34    0.00    1.00    0.00    0.00    1.00     3      0.00      0.00       0       0   0.00      0.00      0.00      0.00       0  ksoftirqd/3
1791494977      0       344    0.00    1.00    0.00    0.00    1.00     0      0.00      0.00       0       0   0.00      0.00     12.00      0.00       0  jbd2/sda1-8
1791494977      0       418    1.00    0.00    0.00    0.00    1.00     2      1.00     37.00   48644   11844   0.15     84.00    144.00      0.00       0  systemd-journal
1791494977    104       664    0.00    0.00    0.00    0.00    0.00     1      1.00      0.00  222072    4484   0.06      0.00      8.00      0.00       0  rsyslogd
1791494977      0       728    0.00    0.00    0.00    0.00    0.00     0      0.00      0.00   56244    2480   0.03      0.00      0.00      0.00       0  nginx
1791494977     33       729    6.00    6.00    0.00   14.00   12.00     3      3.00      0.00   60236   13852   0.17      0.00   1064.00    976.00       0  nginx
1791494977     33       730    9.00    9.00    0.00   29.00   18.00     1     20.00      0.00   62156   15700   0.19      0.00    632.00    500.00       0  nginx
1791494977     33       731   10.00    7.00    0.00   19.00   17.00     3     26.00      0.00   60640   14380   0.18      0.00    920.00    820.00       0  nginx
1791494977     33       732   13.00   12.00    0.00   36.00   25.00     3     98.00      0.00   64472   18056   0.22      0.00   1256.00   1024.00       0  nginx
1791494977    112       737   66.00   30.00    0.00    1.00   96.00     3    690.00      0.00 2857636  602044   7.42      0.00  15344.00      0.00       0  mysqld
1791494977   1100       828   60.00   30.00    0.00   27.00   90.00     1   3657.00      0.00 2124228   24308   0.30      0.00      0.00      0.00       0  isupipe

# Time        UID       PID    %usr %system  %guest   %wait    %CPU   CPU  minflt/s  majflt/s     VSZ     RSS   %MEM   kB_rd/s   kB_wr/s kB_ccwr/s iodelay  Command
1791494978      0        13    0.00    0.00    0.00    0.00    0.00     0      0.00      0.00       0       0   0.00      0.00      0.00      0.00       0  ksoftirqd/0
1791494978      0        22    0.00    0.00    0.00    0.00    0.00     1      0.00      0.00       0       0   0.00      0.00      0.00      0.00       0  ksoftirqd/1
1791494978      0        28    0.00    0.00    0.00    0.00    0.00     2      0.00      0.00       0       0   0.00      0.00      0.00      0.00       0  ksoftirqd/2
1791494978      0        34    0.00    1.00    0.00    0.00    1.00     3      0.00      0.00       0       0   0.00      0.00      0.00      0.00       0  ksoftirqd/3
1791494978      0       344    0.00    1.00    0.00    1.00    1.00     2      0.00      0.00       0       0   0.00      0.00      4.00      0.00       0  jbd2/sda1-8
1791494978      0       418    1.00    0.00    0.00    0.00    1.00     2      0.00     53.00   48644   11912   0.15      0.00    204.00      0.00       0  systemd-journal
1791494978    104       664    0.00    0.00    0.00    0.00    0.00     1      0.00      0.00  222072    4484   0.06      0.00     20.00      0.00       0  rsyslogd
1791494978      0       728    0.00    0.00    0.00    0.00    0.00     0      0.00      0.00   56244    2480   0.03      0.00      0.00      0.00       0  nginx
1791494978     33       729    4.00    7.00    0.00    8.00   11.00     3     14.00      0.00   60368   13852   0.17      0.00    416.00    348.00       0  nginx
1791494978     33       730    8.00   12.00    0.00   30.00   20.00     3     28.00      0.00   62288   15964   0.20      0.00   1088.00    916.00       0  nginx
1791494978     33       731    6.00    9.00    0.00   19.00   15.00     3     77.00      0.00   61060   14644   0.18      0.00    308.00    200.00       0  nginx
1791494978     33       732   11.00   13.00    0.00   38.00   24.00     3     26.00      0.00   64612   18320   0.23      0.00   2024.00   1796.00       0  nginx
1791494978    112       737   68.00   28.00    0.00    2.00   96.00     1    260.00      0.00 2857636  602748   7.42      0.00  13844.00      0.00       0  mysqld
1791494978   1100       828   57.00   38.00    0.00   30.00   95.00     2   4285.00      0.00 2124228   24368   0.30      0.00      0.00      0.00       0  isupipe

# Time        UID       PID    %usr %system  %guest   %wait    %CPU   CPU  minflt/s  majflt/s     VSZ     RSS   %MEM   kB_rd/s   kB_wr/s kB_ccwr/s iodelay  Command
1791494979      0        13    0.00    0.00    0.00    0.00    0.00     0      0.00      0.00       0       0   0.00      0.00      0.00      0.00       0  ksoftirqd/0
1791494979      0        22    0.00    0.00    0.00    0.00    0.00     1      0.00      0.00       0       0   0.00      0.00      0.00      0.00       0  ksoftirqd/1
1791494979      0        28    0.00    0.00    0.00    0.00    0.00     2      0.00      0.00       0       0   0.00      0.00      0.00      0.00       0  ksoftirqd/2
1791494979      0        34    0.00    1.00    0.00    0.00    1.00     3      0.00      0.00       0       0   0.00      0.00      0.00      0.00       0  ksoftirqd/3
1791494979      0       344    0.00    1.00    0.00    0.00    1.00     1      0.00      0.00       0       0   0.00      0.00      0.00      0.00       0  jbd2/sda1-8
1791494979      0       418    1.00    0.00    0.00    0.00    1.00     2      1.00     69.00   48644   12056   0.15     72.00    272.00      0.00       0  systemd-journal
1791494979    104       664    0.00    0.00    0.00    0.00    0.00     1      0.00      0.00  222072    4484   0.06      0.00     28.00      0.00       0  rsyslogd
1791494979      0       728    0.00    0.00    0.00    0.00    0.00     0      0.00      0.00   56244    2480   0.03      0.00      0.00      0.00       0  nginx
1791494979     33       729    7.00    7.00    0.00   21.00   14.00     3     10.00      0.00   60368   13852   0.17      0.00    492.00    396.00       0  nginx
1791494979     33       730    8.00   10.00    0.00   32.00   18.00     3     45.00      0.00   62424   15964   0.20      0.00   1360.00   1172.00       0  nginx
1791494979     33       731    9.00    8.00    0.00   28.00   17.00     3     47.00      0.00   61200   14908   0.18      0.00    880.00    764.00       0  nginx
1791494979     33       732   12.00   11.00    0.00   41.00   23.00     3     58.00      0.00   64744   18584   0.23      0.00   1460.00   1264.00       0  nginx
1791494979    112       737   66.00   27.00    0.00    1.00   93.00     2    208.00      0.00 2857636  604068   7.44      0.00  17408.00      0.00       0  mysqld
1791494979   1100       828   59.00   33.00    0.00   34.00   92.00     2   4688.00      0.00 2124228   24084   0.30      0.00      0.00      0.00       0  isupipe

# Time        UID       PID    %usr %system  %guest   %wait    %CPU   CPU  minflt/s  majflt/s     VSZ     RSS   %MEM   kB_rd/s   kB_wr/s kB_ccwr/s iodelay  Command
1791494980      0        13    0.00    0.00    0.00    0.00    0.00     0      0.00      0.00       0       0   0.00      0.00      0.00      0.00       0  ksoftirqd/0
1791494980      0        22    0.00    1.00    0.00    0.00    1.00     1      0.00      0.00       0       0   0.00      0.00      0.00      0.00       0  ksoftirqd/1
1791494980      0        28    0.00    0.00    0.00    0.00    0.00     2      0.00      0.00       0       0   0.00      0.00      0.00      0.00       0  ksoftirqd/2
1791494980      0        34    0.00    0.00    0.00    0.00    0.00     3      0.00      0.00       0       0   0.00      0.00      0.00      0.00       0  ksoftirqd/3
1791494980      0       344    0.00    1.00    0.00    0.00    1.00     2      0.00      0.00       0       0   0.00      0.00      8.00      0.00       0  jbd2/sda1-8
1791494980      0       418    0.00    1.00    0.00    1.00    1.00     2      1.00     61.00   48644   12444   0.15    316.00    228.00      0.00       0  systemd-journal
1791494980    104       664    0.00    0.00    0.00    0.00    0.00     1      0.00      0.00  222072    4484   0.06      0.00     32.00      0.00       0  rsyslogd
1791494980      0       728    0.00    0.00    0.00    0.00    0.00     0      0.00      0.00   56244    2480   0.03      0.00      0.00      0.00       0  nginx
1791494980     33       729    6.00    9.00    0.00   21.00   15.00     0      6.00      0.00   60368   13852   0.17      0.00    716.00    612.00       0  nginx
1791494980     33       730    7.00   11.00    0.00   33.00   18.00     0     46.00      0.00   62688   16228   0.20      0.00    812.00    676.00       0  nginx
1791494980     33       731    8.00    8.00    0.00   21.00   16.00     3     59.00      0.00   61476   14908   0.18      0.00   1348.00   1224.00       0  nginx
1791494980     33       732   11.00   13.00    0.00   41.00   24.00     0      0.00      0.00   64744   18584   0.23      0.00   1292.00   1048.00       0  nginx
1791494980    112       737   65.00   26.00    0.00    0.00   91.00     0    140.00      0.00 2858728  604576   7.45      0.00  11072.00      0.00       0  mysqld
1791494980   1100       828   55.00   35.00    0.00   18.00   90.00     0   2713.00      0.00 2124228   24160   0.30      0.00      0.00      0.00       0  isupipe

# Time        UID       PID    %usr %system  %guest   %wait    %CPU   CPU  minflt/s  majflt/s     VSZ     RSS   %MEM   kB_rd/s   kB_wr/s kB_ccwr/s iodelay  Command
1791494981      0        13    0.00    1.00    0.00    0.00    1.00     0      0.00      0.00       0       0   0.00      0.00      0.00      0.00       0  ksoftirqd/0
1791494981      0        22    0.00    0.00    0.00    0.00    0.00     1      0.00      0.00       0       0   0.00      0.00      0.00      0.00       0  ksoftirqd/1
1791494981      0        28    1.00    0.00    0.00    0.00    1.00     2      0.00      0.00       0       0   0.00      0.00      0.00      0.00       0  ksoftirqd/2
1791494981      0        34    0.00    1.00    0.00    0.00    1.00     3      0.00      0.00       0       0   0.00      0.00      0.00      0.00       0  ksoftirqd/3
1791494981      0       344    0.00    1.00    0.00    0.00    1.00     3      0.00      0.00       0       0   0.00      0.00     84.00      0.00       0  jbd2/sda1-8
1791494981      0       418    2.00    0.00    0.00    1.00    2.00     3      1.00    109.00   48644   12868   0.16    348.00    424.00      0.00       0  systemd-journal
1791494981    104       664    0.00    1.00    0.00    0.00    1.00     1      0.00      0.00  222072    4484   0.06      0.00     32.00      0.00       0  rsyslogd
1791494981      0       728    0.00    0.00    0.00    0.00    0.00     0      0.00      0.00   56244    2480   0.03      0.00      0.00      0.00       0  nginx
1791494981     33       729    6.00   11.00    0.00   21.00   17.00     0      5.00      0.00   60368   13852   0.17      0.00    404.00    276.00       0  nginx
1791494981     33       730    6.00   12.00    0.00   34.00   18.00     3      0.00      0.00   62688   16228   0.20      0.00   1032.00    880.00       0  nginx
1791494981     33       731    8.00   10.00    0.00   29.00   18.00     2     49.00      0.00   61620   15172   0.19      0.00   1228.00   1104.00       0  nginx
1791494981     33       732   10.00   12.00    0.00   43.00   22.00     1     24.00      0.00   64884   18584   0.23      0.00   1388.00   1200.00       0  nginx
1791494981    112       737   69.00   19.00    0.00    0.00   88.00     0    130.00      0.00 2858728  605360   7.46      0.00  15180.00      0.00       0  mysqld
1791494981   1100       828   59.00   32.00    0.00   30.00   91.00     1   3188.00      0.00 2124228   23528   0.29      0.00      0.00      0.00       0  isupipe

# Time        UID       PID    %usr %system  %guest   %wait    %CPU   CPU  minflt/s  majflt/s     VSZ     RSS   %MEM   kB_rd/s   kB_wr/s kB_ccwr/s iodelay  Command
1791494982      0        13    0.00    0.00    0.00    0.00    0.00     0      0.00      0.00       0       0   0.00      0.00      0.00      0.00       0  ksoftirqd/0
1791494982      0        22    0.00    0.00    0.00    0.00    0.00     1      0.00      0.00       0       0   0.00      0.00      0.00      0.00       0  ksoftirqd/1
1791494982      0        28    0.00    0.00    0.00    0.00    0.00     2      0.00      0.00       0       0   0.00      0.00      0.00      0.00       0  ksoftirqd/2
1791494982      0        34    0.00    1.00    0.00    0.00    1.00     3      0.00      0.00       0       0   0.00      0.00      0.00      0.00       0  ksoftirqd/3
1791494982      0       344    0.00    1.00    0.00    0.00    1.00     0      0.00      0.00       0       0   0.00      0.00     24.00      0.00       0  jbd2/sda1-8
1791494982      0       418    1.00    1.00    0.00    1.00    2.00     0      2.00     88.00   48644   13056   0.16     76.00    348.00      0.00       0  systemd-journal
1791494982    104       664    1.00    0.00    0.00    0.00    1.00     1      0.00      0.00  222072    4484   0.06      0.00     28.00      0.00       0  rsyslogd
1791494982      0       728    0.00    0.00    0.00    0.00    0.00     0      0.00      0.00   56244    2480   0.03      0.00      0.00      0.00       0  nginx
1791494982     33       729    6.00    7.00    0.00   13.00   13.00     0     19.00      0.00   60504   14116   0.17      0.00    344.00    248.00       0  nginx
1791494982     33       730    8.00   11.00    0.00   31.00   19.00     3     29.00      0.00   62828   16492   0.20      0.00   1316.00   1168.00       0  nginx
1791494982     33       731    7.00    8.00    0.00   17.00   15.00     3     22.00      0.00   61756   15436   0.19      0.00    672.00    544.00       0  nginx
1791494982     33       732   11.00   14.00    0.00   39.00   25.00     3      1.00      0.00   64884   18584   0.23      0.00   1608.00   1392.00       0  nginx
1791494982    112       737   63.00   25.00    0.00    1.00   88.00     1      4.00      0.00 2858728  605360   7.46      0.00  11180.00      0.00       0  mysqld
1791494982   1100       828   59.00   35.00    0.00   38.00   94.00     1   4313.00      0.00 2124228   24228   0.30      0.00      0.00      0.00       0  isupipe

# Time        UID       PID    %usr %system  %guest   %wait    %CPU   CPU  minflt/s  majflt/s     VSZ     RSS   %MEM   kB_rd/s   kB_wr/s kB_ccwr/s iodelay  Command
1791494983      0        13    0.00    0.00    0.00    0.00    0.00     0      0.00      0.00       0       0   0.00      0.00      0.00      0.00       0  ksoftirqd/0
1791494983      0        22    0.00    0.00    0.00    0.00    0.00     1      0.00      0.00       0       0   0.00      0.00      0.00      0.00       0  ksoftirqd/1
1791494983      0        28    0.00    0.00    0.00    0.00    0.00     2      0.00      0.00       0       0   0.00      0.00      0.00      0.00       0  ksoftirqd/2
1791494983      0        34    0.00    1.00    0.00    0.00    1.00     3      0.00      0.00       0       0   0.00      0.00      0.00      0.00       0  ksoftirqd/3
1791494983      0       344    0.00    2.00    0.00    1.00    2.00     2      0.00      0.00       0       0   0.00      0.00     16.00      0.00       0  jbd2/sda1-8
1791494983      0       418    1.00    0.00    0.00    0.00    1.00     2      0.00     61.00   48644   13244   0.16    128.00    240.00      0.00       0  systemd-journal
1791494983    104       664    1.00    0.00    0.00    0.00    1.00     1      1.00      0.00  222072    4484   0.06      0.00     28.00      0.00       0  rsyslogd
1791494983      0       728    0.00    0.00    0.00    0.00    0.00     0      0.00      0.00   56244    2480   0.03      0.00      0.00      0.00       0  nginx
1791494983     33       729    6.00    8.00    0.00   14.00   14.00     0     79.00      0.00   60784   14380   0.18      0.00    472.00    400.00       0  nginx
1791494983     33       730    7.00   10.00    0.00   29.00   17.00     1      6.00      0.00   62828   16492   0.20      0.00    832.00    696.00       0  nginx
1791494983     33       731    5.00   12.00    0.00   29.00   17.00     1     27.00      0.00   61900   15436   0.19      0.00   1236.00   1132.00       0  nginx
1791494983     33       732   10.00   13.00    0.00   44.00   23.00     3      0.00      0.00   64884   18584   0.23      0.00   1636.00   1420.00       0  nginx
1791494983    112       737   66.00   27.00    0.00    1.00   93.00     3    219.00      0.00 2858728  606064   7.47      0.00  24792.00      0.00       0  mysqld
1791494983   1100       828   54.00   36.00    0.00   31.00   90.00     1   2863.00      0.00 2124228   25340   0.31      0.00      0.00      0.00       0  isupipe

# Time        UID       PID    %usr %system  %guest   %wait    %CPU   CPU  minflt/s  majflt/s     VSZ     RSS   %MEM   kB_rd/s   kB_wr/s kB_ccwr/s iodelay  Command
1791494984      0        13    0.00    0.00    0.00    0.00    0.00     0      0.00      0.00       0       0   0.00      0.00      0.00      0.00       0  ksoftirqd/0
1791494984      0        22    0.00    0.00    0.00    0.00    0.00     1      0.00      0.00       0       0   0.00      0.00      0.00      0.00       0  ksoftirqd/1
1791494984      0        28    0.00    0.00    0.00    0.00    0.00     2      0.00      0.00       0       0   0.00      0.00      0.00      0.00       0  ksoftirqd/2
1791494984      0        34    0.00    1.00    0.00    0.00    1.00     3      0.00      0.00       0       0   0.00      0.00      0.00      0.00       0  ksoftirqd/3
1791494984      0       344    0.00    0.00    0.00    0.00    0.00     1      0.00      0.00       0       0   0.00      0.00      4.00      0.00       0  jbd2/sda1-8
1791494984      0       418    1.00    0.00    0.00    0.00    1.00     2      1.00     44.00   48644   13300   0.16      0.00    176.00      0.00       0  systemd-journal
1791494984    104       664    0.00    0.00    0.00    0.00    0.00     1      0.00      0.00  222072    4484   0.06      0.00     28.00      0.00       0  rsyslogd
1791494984      0       728    0.00    0.00    0.00    0.00    0.00     0      0.00      0.00   56244    2480   0.03      0.00      0.00      0.00       0  nginx
1791494984     33       729    5.00    9.00    0.00   18.00   14.00     1     38.00      0.00   60916   14380   0.18      0.00    472.00    360.00       0  nginx
1791494984     33       730    9.00   10.00    0.00   30.00   19.00     2     57.00      0.00   62964   16756   0.21      0.00    900.00    752.00       0  nginx
1791494984     33       731    8.00    8.00    0.00   19.00   16.00     3      2.00      0.00   61900   15436   0.19      0.00    900.00    768.00       0  nginx
1791494984     33       732   10.00   12.00    0.00   36.00   22.00     3      0.00      0.00   64884   18584   0.23      0.00   1880.00   1680.00       0  nginx
1791494984    112       737   71.00   23.00    0.00    1.00   94.00     2      4.00      0.00 2858728  606064   7.47      0.00  11252.00      0.00       0  mysqld
1791494984   1100       828   61.00   33.00    0.00   29.00   94.00     1   4536.00      0.00 2124228   23936   0.29      0.00      0.00      0.00       0  isupipe

# Time        UID       PID    %usr %system  %guest   %wait    %CPU   CPU  minflt/s  majflt/s     VSZ     RSS   %MEM   kB_rd/s   kB_wr/s kB_ccwr/s iodelay  Command
1791494985      0        13    0.00    0.00    0.00    0.00    0.00     0      0.00      0.00       0       0   0.00      0.00      0.00      0.00       0  ksoftirqd/0
1791494985      0        22    0.00    0.00    0.00    0.00    0.00     1      0.00      0.00       0       0   0.00      0.00      0.00      0.00       0  ksoftirqd/1
1791494985      0        28    0.00    0.00    0.00    0.00    0.00     2      0.00      0.00       0       0   0.00      0.00      0.00      0.00       0  ksoftirqd/2
1791494985      0        34    0.00    1.00    0.00    0.00    1.00     3      0.00      0.00       0       0   0.00      0.00      0.00      0.00       0  ksoftirqd/3
1791494985      0       344    0.00    1.00    0.00    0.00    1.00     2      0.00      0.00       0       0   0.00      0.00      0.00      0.00       0  jbd2/sda1-8
1791494985      0       418    0.00    1.00    0.00    1.00    1.00     0      1.00     49.00   48644   13604   0.17    172.00    188.00      0.00       0  systemd-journal
1791494985    104       664    1.00    0.00    0.00    0.00    1.00     1      0.00      0.00  222072    4484   0.06      0.00     32.00      0.00       0  rsyslogd
1791494985      0       728    0.00    0.00    0.00    0.00    0.00     0      0.00      0.00   56244    2480   0.03      0.00      0.00      0.00       0  nginx
1791494985     33       729    5.00   11.00    0.00   16.00   16.00     3     49.00      0.00   61180   14644   0.18      0.00   1048.00    916.00       0  nginx
1791494985     33       730    6.00   12.00    0.00   33.00   18.00     3      5.00      0.00   63104   16756   0.21      0.00   1076.00    824.00       0  nginx
1791494985     33       731    8.00    9.00    0.00   26.00   17.00     3     15.00      0.00   61900   15436   0.19      0.00    552.00    448.00       0  nginx
1791494985     33       732   10.00   12.00    0.00   39.00   22.00     3     80.00      0.00   65156   18848   0.23      0.00   1488.00   1316.00       0  nginx
1791494985    112       737   67.00   23.00    0.00    0.00   90.00     2      3.00      0.00 2858728  606064   7.47      0.00  15604.00      0.00       0  mysqld
1791494985   1100       828   66.00   28.00    0.00    3.00   94.00     1   3449.00      0.00 2124228   24912   0.31      0.00      0.00      0.00       0  isupipe

# Time        UID       PID    %usr %system  %guest   %wait    %CPU   CPU  minflt/s  majflt/s     VSZ     RSS   %MEM   kB_rd/s   kB_wr/s kB_ccwr/s iodelay  Command
1791494986      0        13    0.00    0.00    0.00    0.00    0.00     0      0.00      0.00       0       0   0.00      0.00      0.00      0.00       0  ksoftirqd/0
1791494986      0        22    0.00    1.00    0.00    0.00    1.00     1      0.00      0.00       0       0   0.00      0.00      0.00      0.00       0  ksoftirqd/1
1791494986      0        28    0.00    0.00    0.00    0.00    0.00     2      0.00      0.00       0       0   0.00      0.00      0.00      0.00       0  ksoftirqd/2
1791494986      0        34    0.00    1.00    0.00    0.00    1.00     3      0.00      0.00       0       0   0.00      0.00      0.00      0.00       0  ksoftirqd/3
1791494986      0       344    0.00    1.00    0.00    0.00    1.00     2      0.00      0.00       0       0   0.00      0.00     52.00      0.00       0  jbd2/sda1-8
1791494986      0       418    1.00    1.00    0.00    0.00    2.00     1      1.00     35.00   48644   13772   0.17     96.00    136.00      0.00       0  systemd-journal
1791494986    104       664    0.00    0.00    0.00    0.00    0.00     1      0.00      0.00  222072    4484   0.06      0.00     28.00      0.00       0  rsyslogd
1791494986      0       728    0.00    0.00    0.00    0.00    0.00     0      0.00      0.00   56244    2480   0.03      0.00      0.00      0.00       0  nginx
1791494986     33       729    4.00   11.00    0.00   23.00   15.00     3     32.00      0.00   61312   14908   0.18      0.00    508.00    416.00       0  nginx
1791494986     33       730    7.00   11.00    0.00   31.00   18.00     3     27.00      0.00   63104   16756   0.21      0.00    860.00    796.00       0  nginx
1791494986     33       731    5.00   10.00    0.00   26.00   15.00     3     11.00      0.00   61900   15436   0.19      0.00    732.00    592.00       0  nginx
1791494986     33       732    9.00   12.00    0.00   31.00   21.00     3     38.00      0.00   65424   19112   0.24      0.00   1416.00   1256.00       0  nginx
1791494986    112       737   72.00   25.00    0.00    0.00   97.00     1     46.00      0.00 2858728  606064   7.47      0.00  15084.00      0.00       0  mysqld
1791494986   1100       828   63.00   30.00    0.00   29.00   93.00     2   3195.00      0.00 2124228   25612   0.32      0.00      0.00      0.00       0  isupipe

# Time        UID       PID    %usr %system  %guest   %wait    %CPU   CPU  minflt/s  majflt/s     VSZ     RSS   %MEM   kB_rd/s   kB_wr/s kB_ccwr/s iodelay  Command
1791494987      0        13    0.00    1.00    0.00    0.00    1.00     0      0.00      0.00       0       0   0.00      0.00      0.00      0.00       0  ksoftirqd/0
1791494987      0        22    0.00    0.00    0.00    0.00    0.00     1      0.00      0.00       0       0   0.00      0.00      0.00      0.00       0  ksoftirqd/1
1791494987      0        28    0.00    0.00    0.00    0.00    0.00     2      0.00      0.00       0       0   0.00      0.00      0.00      0.00       0  ksoftirqd/2
1791494987      0        34    0.00    1.00    0.00    0.00    1.00     3      0.00      0.00       0       0   0.00      0.00      0.00      0.00       0  ksoftirqd/3
1791494987      0       344    0.00    1.00    0.00    1.00    1.00     0      0.00      0.00       0       0   0.00      0.00     28.00      0.00       0  jbd2/sda1-8
1791494987      0       418    1.00    0.00    0.00    0.00    1.00     2      1.00     31.00   48644   13984   0.17     52.00    120.00      0.00       0  systemd-journal
1791494987    104       664    0.00    1.00    0.00    0.00    1.00     1      0.00      0.00  222072    4484   0.06      0.00     28.00      0.00       0  rsyslogd
1791494987      0       728    0.00    0.00    0.00    0.00    0.00     0      0.00      0.00   56244    2480   0.03      0.00      0.00      0.00       0  nginx
1791494987     33       729    2.00    8.00    0.00   10.00   10.00     3      0.00      0.00   61312   14908   0.18      0.00    480.00    280.00       0  nginx
1791494987     33       730    8.00   11.00    0.00   34.00   19.00     3      8.00      0.00   63240   16756   0.21      0.00   1448.00   1288.00       0  nginx
1791494987     33       731    8.00   10.00    0.00   15.00   18.00     3      0.00      0.00   61900   15436   0.19      0.00   1060.00    940.00       0  nginx
1791494987     33       732   13.00   13.00    0.00   39.00   26.00     3     88.00      0.00   65712   19376   0.24      0.00   1140.00    944.00       0  nginx
1791494987    112       737   68.00   28.00    0.00    1.00   96.00     3      4.00      0.00 2858728  606064   7.47      0.00  11544.00      0.00       0  mysqld
1791494987   1100       828   60.00   34.00    0.00   18.00   94.00     1   3057.00      0.00 2124228   27676   0.34      0.00      0.00      0.00       0  isupipe

# Time        UID       PID    %usr %system  %guest   %wait    %CPU   CPU  minflt/s  majflt/s     VSZ     RSS   %MEM   kB_rd/s   kB_wr/s kB_ccwr/s iodelay  Command
1791494988      0        13    0.00    0.00    0.00    0.00    0.00     0      0.00      0.00       0       0   0.00      0.00      0.00      0.00       0  ksoftirqd/0
1791494988      0        22    0.00    0.00    0.00    0.00    0.00     1      0.00      0.00       0       0   0.00      0.00      0.00      0.00       0  ksoftirqd/1
1791494988      0        28    1.00    0.00    0.00    0.00    1.00     2      0.00      0.00       0       0   0.00      0.00      0.00      0.00       0  ksoftirqd/2
1791494988      0        34    0.00    1.00    0.00    1.00    1.00     3      0.00      0.00       0       0   0.00      0.00      0.00      0.00       0  ksoftirqd/3
1791494988      0       344    0.00    1.00    0.00    0.00    1.00     1      0.00      0.00       0       0   0.00      0.00      0.00      0.00       0  jbd2/sda1-8
1791494988      0       418    1.00    0.00    0.00    1.00    1.00     3      1.00     33.00   48644   14124   0.17     32.00    128.00      0.00       0  systemd-journal
1791494988    104       664    0.00    0.00    0.00    0.00    0.00     1      0.00      0.00  222072    4484   0.06      0.00     24.00      0.00       0  rsyslogd
1791494988      0       728    0.00    0.00    0.00    0.00    0.00     0      0.00      0.00   56244    2480   0.03      0.00      0.00      0.00       0  nginx
1791494988     33       729    5.00   12.00    0.00   22.00   17.00     3      4.00      0.00   61312   14908   0.18      0.00    708.00    708.00       0  nginx
1791494988     33       730    7.00   12.00    0.00   38.00   19.00     3     10.00      0.00   63240   16756   0.21      0.00   1332.00   1164.00       0  nginx
1791494988     33       731    6.00    9.00    0.00   20.00   15.00     3     33.00      0.00   62044   15700   0.19      0.00    812.00    704.00       0  nginx
1791494988     33       732   12.00   11.00    0.00   41.00   23.00     3     23.00      0.00   65848   19376   0.24      0.00   1648.00   1436.00       0  nginx
1791494988    112       737   71.00   21.00    0.00    1.00   92.00     1     31.00      0.00 2858728  606316   7.47      0.00  15876.00      0.00       0  mysqld
1791494988   1100       828   63.00   30.00    0.00   30.00   93.00     1   2620.00      0.00 2124228   23812   0.29      0.00      0.00      0.00       0  isupipe

# Time        UID       PID    %usr %system  %guest   %wait    %CPU   CPU  minflt/s  majflt/s     VSZ     RSS   %MEM   kB_rd/s   kB_wr/s kB_ccwr/s iodelay  Command
1791494989      0        13    0.00    0.00    0.00    0.00    0.00     0      0.00      0.00       0       0   0.00      0.00      0.00      0.00       0  ksoftirqd/0
1791494989      0        22    0.00    0.00    0.00    0.00    0.00     1      0.00      0.00       0       0   0.00      0.00      0.00      0.00       0  ksoftirqd/1
1791494989      0        28    0.00    0.00    0.00    0.00    0.00     2      0.00      0.00       0       0   0.00      0.00      0.00      0.00       0  ksoftirqd/2
1791494989      0        34    0.00    2.00    0.00    0.00    2.00     3      0.00      0.00       0       0   0.00      0.00      0.00      0.00       0  ksoftirqd/3
1791494989      0       344    0.00    1.00    0.00    0.00    1.00     1      0.00      0.00       0       0   0.00      0.00     32.00      0.00       0  jbd2/sda1-8
1791494989      0       418    0.00    1.00    0.00    0.00    1.00     0      0.00     27.00   48644   14280   0.18      0.00    108.00      0.00       0  systemd-journal
1791494989    104       664    0.00    1.00    0.00    0.00    1.00     1      1.00      0.00  222072    4484   0.06      0.00     28.00      0.00       0  rsyslogd
1791494989      0       728    0.00    0.00    0.00    0.00    0.00     0      0.00      0.00   56244    2480   0.03      0.00      0.00      0.00       0  nginx
1791494989     33       729    5.00    8.00    0.00   15.00   13.00     3      0.00      0.00   61312   14908   0.18      0.00    528.00    408.00       0  nginx
1791494989     33       730   10.00    9.00    0.00   33.00   19.00     2     12.00      0.00   63240   16756   0.21      0.00   1548.00   1392.00       0  nginx
1791494989     33       731    7.00    9.00    0.00   23.00   16.00     3     13.00      0.00   62176   15700   0.19      0.00    552.00    444.00       0  nginx
1791494989     33       732   12.00   12.00    0.00   40.00   24.00     2     38.00      0.00   65980   19640   0.24      4.00   1484.00   1276.00       0  nginx
1791494989    112       737   66.00   25.00    0.00    1.00   91.00     1      6.00      0.00 2858728  606316   7.47      0.00  11488.00      0.00       0  mysqld
1791494989   1100       828   59.00   38.00    0.00   28.00   97.00     1   5163.00      0.00 2124484   25076   0.31      0.00      0.00      0.00       0  isupipe

# Time        UID       PID    %usr %system  %guest   %wait    %CPU   CPU  minflt/s  majflt/s     VSZ     RSS   %MEM   kB_rd/s   kB_wr/s kB_ccwr/s iodelay  Command
1791494990      0        13    0.00    0.00    0.00    0.00    0.00     0      0.00      0.00       0       0   0.00      0.00      0.00      0.00       0  ksoftirqd/0
1791494990      0        22    0.00    0.00    0.00    0.00    0.00     1      0.00      0.00       0       0   0.00      0.00      0.00      0.00       0  ksoftirqd/1
1791494990      0        28    0.00    0.00    0.00    0.00    0.00     2      0.00      0.00       0       0   0.00      0.00      0.00      0.00       0  ksoftirqd/2
1791494990      0        34    0.00    0.00    0.00    0.00    0.00     3      0.00      0.00       0       0   0.00      0.00      0.00      0.00       0  ksoftirqd/3
1791494990      0       344    0.00    1.00    0.00    0.00    1.00     2      0.00      0.00       0       0   0.00      0.00      4.00      0.00       0  jbd2/sda1-8
1791494990      0       418    1.00    0.00    0.00    0.00    1.00     2      1.00     21.00   48644   14280   0.18      0.00     84.00      0.00       0  systemd-journal
1791494990    104       664    1.00    0.00    0.00    0.00    1.00     1      0.00      0.00  222072    4484   0.06      0.00     28.00      0.00       0  rsyslogd
1791494990      0       728    0.00    0.00    0.00    0.00    0.00     0      0.00      0.00   56244    2480   0.03      0.00      0.00      0.00       0  nginx
1791494990     33       729    4.00    9.00    0.00   10.00   13.00     0      0.00      0.00   61312   14908   0.18      0.00    924.00    860.00       0  nginx
1791494990     33       730    7.00   13.00    0.00   34.00   20.00     0     14.00      0.00   63380   17020   0.21      0.00   1384.00   1120.00       0  nginx
1791494990     33       731    6.00   10.00    0.00   25.00   16.00     3      0.00      0.00   62176   15700   0.19      0.00    932.00    800.00       0  nginx
1791494990     33       732   12.00   14.00    0.00   35.00   26.00     3     67.00      0.00   66248   19904   0.25      0.00   1532.00   1336.00       0  nginx
1791494990    112       737   71.00   25.00    0.00    0.00   96.00     2     29.00      0.00 2858728  606316   7.47      0.00  17364.00      0.00       0  mysqld
1791494990   1100       828   60.00   33.00    0.00   23.00   93.00     1   3693.00      0.00 2124484   25172   0.31      0.00      0.00      0.00       0  isupipe

# Time        UID       PID    %usr %system  %guest   %wait    %CPU   CPU  minflt/s  majflt/s     VSZ     RSS   %MEM   kB_rd/s   kB_wr/s kB_ccwr/s iodelay  Command
1791494991      0        13    0.00    0.00    0.00    0.00    0.00     0      0.00      0.00       0       0   0.00      0.00      0.00      0.00       0  ksoftirqd/0
1791494991      0        22    0.00    0.00    0.00    0.00    0.00     1      0.00      0.00       0       0   0.00      0.00      0.00      0.00       0  ksoftirqd/1
1791494991      0        28    0.00    0.00    0.00    0.00    0.00     2      0.00      0.00       0       0   0.00      0.00      0.00      0.00       0  ksoftirqd/2
1791494991      0        34    0.00    2.00    0.00    0.00    2.00     3      0.00      0.00       0       0   0.00      0.00      0.00      0.00       0  ksoftirqd/3
1791494991      0       344    0.00    1.00    0.00    1.00    1.00     3      0.00      0.00       0       0   0.00      0.00      0.00      0.00       0  jbd2/sda1-8
1791494991      0       418    1.00    1.00    0.00    1.00    2.00     0      0.00     28.00   48644   14452   0.18      0.00    112.00      0.00       0  systemd-journal
1791494991    104       664    0.00    1.00    0.00    0.00    1.00     1      0.00      0.00  222072    4484   0.06      0.00     32.00      0.00       0  rsyslogd
1791494991      0       728    0.00    0.00    0.00    0.00    0.00     0      0.00      0.00   56244    2480   0.03      0.00      0.00      0.00       0  nginx
1791494991     33       729    5.00    8.00    0.00   11.00   13.00     1      0.00      0.00   61312   14908   0.18      0.00    416.00    344.00       0  nginx
1791494991     33       730    8.00   10.00    0.00   30.00   18.00     2     54.00      0.00   63524   17284   0.21      0.00    952.00    928.00       0  nginx
1791494991     33       731    6.00    9.00    0.00   19.00   15.00     1      0.00      0.00   62176   15700   0.19      0.00    868.00    744.00       0  nginx
1791494991     33       732   13.00   15.00    0.00   37.00   28.00     0     49.00      0.00   66380   20168   0.25      0.00   1688.00   1432.00       0  nginx
1791494991    112       737   67.00   23.00    0.00    0.00   90.00     0      3.00      0.00 2858728  606316   7.47      0.00  11656.00      0.00       0  mysqld
1791494991   1100       828   57.00   34.00    0.00   32.00   91.00     2   3457.00      0.00 2124484   26016   0.32      0.00      0.00      0.00       0  isupipe

# Time        UID       PID    %usr %system  %guest   %wait    %CPU   CPU  minflt/s  majflt/s     VSZ     RSS   %MEM   kB_rd/s   kB_wr/s kB_ccwr/s iodelay  Command
1791494992      0        13    0.00    0.00    0.00    0.00    0.00     0      0.00      0.00       0       0   0.00      0.00      0.00      0.00       0  ksoftirqd/0
1791494992      0        22    0.00    1.00    0.00    0.00    1.00     1      0.00      0.00       0       0   0.00      0.00      0.00      0.00       0  ksoftirqd/1
1791494992      0        28    0.00    0.00    0.00    0.00    0.00     2      0.00      0.00       0       0   0.00      0.00      0.00      0.00       0  ksoftirqd/2
1791494992      0        34    0.00    1.00    0.00    0.00    1.00     3      0.00      0.00       0       0   0.00      0.00      0.00      0.00       0  ksoftirqd/3
1791494992      0       344    0.00    1.00    0.00    0.00    1.00     0      0.00      0.00       0       0   0.00      0.00     88.00      0.00       0  jbd2/sda1-8
1791494992      0       418    0.00    1.00    0.00    1.00    1.00     1      0.00    118.00   48644   14588   0.18      0.00    472.00      0.00       0  systemd-journal
1791494992    104       664    0.00    1.00    0.00    0.00    1.00     1      0.00      0.00  222072    4484   0.06      0.00     28.00      0.00       0  rsyslogd
1791494992      0       728    0.00    0.00    0.00    0.00    0.00     0      0.00      0.00   56244    2480   0.03      0.00      0.00      0.00       0  nginx
1791494992     33       729    8.00    7.00    0.00   15.00   15.00     3      0.00      0.00   61312   14908   0.18      0.00    832.00    740.00       0  nginx
1791494992     33       730    7.00   14.00    0.00   37.00   21.00     3     18.00      0.00   63664   17284   0.21      0.00    788.00    596.00       0  nginx
1791494992     33       731    9.00    8.00    0.00   19.00   17.00     0     46.00      0.00   62308   15964   0.20      0.00   1152.00   1040.00       0  nginx
1791494992     33       732   10.00   16.00    0.00   38.00   26.00     3     26.00      0.00   66516   20168   0.25      0.00   1788.00   1460.00       0  nginx
1791494992    112       737   66.00   25.00    0.00    1.00   91.00     0      3.00      0.00 2858728  606316   7.47      0.00  16192.00      0.00       0  mysqld
1791494992   1100       828   56.00   33.00    0.00   33.00   89.00     1   3694.00      0.00 2124484   26392   0.33      0.00      0.00      0.00       0  isupipe

# Time        UID       PID    %usr %system  %guest   %wait    %CPU   CPU  minflt/s  majflt/s     VSZ     RSS   %MEM   kB_rd/s   kB_wr/s kB_ccwr/s iodelay  Command
1791494993      0        13    0.00    0.00    0.00    0.00    0.00     0      0.00      0.00       0       0   0.00      0.00      0.00      0.00       0  ksoftirqd/0
1791494993      0        22    0.00    0.00    0.00    0.00    0.00     1      0.00      0.00       0       0   0.00      0.00      0.00      0.00       0  ksoftirqd/1
1791494993      0        28    0.00    0.00    0.00    0.00    0.00     2      0.00      0.00       0       0   0.00      0.00      0.00      0.00       0  ksoftirqd/2
1791494993      0        34    0.00    1.00    0.00    0.00    1.00     3      0.00      0.00       0       0   0.00      0.00      0.00      0.00       0  ksoftirqd/3
1791494993      0       344    0.00    1.00    0.00    0.00    1.00     3      0.00      0.00       0       0   0.00      0.00      4.00      0.00       0  jbd2/sda1-8
1791494993      0       418    0.00    1.00    0.00    0.00    1.00     3      0.00     76.00   48644   14660   0.18      0.00    304.00      0.00       0  systemd-journal
1791494993    104       664    0.00    0.00    0.00    0.00    0.00     1      0.00      0.00  222072    4484   0.06      0.00     28.00      0.00       0  rsyslogd
1791494993      0       728    0.00    0.00    0.00    0.00    0.00     0      0.00      0.00   56244    2480   0.03      0.00      0.00      0.00       0  nginx
1791494993     33       729    5.00    7.00    0.00   14.00   12.00     1      1.00      0.00   61312   14908   0.18      0.00    540.00    460.00       0  nginx
1791494993     33       730   10.00    9.00    0.00   27.00   19.00     3    100.00      0.00   64068   17548   0.22      0.00   2024.00   1832.00       0  nginx
1791494993     33       731    7.00   10.00    0.00   19.00   17.00     1     34.00      0.00   62440   15964   0.20      0.00    860.00    760.00       0  nginx
1791494993     33       732   10.00   14.00    0.00   42.00   24.00     2     28.00      0.00   66656   20432   0.25      0.00    868.00    748.00       0  nginx
1791494993    112       737   64.00   29.00    0.00    0.00   93.00     1     20.00      0.00 2858728  606564   7.47      0.00  16080.00      0.00       0  mysqld
1791494993   1100       828   61.00   33.00    0.00   25.00   94.00     1   4098.00      0.00 2124484   25548   0.31      0.00      0.00      0.00       0  isupipe

# Time        UID       PID    %usr %system  %guest   %wait    %CPU   CPU  minflt/s  majflt/s     VSZ     RSS   %MEM   kB_rd/s   kB_wr/s kB_ccwr/s iodelay  Command
1791494994      0        13    0.00    1.00    0.00    0.00    1.00     0      0.00      0.00       0       0   0.00      0.00      0.00      0.00       0  ksoftirqd/0
1791494994      0        22    0.00    0.00    0.00    0.00    0.00     1      0.00      0.00       0       0   0.00      0.00      0.00      0.00       0  ksoftirqd/1
1791494994      0        28    1.00    0.00    0.00    0.00    1.00     2      0.00      0.00       0       0   0.00      0.00      0.00      0.00       0  ksoftirqd/2
1791494994      0        34    0.00    0.00    0.00    0.00    0.00     3      0.00      0.00       0       0   0.00      0.00      0.00      0.00       0  ksoftirqd/3
1791494994      0       344    0.00    1.00    0.00    0.00    1.00     1      0.00      0.00       0       0   0.00      0.00      4.00      0.00       0  jbd2/sda1-8
1791494994      0       418    0.00    2.00    0.00    0.00    2.00     0      0.00     57.00   48644   14744   0.18      0.00    228.00      0.00       0  systemd-journal
1791494994    104       664    0.00    0.00    0.00    0.00    0.00     1      0.00      0.00  222072    4484   0.06      0.00     28.00      0.00       0  rsyslogd
1791494994      0       728    0.00    0.00    0.00    0.00    0.00     0      0.00      0.00   56244    2480   0.03      0.00      0.00      0.00       0  nginx
1791494994     33       729    6.00    7.00    0.00   16.00   13.00     3     33.00      0.00   61456   14908   0.18      0.00    500.00    408.00       0  nginx
1791494994     33       730    6.00   14.00    0.00   40.00   20.00     1     14.00      0.00   64068   17812   0.22      0.00    924.00    856.00       0  nginx
1791494994     33       731    7.00   11.00    0.00   29.00   18.00     1     20.00      0.00   62572   16228   0.20      0.00   1172.00   1036.00       0  nginx
1791494994     33       732   11.00   16.00    0.00   38.00   27.00     1     52.00      0.00   66800   20432   0.25      0.00   1608.00   1376.00       0  nginx
1791494994    112       737   67.00   27.00    0.00    0.00   94.00     2     72.00      0.00 2858728  606820   7.47      0.00  13008.00      0.00       0  mysqld
1791494994   1100       828   56.00   32.00    0.00   25.00   88.00     0   2768.00      0.00 2124484   25996   0.32      0.00      0.00      0.00       0  isupipe

# Time        UID       PID    %usr %system  %guest   %wait    %CPU   CPU  minflt/s  majflt/s     VSZ     RSS   %MEM   kB_rd/s   kB_wr/s kB_ccwr/s iodelay  Command
1791494995      0        13    0.00    0.00    0.00    0.00    0.00     0      0.00      0.00       0       0   0.00      0.00      0.00      0.00       0  ksoftirqd/0
1791494995      0        22    0.00    0.00    0.00    0.00    0.00     1      0.00      0.00       0       0   0.00      0.00      0.00      0.00       0  ksoftirqd/1
1791494995      0        28    0.00    0.00    0.00    0.00    0.00     2      0.00      0.00       0       0   0.00      0.00      0.00      0.00       0  ksoftirqd/2
1791494995      0        34    0.00    1.00    0.00    1.00    1.00     3      0.00      0.00       0       0   0.00      0.00      0.00      0.00       0  ksoftirqd/3
1791494995      0       344    0.00    0.00    0.00    1.00    0.00     0      0.00      0.00       0       0   0.00      0.00      4.00      0.00       0  jbd2/sda1-8
1791494995      0       418    1.00    0.00    0.00    1.00    1.00     2      0.00     55.00   48644   14800   0.18      0.00    220.00      0.00       0  systemd-journal
1791494995    104       664    0.00    1.00    0.00    0.00    1.00     1      1.00      0.00  222072    4484   0.06      0.00     32.00      0.00       0  rsyslogd
1791494995      0       728    0.00    0.00    0.00    0.00    0.00     0      0.00      0.00   56244    2480   0.03      0.00      0.00      0.00       0  nginx
1791494995     33       729    8.00    7.00    0.00   20.00   15.00     3     24.00      0.00   61588   15172   0.19      0.00    544.00    444.00       0  nginx
1791494995     33       730    8.00   10.00    0.00   35.00   18.00     1     28.00      0.00   64212   17812   0.22      0.00   1184.00   1036.00       0  nginx
1791494995     33       731    6.00    9.00    0.00   28.00   15.00     3      8.00      0.00   62572   16228   0.20      0.00    636.00    500.00       0  nginx
1791494995     33       732    9.00   13.00    0.00   41.00   22.00     3      9.00      0.00   66932   20696   0.25      0.00   1632.00   1296.00       0  nginx
1791494995    112       737   66.00   24.00    0.00    1.00   90.00     1     82.00      0.00 2858728  607056   7.48      0.00  16704.00      0.00       0  mysqld
1791494995   1100       828   60.00   30.00    0.00   17.00   90.00     0   3278.00      0.00 2124484   26088   0.32      0.00      0.00      0.00       0  isupipe

# Time        UID       PID    %usr %system  %guest   %wait    %CPU   CPU  minflt/s  majflt/s     VSZ     RSS   %MEM   kB_rd/s   kB_wr/s kB_ccwr/s iodelay  Command
1791494996      0        13    0.00    0.00    0.00    0.00    0.00     0      0.00      0.00       0       0   0.00      0.00      0.00      0.00       0  ksoftirqd/0
1791494996      0        22    0.00    0.00    0.00    0.00    0.00     1      0.00      0.00       0       0   0.00      0.00      0.00      0.00       0  ksoftirqd/1
1791494996      0        28    0.00    0.00    0.00    0.00    0.00     2      0.00      0.00       0       0   0.00      0.00      0.00      0.00       0  ksoftirqd/2
1791494996      0        34    0.00    1.00    0.00    0.00    1.00     3      0.00      0.00       0       0   0.00      0.00      0.00      0.00       0  ksoftirqd/3
1791494996      0       344    0.00    2.00    0.00    0.00    2.00     1      0.00      0.00       0       0   0.00      0.00      4.00      0.00       0  jbd2/sda1-8
1791494996      0       418    1.00    1.00    0.00    1.00    2.00     2      0.00     31.00   48644   14860   0.18      0.00    124.00      0.00       0  systemd-journal
1791494996    104       664    1.00    0.00    0.00    0.00    1.00     1      0.00      0.00  222072    4484   0.06      0.00     24.00      0.00       0  rsyslogd
1791494996      0       728    0.00    0.00    0.00    0.00    0.00     0      0.00      0.00   56244    2480   0.03      0.00      0.00      0.00       0  nginx
1791494996     33       729    6.00    8.00    0.00   19.00   14.00     3     35.00      0.00   61720   15172   0.19      0.00    800.00    708.00       0  nginx
1791494996     33       730    6.00   11.00    0.00   28.00   17.00     0      3.00      0.00   64212   17812   0.22      0.00   1276.00   1156.00       0  nginx
1791494996     33       731    4.00   11.00    0.00   22.00   15.00     3      6.00      0.00   62572   16228   0.20      0.00    788.00    568.00       0  nginx
1791494996     33       732    7.00   15.00    0.00   33.00   22.00     3      0.00      0.00   66932   20696   0.25      0.00   1356.00   1264.00       0  nginx
1791494996    112       737   69.00   22.00    0.00    1.00   91.00     0      2.00      0.00 2858728  607056   7.48      0.00  11824.00      0.00       0  mysqld
1791494996   1100       828   54.00   34.00    0.00   17.00   88.00     2   2680.00      0.00 2124484   24152   0.30      0.00      0.00      0.00       0  isupipe

# Time        UID       PID    %usr %system  %guest   %wait    %CPU   CPU  minflt/s  majflt/s     VSZ     RSS   %MEM   kB_rd/s   kB_wr/s kB_ccwr/s iodelay  Command
1791494997      0        13    0.00    0.00    0.00    0.00    0.00     0      0.00      0.00       0       0   0.00      0.00      0.00      0.00       0  ksoftirqd/0
1791494997      0        22    0.00    0.00    0.00    0.00    0.00     1      0.00      0.00       0       0   0.00      0.00      0.00      0.00       0  ksoftirqd/1
1791494997      0        28    0.00    0.00    0.00    0.00    0.00     2      0.00      0.00       0       0   0.00      0.00      0.00      0.00       0  ksoftirqd/2
1791494997      0        34    0.00    2.00    0.00    0.00    2.00     3      0.00      0.00       0       0   0.00      0.00      0.00      0.00       0  ksoftirqd/3
1791494997      0       344    0.00    1.00    0.00    0.00    1.00     0      0.00      0.00       0       0   0.00      0.00     92.00      0.00       0  jbd2/sda1-8
1791494997      0       418    0.00    1.00    0.00    0.00    1.00     1      1.00     27.00   48644   14932   0.18      0.00    108.00      0.00       0  systemd-journal
1791494997    104       664    0.00    1.00    0.00    0.00    1.00     1      0.00      0.00  222072    4484   0.06      0.00     28.00      0.00       0  rsyslogd
1791494997      0       728    0.00    0.00    0.00    0.00    0.00     0      0.00      0.00   56244    2480   0.03      0.00      0.00      0.00       0  nginx
1791494997     33       729    7.00    6.00    0.00   15.00   13.00     3      0.00      0.00   61720   15172   0.19      0.00    508.00    392.00       0  nginx
1791494997     33       730    8.00    8.00    0.00   27.00   16.00     1     73.00      0.00   64496   18076   0.22      0.00    996.00    880.00       0  nginx
1791494997     33       731    5.00   11.00    0.00   25.00   16.00     3      0.00      0.00   62572   16228   0.20      0.00    840.00    832.00       0  nginx
1791494997     33       732   12.00   12.00    0.00   39.00   24.00     3      0.00      0.00   66932   20696   0.25      0.00   1084.00    900.00       0  nginx
1791494997    112       737   64.00   22.00    0.00    1.00   86.00     2      0.00      0.00 2858728  607056   7.48      0.00  14968.00      0.00       0  mysqld
1791494997   1100       828   53.00   36.00    0.00   22.00   89.00     3   3215.00      0.00 2124484   25904   0.32      0.00      0.00      0.00       0  isupipe

# Time        UID       PID    %usr %system  %guest   %wait    %CPU   CPU  minflt/s  majflt/s     VSZ     RSS   %MEM   kB_rd/s   kB_wr/s kB_ccwr/s iodelay  Command
1791494998      0        13    0.00    0.00    0.00    0.00    0.00     0      0.00      0.00       0       0   0.00      0.00      0.00      0.00       0  ksoftirqd/0
1791494998      0        22    0.00    1.00    0.00    0.00    1.00     1      0.00      0.00       0       0   0.00      0.00      0.00      0.00       0  ksoftirqd/1
1791494998      0        28    0.00    0.00    0.00    1.00    0.00     2      0.00      0.00       0       0   0.00      0.00      0.00      0.00       0  ksoftirqd/2
1791494998      0        34    0.00    0.00    0.00    0.00    0.00     3      0.00      0.00       0       0   0.00      0.00      0.00      0.00       0  ksoftirqd/3
1791494998      0       344    0.00    1.00    0.00    1.00    1.00     2      0.00      0.00       0       0   0.00      0.00      8.00      0.00       0  jbd2/sda1-8
1791494998      0       418    1.00    0.00    0.00    0.00    1.00     3      0.00     29.00   48644   15040   0.19      0.00    116.00      0.00       0  systemd-journal
1791494998    104       664    0.00    1.00    0.00    0.00    1.00     1      0.00      0.00  222072    4484   0.06      0.00     28.00      0.00       0  rsyslogd
1791494998      0       728    0.00    0.00    0.00    0.00    0.00     0      0.00      0.00   56244    2480   0.03      0.00      0.00      0.00       0  nginx
1791494998     33       729    6.00    8.00    0.00   15.00   14.00     3      0.00      0.00   61720   15172   0.19      0.00    912.00    828.00       0  nginx
1791494998     33       730   10.00    9.00    0.00   33.00   19.00     2     20.00      0.00   64496   18076   0.22      0.00    900.00    748.00       0  nginx
1791494998     33       731   10.00    7.00    0.00   19.00   17.00     3      0.00      0.00   62572   16228   0.20      0.00    888.00    664.00       0  nginx
1791494998     33       732    9.00   15.00    0.00   41.00   24.00     3      5.00      0.00   66932   20696   0.25      0.00   1132.00    900.00       0  nginx
1791494998    112       737   70.00   24.00    0.00    0.00   94.00     1      4.00      0.00 2858728  607056   7.48      0.00  11020.00      0.00       0  mysqld
1791494998   1100       828   61.00   33.00    0.00    6.00   94.00     0   2274.00      0.00 2124484   26092   0.32      0.00      0.00      0.00       0  isupipe

# Time        UID       PID    %usr %system  %guest   %wait    %CPU   CPU  minflt/s  majflt/s     VSZ     RSS   %MEM   kB_rd/s   kB_wr/s kB_ccwr/s iodelay  Command
1791494999      0        13    0.00    0.00    0.00    0.00    0.00     0      0.00      0.00       0       0   0.00      0.00      0.00      0.00       0  ksoftirqd/0
1791494999      0        22    0.00    0.00    0.00    0.00    0.00     1      0.00      0.00       0       0   0.00      0.00      0.00      0.00       0  ksoftirqd/1
1791494999      0        28    0.00    0.00    0.00    0.00    0.00     2      0.00      0.00       0       0   0.00      0.00      0.00      0.00       0  ksoftirqd/2
1791494999      0        34    0.00    2.00    0.00    0.00    2.00     3      0.00      0.00       0       0   0.00      0.00      0.00      0.00       0  ksoftirqd/3
1791494999      0       344    0.00    1.00    0.00    0.00    1.00     0      0.00      0.00       0       0   0.00      0.00      0.00      0.00       0  jbd2/sda1-8
1791494999      0       418    1.00    1.00    0.00    1.00    2.00     0      0.00     30.00   48644   15128   0.19      0.00    120.00      0.00       0  systemd-journal
1791494999    104       664    0.00    0.00    0.00    0.00    0.00     1      0.00      0.00  222072    4484   0.06      0.00     32.00      0.00       0  rsyslogd
1791494999      0       728    0.00    0.00    0.00    0.00    0.00     0      0.00      0.00   56244    2480   0.03      0.00      0.00      0.00       0  nginx
1791494999     33       729    6.00    7.00    0.00   15.00   13.00     3      0.00      0.00   61720   15172   0.19      0.00    460.00    396.00       0  nginx
1791494999     33       730    8.00   11.00    0.00   33.00   19.00     1      3.00      0.00   64628   18076   0.22      0.00    696.00    520.00       0  nginx
1791494999     33       731    8.00   10.00    0.00   23.00   18.00     0      2.00      0.00   62572   16228   0.20      0.00   1144.00   1116.00       0  nginx
1791494999     33       732   14.00   13.00    0.00   34.00   27.00     0     88.00      0.00   67208   20960   0.26      0.00   2008.00   1784.00       0  nginx
1791494999    112       737   62.00   27.00    0.00    1.00   89.00     2      0.00      0.00 2858728  607056   7.48      0.00  15556.00      0.00       0  mysqld
1791494999   1100       828   61.00   31.00    0.00   25.00   92.00     2   3754.00      0.00 2124484   24336   0.30      0.00      0.00      0.00       0  isupipe

# Time        UID       PID    %usr %system  %guest   %wait    %CPU   CPU  minflt/s  majflt/s     VSZ     RSS   %MEM   kB_rd/s   kB_wr/s kB_ccwr/s iodelay  Command
1791495000      0        13    0.00    1.00    0.00    0.00    1.00     0      0.00      0.00       0       0   0.00      0.00      0.00      0.00       0  ksoftirqd/0
1791495000      0        22    0.00    0.00    0.00    0.00    0.00     1      0.00      0.00       0       0   0.00      0.00      0.00      0.00       0  ksoftirqd/1
1791495000      0        28    0.00    0.00    0.00    0.00    0.00     2      0.00      0.00       0       0   0.00      0.00      0.00      0.00       0  ksoftirqd/2
1791495000      0        34    0.00    0.00    0.00    1.00    0.00     3      0.00      0.00       0       0   0.00      0.00      0.00      0.00       0  ksoftirqd/3
1791495000      0       344    0.00    1.00    0.00    0.00    1.00     2      0.00      0.00       0       0   0.00      0.00      0.00      0.00       0  jbd2/sda1-8
1791495000      0       418    1.00    0.00    0.00    0.00    1.00     2      0.00     23.00   48644   15240   0.19      0.00     92.00      0.00       0  systemd-journal
1791495000    104       664    0.00    0.00    0.00    0.00    0.00     1      0.00      0.00  222072    4484   0.06      0.00     28.00      0.00       0  rsyslogd
1791495000      0       728    0.00    0.00    0.00    0.00    0.00     0      0.00      0.00   56244    2480   0.03      0.00      0.00      0.00       0  nginx
1791495000     33       729    7.00    9.00    0.00   18.00   16.00     1      0.00      0.00   61720   15172   0.19      0.00    760.00    648.00       0  nginx
1791495000     33       730    7.00   11.00    0.00   35.00   18.00     0      2.00      0.00   64628   18076   0.22      0.00   1420.00   1264.00       0  nginx
1791495000     33       731    8.00    8.00    0.00   26.00   16.00     3     49.00      0.00   62848   16492   0.20      0.00    824.00    704.00       0  nginx
1791495000     33       732    9.00   12.00    0.00   41.00   21.00     0     39.00      0.00   67476   21224   0.26      0.00   1540.00   1320.00       0  nginx
1791495000    112       737   75.00   21.00    0.00    0.00   96.00     0      2.00      0.00 2858728  607056   7.48      0.00  11756.00      0.00       0  mysqld
1791495000   1100       828   57.00   33.00    0.00   29.00   90.00     0   2665.00      0.00 2124484   25284   0.31      0.00      0.00      0.00       0  isupipe

# Time        UID       PID    %usr %system  %guest   %wait    %CPU   CPU  minflt/s  majflt/s     VSZ     RSS   %MEM   kB_rd/s   kB_wr/s kB_ccwr/s iodelay  Command
1791495001      0        13    0.00    0.00    0.00    0.00    0.00     0      0.00      0.00       0       0   0.00      0.00      0.00      0.00       0  ksoftirqd/0
1791495001      0        22    0.00    0.00    0.00    0.00    0.00     1      0.00      0.00       0       0   0.00      0.00      0.00      0.00       0  ksoftirqd/1
1791495001      0        28    1.00    0.00    0.00    0.00    1.00     2      0.00      0.00       0       0   0.00      0.00      0.00      0.00       0  ksoftirqd/2
1791495001      0        34    0.00    2.00    0.00    0.00    2.00     3      0.00      0.00       0       0   0.00      0.00      0.00      0.00       0  ksoftirqd/3
1791495001      0       344    0.00    1.00    0.00    1.00    1.00     2      0.00      0.00       0       0   0.00      0.00      4.00      0.00       0  jbd2/sda1-8
1791495001      0       418    1.00    1.00    0.00    1.00    2.00     0      0.00     25.00   48644   15240   0.19      0.00     96.00      0.00       0  systemd-journal
1791495001    104       664    0.00    1.00    0.00    0.00    1.00     1      1.00      0.00  222072    4484   0.06      0.00     24.00      0.00       0  rsyslogd
1791495001      0       728    0.00    0.00    0.00    0.00    0.00     0      0.00      0.00   56244    2480   0.03      0.00      0.00      0.00       0  nginx
1791495001     33       729    5.00    8.00    0.00   15.00   13.00     3      0.00      0.00   61720   15172   0.19      0.00    540.00    416.00       0  nginx
1791495001     33       730    8.00   12.00    0.00   31.00   20.00     1     23.00      0.00   64628   18340   0.23      0.00    808.00    632.00       0  nginx
1791495001     33       731    5.00   10.00    0.00   17.00   15.00     3     20.00      0.00   62848   16492   0.20      0.00    776.00    660.00       0  nginx
1791495001     33       732   11.00   15.00    0.00   35.00   26.00     3     80.00      0.00   67756   21488   0.26      0.00   2132.00   1952.00       0  nginx
1791495001    112       737   67.00   22.00    0.00    1.00   89.00     2      4.00      0.00 2858728  607056   7.48      0.00  15892.00      0.00       0  mysqld
1791495001   1100       828   56.00   33.00    0.00   27.00   89.00     2   4120.00      0.00 2124484   24412   0.30      0.00      0.00      0.00       0  isupipe

# Time        UID       PID    %usr %system  %guest   %wait    %CPU   CPU  minflt/s  majflt/s     VSZ     RSS   %MEM   kB_rd/s   kB_wr/s kB_ccwr/s iodelay  Command
1791495002      0        13    0.00    0.00    0.00    0.00    0.00     0      0.00      0.00       0       0   0.00      0.00      0.00      0.00       0  ksoftirqd/0
1791495002      0        22    0.00    0.00    0.00    0.00    0.00     1      0.00      0.00       0       0   0.00      0.00      0.00      0.00       0  ksoftirqd/1
1791495002      0        28    0.00    0.00    0.00    0.00    0.00     2      0.00      0.00       0       0   0.00      0.00      0.00      0.00       0  ksoftirqd/2
1791495002      0        34    0.00    0.00    0.00    0.00    0.00     3      0.00      0.00       0       0   0.00      0.00      0.00      0.00       0  ksoftirqd/3
1791495002      0       344    0.00    1.00    0.00    0.00    1.00     1      0.00      0.00       0       0   0.00      0.00     68.00      0.00       0  jbd2/sda1-8
1791495002      0       418    0.00    0.00    0.00    0.00    0.00     3      1.00     27.00   48644   15352   0.19      0.00    108.00      0.00       0  systemd-journal
1791495002    104       664    1.00    0.00    0.00    0.00    1.00     1      0.00      0.00  222072    4484   0.06      0.00     28.00      0.00       0  rsyslogd
1791495002      0       728    0.00    0.00    0.00    0.00    0.00     0      0.00      0.00   56244    2480   0.03      0.00      0.00      0.00       0  nginx
1791495002     33       729    6.00    7.00    0.00   12.00   13.00     0     10.00      0.00   61720   15172   0.19      0.00    872.00    816.00       0  nginx
1791495002     33       730    9.00   10.00    0.00   37.00   19.00     3     25.00      0.00   64768   18340   0.23      0.00   1088.00    924.00       0  nginx
1791495002     33       731    8.00   11.00    0.00   22.00   19.00     3     54.00      0.00   63120   16756   0.21      0.00    948.00    844.00       0  nginx
1791495002     33       732   10.00   13.00    0.00   44.00   23.00     3     50.00      0.00   67888   21752   0.27      0.00   1272.00   1040.00       0  nginx
1791495002    112       737   70.00   25.00    0.00    1.00   95.00     1      2.00      0.00 2858728  607056   7.48      0.00  11832.00      0.00       0  mysqld
1791495002   1100       828   51.00   35.00    0.00   22.00   86.00     1   3123.00      0.00 2124484   26656   0.33      0.00      0.00      0.00       0  isupipe

# Time        UID       PID    %usr %system  %guest   %wait    %CPU   CPU  minflt/s  majflt/s     VSZ     RSS   %MEM   kB_rd/s   kB_wr/s kB_ccwr/s iodelay  Command
1791495003      0        13    0.00    0.00    0.00    0.00    0.00     0      0.00      0.00       0       0   0.00      0.00      0.00      0.00       0  ksoftirqd/0
1791495003      0        22    0.00    0.00    0.00    0.00    0.00     1      0.00      0.00       0       0   0.00      0.00      0.00      0.00       0  ksoftirqd/1
1791495003      0        28    0.00    0.00    0.00    0.00    0.00     2      0.00      0.00       0       0   0.00      0.00      0.00      0.00       0  ksoftirqd/2
1791495003      0        34    0.00    1.00    0.00    0.00    1.00     3      0.00      0.00       0       0   0.00      0.00      0.00      0.00       0  ksoftirqd/3
1791495003      0       344    0.00    1.00    0.00    0.00    1.00     1      0.00      0.00       0       0   0.00      0.00     48.00      0.00       0  jbd2/sda1-8
1791495003      0       418    2.00    0.00    0.00    1.00    2.00     3      0.00     29.00   48644   15464   0.19      0.00    116.00      0.00       0  systemd-journal
1791495003    104       664    0.00    1.00    0.00    0.00    1.00     1      0.00      0.00  222072    4484   0.06      0.00     28.00      0.00       0  rsyslogd
1791495003      0       728    0.00    0.00    0.00    0.00    0.00     0      0.00      0.00   56244    2480   0.03      0.00      0.00      0.00       0  nginx
1791495003     33       729    7.00    8.00    0.00   17.00   15.00     3     71.00      0.00   61992   15436   0.19      0.00   1712.00   1636.00       0  nginx
1791495003     33       730   10.00    8.00    0.00   39.00   18.00     3      0.00      0.00   64768   18340   0.23      4.00    556.00    396.00       0  nginx
1791495003     33       731    6.00   10.00    0.00   31.00   16.00     3      6.00      0.00   63120   16756   0.21      0.00    776.00    652.00       0  nginx
1791495003     33       732    8.00   16.00    0.00   41.00   24.00     3     47.00      0.00   68160   21752   0.27      0.00   1240.00   1048.00       0  nginx
1791495003    112       737   68.00   23.00    0.00    0.00   91.00     2     68.00      0.00 2858728  607308   7.48      0.00  17060.00      0.00       0  mysqld
1791495003   1100       828   55.00   36.00    0.00   30.00   91.00     2   3156.00      0.00 2124484   25992   0.32      0.00      0.00      0.00       0  isupipe

# Time        UID       PID    %usr %system  %guest   %wait    %CPU   CPU  minflt/s  majflt/s     VSZ     RSS   %MEM   kB_rd/s   kB_wr/s kB_ccwr/s iodelay  Command
1791495004      0        13    0.00    0.00    0.00    1.00    0.00     0      0.00      0.00       0       0   0.00      0.00      0.00      0.00       0  ksoftirqd/0
1791495004      0        22    0.00    0.00    0.00    0.00    0.00     1      0.00      0.00       0       0   0.00      0.00      0.00      0.00       0  ksoftirqd/1
1791495004      0        28    0.00    0.00    0.00    0.00    0.00     2      0.00      0.00       0       0   0.00      0.00      0.00      0.00       0  ksoftirqd/2
1791495004      0        34    0.00    1.00    0.00    0.00    1.00     3      0.00      0.00       0       0   0.00      0.00      0.00      0.00       0  ksoftirqd/3
1791495004      0       344    0.00    1.00    0.00    1.00    1.00     2      0.00      0.00       0       0   0.00      0.00      0.00      0.00       0  jbd2/sda1-8
1791495004      0       418    1.00    1.00    0.00    1.00    2.00     1      0.00     30.00   48644   15556   0.19     56.00    116.00      0.00       0  systemd-journal
1791495004    104       664    0.00    0.00    0.00    0.00    0.00     1      0.00      0.00  222072    4484   0.06      0.00     28.00      0.00       0  rsyslogd
1791495004      0       728    0.00    0.00    0.00    0.00    0.00     0      0.00      0.00   56244    2480   0.03      0.00      0.00      0.00       0  nginx
1791495004     33       729    6.00    9.00    0.00   16.00   15.00     3     65.00      0.00   62256   15700   0.19      0.00    828.00    632.00       0  nginx
1791495004     33       730    9.00    8.00    0.00   34.00   17.00     3      0.00      0.00   64768   18340   0.23      0.00    924.00    780.00       0  nginx
1791495004     33       731    7.00   11.00    0.00   26.00   18.00     3      2.00      0.00   63120   16756   0.21      0.00   1120.00    980.00       0  nginx
1791495004     33       732   11.00   12.00    0.00   45.00   23.00     3      6.00      0.00   68160   21752   0.27      0.00   1604.00   1344.00       0  nginx
1791495004    112       737   69.00   23.00    0.00    1.00   92.00     2      0.00      0.00 2858728  607308   7.48      0.00  16008.00      0.00       0  mysqld
1791495004   1100       828   52.00   36.00    0.00   30.00   88.00     2   3236.00      0.00 2124484   26008   0.32      0.00      0.00      0.00       0  isupipe

# Time        UID       PID    %usr %system  %guest   %wait    %CPU   CPU  minflt/s  majflt/s     VSZ     RSS   %MEM   kB_rd/s   kB_wr/s kB_ccwr/s iodelay  Command
1791495005      0        13    0.00    0.00    0.00    0.00    0.00     0      0.00      0.00       0       0   0.00      0.00      0.00      0.00       0  ksoftirqd/0
1791495005      0        22    0.00    1.00    0.00    0.00    1.00     1      0.00      0.00       0       0   0.00      0.00      0.00      0.00       0  ksoftirqd/1
1791495005      0        28    0.00    0.00    0.00    0.00    0.00     2      0.00      0.00       0       0   0.00      0.00      0.00      0.00       0  ksoftirqd/2
1791495005      0        34    0.00    1.00    0.00    0.00    1.00     3      0.00      0.00       0       0   0.00      0.00      0.00      0.00       0  ksoftirqd/3
1791495005      0       344    0.00    1.00    0.00    0.00    1.00     0      0.00      0.00       0       0   0.00      0.00      0.00      0.00       0  jbd2/sda1-8
1791495005      0       418    1.00    0.00    0.00    0.00    1.00     2      0.00     28.00   48644   15700   0.19      0.00    112.00      0.00       0  systemd-journal
1791495005    104       664    0.00    0.00    0.00    0.00    0.00     1      0.00      0.00  222072    4484   0.06      0.00     32.00      0.00       0  rsyslogd
1791495005      0       728    0.00    0.00    0.00    0.00    0.00     0      0.00      0.00   56244    2480   0.03      0.00      0.00      0.00       0  nginx
1791495005     33       729    8.00    8.00    0.00   25.00   16.00     3     52.00      0.00   62388   15964   0.20      0.00    676.00    684.00       0  nginx
1791495005     33       730    9.00   11.00    0.00   40.00   20.00     3      0.00      0.00   64768   18340   0.23      0.00    752.00    596.00       0  nginx
1791495005     33       731    7.00   10.00    0.00   31.00   17.00     3     11.00      0.00   63120   16756   0.21      0.00    664.00    532.00       0  nginx
1791495005     33       732   12.00   13.00    0.00   45.00   25.00     3      9.00      0.00   68160   21752   0.27      0.00   1944.00   1800.00       0  nginx
1791495005    112       737   60.00   34.00    0.00    0.00   94.00     2      0.00      0.00 2858728  607308   7.48      0.00  11788.00      0.00       0  mysqld
1791495005   1100       828   56.00   34.00    0.00    2.00   90.00     1   3924.00      0.00 2124484   24956   0.31      0.00      0.00      0.00       0  isupipe

# Time        UID       PID    %usr %system  %guest   %wait    %CPU   CPU  minflt/s  majflt/s     VSZ     RSS   %MEM   kB_rd/s   kB_wr/s kB_ccwr/s iodelay  Command
1791495006      0        13    0.00    1.00    0.00    0.00    1.00     0      0.00      0.00       0       0   0.00      0.00      0.00      0.00       0  ksoftirqd/0
1791495006      0        22    0.00    0.00    0.00    0.00    0.00     1      0.00      0.00       0       0   0.00      0.00      0.00      0.00       0  ksoftirqd/1
1791495006      0        28    0.00    0.00    0.00    0.00    0.00     2      0.00      0.00       0       0   0.00      0.00      0.00      0.00       0  ksoftirqd/2
1791495006      0        34    0.00    1.00    0.00    0.00    1.00     3      0.00      0.00       0       0   0.00      0.00      0.00      0.00       0  ksoftirqd/3
1791495006      0       344    0.00    1.00    0.00    0.00    1.00     0      0.00      0.00       0       0   0.00      0.00      0.00      0.00       0  jbd2/sda1-8
1791495006      0       418    0.00    2.00    0.00    0.00    2.00     2      0.00     27.00   48644   15796   0.19      0.00    104.00      0.00       0  systemd-journal
1791495006    104       664    1.00    0.00    0.00    0.00    1.00     1      1.00      0.00  222072    4484   0.06      0.00     24.00      0.00       0  rsyslogd
1791495006      0       728    0.00    0.00    0.00    0.00    0.00     0      0.00      0.00   56244    2480   0.03      0.00      0.00      0.00       0  nginx
1791495006     33       729    6.00    8.00    0.00   12.00   14.00     3     69.00      0.00   62664   16228   0.20      0.00    612.00    516.00       0  nginx
1791495006     33       730    8.00   10.00    0.00   35.00   18.00     3      0.00      0.00   64768   18340   0.23      0.00    944.00    784.00       0  nginx
1791495006     33       731    9.00    7.00    0.00   29.00   16.00     3      5.00      0.00   63120   16756   0.21      0.00    856.00    720.00       0  nginx
1791495006     33       732   12.00   14.00    0.00   38.00   26.00     3     49.00      0.00   68436   22016   0.27      0.00   1540.00   1224.00       0  nginx
1791495006    112       737   64.00   28.00    0.00    0.00   92.00     1      2.00      0.00 2858728  607308   7.48      0.00  13228.00      0.00       0  mysqld
1791495006   1100       828   55.00   36.00    0.00   12.00   91.00     0   2694.00      0.00 2124484   26036   0.32      0.00      0.00      0.00       0  isupipe

# Time        UID       PID    %usr %system  %guest   %wait    %CPU   CPU  minflt/s  majflt/s     VSZ     RSS   %MEM   kB_rd/s   kB_wr/s kB_ccwr/s iodelay  Command
1791495007      0        13    0.00    0.00    0.00    0.00    0.00     0      0.00      0.00       0       0   0.00      0.00      0.00      0.00       0  ksoftirqd/0
1791495007      0        22    0.00    0.00    0.00    0.00    0.00     1      0.00      0.00       0       0   0.00      0.00      0.00      0.00       0  ksoftirqd/1
1791495007      0        28    0.00    0.00    0.00    0.00    0.00     2      0.00      0.00       0       0   0.00      0.00      0.00      0.00       0  ksoftirqd/2
1791495007      0        34    0.00    1.00    0.00    0.00    1.00     3      0.00      0.00       0       0   0.00      0.00      0.00      0.00       0  ksoftirqd/3
1791495007      0       344    0.00    2.00    0.00    1.00    2.00     1      0.00      0.00       0       0   0.00      0.00     84.00      0.00       0  jbd2/sda1-8
1791495007      0       418    0.00    1.00    0.00    1.00    1.00     2      0.00     70.00   48644   15860   0.20      0.00    280.00      0.00       0  systemd-journal
1791495007    104       664    0.00    0.00    0.00    0.00    0.00     1      0.00      0.00  222072    4484   0.06      0.00     24.00      0.00       0  rsyslogd
1791495007      0       728    0.00    0.00    0.00    0.00    0.00     0      0.00      0.00   56244    2480   0.03      0.00      0.00      0.00       0  nginx
1791495007     33       729    6.00   10.00    0.00   29.00   16.00     1     10.00      0.00   62808   16228   0.20      0.00    228.00    144.00       0  nginx
1791495007     33       730    8.00   11.00    0.00   36.00   19.00     3      0.00      0.00   64768   18340   0.23      0.00    912.00    796.00       0  nginx
1791495007     33       731    8.00   11.00    0.00   27.00   19.00     3      1.00      0.00   63120   16756   0.21      0.00    672.00    552.00       0  nginx
1791495007     33       732   14.00   12.00    0.00   41.00   26.00     3      0.00      0.00   68436   22016   0.27      0.00   1476.00   1352.00       0  nginx
1791495007    112       737   58.00   25.00    0.00    1.00   83.00     2      0.00      0.00 2858728  607308   7.48      0.00  16484.00      0.00       0  mysqld
1791495007   1100       828   52.00   33.00    0.00   21.00   85.00     2   1796.00      0.00 2124484   26352   0.32      0.00      0.00      0.00       0  isupipe

# Time        UID       PID    %usr %system  %guest   %wait    %CPU   CPU  minflt/s  majflt/s     VSZ     RSS   %MEM   kB_rd/s   kB_wr/s kB_ccwr/s iodelay  Command
1791495008      0        13    0.00    0.00    0.00    0.00    0.00     0      0.00      0.00       0       0   0.00      0.00      0.00      0.00       0  ksoftirqd/0
1791495008      0        22    0.00    0.00    0.00    0.00    0.00     1      0.00      0.00       0       0   0.00      0.00      0.00      0.00       0  ksoftirqd/1
1791495008      0        28    1.00    0.00    0.00    0.00    1.00     2      0.00      0.00       0       0   0.00      0.00      0.00      0.00       0  ksoftirqd/2
1791495008      0        34    0.00    1.00    0.00    0.00    1.00     3      0.00      0.00       0       0   0.00      0.00      0.00      0.00       0  ksoftirqd/3
1791495008      0       344    0.00    1.00    0.00    0.00    1.00     0      0.00      0.00       0       0   0.00      0.00     16.00      0.00       0  jbd2/sda1-8
1791495008      0       418    0.00    0.00    0.00    0.00    0.00     3      0.00     56.00   48644   15908   0.20      0.00    224.00      0.00       0  systemd-journal
1791495008    104       664    0.00    1.00    0.00    0.00    1.00     1      0.00      0.00  222072    4484   0.06      0.00     12.00      0.00       0  rsyslogd
1791495008      0       728    0.00    0.00    0.00    0.00    0.00     0      0.00      0.00   56244    2480   0.03      0.00      0.00      0.00       0  nginx
1791495008     33       729   12.00    9.00    0.00   32.00   21.00     3      0.00      0.00   62808   16228   0.20      0.00    912.00    812.00       0  nginx
1791495008     33       730   12.00    8.00    0.00   36.00   20.00     3      0.00      0.00   64768   18340   0.23      0.00    708.00    604.00       0  nginx
1791495008     33       731    9.00   10.00    0.00   34.00   19.00     3      0.00      0.00   63120   16756   0.21      0.00    688.00    592.00       0  nginx
1791495008     33       732   20.00   10.00    0.00   43.00   30.00     3      0.00      0.00   68436   22016   0.27      0.00   1328.00   1148.00       0  nginx
1791495008    112       737   54.00   30.00    0.00    1.00   84.00     2      0.00      0.00 2858728  607308   7.48      0.00  16296.00      0.00       0  mysqld
1791495008   1100       828   61.00   22.00    0.00   19.00   83.00     0   2350.00      0.00 2124484   25620   0.32      0.00      0.00      0.00       0  isupipe

# Time        UID       PID    %usr %system  %guest   %wait    %CPU   CPU  minflt/s  majflt/s     VSZ     RSS   %MEM   kB_rd/s   kB_wr/s kB_ccwr/s iodelay  Command
1791495009      0        13    0.00    0.00    0.00    0.00    0.00     0      0.00      0.00       0       0   0.00      0.00      0.00      0.00       0  ksoftirqd/0
1791495009      0        22    0.00    0.00    0.00    0.00    0.00     1      0.00      0.00       0       0   0.00      0.00      0.00      0.00       0  ksoftirqd/1
1791495009      0        28    0.00    0.00    0.00    0.00    0.00     2      0.00      0.00       0       0   0.00      0.00      0.00      0.00       0  ksoftirqd/2
1791495009      0        34    0.00    1.00    0.00    0.00    1.00     3      0.00      0.00       0       0   0.00      0.00      0.00      0.00       0  ksoftirqd/3
1791495009      0       344    0.00    1.00    0.00    0.00    1.00     2      0.00      0.00       0       0   0.00      0.00      0.00      0.00       0  jbd2/sda1-8
1791495009      0       418    0.00    0.00    0.00    0.00    0.00     0      0.00     38.00   48644   15944   0.20      0.00    152.00      0.00       0  systemd-journal
1791495009    104       664    1.00    0.00    0.00    0.00    1.00     1      0.00      0.00  222072    4484   0.06      0.00     20.00      0.00       0  rsyslogd
1791495009      0       728    0.00    0.00    0.00    0.00    0.00     0      0.00      0.00   56244    2480   0.03      0.00      0.00      0.00       0  nginx
1791495009     33       729   10.00    9.00    0.00   32.00   19.00     3      0.00      0.00   62808   16228   0.20      4.00    716.00    624.00       0  nginx
1791495009     33       730   12.00   10.00    0.00   39.00   22.00     3      0.00      0.00   64768   18340   0.23      0.00    496.00    284.00       0  nginx
1791495009     33       731   11.00    9.00    0.00   34.00   20.00     1      0.00      0.00   63120   16756   0.21      0.00    636.00    508.00       0  nginx
1791495009     33       732   18.00   12.00    0.00   45.00   30.00     1      0.00      0.00   68436   22016   0.27      0.00   1684.00   1476.00       0  nginx
1791495009    112       737   60.00   23.00    0.00    0.00   83.00     1      0.00      0.00 2858728  607308   7.48      0.00  11776.00      0.00       0  mysqld
1791495009   1100       828   48.00   38.00    0.00   17.00   86.00     0   3028.00      0.00 2124484   27420   0.34      0.00      0.00      0.00       0  isupipe

# Time        UID       PID    %usr %system  %guest   %wait    %CPU   CPU  minflt/s  majflt/s     VSZ     RSS   %MEM   kB_rd/s   kB_wr/s kB_ccwr/s iodelay  Command
1791495010      0        13    0.00    0.00    0.00    0.00    0.00     0      0.00      0.00       0       0   0.00      0.00      0.00      0.00       0  ksoftirqd/0
1791495010      0        22    0.00    0.00    0.00    0.00    0.00     1      0.00      0.00       0       0   0.00      0.00      0.00      0.00       0  ksoftirqd/1
1791495010      0        28    0.00    0.00    0.00    0.00    0.00     2      0.00      0.00       0       0   0.00      0.00      0.00      0.00       0  ksoftirqd/2
1791495010      0        34    0.00    1.00    0.00    0.00    1.00     3      0.00      0.00       0       0   0.00      0.00      0.00      0.00       0  ksoftirqd/3
1791495010      0       344    0.00    1.00    0.00    1.00    1.00     3      0.00      0.00       0       0   0.00      0.00     28.00      0.00       0  jbd2/sda1-8
1791495010      0       418    0.00    1.00    0.00    0.00    1.00     1      0.00     33.00   48644   15988   0.20      0.00    132.00      0.00       0  systemd-journal
1791495010    104       664    0.00    0.00    0.00    0.00    0.00     1      0.00      0.00  222072    4484   0.06      0.00     16.00      0.00       0  rsyslogd
1791495010      0       728    0.00    0.00    0.00    0.00    0.00     0      0.00      0.00   56244    2480   0.03      0.00      0.00      0.00       0  nginx
1791495010     33       729    9.00    8.00    0.00   25.00   17.00     3      0.00      0.00   62808   16228   0.20      0.00    632.00    504.00       0  nginx
1791495010     33       730   12.00   10.00    0.00   37.00   22.00     3      0.00      0.00   64768   18340   0.23      0.00   1292.00   1212.00       0  nginx
1791495010     33       731    9.00   10.00    0.00   30.00   19.00     3      0.00      0.00   63120   16756   0.21      0.00    452.00    340.00       0  nginx
1791495010     33       732   18.00   10.00    0.00   39.00   28.00     2      0.00      0.00   68436   22016   0.27      0.00   1332.00   1180.00       0  nginx
1791495010    112       737   67.00   23.00    0.00    1.00   90.00     0     63.00      0.00 2859080  607560   7.48      0.00  16136.00      0.00       0  mysqld
1791495010   1100       828   52.00   34.00    0.00    0.00   86.00     0   3473.00      0.00 2124484   26160   0.32      0.00      0.00      0.00       0  isupipe

# Time        UID       PID    %usr %system  %guest   %wait    %CPU   CPU  minflt/s  majflt/s     VSZ     RSS   %MEM   kB_rd/s   kB_wr/s kB_ccwr/s iodelay  Command
1791495011      0        13    0.00    0.00    0.00    0.00    0.00     0      0.00      0.00       0       0   0.00      0.00      0.00      0.00       0  ksoftirqd/0
1791495011      0        22    0.00    0.99    0.00    0.00    0.99     1      0.00      0.00       0       0   0.00      0.00      0.00      0.00       0  ksoftirqd/1
1791495011      0        28    0.00    0.00    0.00    0.00    0.00     2      0.00      0.00       0       0   0.00      0.00      0.00      0.00       0  ksoftirqd/2
1791495011      0        34    0.00    0.99    0.00    0.00    0.99     3      0.00      0.00       0       0   0.00      0.00      0.00      0.00       0  ksoftirqd/3
1791495011      0       344    0.00    0.99    0.00    0.00    0.99     3      0.00      0.00       0       0   0.00      0.00      0.00      0.00       0  jbd2/sda1-8
1791495011      0       418    0.00    0.99    0.00    0.00    0.99     2      0.00     31.68   48644   16028   0.20      0.00    126.73      0.00       0  systemd-journal
1791495011    104       664    0.00    0.99    0.00    0.00    0.99     1      0.00      0.00  222072    4484   0.06      0.00     11.88      0.00       0  rsyslogd
1791495011      0       728    0.00    0.00    0.00    0.00    0.00     0      0.00      0.00   56244    2480   0.03      0.00      0.00      0.00       0  nginx
1791495011     33       729    9.90    6.93    0.00   24.75   16.83     0      0.00      0.00   62808   16228   0.20      0.00    819.80    724.75       0  nginx
1791495011     33       730   11.88    4.95    0.00   33.66   16.83     2      0.00      0.00   64768   18340   0.23      0.00    396.04    308.91       0  nginx
1791495011     33       731    8.91    8.91    0.00   28.71   17.82     3      0.00      0.00   63120   16756   0.21      0.00   1009.90    875.25       0  nginx
1791495011     33       732   12.87    8.91    0.00   39.60   21.78     2      0.00      0.00   68436   22016   0.27      0.00   1207.92   1021.78       0  nginx
1791495011    112       737   47.52   22.77    0.00    0.00   70.30     3      1.98      0.00 2858052  607136   7.48      0.00  11497.03      0.00       0  mysqld
1791495011   1100       828   45.54   25.74    0.00    0.00   71.29     0   2489.11      0.00 2124484   26844   0.33      0.00      0.00      0.00       0  isupipe

# Time        UID       PID    %usr %system  %guest   %wait    %CPU   CPU  minflt/s  majflt/s     VSZ     RSS   %MEM   kB_rd/s   kB_wr/s kB_ccwr/s iodelay  Command
1791495012      0        13    0.00    0.00    0.00    0.00    0.00     0      0.00      0.00       0       0   0.00      0.00      0.00      0.00       0  ksoftirqd/0
1791495012      0        22    0.00    0.00    0.00    0.00    0.00     1      0.00      0.00       0       0   0.00      0.00      0.00      0.00       0  ksoftirqd/1
1791495012      0        28    0.00    0.00    0.00    0.00    0.00     2      0.00      0.00       0       0   0.00      0.00      0.00      0.00       0  ksoftirqd/2
1791495012      0        34    0.00    0.99    0.00    0.00    0.99     3      0.00      0.00       0       0   0.00      0.00      0.00      0.00       0  ksoftirqd/3
1791495012      0       344    0.00    0.00    0.00    0.00    0.00     0      0.00      0.00       0       0   0.00      0.00      0.00      0.00       0  jbd2/sda1-8
1791495012      0       418    0.00    0.00    0.00    0.00    0.00     2      0.00      0.00   48644   16028   0.20      0.00      0.00      0.00       0  systemd-journal
1791495012    104       664    0.00    0.00    0.00    0.00    0.00     1      0.00      0.00  222072    4484   0.06      0.00      0.00      0.00       0  rsyslogd
1791495012      0       728    0.00    0.00    0.00    0.00    0.00     0      0.00      0.00   56244    2480   0.03      0.00      0.00      0.00       0  nginx
1791495012     33       729    0.99    0.00    0.00    0.00    0.99     2      0.00      0.00   62808   16228   0.20      0.00     35.64      0.00       0  nginx
1791495012     33       730    0.00    1.98    0.00    0.99    1.98     1      0.00      0.00   64768   18340   0.23      0.00      0.00      0.00       0  nginx
1791495012     33       731    0.00    0.99    0.00    0.99    0.99     1      0.00      0.00   63120   16756   0.21      0.00     67.33      0.00       0  nginx
1791495012     33       732    1.98    0.99    0.00    0.00    2.97     0      0.00      0.00   68436   22016   0.27      0.00     55.45      0.00       0  nginx
1791495012    112       737    0.99    0.99    0.00    0.00    1.98     3      0.00      0.00 2858052  607136   7.48      0.00   8237.62      0.00       0  mysqld
1791495012   1100       828    0.00    0.00    0.00    0.00    0.00     0      0.00      0.00 2124484   26844   0.33      0.00      0.00      0.00       0  isupipe

# Time        UID       PID    %usr %system  %guest   %wait    %CPU   CPU  minflt/s  majflt/s     VSZ     RSS   %MEM   kB_rd/s   kB_wr/s kB_ccwr/s iodelay  Command
1791495013      0        13    0.00    0.00    0.00    0.00    0.00     0      0.00      0.00       0       0   0.00      0.00      0.00      0.00       0  ksoftirqd/0
1791495013      0        22    0.00    0.00    0.00    0.00    0.00     1      0.00      0.00       0       0   0.00      0.00      0.00      0.00       0  ksoftirqd/1
1791495013      0        28    0.00    0.00    0.00    0.00    0.00     2      0.00      0.00       0       0   0.00      0.00      0.00      0.00       0  ksoftirqd/2
1791495013      0        34    0.00    0.00    0.00    0.00    0.00     3      0.00      0.00       0       0   0.00      0.00      0.00      0.00       0  ksoftirqd/3
1791495013      0       344    0.00    0.00    0.00    0.00    0.00     1      0.00      0.00       0       0   0.00      0.00     67.33      0.00       0  jbd2/sda1-8
1791495013      0       418    0.00    0.00    0.00    0.00    0.00     3      0.00    172.28   48644   16060   0.20      0.00    689.11      0.00       0  systemd-journal
1791495013    104       664    0.00    0.00    0.00    0.00    0.00     1      0.00      0.00  222072    4484   0.06      0.00      7.92      0.00       0  rsyslogd
1791495013      0       728    0.00    0.00    0.00    0.00    0.00     0      0.00      0.00   56244    2480   0.03      0.00      0.00      0.00       0  nginx
1791495013     33       729    0.00    0.00    0.00    0.00    0.00     3      0.00      0.00   62808   16228   0.20      0.00      0.00      0.00       0  nginx
1791495013     33       730    0.00    0.00    0.00    0.00    0.00     1      0.00      0.00   64768   18340   0.23      0.00      0.00      0.00       0  nginx
1791495013     33       731    0.00    0.00    0.00    0.00    0.00     2      0.00      0.00   63120   16756   0.21      0.00      0.00      0.00       0  nginx
1791495013     33       732    0.00    0.00    0.00    0.00    0.00     2      0.00      0.00   68436   22016   0.27      0.00      0.00      0.00       0  nginx
1791495013    112       737    0.99    0.99    0.00    0.00    1.98     3      1.98      0.99 2858052  607136   7.48      0.00   7485.15      0.00       0  mysqld
1791495013   1100       828    0.00    0.00    0.00    0.00    0.00     0      0.00      0.00 2124484   25156   0.31      0.00      0.00      0.00       0  isupipe
